invoice_no,customer_id,gender,age,category,quantity,price,payment_method,invoice_date,shopping_mall,invoice_year,invoice_month,invoice_day,day_of_week,is_weekend,unit_price,age_group,quantity_band,price_deviation_from_category
I500864,C290114,Male,38,Food & Beverage,,5.23,Debit Card,11/8/2021 0:00,Kanyon,2021,11,8,0,0,5.2311123,36_45,single,0
I123119,C102303,Female,60,Cosmetics,,40.66,Cash,4/16/2022 0:00,Mel AVM,2022,4,16,5,1,40.66,56_plus,single,0
I269853,C236844,Male,36,Cosmetics,,40.66,Debit Card,7/11/2021 0:00,Kanyon,2021,7,11,6,1,40.66,36_45,single,0
I144964,C187906,Male,36,Clothing,,300.08,Debit Card,6/3/2022 0:00,Mall of Istanbul,2022,6,3,4,0,300.08,36_45,single,0
I287408,C199645,Female,18,Books,3,,Cash,9/19/2022 0:00,Zorlu Center,2022,9,19,0,0,15.15,18_25,small,0
I312703,C119951,Male,38,Toys,4,,Credit Card,7/29/2022 0:00,Mall of Istanbul,2022,7,29,4,0,35.84,36_45,bulk,0
I276802,C897179,Female,55,Cosmetics,2,,Debit Card,12/16/2021 0:00,Metrocity,2021,12,16,3,0,40.66,46_55,small,0
I165476,C967168,Female,20,Clothing,5,,Credit Card,9/20/2022 0:00,Kanyon,2022,9,20,,0,300.08000000000004,18_25,bulk,5.684341886080804e-14
I334856,C300191,Femal,37,Food & Beverage,5,26.15,Cash,1/13/2023 0:00,Metropol AVM,2023,1,13,4,0,5.23,36_45,bulk,-8.88E-16
I118109,C180069,Femal,66,Clothing,2,600.16,Debit Card,5/29/2022 0:00,Metropol AVM,2022,5,29,6,1,300.08,56_plus,small,0
I268415,C180752,Femal,58,Cosmetics,1,40.66,Cash,11/10/2022 0:00,Istinye Park,,11,10,3,0,40.66,56_plus,single,0
I895783,C162025,Femal,67,Clothing,2,,Credit Card,7/3/2021 0:00,Metropol AVM,2021,7,3,5,1,300.08,56_plus,small,0
I434421,C621901,Male,54,Clothin,4,1200.32,Cash,3/9/2021 0:00,Metrocity,2021,3,9,1,0,300.08,46_55,bulk,0
I114102,C251705,Male,24,Slothing,3,900.24,Credit Card,10/13/2022 0:00,Kayon,2022,10,13,3,0,300.08,18_25,small,0
I143969,C241416,Female,28,Clothin,4,1200.32,Cash,8/24/2021 0:00,Kanyo,2021,8,24,1,0,300.08,26_35,bulk,0
I334897,C257273,Female,43,Clothin,1,300.08,Cash,3/24/2021 0:00,Metrocity,2021,3,24,2,0,300.08,36_45,single,0
I119579,C133055,Female,44,Cloing,3,900.24,Credit Car,6/16/2022 0:00,Metrocity,2022,6,16,3,0,300.08,36_45,small,0
I169419,C252198,Male,61,cloth,1,300.08,Credit Car,2/3/2021 0:00,Mall of Istanbul,2021,2,3,2,0,300.08,56_plus,single,0
I294047,C817817,Male,24,Food & Beverage,1,5.23,Credit Car,4/14/2021 0:00,Metrocity,2021,4,14,2,0,5.23,18_25,single,0
I255045,C226921,Female,27,Shoes,5,3000.85,Credit Car,8/5/2022 0:00,Cevahir AVM,2022,8,5,4,0,600.17,26_35,bulk,0
I331044,C135617,Female,27,Clothing,1,300.08,Credit Card,2/2/2022 0:00,Mall of Istanbu,2022,2,2,2,0,300.08,26_35,single,0
I696532,C358737,Female,45,Toys,2,71.68,Cash,10/17/2022 0:00,Mall  Istanbu,2022,10,17,0,0,35.84,36_45,small,0
I178651,C309085,Female,32,Shoes,2,1200.34,Credit Card,1/8/2023 0:00,Mall of Istanbu,2023,1,8,6,1,600.17,26_35,small,0
I231082,C179361,Male,68,Shoes,2,1200.34,Credit Card,8/26/2021 0:00,Mall of Istanbu,2021,8th,26,3,0,600.1712asd1,56_plus,small,0
I139441,C327787,Male,150,Clothing,4,1200.32,Cash,2/19/2023 0:00,Istinye Park,2023,2,19,6,1,300.08,18_25,bulk,0
I689811,C270371,Female,150,Food & Beverage,2,10.46,Debit Card,12/8/2022 0:00,Mall of Istanbul,2022,12,8,3,0,5.23,18_25,small,0
I196210,C308401,Female,150,Cosmetics,5,203.3,Cash,8/15/2022 0:00,Istinye Park,2022,8,15,0,0,40.66,56_plus,bulk,7.105427357601002e-15
I316595,C257597,Male,150,Food & Beverage,3,15.69,Credit Card,11/10/2021 0:00,Kanyon,2021,11,10,2,0,5.23,46_55,small,-8.88E-16
I197566,C383193,Male,49,Books,-5,60.6,Cash,8/8/2022 0:00,Forum Istanbul,2022,8,8,0,0,15.15,46_55,bulk,0
I876913,C141456,Female,56,Clothing,-5,600.16,Cash,3/5/2022 0:00,Metropol AVM,2022,3,5,5,1,300.08,56_plus,small,0
I217703,C144578,Male,36,Shoes,-5,1800.51,Credit Card,11/2/2021 0:00,Emaar Square Mall,2021,11,2,1,0,600.17,36_45,small,0
I223348,C153664,Female,30,Clothing,-5,600.16,Credit Card,1/12/2021 0:00,Kanyon,2021,1,12,1,0,300.08,26_35,small,0
I141515,C113081,Male,54,Cosmetics,1000,999999999,Cash,1/10/2021 0:00,Mall of Istanbul,2021,1,10,6,1,99999,46_55,bulk,99999
I405284,C759283,Female,53,Clothing,4,1200.32,Cash,11/5/2021 0:00,Mall of Istanbul,2021,11,5,4,0,300.08,46_55,bulk,0
I335438,C180998,Female,59,Souven,4,46.92,Cash,6/15/2022 0:00,Kanyon,2022,6,15,2,0,11.73,56_plus,bulk,0
I503250,C889230,Female,61,To,5,179.2,Cash,3/3/2022 0:00,Istinye Park,2022,3,3,3,0,35.84,56_plus,bulk,-7.11E-15
I126933,C453740,Female,56,Clothing,3,900.24,Debit Card,11/25/2021 0:00,Metrocity,2021,11,25,3,0,300.08,56_plus,small,0
I302656,C215414,Female,26,Technology,5,5250,Cash,3/4/2023 0:00,Cevahir AVM,2023,3,4,5,1,1050,26_35,bulk,0
I136750,C236672,Female,19,Clothing,1,300.08,Cash,1/28/2023 0:00,Mall of Istanbul,2023,1,28,5,1,300.08,18_25,single,0
I206258,C177989,Female,52,Clothing,2,600.16,Debit Card,1/30/2021 0:00,Zorlu Center,2021,1,30,5,1,300.08,46_55,small,0
I502247,C322902,Female,52,Clothing,2,600.16,Cash,4/16/2022 0:00,Metropol AVM,2022,4,16,5,1,300.08,46_55,small,0
I325179,C304264,Female,37,Food & Beverage,2,10.46,Credit Card,7/1/2022 0:00,Mall of Istanbul,2022,7,1,4,0,5.23,36_45,small,0
I323026,C152490,Male,41,Clothing,1,300.08,Debit Card,4/25/2022 0:00,Emaar Square Mall,2022,4,25,0,0,300.08,36_45,single,0
I178416,C625042,Female,19,Food & Beverage,3,15.69,Credit Card,2/7/2023 0:00,Cevahir AVM,2023,2,7,1,0,5.23,18_25,small,-8.88E-16
I788857,C110795,Female,48,Cosmetics,1,40.66,Credit Card,2/11/2023 0:00,Viaport Outlet,2023,2,11,5,1,40.66,46_55,single,0
I148202,C172200,Female,41,Clothing,1,300.08,Cash,10/10/2021 0:00,Emaar Square Mall,2021,10,10,6,1,300.08,36_45,single,0
I120001,C105238,Female,44,Souvenir,2,23.46,Cash,11/1/2022 0:00,Metrocity,2022,11,1,1,0,11.73,36_45,small,0
I231670,C416670,Female,60,Food & Beverage,1,5.23,Credit Card,11/30/2021 0:00,Kanyon,2021,11,30,1,0,5.23,56_plus,single,0
I340197,C324834,Male,55,Clothing,2,600.16,Debit Card,10/19/2021 0:00,Forum Istanbul,2021,10,19,1,0,300.08,46_55,small,0
I980789,C179618,Male,25,Clothing,2,600.16,Debit Card,8/29/2022 0:00,Metrocity,2022,8,29,0,0,300.08,18_25,small,0
I361361,C960474,Male,52,Technology,5,5250,Credit Card,12/17/2022 0:00,Metrocity,2022,12,17,5,1,1050,46_55,bulk,0
I322039,C257825,Male,34,Books,3,45.45,Credit Card,7/9/2021 0:00,Metropol AVM,2021,7,9,4,0,15.15,26_35,small,0
I147357,C145949,Male,40,oys,3,107.52,Cas,3/23/2021 0:00,Metrocity,2021,3,23tasd,1,0,35.84,36_45,small,-7.11E-15
I151997,C307112,Female,46,Cosmetics,3,121.98,Cash,11/27/2022 0:00,Cevahir AVM,2022,11,27,6,1,40.66,46_55,small,7.105427357601002e-15
I202200,C181364,Female,36,Food & Beverage,4,20.92,Cash,7/22/2021 0:00,Mall of Istanbul,2021,7,22,3,0,5.23,36_45,bulk,0
I821297,C155675,Male,56,Clothing,5,1500.4,Cash,8/1/2022 0:00,Kanyon,2022,8,1,0,0,300.08000000000004,56_plus,bulk,5.684341886080804e-14
I314205,C121594,Male,55,Clothing,5,1500.4,Credit ,8/31/2022 0:00,Mall of Istanbul,2022,8,31,2,0,300.08000000000004,46_55,bulk,5.684341886080804e-14
I200567,C207718,Female,38,Clothing,5,1500.4,Cash,3/18/2021 0:00,Istinye Park,2021,3,18,3,0,300.08000000000004,36_45,bulk,5.684341886080804e-14
I272211,C134276,Female,62,Cosmetics,2,81.32,Cash,3/20/2021 0:00,Kanyon,2021,3,20,5,1,40.66,56_plus,small,0
I241447,C150250,Male,67,Cosmetics,3,121.98,Credit Card,9/9/2022 0:00,Kanyon,2022,9,9,4,0,40.66,56_plus,small,7.105427357601002e-15
I243046,C994741,Female,42,Clothing,1,300.08,Credit Card,7/23/2021 0:00,Kanyon,2021,7,23,4,0,300.08,36_45,single,0
I222720,C294792,Male,26,Clothing,1,300.08,Credit Card,2/23/2021 0:00,Mall of Istanbul,2021,2,23,1,0,300.08,26_35,single,0
I190345,C137037,Male,24,Clothing,4,1200.32,Cash,2/18/2023 0:00,Metropol AVM,2023,2,18,5,1,300.08,18_25,bulk,0
I144679,C513060,Male,18,Toys,4,143.36,Cash,8/9/2022 0:00,Istinye Park,2022,8,,1,0,35.84,18_25,bulk,0
I509711,C132560,Male,33,Food & Beverage,1,5.23,Card,10/4/2022 0:00,Mall of Istanbul,2022,10,4,1,0,5.23,26_35,single,0
I316361,C254200,Male,30,Shoes,3,1800.51,Credit,10/29/2022 0:00,Istinye Park,2022,10,29,5,1,600.17,26_35,small,0
I202590,C172981,Male,31,Food & Beverage,5,26.15,Cash,3/24/2021 0:00,Kanyon,2021,3,24,2,0,5.23,26_35,bulk,-8.88E-16
I164155,C200843,Female,43,Technology,1,1050,Cash,6/14/2021 0:00,Metropol AVM,2021,6,14,0,0,1050,36_45,single,0
I240452,C121289,Female,51,Technology,1,1050,Debit Card,2/1/2023 0:00,Metrocity,2023,2,1,2,0,1050,46_55,single,0
I155567,C113557,Female,66,Clothing,5,1500.4,Cash,9/19/2021 0:00,Forum Istanbul,2021,9,19,6,1,300.08000000000004,56_plus,bulk,5.684341886080804e-14
I338780,C481875,Male,64,Clothing,3,900.24,Cash,2/2/2023 0:00,Zorlu Center,2023,2,2,3,0,300.08,56_plus,small,0
I681299,C897737,Female,43,Cosmetics,4,162.64,Cash,5/19/2022 0:00,Forum Istanbul,2022,5,19,3,0,40.66,36_45,bulk,0
I118023,C970208,Female,31,Clothing,3,900.24,Debit Card,8/19/2021 0:00,Kanyon,2021,8,19,3,0,300.08,26_35,small,0
I114985,C234405,Female,20,Shoes,5,3000.85,Debit Card,5/15/2021 0:00,Istinye Park,2021,5,15,5,1,600.17,18_25,bulk,0
I176898,C521836,Male,44,Clothing,1,300.08,Credit Card,10/4/2021 0:00,Emaar Square Mall,2021,10,4,0,0,300.08,36_45,single,0
I167849,C339233,Female,61,Toys,3,107.52,Cash,2/21/2021 0:00,Metrocity,2021,2,21,6,1,35.84,56_plus,small,-7.11E-15
I911180,C173695,Male,48,Clothing,5,1500.4,Cash,12/2/2022 0:00,Mall of Istanbul,2022,12,2,4,0,300.08000000000004,46_55,bulk,5.684341886080804e-14
I381001,C256682,Female,51,Clothing,2,600.16,Credit Card,7/12/2022 0:00,Kanyon,2022,7,12,1,0,300.08,46_55,small,0
I179709,C224754,Male,59,Clothing,4,1200.32,Debit Card,12/4/2021 0:00,Zorlu Center,2021,12,4,5,1,300.08,56_plus,bulk,0
I102303,C165489,Male,30,Food & Beverage,4,20.92,Credit Card,7/13/2022 0:00,Mall of Istanbul,2022,7,13,2,0,5.23,26_35,bulk,0
I187305,C150584,Female,32,Shoes,3,1800.51,Debit Card,3/12/2022 0:00,Kanyon,2022,3,12,5,1,600.17,26_35,small,0
I134776,C251932,Female,56,Food & Beverage,2,10.46,Cash,1/31/2022 0:00,Metrocity,2022,1,31,0,0,5.23,56_plus,small,0
I813197,C187487,Female,51,Shoes,5,3000.85,Credit Card,3/25/2022 0:00,Forum Istanbul,2022,3,25,4,0,600.17,46_55,bulk,0
I332807,C217409,Female,48,Clothing,3,900.24,Credit Card,9/7/2022 0:00,Viaport Outlet,2022,9,7,2,0,300.08,46_55,small,0
I204908,C142352,Female,59,Cosmetics,1,40.66,Cash,1/4/2022 0:00,Kanyon,2022,1,4,1,0,40.66,56_plus,single,0
I276989,C253346,Female,39,Technology,2,2100,Debit Card,3/5/2021 0:00,Metropol AVM,2021,3,5,4,0,1050,36_45,small,0
I994420,C969998,Male,66,Books,5,75.75,Cash,5/18/2021 0:00,Kanyon,2021,5,18,1,0,15.15,56_plus,bulk,0
I136604,C152831,Male,51,Souvenir,2,23.46,Debit Card,5/29/2021 0:00,Mall of Istanbul,2021,5,29,5,1,11.73,46_55,small,0
I164946,C330256,Female,64,Clothing,3,900.24,Cash,8/11/2022 0:00,Mall of Istanbul,2022,8,11,3,0,300.08,56_plus,small,0
I309401,C117655,Female,69,Food & Beverage,1,5.23,Cash,6/20/2021 0:00,Kanyon,2021,6,20,6,1,5.23,56_plus,single,0
I786198,C627236,Female,19,Cosmetics,3,121.98,Credit Card,1/29/2023 0:00,Mall of Istanbul,2023,1,29,6,1,40.66,18_25,small,7.105427357601002e-15
I178089,C109929,Female,45,Clothing,3,900.24,Credit Card,4/18/2022 0:00,Viaport Outlet,2022,4,18,0,0,300.08,36_45,small,0
I669927,C587419,Female,68,Toys,2,71.68,Credit Card,1/30/2021 0:00,Mall of Istanbul,2021,1,30,5,1,35.84,56_plus,small,0
I301032,C444321,Female,25,Clothing,4,1200.32,Credit Card,7/5/2022 0:00,Mall of Istanbul,2022,7,5,1,0,300.08,18_25,bulk,0
I334239,C280799,Female,25,Clothing,3,900.24,Debit Card,12/6/2022 0:00,Metropol AVM,2022,12,6,1,0,300.08,18_25,small,0
I183898,C286293,Female,35,Cosmetics,4,162.64,Credit Card,4/22/2021 0:00,Kanyon,2021,4,22,3,0,40.66,26_35,bulk,0
I914645,C220945,Male,52,Toys,2,71.68,Debit Card,6/10/2021 0:00,Mall of Istanbul,2021,6,10,3,0,35.84,46_55,small,0
I137497,C977007,Female,19,Food & Beverage,2,10.46,Cash,3/7/2022 0:00,Cevahir AVM,2022,3,7,0,0,5.23,18_25,small,0
I221229,C713766,Male,22,Technology,3,3150,Credit Card,11/3/2021 0:00,Cevahir AVM,2021,11,3,2,0,1050,18_25,small,0
I325195,C176994,Male,69,Clothing,5,1500.4,Cash,5/23/2022 0:00,Metrocity,2022,5,23,0,0,300.08000000000004,56_plus,bulk,5.684341886080804e-14
I336209,C274656,Male,50,Cosmetics,4,162.64,Credit Card,6/6/2022 0:00,Zorlu Center,2022,6,6,0,0,40.66,46_55,bulk,0
I215753,C327018,Male,68,Souvenir,2,23.46,Credit Card,3/6/2021 0:00,Metropol AVM,2021,3,6,5,1,11.73,56_plus,small,0
I851352,C144041,Male,68,Toys,1,35.84,Credit Card,8/22/2021 0:00,Metropol AVM,2021,8,22,6,1,35.84,56_plus,single,0
I660114,C492397,Male,49,Clothing,1,300.08,Credit Card,9/29/2021 0:00,Metrocity,2021,9,29,2,0,300.08,46_55,single,0
I221802,C278178,Female,33,Cosmetics,3,121.98,Credit Card,11/7/2022 0:00,Istinye Park,2022,11,7,0,0,40.66,26_35,small,7.105427357601002e-15
I904046,C245185,Male,35,Food & Beverage,3,15.69,Cash,8/3/2021 0:00,Zorlu Center,2021,8,3,1,0,5.23,26_35,small,-8.88E-16
I956324,C687556,Female,28,Food & Beverage,5,26.15,Credit Card,2/21/2022 0:00,Emaar Square Mall,2022,2,21,0,0,5.23,26_35,bulk,-8.88E-16
I129577,C793761,Male,24,Food & Beverage,2,10.46,Credit Card,2/24/2022 0:00,Metrocity,2022,2,24,3,0,5.23,18_25,small,0
I111828,C304071,Female,35,Shoes,2,1200.34,Credit Card,6/30/2022 0:00,Cevahir AVM,2022,6,30,3,0,600.17,26_35,small,0
I331507,C223307,Male,30,Shoes,1,600.17,Debit Card,3/14/2022 0:00,Mall of Istanbul,2022,3,14,0,0,600.17,26_35,single,0
I291672,C138461,Female,53,Technology,2,2100,Credit Card,2/11/2021 0:00,Kanyon,2021,2,11,3,0,1050,46_55,small,0
I106391,C574426,Female,52,Clothing,3,900.24,Debit Card,2/24/2023 0:00,Metrocity,2023,2,24,4,0,300.08,46_55,small,0
I289833,C281808,Male,50,Food & Beverage,5,26.15,Credit Card,8/2/2022 0:00,Mall of Istanbul,2022,8,2,1,0,5.23,46_55,bulk,-8.88E-16
I215037,C187538,Female,66,Cosmetics,2,81.32,Cash,1/7/2021 0:00,Kanyon,2021,1,7,3,0,40.66,56_plus,small,0
I325701,C320868,Female,65,Cosmetics,3,121.98,Cash,7/1/2022 0:00,Kanyon,2022,7,1,4,0,40.66,56_plus,small,7.105427357601002e-15
I172178,C216343,Female,29,Technology,4,4200,Cash,10/5/2021 0:00,Viaport Outlet,2021,10,5,1,0,1050,26_35,bulk,0
I373845,C174656,Female,62,Shoes,2,1200.34,Cash,5/12/2022 0:00,Mall of Istanbul,2022,5,12,3,0,600.17,56_plus,small,0
I327845,C585613,Female,37,Food & Beverage,4,20.92,Cash,12/15/2022 0:00,Metrocity,2022,12,15,3,0,5.23,36_45,bulk,0
I189916,C427595,Male,52,Food & Beverage,2,10.46,Credit Card,11/19/2021 0:00,Mall of Istanbul,2021,11,19,4,0,5.23,46_55,small,0
I113537,C351966,Male,21,Food & Beverage,2,10.46,Cash,6/13/2022 0:00,Forum Istanbul,2022,6,13,0,0,5.23,18_25,small,0
I135508,C197239,Male,58,Clothing,4,1200.32,Cash,6/17/2022 0:00,Emaar Square Mall,2022,6,17,4,0,300.08,56_plus,bulk,0
I306860,C291054,Female,24,Food & Beverage,1,5.23,Cash,4/9/2022 0:00,Forum Istanbul,2022,4,9,5,1,5.23,18_25,single,0
I296476,C673107,Male,21,Clothing,2,600.16,Credit Card,10/24/2022 0:00,Mall of Istanbul,2022,10,24,0,0,300.08,18_25,small,0
I275202,C455031,Male,48,Souvenir,2,23.46,Credit Card,10/19/2021 0:00,Kanyon,2021,10,19,1,0,11.73,46_55,small,0
I270827,C886775,Female,69,Books,5,75.75,Cash,7/20/2022 0:00,Mall of Istanbul,2022,7,20,2,0,15.15,56_plus,bulk,0
I319558,C759432,Female,28,Cosmetics,2,81.32,Debit Card,8/4/2021 0:00,Kanyon,2021,8,4,2,0,40.66,26_35,small,0
I248454,C553256,Male,63,Clothing,3,900.24,Credit Card,8/3/2022 0:00,Mall of Istanbul,2022,8,3,2,0,300.08,56_plus,small,0
I576872,C135788,Male,42,Toys,5,179.2,Credit Card,8/1/2022 0:00,Mall of Istanbul,2022,8,1,0,0,35.84,36_45,bulk,-7.11E-15
I279747,C155762,Male,65,Clothing,5,1500.4,Cash,8/9/2021 0:00,Kanyon,2021,8,9,0,0,300.08000000000004,56_plus,bulk,5.684341886080804e-14
I664296,C179765,Female,48,Clothing,5,1500.4,Cash,3/7/2023 0:00,Metrocity,2023,3,7,1,0,300.08000000000004,46_55,bulk,5.684341886080804e-14
I198814,C697809,Female,43,Books,4,60.6,Cash,2/19/2021 0:00,Mall of Istanbul,2021,2,19,4,0,15.15,36_45,bulk,0
I146454,C548880,Male,46,Clothing,5,1500.4,Cash,8/19/2022 0:00,Kanyon,2022,8,19,4,0,300.08000000000004,46_55,bulk,5.684341886080804e-14
I333638,C427813,Male,53,Clothing,4,1200.32,Cash,6/19/2021 0:00,Kanyon,2021,6,19,5,1,300.08,46_55,bulk,0
I217205,C707012,Female,35,Books,5,75.75,Debit Card,3/26/2022 0:00,Metrocity,2022,3,26,5,1,15.15,26_35,bulk,0
I803516,C228871,Female,32,Clothing,1,300.08,bit Card,9/13/2021 0:00,Mall of Istanbul,2021,9,13,0,0,300.08,26_35,single,0
I310241,C847095,Female,23,Clothing,5,1500.4,Credit Card,6/26/2021 0:00,Viaport Outlet,2021,6,26,5,1,300.08000000000004,18_25,bulk,5.684341886080804e-14
I279901,C139612,Male,37,Food & Beverage,5,26.15,Cash,4/3/2021 0:00,Kanyon,2021,4,3,5,1,5.23,36_45,bulk,-8.88E-16
I248898,C264545,Male,38,Clothing,5,1500.4,Credit Card,11/19/2021 0:00,Kanyon,2021,11,19,4,0,300.08000000000004,36_45,bulk,5.684341886080804e-14
I142824,C463049,Female,24,Toys,4,143.36,Cash,4/20/2021 0:00,Metrocity,2021,4,20,1,0,35.84,18_25,bulk,0
I339692,C747632,Female,66,Clothing,2,600.16,Debit Card,4/5/2021 0:00,Istinye Park,2021,4,5,0,0,300.08,56_plus,small,0
I181218,C261649,Male,18,Books,3,45.45,Cash,1/22/2023 0:00,Metrocity,2023,1,22,6,1,15.15,18_25,small,0
I115044,C273965,Female,34,Clothing,2,600.16,Cash,11/2/2021 0:00,Mall of Istanbul,2021,11,2,1,0,300.08,26_35,small,0
I305655,C292474,Male,31,Clothing,2,600.16,Cash,2/22/2022 0:00,Mall of Istanbul,2022,2,22,1,0,300.08,26_35,small,0
I806900,C268712,Male,25,Clothing,2,600.16,Cash,5/20/2021 0:00,Zorlu Center,2021,5,20,3,0,300.08,18_25,small,0
I147491,C466865,Female,64,Cosmetics,4,162.64,Cash,3/8/2022 0:00,Metrocity,2022,3,8,1,0,40.66,56_plus,bulk,0
I268068,C105834,Female,43,Food & Beverage,1,5.23,Cash,11/29/2021 0:00,Metrocity,2021,11,29,0,0,5.23,36_45,single,0
I126941,C742428,Male,54,Shoes,1,600.17,Credit Card,6/27/2021 0:00,Metrocity,2021,6,27,6,1,600.17,46_55,single,0
I152254,C226780,Male,52,Toys,3,107.52,Cash,1/20/2022 0:00,Emaar Square Mall,2022,1,20,3,0,35.84,46_55,small,-7.11E-15
I204066,C231888,Female,67,Toys,3,107.52,Credit Card,2/13/2021 0:00,Kanyon,2021,2,13,5,1,35.84,56_plus,small,-7.11E-15
I613617,C927638,Female,51,Food & Beverage,2,10.46,Cash,9/4/2022 0:00,Istinye Park,2022,9,4,6,1,5.23,46_55,small,0
I880550,C199103,Male,33,Clothing,5,1500.4,Cash,7/6/2021 0:00,Kanyon,2021,7,6,1,0,300.08000000000004,26_35,bulk,5.684341886080804e-14
I227487,C303649,Female,51,Shoes,5,3000.85,Credit Card,6/9/2022 0:00,Istinye Park,2022,6,9,3,0,600.17,46_55,bulk,0
I141468,C220259,Female,27,Toys,4,143.36,Debit Card,2/5/2023 0:00,Kanyon,2023,2,5,6,1,35.84,26_35,bulk,0
I212358,C747847,Male,61,Souvenir,4,46.92,Cash,8/25/2021 0:00,Mall of Istanbul,2021,8,25,2,0,11.73,56_plus,bulk,0
I240302,C242289,Male,54,Food & Beverage,2,10.46,Cash,12/28/2021 0:00,Zorlu Center,2021,12,28,1,0,5.23,46_55,small,0
I165242,C226002,Female,66,Clothing,4,1200.32,Cash,9/6/2021 0:00,Kanyon,2021,9,6,0,0,300.08,56_plus,bulk,0
I124924,C908102,Male,19,Clothing,1,300.08,Cash,5/14/2022 0:00,Kanyon,2022,5,14,5,1,300.08,18_25,single,0
I253620,C950430,Male,64,Books,2,30.3,Cash,1/4/2022 0:00,Viaport Outlet,2022,1,4,1,0,15.15,56_plus,small,0
I949413,C218501,Female,67,Food & Beverage,3,15.69,Credit Card,12/6/2022 0:00,Kanyon,2022,12,6,1,0,5.23,56_plus,small,-8.88E-16
I311072,C253441,Male,59,Food & Beverage,2,10.46,Cash,12/16/2021 0:00,Istinye Park,2021,12,16,3,0,5.23,56_plus,small,0
I343895,C199417,Male,41,Clothing,5,1500.4,Cash,12/22/2022 0:00,Forum Istanbul,2022,12,22,3,0,300.08000000000004,36_45,bulk,5.684341886080804e-14
I323249,C334262,Female,63,Shoes,4,2400.68,Debit Card,1/15/2023 0:00,Zorlu Center,2023,1,15,6,1,600.17,56_plus,bulk,0
I149090,C145793,Female,68,Cosmetics,1,40.66,Cash,4/2/2021 0:00,Metrocity,2021,4,2,4,0,40.66,56_plus,single,0
I252800,C857068,Female,43,Books,3,45.45,Credit Card,3/11/2022 0:00,Metrocity,2022,3,11,4,0,15.15,36_45,small,0
I336809,C852598,fe,27,Cosmetics,4,162.64,Cash,11/12/2021 0:00,Metrocity,2021,11,12,4,0,40.66,26_35,bulk,0
I337472,C171520,male,60,Clothing,3,900.24,Cash,2/3/2023 0:00,Metropol AVM,2023,2,3,4,0,300.08,56_plus,small,0
I147906,C850315,Female,59,Cosmetics,3,121.98,Cash,1/14/2022 0:00,Mall of Istanbul,2022,1,14,4,0,40.66,56_plus,small,7.105427357601002e-15
I293722,C243298,Male,30,Books,3,45.45,Debit Card,6/30/2022 0:00,Mall of Istanbul,2022,6,30,3,0,15.15,26_35,small,0
I897564,C186399,Male,62,Shoes,2,1200.34,Credit Card,5/15/2022 0:00,Emaar Square Mall,2022,5,15,6,1,600.17,56_plus,small,0
I265207,C151236,Male,40,Clothing,1,300.08,Cash,3/4/2021 0:00,Forum Istanbul,2021,3,4,3,0,300.08,36_45,single,0
I199848,C177209,Female,54,Clothing,5,1500.4,Credit Card,1/2/2023 0:00,Istinye Park,2023,1,2,0,0,300.08000000000004,46_55,bulk,5.684341886080804e-14
I172000,C211896,Female,19,Clothing,5,1500.4,Cash,6/18/2021 0:00,Metropol AVM,2021,6,18,4,0,300.08000000000004,18_25,bulk,5.684341886080804e-14
I104376,C274370,Female,46,Clothing,3,900.24,Credit Card,5/18/2021 0:00,Zorlu Center,2021,5,18,1,0,300.08,46_55,small,0
I113122,C165727,Female,44,Clothing,5,1500.4,Cash,4/12/2022 0:00,Mall of Istanbul,2022,4,12,1,0,300.08000000000004,36_45,bulk,5.684341886080804e-14
I286645,C787235,Male,43,Food & Beverage,5,26.15,Credit Card,3/29/2021 0:00,Istinye Park,2021,3,29,0,0,5.23,36_45,bulk,-8.88E-16
I244318,C200656,Male,41,Toys,1,35.84,Debit Card,11/5/2021 0:00,Forum Istanbul,2021,11,5,4,0,35.84,36_45,single,0
I116395,C131906,Female,59,Clothing,5,1500.4,Credit Card,7/12/2021 0:00,Zorlu Center,2021,7,12,0,0,300.08000000000004,56_plus,bulk,5.684341886080804e-14
I206365,C227243,Male,47,Clothing,5,1500.4,Credit Card,1/21/2022 0:00,Istinye Park,2022,1,21,4,0,300.08000000000004,46_55,bulk,5.684341886080804e-14
I105603,C147305,Male,38,Toys,1,35.84,Cash,6/19/2021 0:00,Metrocity,2021,6,19,5,1,35.84,36_45,single,0
I135177,C128154,Female,43,Cosmetics,5,203.3,Credit Card,5/7/2021 0:00,Metrocity,2021,5,7,4,0,40.66,36_45,bulk,7.105427357601002e-15
I369064,C227466,Male,57,Clothing,1,300.08,Debit Card,12/14/2022 0:00,Metropol AVM,2022,12,14,2,0,300.08,56_plus,single,0
I130952,C175277,Male,20,Food & Beverage,3,15.69,Cash,5/3/2021 0:00,Kanyon,2021,5,3,0,0,5.23,18_25,small,-8.88E-16
I138399,C276769,Female,38,Souvenir,4,46.92,Cash,2/19/2023 0:00,Mall of Istanbul,2023,2,19,6,1,11.73,36_45,bulk,0
I806518,C178071,Female,23,Food & Beverage,4,20.92,Debit Card,11/18/2022 0:00,Metropol AVM,2022,11,18,4,0,5.23,18_25,bulk,0
I312233,C258917,Female,53,Clothing,3,900.24,Cash,12/13/2022 0:00,Forum Istanbul,2022,12,13,1,0,300.08,46_55,small,0
I134669,C455743,Male,32,Cosmetics,5,203.3,Cash,3/25/2021 0:00,Metrocity,2021,3,25,3,0,40.66,26_35,bulk,7.105427357601002e-15
I764332,C124174,Female,60,Souvenir,1,11.73,Debit Card,3/3/2022 0:00,Istinye Park,2022,3,3,3,0,11.73,56_plus,single,0
I217420,C452926,Male,49,Food & Beverage,1,5.23,Credit Card,1/26/2021 0:00,Kanyon,2021,1,26,1,0,5.23,46_55,single,0
I251762,C280345,Male,23,Cosmetics,2,81.32,Credit Card,12/7/2022 0:00,Metrocity,2022,12,7,2,0,40.66,18_25,small,0
I118246,C129361,Female,49,Souvenir,3,35.19,Credit Card,4/27/2021 0:00,Kanyon,2021,4,27,1,0,11.73,46_55,small,-1.78E-15
I214674,C456567,Female,22,Cosmetics,5,203.3,Credit Card,2/7/2023 0:00,Viaport Outlet,2023,2,7,1,0,40.66,18_25,bulk,7.105427357601002e-15
I818308,C994434,Female,55,Cosmetics,1,40.66,Debit Card,2/3/2021 0:00,Metropol AVM,2021,2,3,2,0,40.66,46_55,single,0
I203998,C129199,Male,45,Clothing,3,900.24,Debit Card,8/21/2022 0:00,Metrocity,2022,8,21,6,1,300.08,36_45,small,0
I304492,C101788,Female,66,Technology,5,5250,Credit Card,1/15/2022 0:00,Istinye Park,2022,1,15,5,1,1050,56_plus,bulk,0
I254007,C180615,Male,47,Shoes,5,3000.85,Credit Card,2/13/2023 0:00,Kanyon,2023,2,13,0,0,600.17,46_55,bulk,0
I216285,C256991,Female,29,Cosmetics,3,121.98,Cash,8/21/2022 0:00,Mall of Istanbul,2022,8,21,6,1,40.66,26_35,small,7.105427357601002e-15
I249039,C790507,Female,34,Clothing,5,1500.4,Credit Card,4/12/2022 0:00,Metrocity,2022,4,12,1,0,300.08000000000004,26_35,bulk,5.684341886080804e-14
I199901,C145786,Male,20,Food & Beverage,3,15.69,Credit Card,3/26/2022 0:00,Metropol AVM,2022,3,26,5,1,5.23,18_25,small,-8.88E-16
I339388,C989498,Male,20,Clothing,3,900.24,Cash,12/19/2022 0:00,Viaport Outlet,2022,12,19,0,0,300.08,18_25,small,0
I128017,C153160,Female,37,Clothing,5,1500.4,Cash,3/21/2021 0:00,Istinye Park,2021,3,21,6,1,300.08000000000004,36_45,bulk,5.684341886080804e-14
I401426,C326529,Female,26,Souvenir,1,11.73,Cash,1/15/2021 0:00,Metrocity,2021,1,15,4,0,11.73,26_35,single,0
I132946,C211164,Female,48,Clothing,2,600.16,Credit Card,7/6/2022 0:00,Metropol AVM,2022,7,6,2,0,300.08,46_55,small,0
I287542,C277510,Female,24,Clothing,5,1500.4,Credit Card,3/7/2021 0:00,Istinye Park,2021,3,7,6,1,300.08000000000004,18_25,bulk,5.684341886080804e-14
I274776,C320223,Female,48,Cosmetics,3,121.98,Credit Card,12/10/2022 0:00,Metrocity,2022,12,10,5,1,40.66,46_55,small,7.105427357601002e-15
I678441,C238295,Female,34,Shoes,2,1200.34,Cash,5/30/2021 0:00,Metropol AVM,2021,5,30,6,1,600.17,26_35,small,0
I275189,C600159,Male,37,Books,2,30.3,Debit Card,4/15/2022 0:00,Kanyon,2022,4,15,4,0,15.15,36_45,small,0
I202056,C958378,Female,55,Books,4,60.6,Debit Card,2/7/2023 0:00,Metrocity,2023,2,7,1,0,15.15,46_55,bulk,0
I321562,C256771,Female,62,Clothing,2,600.16,Cash,11/1/2022 0:00,Kanyon,2022,11,1,1,0,300.08,56_plus,small,0
I170001,C911539,Female,19,Food & Beverage,4,20.92,Credit Card,5/19/2021 0:00,Metrocity,2021,5,19,2,0,5.23,18_25,bulk,0
I329340,C280933,Male,33,Books,4,60.6,Debit Card,1/15/2023 0:00,Kanyon,2023,1,15,6,1,15.15,26_35,bulk,0
I156946,C238201,Female,21,Cosmetics,1,40.66,Cash,8/29/2022 0:00,Kanyon,2022,8,29,0,0,40.66,18_25,single,0
I199491,C226596,Female,64,Clothing,5,1500.4,Cash,7/18/2021 0:00,Metrocity,2021,7,18,6,1,300.08000000000004,56_plus,bulk,5.684341886080804e-14
I182207,C155604,Female,39,Toys,3,107.52,Credit Card,6/25/2022 0:00,Mall of Istanbul,2022,6,25,5,1,35.84,36_45,small,-7.11E-15
I481751,C770749,Female,56,Clothing,1,300.08,Debit Card,9/14/2021 0:00,Kanyon,2021,9,14,1,0,300.08,56_plus,single,0
I271270,C293244,Female,37,Clothing,3,900.24,Cash,3/30/2021 0:00,Metropol AVM,2021,3,30,1,0,300.08,36_45,small,0
I162560,C101672,Female,27,Cosmetics,1,40.66,Cash,3/29/2021 0:00,Mall of Istanbul,2021,3,29,0,0,40.66,26_35,single,0
I290777,C145636,Female,47,Cosmetics,2,81.32,Debit Card,11/11/2021 0:00,Forum Istanbul,2021,11,11,3,0,40.66,46_55,small,0
I915607,C211793,Male,51,Food & Beverage,3,15.69,Cash,7/30/2021 0:00,Metrocity,2021,7,30,4,0,5.23,46_55,small,-8.88E-16
I287964,C178319,Female,33,Technology,3,3150,Credit Card,7/12/2021 0:00,Emaar Square Mall,2021,7,12,0,0,1050,26_35,small,0
I108593,C218109,Female,44,Clothing,1,300.08,Cash,4/15/2021 0:00,Kanyon,2021,4,15,3,0,300.08,36_45,single,0
I263585,C268934,Female,31,Food & Beverage,4,20.92,Cash,2/26/2021 0:00,Mall of Istanbul,2021,2,26,4,0,5.23,26_35,bulk,0
I218799,C225673,Male,55,Shoes,1,600.17,Cash,12/29/2022 0:00,Mall of Istanbul,2022,12,29,3,0,600.17,46_55,single,0
I178871,C757210,Male,65,Clothing,4,1200.32,Cash,4/30/2021 0:00,Mall of Istanbul,2021,4,30,4,0,300.08,56_plus,bulk,0
I326146,C554087,Male,51,Clothing,2,600.16,Cash,7/1/2021 0:00,Metropol AVM,2021,7,1,3,0,300.08,46_55,small,0
I297279,C982663,Female,53,Food & Beverage,4,20.92,Cash,5/14/2022 0:00,Mall of Istanbul,2022,5,14,5,1,5.23,46_55,bulk,0
I162050,C249691,Female,45,Cosmetics,2,81.32,Cash,12/11/2022 0:00,Kanyon,2022,12,11,6,1,40.66,36_45,small,0
I249230,C581482,Female,60,Clothing,4,1200.32,Credit Card,10/24/2021 0:00,Viaport Outlet,2021,10,24,6,1,300.08,56_plus,bulk,0
I228259,C266406,Female,19,Books,1,15.15,Cash,8/7/2022 0:00,Cevahir AVM,2022,8,7,6,1,15.15,18_25,single,0
I858218,C180027,Female,27,Clothing,3,900.24,Cash,1/8/2023 0:00,Viaport Outlet,2023,1,8,6,1,300.08,26_35,small,0
I232261,C938953,Female,38,Clothing,2,600.16,Credit Card,2/10/2021 0:00,Zorlu Center,2021,2,10,2,0,300.08,36_45,small,0
I286004,C289605,Female,39,Toys,5,179.2,Credit Card,10/26/2022 0:00,Cevahir AVM,2022,10,26,2,0,35.84,36_45,bulk,-7.11E-15
I143194,C253985,Female,53,Souvenir,2,23.46,Credit Card,8/19/2021 0:00,Metrocity,2021,8,19,3,0,11.73,46_55,small,0
I871458,C870609,Female,54,Souvenir,3,35.19,Cash,2/25/2022 0:00,Istinye Park,2022,2,25,4,0,11.73,46_55,small,-1.78E-15
I302380,C448238,Female,22,Toys,1,35.84,Cash,1/6/2023 0:00,Istinye Park,2023,1,6,4,0,35.84,18_25,single,0
I243483,C110915,Female,45,Shoes,3,1800.51,Cash,7/1/2022 0:00,Emaar Square Mall,2022,7,1,4,0,600.17,36_45,small,0
I128350,C196304,Female,62,Food & Beverage,1,5.23,Debit Card,10/7/2022 0:00,Kanyon,2022,10,7,4,0,5.23,56_plus,single,0
I880513,C327217,Female,34,Cosmetics,5,203.3,Debit Card,8/16/2021 0:00,Metrocity,2021,8,16,0,0,40.66,26_35,bulk,7.105427357601002e-15
I162275,C270653,Female,63,Toys,5,179.2,Cash,11/13/2022 0:00,Kanyon,2022,11,13,6,1,35.84,56_plus,bulk,-7.11E-15
I309488,C122258,Male,26,Food & Beverage,4,20.92,Debit Card,6/16/2021 0:00,Mall of Istanbul,2021,6,16,2,0,5.23,26_35,bulk,0
I172517,C687650,Male,19,Cosmetics,3,121.98,Cash,8/10/2022 0:00,Metrocity,2022,8,10,2,0,40.66,18_25,small,7.105427357601002e-15
I249679,C348964,Female,51,Clothing,4,1200.32,Cash,12/27/2021 0:00,Viaport Outlet,2021,12,27,0,0,300.08,46_55,bulk,0
I277194,C207954,Female,67,Souvenir,4,46.92,Debit Card,1/30/2021 0:00,Metrocity,2021,1,30,5,1,11.73,56_plus,bulk,0
I104145,C494184,Female,41,Cosmetics,3,121.98,Credit Card,9/5/2022 0:00,Viaport Outlet,2022,9,5,0,0,40.66,36_45,small,7.105427357601002e-15
I143435,C568077,Female,48,Souvenir,2,23.46,Cash,5/27/2021 0:00,Emaar Square Mall,2021,5,27,3,0,11.73,46_55,small,0
I163616,C244985,Female,26,Shoes,1,600.17,Credit Card,7/2/2022 0:00,Metrocity,2022,7,2,5,1,600.17,26_35,single,0
I486190,C271357,Male,27,Clothing,3,900.24,Cash,3/22/2021 0:00,Metrocity,2021,3,22,0,0,300.08,26_35,small,0
I175470,C209123,Male,69,Clothing,2,600.16,Debit Card,9/7/2021 0:00,Mall of Istanbul,2021,9,7,1,0,300.08,56_plus,small,0
I430431,C107053,Female,46,Food & Beverage,3,15.69,Debit Card,12/17/2021 0:00,Mall of Istanbul,2021,12,17,4,0,5.23,46_55,small,-8.88E-16
I108938,C892535,Female,23,Cosmetics,4,162.64,Credit Card,9/4/2021 0:00,Istinye Park,2021,9,4,5,1,40.66,18_25,bulk,0
I163652,C202079,Male,35,Clothing,1,300.08,Debit Card,1/21/2022 0:00,Metropol AVM,2022,1,21,4,0,300.08,26_35,single,0
I133991,C119039,Male,65,Souvenir,5,58.65,Cash,10/11/2021 0:00,Kanyon,2021,10,11,0,0,11.73,56_plus,bulk,0
I112270,C244780,Female,26,Food & Beverage,4,20.92,Cash,2/14/2021 0:00,Mall of Istanbul,2021,2,14,6,1,5.23,26_35,bulk,0
I227918,C647875,Male,54,Toys,1,35.84,Cash,7/2/2022 0:00,Istinye Park,2022,7,2,5,1,35.84,46_55,single,0
I992500,C125210,Female,67,Toys,3,107.52,Cash,4/10/2021 0:00,Kanyon,2021,4,10,5,1,35.84,56_plus,small,-7.11E-15
I333816,C101001,Male,29,Clothing,2,600.16,Cash,3/11/2022 0:00,Cevahir AVM,2022,3,11,4,0,300.08,26_35,small,0
I862811,C593930,Female,50,Books,2,30.3,Debit Card,6/26/2022 0:00,Emaar Square Mall,2022,6,26,6,1,15.15,46_55,small,0
I312460,C171282,Male,31,Clothing,2,600.16,Cash,4/22/2021 0:00,Metrocity,2021,4,22,3,0,300.08,26_35,small,0
I489486,C154469,Male,39,Cosmetics,1,40.66,Debit Card,2/4/2021 0:00,Emaar Square Mall,2021,2,4,3,0,40.66,36_45,single,0
I954614,C266538,Female,24,Food & Beverage,5,26.15,Debit Card,11/2/2021 0:00,Istinye Park,2021,11,2,1,0,5.23,18_25,bulk,-8.88E-16
I954706,C169502,Female,33,Technology,1,1050,Cash,5/9/2021 0:00,Mall of Istanbul,2021,5,9,6,1,1050,26_35,single,0
I184924,C744343,Male,41,Souvenir,2,23.46,Cash,2/11/2023 0:00,Metrocity,2023,2,11,5,1,11.73,36_45,small,0
I966730,C702010,Male,43,Toys,1,35.84,Cash,5/1/2021 0:00,Istinye Park,2021,5,1,5,1,35.84,36_45,single,0
I109963,C301884,Male,46,Clothing,3,900.24,Cash,11/15/2021 0:00,Mall of Istanbul,2021,11,15,0,0,300.08,46_55,small,0
I147543,C796861,Male,62,Souvenir,3,35.19,Cash,12/10/2021 0:00,Istinye Park,2021,12,10,4,0,11.73,56_plus,small,-1.78E-15
I144171,C250033,Female,62,Clothing,1,300.08,Debit Card,4/20/2022 0:00,Kanyon,2022,4,20,2,0,300.08,56_plus,single,0
I136463,C703658,Female,67,Shoes,5,3000.85,Cash,2/9/2023 0:00,Kanyon,2023,2,9,3,0,600.17,56_plus,bulk,0
I191803,C944289,Male,25,Clothing,1,300.08,Debit Card,3/19/2021 0:00,Istinye Park,2021,3,19,4,0,300.08,18_25,single,0
I222340,C246207,Male,27,Clothing,4,1200.32,Credit Card,11/19/2021 0:00,Mall of Istanbul,2021,11,19,4,0,300.08,26_35,bulk,0
I124418,C309825,Female,69,Clothing,5,1500.4,Cash,8/3/2022 0:00,Mall of Istanbul,2022,8,3,2,0,300.08000000000004,56_plus,bulk,5.684341886080804e-14
I122823,C315998,Female,43,Food & Beverage,2,10.46,Cash,6/2/2021 0:00,Istinye Park,2021,6,2,2,0,5.23,36_45,small,0
I180881,C314867,Female,56,Clothing,1,300.08,Debit Card,2/18/2023 0:00,Kanyon,2023,2,18,5,1,300.08,56_plus,single,0
I152329,C100346,Male,63,Clothing,5,1500.4,Debit Card,2/16/2021 0:00,Mall of Istanbul,2021,2,16,1,0,300.08000000000004,56_plus,bulk,5.684341886080804e-14
I217714,C109718,Male,50,Cosmetics,2,81.32,Cash,4/26/2022 0:00,Kanyon,2022,4,26,1,0,40.66,46_55,small,0
I155123,C993732,Female,45,Souvenir,3,35.19,Cash,4/29/2021 0:00,Metrocity,2021,4,29,3,0,11.73,36_45,small,-1.78E-15
I154663,C111941,Male,40,Books,4,60.6,Debit Card,12/31/2022 0:00,Kanyon,2022,12,31,5,1,15.15,36_45,bulk,0
I976638,C986469,Female,23,Toys,4,143.36,Debit Card,2/23/2023 0:00,Metrocity,2023,2,23,3,0,35.84,18_25,bulk,0
I113373,C161994,Male,19,Clothing,3,900.24,Cash,2/20/2022 0:00,Metrocity,2022,2,20,6,1,300.08,18_25,small,0
I157036,C334083,Female,55,Toys,2,71.68,Credit Card,7/13/2022 0:00,Istinye Park,2022,7,13,2,0,35.84,46_55,small,0
I207295,C137233,Female,18,Toys,5,179.2,Credit Card,6/19/2021 0:00,Zorlu Center,2021,6,19,5,1,35.84,18_25,bulk,-7.11E-15
I889159,C332422,Male,40,Souvenir,5,58.65,Credit Card,10/3/2022 0:00,Metropol AVM,2022,10,3,0,0,11.73,36_45,bulk,0
I671638,C202442,Male,29,Technology,5,5250,Cash,3/21/2022 0:00,Kanyon,2022,3,21,0,0,1050,26_35,bulk,0
I334517,C630736,Female,43,Clothing,5,1500.4,Credit Card,3/30/2021 0:00,Kanyon,2021,3,30,1,0,300.08000000000004,36_45,bulk,5.684341886080804e-14
I172983,C145886,Male,57,Clothing,2,600.16,Debit Card,2/17/2023 0:00,Kanyon,2023,2,17,4,0,300.08,56_plus,small,0
I177661,C142322,Male,46,Clothing,5,1500.4,Debit Card,1/7/2021 0:00,Metrocity,2021,1,7,3,0,300.08000000000004,46_55,bulk,5.684341886080804e-14
I763811,C259359,Male,29,Clothing,1,300.08,Cash,3/13/2021 0:00,Cevahir AVM,2021,3,13,5,1,300.08,26_35,single,0
I263107,C706928,Female,42,Clothing,2,600.16,Credit Card,6/13/2022 0:00,Kanyon,2022,6,13,0,0,300.08,36_45,small,0
I276185,C161458,Female,30,Shoes,3,1800.51,Cash,4/10/2022 0:00,Mall of Istanbul,2022,4,10,6,1,600.17,26_35,small,0
I329774,C204538,Female,69,Food & Beverage,5,26.15,Cash,2/27/2022 0:00,Metrocity,2022,2,27,6,1,5.23,56_plus,bulk,-8.88E-16
I176805,C213051,Male,66,Food & Beverage,4,20.92,Credit Card,1/14/2021 0:00,Kanyon,2021,1,14,3,0,5.23,56_plus,bulk,0
I381601,C440142,Male,47,Cosmetics,1,40.66,Debit Card,5/4/2022 0:00,Mall of Istanbul,2022,5,4,2,0,40.66,46_55,single,0
I302702,C315816,Male,44,Souvenir,4,46.92,Cash,11/2/2022 0:00,Kanyon,2022,11,2,2,0,11.73,36_45,bulk,0
I109226,C642543,Male,39,Toys,1,35.84,Cash,5/24/2022 0:00,Kanyon,2022,5,24,1,0,35.84,36_45,single,0
I181410,C213450,Female,56,Cosmetics,1,40.66,Cash,8/19/2022 0:00,Mall of Istanbul,2022,8,19,4,0,40.66,56_plus,single,0
I748909,C255991,Male,32,Clothing,3,900.24,Debit Card,2/10/2022 0:00,Istinye Park,2022,2,10,3,0,300.08,26_35,small,0
I581118,C552671,Female,57,Shoes,5,3000.85,Debit Card,2/14/2022 0:00,Kanyon,2022,2,14,0,0,600.17,56_plus,bulk,0
I127592,C406112,Female,63,Clothing,5,1500.4,Credit Card,1/14/2023 0:00,Zorlu Center,2023,1,14,5,1,300.08000000000004,56_plus,bulk,5.684341886080804e-14
I254971,C141828,Male,64,Books,3,45.45,Cash,9/22/2021 0:00,Kanyon,2021,9,22,2,0,15.15,56_plus,small,0
I998421,C282083,Female,18,Food & Beverage,2,10.46,Credit Card,8/21/2022 0:00,Metrocity,2022,8,21,6,1,5.23,18_25,small,0
I850745,C306088,Female,25,Clothing,3,900.24,Credit Card,12/3/2022 0:00,Viaport Outlet,2022,12,3,5,1,300.08,18_25,small,0
I275890,C291511,Female,18,Technology,5,5250,Cash,2/28/2023 0:00,Mall of Istanbul,2023,2,28,1,0,1050,18_25,bulk,0
I165524,C250932,Male,48,Clothing,2,600.16,Cash,7/26/2021 0:00,Kanyon,2021,7,26,0,0,300.08,46_55,small,0
I235914,C136570,Female,32,Clothing,3,900.24,Debit Card,10/12/2022 0:00,Zorlu Center,2022,10,12,2,0,300.08,26_35,small,0
I125085,C104658,Female,59,Clothing,2,600.16,Cash,8/30/2022 0:00,Zorlu Center,2022,8,30,1,0,300.08,56_plus,small,0
I209556,C110902,Male,21,Clothing,4,1200.32,Cash,2/18/2021 0:00,Mall of Istanbul,2021,2,18,3,0,300.08,18_25,bulk,0
I838925,C934971,Male,48,Books,5,75.75,Cash,10/17/2022 0:00,Metrocity,2022,10,17,0,0,15.15,46_55,bulk,0
I907899,C150567,Female,63,Toys,4,143.36,Cash,7/22/2021 0:00,Emaar Square Mall,2021,7,22,3,0,35.84,56_plus,bulk,0
I171907,C444827,Male,41,Food & Beverage,4,20.92,Credit Card,10/30/2021 0:00,Istinye Park,2021,10,30,5,1,5.23,36_45,bulk,0
I532030,C106196,Female,18,Cosmetics,1,40.66,Cash,12/17/2022 0:00,Metrocity,2022,12,17,5,1,40.66,18_25,single,0
I101135,C689947,Male,48,Clothing,5,1500.4,Credit Card,1/13/2021 0:00,Kanyon,2021,1,13,2,0,300.08000000000004,46_55,bulk,5.684341886080804e-14
I432131,C831199,Female,35,Food & Beverage,1,5.23,Credit Card,2/18/2022 0:00,Istinye Park,2022,2,18,4,0,5.23,26_35,single,0
I202804,C115979,Female,50,Food & Beverage,5,26.15,Debit Card,8/23/2022 0:00,Istinye Park,2022,8,23,1,0,5.23,46_55,bulk,-8.88E-16
I415673,C385778,Female,52,Cosmetics,2,81.32,Credit Card,6/14/2022 0:00,Metropol AVM,2022,6,14,1,0,40.66,46_55,small,0
I504991,C107586,Female,33,Food & Beverage,3,15.69,Cash,7/30/2021 0:00,Kanyon,2021,7,30,4,0,5.23,26_35,small,-8.88E-16
I482321,C990466,Male,23,Clothing,1,300.08,Cash,9/18/2021 0:00,Mall of Istanbul,2021,9,18,5,1,300.08,18_25,single,0
I229542,C263265,Female,24,Clothing,2,600.16,Cash,2/8/2023 0:00,Metrocity,2023,2,8,2,0,300.08,18_25,small,0
I617425,C962177,Female,67,Clothing,3,900.24,Cash,3/15/2022 0:00,Kanyon,2022,3,15,1,0,300.08,56_plus,small,0
I217386,C618718,Male,18,Books,2,30.3,Cash,5/5/2022 0:00,Cevahir AVM,2022,5,5,3,0,15.15,18_25,small,0
I786380,C449243,Male,19,Cosmetics,1,40.66,Cash,12/30/2022 0:00,Viaport Outlet,2022,12,30,4,0,40.66,18_25,single,0
I506572,C609900,Female,30,Toys,2,71.68,Cash,10/6/2022 0:00,Istinye Park,2022,10,6,3,0,35.84,26_35,small,0
I183092,C269163,Male,37,Food & Beverage,5,26.15,Credit Card,1/26/2021 0:00,Kanyon,2021,1,26,1,0,5.23,36_45,bulk,-8.88E-16
I585853,C316848,Male,67,Shoes,5,3000.85,Cash,11/27/2022 0:00,Forum Istanbul,2022,11,27,6,1,600.17,56_plus,bulk,0
I110372,C130811,Male,63,Toys,5,179.2,Debit Card,4/10/2022 0:00,Kanyon,2022,4,10,6,1,35.84,56_plus,bulk,-7.11E-15
I458737,C303953,Female,45,Clothing,1,300.08,Cash,9/27/2022 0:00,Metrocity,2022,9,27,1,0,300.08,36_45,single,0
I255318,C227199,Female,23,Toys,4,143.36,Debit Card,8/31/2021 0:00,Kanyon,2021,8,31,1,0,35.84,18_25,bulk,0
I745863,C152175,Female,59,Toys,1,35.84,Cash,6/13/2022 0:00,Mall of Istanbul,2022,6,13,0,0,35.84,56_plus,single,0
I251225,C304667,Male,42,Food & Beverage,2,10.46,Cash,6/29/2021 0:00,Metropol AVM,2021,6,29,1,0,5.23,36_45,small,0
I613216,C138284,Male,30,Cosmetics,5,203.3,Credit Card,4/16/2022 0:00,Zorlu Center,2022,4,16,5,1,40.66,26_35,bulk,7.105427357601002e-15
I985952,C147856,Female,54,Food & Beverage,5,26.15,Cash,5/28/2021 0:00,Zorlu Center,2021,5,28,4,0,5.23,46_55,bulk,-8.88E-16
I170151,C879270,Female,47,Clothing,2,600.16,Cash,7/19/2022 0:00,Mall of Istanbul,2022,7,19,1,0,300.08,46_55,small,0
I298403,C308132,Female,41,Clothing,4,1200.32,Credit Card,1/22/2022 0:00,Metrocity,2022,1,22,5,1,300.08,36_45,bulk,0
I118535,C104818,Female,60,Clothing,5,1500.4,Cash,7/1/2021 0:00,Kanyon,2021,7,1,3,0,300.08000000000004,56_plus,bulk,5.684341886080804e-14
I899011,C291515,Female,51,Toys,2,71.68,Debit Card,12/30/2021 0:00,Mall of Istanbul,2021,12,30,3,0,35.84,46_55,small,0
I519097,C724925,Male,29,Shoes,2,1200.34,Cash,10/4/2021 0:00,Istinye Park,2021,10,4,0,0,600.17,26_35,small,0
I478709,C290693,Male,58,Technology,3,3150,Credit Card,2/26/2023 0:00,Kanyon,2023,2,26,6,1,1050,56_plus,small,0
I976938,C171351,Female,30,Food & Beverage,4,20.92,Cash,10/23/2021 0:00,Metrocity,2021,10,23,5,1,5.23,26_35,bulk,0
I813548,C408070,Female,18,Books,1,15.15,Debit Card,5/5/2022 0:00,Cevahir AVM,2022,5,5,3,0,15.15,18_25,single,0
I203565,C325169,Male,42,Cosmetics,2,81.32,Debit Card,8/30/2021 0:00,Kanyon,2021,8,30,0,0,40.66,36_45,small,0
I620958,C124707,Female,55,Clothing,1,300.08,Credit Card,3/15/2021 0:00,Mall of Istanbul,2021,3,15,0,0,300.08,46_55,single,0
I278801,C239974,Female,27,Food & Beverage,3,15.69,Cash,12/23/2022 0:00,Istinye Park,2022,12,23,4,0,5.23,26_35,small,-8.88E-16
I304655,C290272,Female,38,Toys,3,107.52,Debit Card,4/13/2021 0:00,Viaport Outlet,2021,4,13,1,0,35.84,36_45,small,-7.11E-15
I296692,C359535,Female,53,Clothing,5,1500.4,Credit Card,3/20/2021 0:00,Mall of Istanbul,2021,3,20,5,1,300.08000000000004,46_55,bulk,5.684341886080804e-14
I315644,C289805,Female,39,Clothing,4,1200.32,Credit Card,3/30/2021 0:00,Emaar Square Mall,2021,3,30,1,0,300.08,36_45,bulk,0
I178911,C323929,Female,37,Food & Beverage,3,15.69,Credit Card,10/29/2021 0:00,Mall of Istanbul,2021,10,29,4,0,5.23,36_45,small,-8.88E-16
I332456,C270209,Female,43,Clothing,2,600.16,Cash,10/8/2022 0:00,Metropol AVM,2022,10,8,5,1,300.08,36_45,small,0
I296538,C131183,Male,27,Clothing,4,1200.32,Cash,6/13/2022 0:00,Istinye Park,2022,6,13,0,0,300.08,26_35,bulk,0
I287054,C613598,Female,61,Clothing,5,1500.4,Cash,5/18/2022 0:00,Emaar Square Mall,2022,5,18,2,0,300.08000000000004,56_plus,bulk,5.684341886080804e-14
I181040,C313293,Female,24,Souvenir,3,35.19,Debit Card,2/17/2022 0:00,Kanyon,2022,2,17,3,0,11.73,18_25,small,-1.78E-15
I980481,C159058,Male,35,Cosmetics,5,203.3,Credit Card,10/2/2022 0:00,Metrocity,2022,10,2,6,1,40.66,26_35,bulk,7.105427357601002e-15
I487178,C331905,Male,41,Shoes,4,2400.68,Credit Card,9/21/2021 0:00,Forum Istanbul,2021,9,21,1,0,600.17,36_45,bulk,0
I280714,C182341,Female,32,Food & Beverage,5,26.15,Cash,3/24/2022 0:00,Kanyon,2022,3,24,3,0,5.23,26_35,bulk,-8.88E-16
I124806,C299702,Female,63,Shoes,4,2400.68,Cash,5/31/2021 0:00,Mall of Istanbul,2021,5,31,0,0,600.17,56_plus,bulk,0
I101409,C431191,Female,21,Clothing,3,900.24,Debit Card,11/10/2022 0:00,Kanyon,2022,11,10,3,0,300.08,18_25,small,0
I955581,C313897,Male,56,Toys,4,143.36,Debit Card,9/16/2022 0:00,Emaar Square Mall,2022,9,16,4,0,35.84,56_plus,bulk,0
I318132,C253275,Male,39,Clothing,2,600.16,Cash,11/15/2022 0:00,Cevahir AVM,2022,11,15,1,0,300.08,36_45,small,0
I177870,C264625,Female,68,Clothing,1,300.08,Credit Card,5/17/2021 0:00,Viaport Outlet,2021,5,17,0,0,300.08,56_plus,single,0
I128525,C123047,Male,55,Clothing,2,600.16,Debit Card,12/26/2022 0:00,Metrocity,2022,12,26,0,0,300.08,46_55,small,0
I224907,C172326,Male,47,Cosmetics,5,203.3,Cash,10/10/2021 0:00,Metrocity,2021,10,10,6,1,40.66,46_55,bulk,7.105427357601002e-15
I394903,C229011,Male,27,Technology,5,5250,Credit Card,7/17/2021 0:00,Kanyon,2021,7,17,5,1,1050,26_35,bulk,0
I274795,C314543,Male,29,Shoes,2,1200.34,Credit Card,3/8/2023 0:00,Metropol AVM,2023,3,8,2,0,600.17,26_35,small,0
I191530,C320609,Female,30,Clothing,4,1200.32,Credit Card,9/10/2022 0:00,Kanyon,2022,9,10,5,1,300.08,26_35,bulk,0
I258241,C304290,Female,54,Clothing,2,600.16,Debit Card,2/6/2021 0:00,Mall of Istanbul,2021,2,6,5,1,300.08,46_55,small,0
I201294,C283132,Male,24,Clothing,2,600.16,Debit Card,6/16/2021 0:00,Metrocity,2021,6,16,2,0,300.08,18_25,small,0
I180870,C288195,Female,27,Souvenir,2,23.46,Credit Card,1/30/2023 0:00,Metropol AVM,2023,1,30,0,0,11.73,26_35,small,0
I207046,C193277,Male,42,Clothing,5,1500.4,Cash,3/25/2022 0:00,Istinye Park,2022,3,25,4,0,300.08000000000004,36_45,bulk,5.684341886080804e-14
I269806,C462300,Female,38,Technology,4,4200,Cash,2/9/2022 0:00,Kanyon,2022,2,9,2,0,1050,36_45,bulk,0
I225825,C807934,Female,58,Toys,2,71.68,Cash,6/3/2021 0:00,Kanyon,2021,6,3,3,0,35.84,56_plus,small,0
I810216,C277431,Male,19,Clothing,4,1200.32,Credit Card,9/17/2021 0:00,Zorlu Center,2021,9,17,4,0,300.08,18_25,bulk,0
I925461,C318337,Male,48,Clothing,2,600.16,Credit Card,10/11/2021 0:00,Metrocity,2021,10,11,0,0,300.08,46_55,small,0
I902935,C186551,Female,18,Shoes,1,600.17,Credit Card,4/7/2022 0:00,Metrocity,2022,4,7,3,0,600.17,18_25,single,0
I280076,C185111,Male,66,Clothing,3,900.24,Credit Card,6/25/2021 0:00,Metrocity,2021,6,25,4,0,300.08,56_plus,small,0
I521068,C267992,Female,41,Technology,3,3150,Credit Card,12/31/2021 0:00,Kanyon,2021,12,31,4,0,1050,36_45,small,0
I288942,C310880,Male,22,Shoes,1,600.17,Debit Card,4/14/2021 0:00,Kanyon,2021,4,14,2,0,600.17,18_25,single,0
I335915,C179722,Male,60,Food & Beverage,2,10.46,Cash,1/2/2021 0:00,Mall of Istanbul,2021,1,2,5,1,5.23,56_plus,small,0
I221165,C157425,Male,31,Clothing,2,600.16,Cash,7/7/2021 0:00,Kanyon,2021,7,7,2,0,300.08,26_35,small,0
I256986,C223790,Female,63,Clothing,3,900.24,Cash,8/12/2022 0:00,Kanyon,2022,8,12,4,0,300.08,56_plus,small,0
I303817,C121985,Female,46,Toys,3,107.52,Credit Card,8/19/2022 0:00,Mall of Istanbul,2022,8,19,4,0,35.84,46_55,small,-7.11E-15
I224745,C306247,Female,40,Cosmetics,1,40.66,Cash,2/2/2021 0:00,Istinye Park,2021,2,2,1,0,40.66,36_45,single,0
I226686,C289567,Female,23,Toys,2,71.68,Credit Card,11/1/2022 0:00,Kanyon,2022,11,1,1,0,35.84,18_25,small,0
I262061,C197706,Male,21,Souvenir,3,35.19,Cash,1/14/2022 0:00,Zorlu Center,2022,1,14,4,0,11.73,18_25,small,-1.78E-15
I214110,C440584,Female,56,Souvenir,5,58.65,Credit Card,2/14/2021 0:00,Emaar Square Mall,2021,2,14,6,1,11.73,56_plus,bulk,0
I783172,C287139,Female,60,Food & Beverage,5,26.15,Cash,8/4/2021 0:00,Metropol AVM,2021,8,4,2,0,5.23,56_plus,bulk,-8.88E-16
I182762,C121954,Male,23,Food & Beverage,1,5.23,Credit Card,7/13/2021 0:00,Istinye Park,2021,7,13,1,0,5.23,18_25,single,0
I194081,C306138,Female,25,Clothing,3,900.24,Credit Card,10/19/2021 0:00,Forum Istanbul,2021,10,19,1,0,300.08,18_25,small,0
I181684,C151911,Male,64,Toys,4,143.36,Debit Card,7/21/2021 0:00,Kanyon,2021,7,21,2,0,35.84,56_plus,bulk,0
I432822,C409965,Female,47,Toys,3,107.52,Debit Card,9/21/2021 0:00,Kanyon,2021,9,21,1,0,35.84,46_55,small,-7.11E-15
I140023,C172420,Male,50,Shoes,5,3000.85,Debit Card,2/13/2021 0:00,Cevahir AVM,2021,2,13,5,1,600.17,46_55,bulk,0
I242480,C338423,Female,30,Clothing,4,1200.32,Cash,5/15/2022 0:00,Metrocity,2022,5,15,6,1,300.08,26_35,bulk,0
I873333,C221949,Male,39,Food & Beverage,4,20.92,Cash,8/5/2021 0:00,Metropol AVM,2021,8,5,3,0,5.23,36_45,bulk,0
I204892,C210271,Female,38,Clothing,3,900.24,Debit Card,7/24/2021 0:00,Istinye Park,2021,7,24,5,1,300.08,36_45,small,0
I260986,C396079,Female,19,Clothing,1,300.08,Credit Card,9/24/2021 0:00,Istinye Park,2021,9,24,4,0,300.08,18_25,single,0
I463682,C168234,Male,48,Souvenir,3,35.19,Cash,2/16/2021 0:00,Mall of Istanbul,2021,2,16,1,0,11.73,46_55,small,-1.78E-15
I296049,C166539,Male,32,Clothing,3,900.24,Cash,2/10/2023 0:00,Mall of Istanbul,2023,2,10,4,0,300.08,26_35,small,0
I375887,C236076,Female,19,Clothing,1,300.08,Credit Card,4/24/2022 0:00,Kanyon,2022,4,24,6,1,300.08,18_25,single,0
I146145,C572505,Male,28,Cosmetics,3,121.98,Cash,8/10/2021 0:00,Emaar Square Mall,2021,8,10,1,0,40.66,26_35,small,7.105427357601002e-15
I192361,C204935,Female,66,Clothing,3,900.24,Debit Card,2/21/2022 0:00,Kanyon,2022,2,21,0,0,300.08,56_plus,small,0
I190396,C119113,Female,52,Technology,5,5250,Credit Card,8/8/2021 0:00,Mall of Istanbul,2021,8,8,6,1,1050,46_55,bulk,0
I242392,C189034,Male,49,Food & Beverage,5,26.15,Cash,12/15/2021 0:00,Zorlu Center,2021,12,15,2,0,5.23,46_55,bulk,-8.88E-16
I173014,C299051,Male,34,Clothing,4,1200.32,Debit Card,12/29/2022 0:00,Mall of Istanbul,2022,12,29,3,0,300.08,26_35,bulk,0
I216078,C334762,Female,66,Food & Beverage,1,5.23,Debit Card,2/11/2023 0:00,Forum Istanbul,2023,2,11,5,1,5.23,56_plus,single,0
I197836,C283171,Male,62,Clothing,2,600.16,Debit Card,7/17/2021 0:00,Viaport Outlet,2021,7,17,5,1,300.08,56_plus,small,0
I211514,C115929,Male,26,Shoes,2,1200.34,Credit Card,8/1/2021 0:00,Metrocity,2021,8,1,6,1,600.17,26_35,small,0
I164790,C483725,Male,65,Shoes,4,2400.68,Debit Card,1/21/2021 0:00,Metropol AVM,2021,1,21,3,0,600.17,56_plus,bulk,0
I250600,C199277,Male,49,Cosmetics,2,81.32,Debit Card,3/22/2021 0:00,Metropol AVM,2021,3,22,0,0,40.66,46_55,small,0
I193616,C105312,Male,31,Shoes,5,3000.85,Credit Card,2/5/2021 0:00,Mall of Istanbul,2021,2,5,4,0,600.17,26_35,bulk,0
I199469,C282973,Female,54,Cosmetics,1,40.66,Cash,9/26/2021 0:00,Metropol AVM,2021,9,26,6,1,40.66,46_55,single,0
I130883,C282722,Female,27,Technology,5,5250,Credit Card,4/15/2022 0:00,Metrocity,2022,4,15,4,0,1050,26_35,bulk,0
I265673,C276166,Male,32,Clothing,1,300.08,Credit Card,7/22/2021 0:00,Viaport Outlet,2021,7,22,3,0,300.08,26_35,single,0
I104123,C325535,Male,44,Technology,3,3150,Credit Card,5/30/2021 0:00,Metrocity,2021,5,30,6,1,1050,36_45,small,0
I318533,C175721,Male,27,Food & Beverage,2,10.46,Debit Card,9/8/2022 0:00,Metrocity,2022,9,8,3,0,5.23,26_35,small,0
I323820,C736627,Female,42,Cosmetics,1,40.66,Credit Card,1/22/2023 0:00,Mall of Istanbul,2023,1,22,6,1,40.66,36_45,single,0
I154386,C185271,Female,69,Clothing,3,900.24,Debit Card,12/19/2022 0:00,Viaport Outlet,2022,12,19,0,0,300.08,56_plus,small,0
I147310,C202302,Male,55,Clothing,2,600.16,Credit Card,2/23/2023 0:00,Metropol AVM,2023,2,23,3,0,300.08,46_55,small,0
I336124,C239258,Female,55,Clothing,3,900.24,Debit Card,7/9/2021 0:00,Kanyon,2021,7,9,4,0,300.08,46_55,small,0
I104248,C485285,Female,67,Clothing,2,600.16,Credit Card,10/15/2021 0:00,Metropol AVM,2021,10,15,4,0,300.08,56_plus,small,0
I336252,C119601,Male,43,Clothing,2,600.16,Cash,4/2/2021 0:00,Istinye Park,2021,4,2,4,0,300.08,36_45,small,0
I327655,C144696,Female,58,Technology,3,3150,Debit Card,2/22/2022 0:00,Forum Istanbul,2022,2,22,1,0,1050,56_plus,small,0
I269240,C501224,Female,35,Toys,3,107.52,Cash,10/17/2021 0:00,Metropol AVM,2021,10,17,6,1,35.84,26_35,small,-7.11E-15
I116075,C112694,Female,54,Toys,5,179.2,Credit Card,4/15/2021 0:00,Kanyon,2021,4,15,3,0,35.84,46_55,bulk,-7.11E-15
I139284,C208193,Female,44,Souvenir,5,58.65,Cash,5/23/2022 0:00,Mall of Istanbul,2022,5,23,0,0,11.73,36_45,bulk,0
I104836,C226578,Male,30,Food & Beverage,4,20.92,Cash,6/4/2022 0:00,Mall of Istanbul,2022,6,4,5,1,5.23,26_35,bulk,0
I290730,C103717,Female,62,Clothing,4,1200.32,Credit Card,10/9/2022 0:00,Metrocity,2022,10,9,6,1,300.08,56_plus,bulk,0
I221576,C229979,Male,61,Clothing,1,300.08,Credit Card,11/25/2022 0:00,Mall of Istanbul,2022,11,25,4,0,300.08,56_plus,single,0
I650172,C316711,Female,20,Clothing,3,900.24,Cash,2/13/2022 0:00,Mall of Istanbul,2022,2,13,6,1,300.08,18_25,small,0
I861074,C241500,Female,18,Clothing,4,1200.32,Cash,2/14/2022 0:00,Cevahir AVM,2022,2,14,0,0,300.08,18_25,bulk,0
I166906,C204438,Female,53,Books,5,75.75,Cash,10/30/2022 0:00,Cevahir AVM,2022,10,30,6,1,15.15,46_55,bulk,0
I695570,C128026,Male,33,Shoes,3,1800.51,Debit Card,8/14/2022 0:00,Zorlu Center,2022,8,14,6,1,600.17,26_35,small,0
I226168,C112907,Female,56,Food & Beverage,1,5.23,Credit Card,4/1/2021 0:00,Kanyon,2021,4,1,3,0,5.23,56_plus,single,0
I112321,C204791,Female,49,Clothing,4,1200.32,Cash,7/29/2021 0:00,Istinye Park,2021,7,29,3,0,300.08,46_55,bulk,0
I174574,C159040,Male,55,Food & Beverage,5,26.15,Credit Card,1/11/2022 0:00,Metrocity,2022,1,11,1,0,5.23,46_55,bulk,-8.88E-16
I333104,C126651,Male,24,Cosmetics,2,81.32,Debit Card,11/21/2022 0:00,Kanyon,2022,11,21,0,0,40.66,18_25,small,0
I167829,C877228,Female,48,Clothing,3,900.24,Cash,6/12/2022 0:00,Emaar Square Mall,2022,6,12,6,1,300.08,46_55,small,0
I174241,C236494,Male,61,Clothing,1,300.08,Credit Card,5/16/2022 0:00,Metrocity,2022,5,16,0,0,300.08,56_plus,single,0
I607512,C261639,Male,63,Toys,2,71.68,Cash,1/16/2021 0:00,Metrocity,2021,1,16,5,1,35.84,56_plus,small,0
I496049,C224596,Male,33,Clothing,2,600.16,Credit Card,6/22/2022 0:00,Cevahir AVM,2022,6,22,2,0,300.08,26_35,small,0
I278121,C885344,Female,60,Toys,4,143.36,Debit Card,6/7/2021 0:00,Metrocity,2021,6,7,0,0,35.84,56_plus,bulk,0
I163718,C273785,Female,21,Technology,5,5250,Cash,8/27/2022 0:00,Kanyon,2022,8,27,5,1,1050,18_25,bulk,0
I805840,C264134,Female,18,Clothing,2,600.16,Cash,5/6/2022 0:00,Forum Istanbul,2022,5,6,4,0,300.08,18_25,small,0
I984849,C166603,Female,69,Books,5,75.75,Debit Card,7/24/2022 0:00,Mall of Istanbul,2022,7,24,6,1,15.15,56_plus,bulk,0
I203950,C190017,Male,53,Food & Beverage,4,20.92,Cash,7/10/2022 0:00,Kanyon,2022,7,10,6,1,5.23,46_55,bulk,0
I320672,C956990,Female,65,Food & Beverage,3,15.69,Cash,1/14/2021 0:00,Metropol AVM,2021,1,14,3,0,5.23,56_plus,small,-8.88E-16
I135696,C249331,Male,52,Souvenir,2,23.46,Credit Card,12/3/2022 0:00,Metrocity,2022,12,3,5,1,11.73,46_55,small,0
I215572,C388600,Female,62,Clothing,3,900.24,Debit Card,4/15/2021 0:00,Istinye Park,2021,4,15,3,0,300.08,56_plus,small,0
I258665,C518318,Male,69,Cosmetics,1,40.66,Cash,4/27/2021 0:00,Metrocity,2021,4,27,1,0,40.66,56_plus,single,0
I196659,C185523,Female,52,Shoes,5,3000.85,Debit Card,8/10/2022 0:00,Metropol AVM,2022,8,10,2,0,600.17,46_55,bulk,0
I573170,C238949,Male,49,Cosmetics,1,40.66,Debit Card,4/14/2021 0:00,Metrocity,2021,4,14,2,0,40.66,46_55,single,0
I248449,C387319,Female,24,Clothing,2,600.16,Credit Card,12/18/2022 0:00,Metrocity,2022,12,18,6,1,300.08,18_25,small,0
I177054,C190779,Male,46,Cosmetics,5,203.3,Debit Card,1/10/2022 0:00,Metropol AVM,2022,1,10,0,0,40.66,46_55,bulk,7.105427357601002e-15
I142742,C146205,Male,43,Clothing,3,900.24,Cash,8/16/2022 0:00,Metrocity,2022,8,16,1,0,300.08,36_45,small,0
I302041,C831953,Male,59,Clothing,2,600.16,Cash,1/6/2021 0:00,Mall of Istanbul,2021,1,6,2,0,300.08,56_plus,small,0
I101921,C243839,Female,39,Books,3,45.45,Credit Card,2/16/2023 0:00,Emaar Square Mall,2023,2,16,3,0,15.15,36_45,small,0
I771350,C567512,Female,54,Food & Beverage,1,5.23,Cash,8/20/2021 0:00,Metrocity,2021,8,20,4,0,5.23,46_55,single,0
I213846,C191253,Female,43,Souvenir,2,23.46,Credit Card,1/31/2023 0:00,Forum Istanbul,2023,1,31,1,0,11.73,36_45,small,0
I799388,C609734,Female,34,Shoes,2,1200.34,Cash,5/3/2022 0:00,Metropol AVM,2022,5,3,1,0,600.17,26_35,small,0
I157964,C793572,Male,68,Toys,5,179.2,Credit Card,6/9/2022 0:00,Kanyon,2022,6,9,3,0,35.84,56_plus,bulk,-7.11E-15
I565499,C205684,Female,30,Clothing,4,1200.32,Credit Card,5/5/2021 0:00,Istinye Park,2021,5,5,2,0,300.08,26_35,bulk,0
I127753,C119662,Female,66,Cosmetics,2,81.32,Debit Card,7/20/2022 0:00,Emaar Square Mall,2022,7,20,2,0,40.66,56_plus,small,0
I157963,C226995,Female,20,Toys,3,107.52,Debit Card,7/21/2022 0:00,Viaport Outlet,2022,7,21,3,0,35.84,18_25,small,-7.11E-15
I248966,C199223,Female,53,Toys,1,35.84,Cash,5/20/2022 0:00,Kanyon,2022,5,20,4,0,35.84,46_55,single,0
I240047,C678401,Female,30,Toys,1,35.84,Cash,2/13/2023 0:00,Kanyon,2023,2,13,0,0,35.84,26_35,single,0
I225232,C240820,Female,45,Food & Beverage,4,20.92,Cash,1/28/2022 0:00,Mall of Istanbul,2022,1,28,4,0,5.23,36_45,bulk,0
I209394,C120598,Female,27,Clothing,4,1200.32,Cash,8/7/2021 0:00,Kanyon,2021,8,7,5,1,300.08,26_35,bulk,0
I382877,C309429,Male,43,Clothing,4,1200.32,Debit Card,6/23/2022 0:00,Zorlu Center,2022,6,23,3,0,300.08,36_45,bulk,0
I312673,C302104,Female,66,Clothing,3,900.24,Credit Card,6/9/2021 0:00,Istinye Park,2021,6,9,2,0,300.08,56_plus,small,0
I337915,C316066,Male,48,Clothing,5,1500.4,Cash,1/21/2023 0:00,Kanyon,2023,1,21,5,1,300.08000000000004,46_55,bulk,5.684341886080804e-14
I140188,C726352,Female,41,Cosmetics,4,162.64,Cash,8/30/2021 0:00,Metropol AVM,2021,8,30,0,0,40.66,36_45,bulk,0
I233231,C250609,Female,64,Food & Beverage,5,26.15,Cash,2/3/2022 0:00,Istinye Park,2022,2,3,3,0,5.23,56_plus,bulk,-8.88E-16
I222032,C539423,Male,28,Food & Beverage,5,26.15,Cash,8/2/2021 0:00,Viaport Outlet,2021,8,2,0,0,5.23,26_35,bulk,-8.88E-16
I272832,C230871,Female,48,Cosmetics,4,162.64,Credit Card,7/26/2021 0:00,Metropol AVM,2021,7,26,0,0,40.66,46_55,bulk,0
I455812,C320025,Female,22,Clothing,2,600.16,Debit Card,7/5/2021 0:00,Forum Istanbul,2021,7,5,0,0,300.08,18_25,small,0
I506290,C151710,Female,21,Shoes,1,600.17,Cash,12/25/2021 0:00,Metropol AVM,2021,12,25,5,1,600.17,18_25,single,0
I741054,C698403,Male,45,Clothing,3,900.24,Credit Card,7/27/2022 0:00,Emaar Square Mall,2022,7,27,2,0,300.08,36_45,small,0
I928017,C281254,Male,69,Clothing,1,300.08,Cash,2/13/2021 0:00,Zorlu Center,2021,2,13,5,1,300.08,56_plus,single,0
I902930,C159050,Male,43,Clothing,1,300.08,Debit Card,3/20/2022 0:00,Mall of Istanbul,2022,3,20,6,1,300.08,36_45,single,0
I185783,C193112,Male,27,Clothing,2,600.16,Cash,1/22/2022 0:00,Kanyon,2022,1,22,5,1,300.08,26_35,small,0
I305003,C293137,Female,44,Clothing,4,1200.32,Cash,6/4/2021 0:00,Metrocity,2021,6,4,4,0,300.08,36_45,bulk,0
I155529,C169851,Male,27,Shoes,4,2400.68,Cash,11/6/2022 0:00,Metrocity,2022,11,6,6,1,600.17,26_35,bulk,0
I154875,C279779,Female,48,Cosmetics,1,40.66,Cash,7/22/2021 0:00,Emaar Square Mall,2021,7,22,3,0,40.66,46_55,single,0
I112786,C329728,Male,46,Shoes,3,1800.51,Cash,2/18/2021 0:00,Mall of Istanbul,2021,2,18,3,0,600.17,46_55,small,0
I289315,C215222,Male,36,Food & Beverage,5,26.15,Credit Card,3/1/2021 0:00,Mall of Istanbul,2021,3,1,0,0,5.23,36_45,bulk,-8.88E-16
I126168,C198969,Male,30,Shoes,5,3000.85,Credit Card,2/10/2023 0:00,Cevahir AVM,2023,2,10,4,0,600.17,26_35,bulk,0
I232498,C171201,Male,64,Cosmetics,2,81.32,Debit Card,2/2/2023 0:00,Kanyon,2023,2,2,3,0,40.66,56_plus,small,0
I310784,C336964,Male,50,Clothing,1,300.08,Debit Card,2/24/2023 0:00,Cevahir AVM,2023,2,24,4,0,300.08,46_55,single,0
I559592,C200437,Female,26,Clothing,3,900.24,Credit Card,1/16/2021 0:00,Metropol AVM,2021,1,16,5,1,300.08,26_35,small,0
I999450,C393561,Female,40,Food & Beverage,5,26.15,Debit Card,12/6/2021 0:00,Metropol AVM,2021,12,6,0,0,5.23,36_45,bulk,-8.88E-16
I185049,C228496,Male,30,Clothing,1,300.08,Debit Card,10/22/2021 0:00,Viaport Outlet,2021,10,22,4,0,300.08,26_35,single,0
I153932,C223811,Male,31,Books,5,75.75,Debit Card,10/28/2021 0:00,Emaar Square Mall,2021,10,28,3,0,15.15,26_35,bulk,0
I625684,C276221,Male,28,Clothing,1,300.08,Cash,1/5/2023 0:00,Viaport Outlet,2023,1,5,3,0,300.08,26_35,single,0
I264371,C449672,Female,65,Books,3,45.45,Credit Card,2/11/2023 0:00,Emaar Square Mall,2023,2,11,5,1,15.15,56_plus,small,0
I200441,C113029,Male,46,Clothing,4,1200.32,Debit Card,10/19/2021 0:00,Metrocity,2021,10,19,1,0,300.08,46_55,bulk,0
I184255,C337434,Male,50,Food & Beverage,3,15.69,Debit Card,11/5/2021 0:00,Kanyon,2021,11,5,4,0,5.23,46_55,small,-8.88E-16
I985191,C251075,Male,29,Shoes,5,3000.85,Credit Card,10/17/2021 0:00,Mall of Istanbul,2021,10,17,6,1,600.17,26_35,bulk,0
I140461,C199588,Male,43,Cosmetics,5,203.3,Cash,6/4/2021 0:00,Metropol AVM,2021,6,4,4,0,40.66,36_45,bulk,7.105427357601002e-15
I146829,C324836,Female,22,Clothing,4,1200.32,Credit Card,5/24/2021 0:00,Metrocity,2021,5,24,0,0,300.08,18_25,bulk,0
I747566,C129930,Female,48,Food & Beverage,3,15.69,Debit Card,1/3/2021 0:00,Kanyon,2021,1,3,6,1,5.23,46_55,small,-8.88E-16
I701001,C153571,Male,53,Shoes,5,3000.85,Credit Card,8/10/2022 0:00,Mall of Istanbul,2022,8,10,2,0,600.17,46_55,bulk,0
I254863,C264038,Female,31,Clothing,1,300.08,Credit Card,10/11/2022 0:00,Metropol AVM,2022,10,11,1,0,300.08,26_35,single,0
I765331,C417604,Female,66,Clothing,2,600.16,Cash,9/19/2022 0:00,Cevahir AVM,2022,9,19,0,0,300.08,56_plus,small,0
I670920,C600600,Female,38,Books,5,75.75,Debit Card,12/7/2022 0:00,Metropol AVM,2022,12,7,2,0,15.15,36_45,bulk,0
I268190,C671962,Male,40,Clothing,4,1200.32,Credit Card,6/29/2021 0:00,Forum Istanbul,2021,6,29,1,0,300.08,36_45,bulk,0
I277924,C207539,Female,66,Shoes,1,600.17,Credit Card,1/7/2023 0:00,Mall of Istanbul,2023,1,7,5,1,600.17,56_plus,single,0
I122654,C201312,Female,64,Books,1,15.15,Credit Card,2/19/2021 0:00,Istinye Park,2021,2,19,4,0,15.15,56_plus,single,0
I120468,C949760,Male,31,Shoes,4,2400.68,Cash,8/25/2022 0:00,Kanyon,2022,8,25,3,0,600.17,26_35,bulk,0
I273661,C699405,Female,44,Shoes,5,3000.85,Credit Card,9/26/2022 0:00,Metrocity,2022,9,26,0,0,600.17,36_45,bulk,0
I110293,C594770,Female,18,Cosmetics,4,162.64,Debit Card,11/2/2021 0:00,Metrocity,2021,11,2,1,0,40.66,18_25,bulk,0
I106049,C177444,Female,42,Clothing,3,900.24,Cash,1/9/2021 0:00,Metrocity,2021,1,9,5,1,300.08,36_45,small,0
I288373,C221073,Male,37,Clothing,1,300.08,Cash,10/11/2021 0:00,Emaar Square Mall,2021,10,11,0,0,300.08,36_45,single,0
I189363,C266792,Male,49,Cosmetics,2,81.32,Debit Card,2/25/2021 0:00,Istinye Park,2021,2,25,3,0,40.66,46_55,small,0
I124741,C199601,Female,19,Toys,2,71.68,Cash,11/3/2021 0:00,Zorlu Center,2021,11,3,2,0,35.84,18_25,small,0
I405141,C174999,Female,34,Clothing,2,600.16,Cash,1/2/2022 0:00,Mall of Istanbul,2022,1,2,6,1,300.08,26_35,small,0
I104699,C823043,Female,21,Cosmetics,2,81.32,Debit Card,8/11/2021 0:00,Mall of Istanbul,2021,8,11,2,0,40.66,18_25,small,0
I308180,C661673,Female,21,Cosmetics,5,203.3,Cash,2/6/2023 0:00,Kanyon,2023,2,6,0,0,40.66,18_25,bulk,7.105427357601002e-15
I163007,C263920,Male,59,Toys,4,143.36,Credit Card,9/1/2022 0:00,Kanyon,2022,9,1,3,0,35.84,56_plus,bulk,0
I889491,C232915,Male,62,Clothing,4,1200.32,Cash,7/10/2021 0:00,Mall of Istanbul,2021,7,10,5,1,300.08,56_plus,bulk,0
I274333,C299827,Male,28,Books,3,45.45,Cash,12/16/2021 0:00,Kanyon,2021,12,16,3,0,15.15,26_35,small,0
I469019,C251503,Male,49,Cosmetics,5,203.3,Debit Card,6/20/2021 0:00,Metrocity,2021,6,20,6,1,40.66,46_55,bulk,7.105427357601002e-15
I133627,C138680,Female,63,Cosmetics,3,121.98,Cash,5/22/2021 0:00,Kanyon,2021,5,22,5,1,40.66,56_plus,small,7.105427357601002e-15
I771156,C331630,Female,65,Cosmetics,3,121.98,Credit Card,12/7/2021 0:00,Viaport Outlet,2021,12,7,1,0,40.66,56_plus,small,7.105427357601002e-15
I181911,C303822,Male,38,Toys,1,35.84,Credit Card,1/25/2022 0:00,Forum Istanbul,2022,1,25,1,0,35.84,36_45,single,0
I185669,C265435,Male,25,Food & Beverage,1,5.23,Cash,12/24/2022 0:00,Metrocity,2022,12,24,5,1,5.23,18_25,single,0
I121416,C176937,Male,55,Food & Beverage,1,5.23,Credit Card,9/18/2022 0:00,Kanyon,2022,9,18,6,1,5.23,46_55,single,0
I331488,C167416,Male,59,Technology,2,2100,Cash,6/23/2022 0:00,Metrocity,2022,6,23,3,0,1050,56_plus,small,0
I337081,C298650,Female,32,Souvenir,5,58.65,Cash,6/4/2022 0:00,Metrocity,2022,6,4,5,1,11.73,26_35,bulk,0
I492011,C338345,Female,56,Technology,1,1050,Cash,9/13/2022 0:00,Emaar Square Mall,2022,9,13,1,0,1050,56_plus,single,0
I839765,C204261,Male,42,Clothing,1,300.08,Cash,8/17/2021 0:00,Kanyon,2021,8,17,1,0,300.08,36_45,single,0
I546932,C278598,Female,60,Clothing,3,900.24,Debit Card,5/3/2021 0:00,Mall of Istanbul,2021,5,3,0,0,300.08,56_plus,small,0
I182257,C733821,Male,62,Cosmetics,1,40.66,Credit Card,12/4/2022 0:00,Istinye Park,2022,12,4,6,1,40.66,56_plus,single,0
I163867,C715776,Female,69,Food & Beverage,4,20.92,Cash,2/25/2021 0:00,Mall of Istanbul,2021,2,25,3,0,5.23,56_plus,bulk,0
I237485,C202624,Male,52,Food & Beverage,3,15.69,Cash,3/17/2021 0:00,Metropol AVM,2021,3,17,2,0,5.23,46_55,small,-8.88E-16
I224834,C330670,Female,28,Souvenir,4,46.92,Cash,3/4/2022 0:00,Metropol AVM,2022,3,4,4,0,11.73,26_35,bulk,0
I243426,C274481,Female,50,Toys,5,179.2,Cash,2/2/2023 0:00,Mall of Istanbul,2023,2,2,3,0,35.84,46_55,bulk,-7.11E-15
I203364,C287265,Male,21,Food & Beverage,3,15.69,Cash,4/15/2021 0:00,Metrocity,2021,4,15,3,0,5.23,18_25,small,-8.88E-16
I339014,C128115,Female,24,Food & Beverage,3,15.69,Credit Card,1/18/2022 0:00,Viaport Outlet,2022,1,18,1,0,5.23,18_25,small,-8.88E-16
I119218,C841556,Female,35,Toys,5,179.2,Credit Card,8/24/2022 0:00,Istinye Park,2022,8,24,2,0,35.84,26_35,bulk,-7.11E-15
I329032,C718955,Female,38,Clothing,5,1500.4,Debit Card,10/23/2022 0:00,Kanyon,2022,10,23,6,1,300.08000000000004,36_45,bulk,5.684341886080804e-14
I306422,C209598,Female,45,Clothing,5,1500.4,Debit Card,2/15/2023 0:00,Metrocity,2023,2,15,2,0,300.08000000000004,36_45,bulk,5.684341886080804e-14
I340161,C218673,Male,31,Clothing,5,1500.4,Debit Card,12/21/2021 0:00,Viaport Outlet,2021,12,21,1,0,300.08000000000004,26_35,bulk,5.684341886080804e-14
I137110,C310390,Male,63,Cosmetics,5,203.3,Cash,6/9/2021 0:00,Metrocity,2021,6,9,2,0,40.66,56_plus,bulk,7.105427357601002e-15
I119696,C237263,Female,28,Toys,3,107.52,Cash,1/27/2023 0:00,Istinye Park,2023,1,27,4,0,35.84,26_35,small,-7.11E-15
I208536,C244259,Female,28,Toys,1,35.84,Debit Card,12/11/2021 0:00,Mall of Istanbul,2021,12,11,5,1,35.84,26_35,single,0
I187990,C109027,Female,46,Food & Beverage,3,15.69,Cash,10/23/2022 0:00,Mall of Istanbul,2022,10,23,6,1,5.23,46_55,small,-8.88E-16
I146902,C263586,Male,65,Food & Beverage,3,15.69,Credit Card,10/10/2021 0:00,Mall of Istanbul,2021,10,10,6,1,5.23,56_plus,small,-8.88E-16
I174091,C765922,Female,39,Shoes,5,3000.85,Cash,11/27/2021 0:00,Kanyon,2021,11,27,5,1,600.17,36_45,bulk,0
I846448,C870412,Female,24,Cosmetics,1,40.66,Debit Card,2/24/2023 0:00,Emaar Square Mall,2023,2,24,4,0,40.66,18_25,single,0
I197912,C688590,Male,59,Clothing,2,600.16,Debit Card,9/17/2022 0:00,Metrocity,2022,9,17,5,1,300.08,56_plus,small,0
I316933,C259960,Female,47,Shoes,5,3000.85,Credit Card,8/6/2022 0:00,Istinye Park,2022,8,6,5,1,600.17,46_55,bulk,0
I375800,C105405,Female,64,Cosmetics,3,121.98,Credit Card,1/8/2023 0:00,Istinye Park,2023,1,8,6,1,40.66,56_plus,small,7.105427357601002e-15
I363010,C266726,Female,20,Clothing,5,1500.4,Credit Card,7/2/2021 0:00,Metropol AVM,2021,7,2,4,0,300.08000000000004,18_25,bulk,5.684341886080804e-14
I152979,C189163,Female,40,Souvenir,1,11.73,Credit Card,6/24/2022 0:00,Forum Istanbul,2022,6,24,4,0,11.73,36_45,single,0
I181426,C225175,Female,30,Clothing,4,1200.32,Debit Card,8/7/2022 0:00,Kanyon,2022,8,7,6,1,300.08,26_35,bulk,0
I285686,C810843,Male,41,Clothing,4,1200.32,Credit Card,4/2/2022 0:00,Kanyon,2022,4,2,5,1,300.08,36_45,bulk,0
I297633,C311887,Female,35,Clothing,1,300.08,Cash,2/8/2023 0:00,Viaport Outlet,2023,2,8,2,0,300.08,26_35,single,0
I305717,C142368,Male,43,Shoes,3,1800.51,Cash,6/28/2022 0:00,Metrocity,2022,6,28,1,0,600.17,36_45,small,0
I234766,C291934,Female,48,Clothing,3,900.24,Cash,8/15/2022 0:00,Kanyon,2022,8,15,0,0,300.08,46_55,small,0
I312898,C233184,Female,47,Food & Beverage,1,5.23,Cash,4/15/2021 0:00,Metrocity,2021,4,15,3,0,5.23,46_55,single,0
I147053,C331958,Female,26,Toys,4,143.36,Cash,11/25/2022 0:00,Kanyon,2022,11,25,4,0,35.84,26_35,bulk,0
I346832,C584715,Female,35,Cosmetics,5,203.3,Cash,2/7/2023 0:00,Metrocity,2023,2,7,1,0,40.66,26_35,bulk,7.105427357601002e-15
I330313,C377389,Female,53,Books,5,75.75,Credit Card,5/15/2021 0:00,Istinye Park,2021,5,15,5,1,15.15,46_55,bulk,0
I120820,C248475,Male,46,Souvenir,1,11.73,Cash,7/10/2021 0:00,Istinye Park,2021,7,10,5,1,11.73,46_55,single,0
I224689,C185439,Female,32,Clothing,4,1200.32,Debit Card,9/15/2021 0:00,Kanyon,2021,9,15,2,0,300.08,26_35,bulk,0
I144592,C529879,Female,51,Shoes,4,2400.68,Credit Card,4/15/2021 0:00,Metropol AVM,2021,4,15,3,0,600.17,46_55,bulk,0
I126713,C157168,Female,48,Toys,1,35.84,Credit Card,3/28/2021 0:00,Kanyon,2021,3,28,6,1,35.84,46_55,single,0
I242696,C620204,Male,68,Clothing,2,600.16,Cash,12/20/2022 0:00,Istinye Park,2022,12,20,1,0,300.08,56_plus,small,0
I204163,C143452,Female,50,Shoes,2,1200.34,Cash,6/23/2021 0:00,Zorlu Center,2021,6,23,2,0,600.17,46_55,small,0
I758318,C312467,Female,20,Clothing,4,1200.32,Cash,10/23/2022 0:00,Mall of Istanbul,2022,10,23,6,1,300.08,18_25,bulk,0
I336253,C204821,Male,59,Souvenir,3,35.19,Cash,12/29/2021 0:00,Mall of Istanbul,2021,12,29,2,0,11.73,56_plus,small,-1.78E-15
I226755,C129887,Male,24,Clothing,4,1200.32,Cash,2/28/2022 0:00,Kanyon,2022,2,28,0,0,300.08,18_25,bulk,0
I152138,C845526,Male,43,Clothing,3,900.24,Credit Card,2/26/2022 0:00,Mall of Istanbul,2022,2,26,5,1,300.08,36_45,small,0
I236923,C187824,Male,37,Shoes,1,600.17,Credit Card,1/26/2023 0:00,Istinye Park,2023,1,26,3,0,600.17,36_45,single,0
I819076,C628277,Female,54,Cosmetics,2,81.32,Credit Card,7/18/2021 0:00,Istinye Park,2021,7,18,6,1,40.66,46_55,small,0
I315607,C202006,Female,68,Clothing,5,1500.4,Credit Card,12/18/2022 0:00,Mall of Istanbul,2022,12,18,6,1,300.08000000000004,56_plus,bulk,5.684341886080804e-14
I248733,C324999,Female,55,Cosmetics,1,40.66,Cash,5/25/2022 0:00,Istinye Park,2022,5,25,2,0,40.66,46_55,single,0
I164676,C499723,Male,18,Clothing,4,1200.32,Credit Card,4/26/2021 0:00,Emaar Square Mall,2021,4,26,0,0,300.08,18_25,bulk,0
I279299,C285753,Male,30,Clothing,1,300.08,Debit Card,1/5/2023 0:00,Forum Istanbul,2023,1,5,3,0,300.08,26_35,single,0
I816495,C327817,Female,20,Cosmetics,5,203.3,Cash,1/8/2023 0:00,Mall of Istanbul,2023,1,8,6,1,40.66,18_25,bulk,7.105427357601002e-15
I144916,C269165,Female,33,Clothing,4,1200.32,Debit Card,3/30/2021 0:00,Metrocity,2021,3,30,1,0,300.08,26_35,bulk,0
I197793,C365824,Female,26,Souvenir,3,35.19,Credit Card,5/12/2022 0:00,Metrocity,2022,5,12,3,0,11.73,26_35,small,-1.78E-15
I323225,C193308,Male,64,Food & Beverage,4,20.92,Cash,12/6/2022 0:00,Kanyon,2022,12,6,1,0,5.23,56_plus,bulk,0
I218038,C473186,Male,24,Clothing,3,900.24,Cash,8/10/2022 0:00,Mall of Istanbul,2022,8,10,2,0,300.08,18_25,small,0
I327255,C238167,Male,69,Clothing,5,1500.4,Cash,12/22/2021 0:00,Metropol AVM,2021,12,22,2,0,300.08000000000004,56_plus,bulk,5.684341886080804e-14
I101983,C889640,Male,57,Toys,1,35.84,Credit Card,9/16/2021 0:00,Zorlu Center,2021,9,16,3,0,35.84,56_plus,single,0
I266144,C221518,Male,66,Clothing,5,1500.4,Debit Card,2/10/2022 0:00,Mall of Istanbul,2022,2,10,3,0,300.08000000000004,56_plus,bulk,5.684341886080804e-14
I293599,C154921,Female,37,Technology,5,5250,Cash,2/9/2021 0:00,Istinye Park,2021,2,9,1,0,1050,36_45,bulk,0
I318444,C436111,Male,35,Clothing,2,600.16,Credit Card,3/15/2021 0:00,Istinye Park,2021,3,15,0,0,300.08,26_35,small,0
I194793,C213259,Female,28,Clothing,2,600.16,Debit Card,3/17/2022 0:00,Metrocity,2022,3,17,3,0,300.08,26_35,small,0
I385465,C159618,Female,51,Cosmetics,4,162.64,Credit Card,7/29/2021 0:00,Istinye Park,2021,7,29,3,0,40.66,46_55,bulk,0
I623059,C826241,Female,43,Clothing,5,1500.4,Credit Card,1/19/2021 0:00,Metrocity,2021,1,19,1,0,300.08000000000004,36_45,bulk,5.684341886080804e-14
I750844,C258618,Female,18,Food & Beverage,4,20.92,Credit Card,8/6/2022 0:00,Cevahir AVM,2022,8,6,5,1,5.23,18_25,bulk,0
I100128,C168282,Female,23,Clothing,3,900.24,Credit Card,7/16/2022 0:00,Istinye Park,2022,7,16,5,1,300.08,18_25,small,0
I274200,C315072,Male,57,Food & Beverage,5,26.15,Cash,3/13/2021 0:00,Cevahir AVM,2021,3,13,5,1,5.23,56_plus,bulk,-8.88E-16
I143821,C327130,Female,67,Cosmetics,1,40.66,Credit Card,12/4/2021 0:00,Metrocity,2021,12,4,5,1,40.66,56_plus,single,0
I761133,C269911,Male,65,Cosmetics,1,40.66,Cash,4/7/2022 0:00,Metrocity,2022,4,7,3,0,40.66,56_plus,single,0
I144128,C272107,Male,53,Food & Beverage,1,5.23,Debit Card,1/6/2021 0:00,Mall of Istanbul,2021,1,6,2,0,5.23,46_55,single,0
I533779,C170186,Female,65,Clothing,1,300.08,Credit Card,11/20/2021 0:00,Emaar Square Mall,2021,11,20,5,1,300.08,56_plus,single,0
I915565,C998227,Male,56,Clothing,3,900.24,Debit Card,9/6/2021 0:00,Metrocity,2021,9,6,0,0,300.08,56_plus,small,0
I251096,C227531,Male,43,Food & Beverage,1,5.23,Credit Card,1/26/2021 0:00,Cevahir AVM,2021,1,26,1,0,5.23,36_45,single,0
I220755,C281781,Female,39,Clothing,5,1500.4,Cash,12/20/2022 0:00,Emaar Square Mall,2022,12,20,1,0,300.08000000000004,36_45,bulk,5.684341886080804e-14
I117455,C122341,Female,25,Cosmetics,5,203.3,Cash,3/19/2022 0:00,Viaport Outlet,2022,3,19,5,1,40.66,18_25,bulk,7.105427357601002e-15
I239136,C300766,Female,28,Cosmetics,3,121.98,Credit Card,3/23/2022 0:00,Forum Istanbul,2022,3,23,2,0,40.66,26_35,small,7.105427357601002e-15
I211937,C215297,Female,48,Clothing,4,1200.32,Credit Card,1/9/2021 0:00,Istinye Park,2021,1,9,5,1,300.08,46_55,bulk,0
I323417,C751265,Female,64,Food & Beverage,4,20.92,Cash,6/19/2022 0:00,Mall of Istanbul,2022,6,19,6,1,5.23,56_plus,bulk,0
I241237,C286198,Male,21,Books,3,45.45,Cash,5/16/2021 0:00,Forum Istanbul,2021,5,16,6,1,15.15,18_25,small,0
I226743,C884249,Female,54,Clothing,1,300.08,Cash,4/30/2022 0:00,Viaport Outlet,2022,4,30,5,1,300.08,46_55,single,0
I824833,C128785,Female,29,Cosmetics,5,203.3,Credit Card,6/27/2021 0:00,Mall of Istanbul,2021,6,27,6,1,40.66,26_35,bulk,7.105427357601002e-15
I330083,C133236,Female,67,Cosmetics,5,203.3,Credit Card,12/18/2022 0:00,Metropol AVM,2022,12,18,6,1,40.66,56_plus,bulk,7.105427357601002e-15
I223235,C233798,Female,67,Shoes,4,2400.68,Cash,9/24/2022 0:00,Metropol AVM,2022,9,24,5,1,600.17,56_plus,bulk,0
I228823,C901652,Male,32,Clothing,2,600.16,Debit Card,3/26/2022 0:00,Metropol AVM,2022,3,26,5,1,300.08,26_35,small,0
I216756,C811428,Female,44,Clothing,2,600.16,Cash,4/8/2021 0:00,Emaar Square Mall,2021,4,8,3,0,300.08,36_45,small,0
I274479,C318956,Male,19,Clothing,1,300.08,Cash,3/18/2022 0:00,Istinye Park,2022,3,18,4,0,300.08,18_25,single,0
I169052,C142119,Male,50,Books,3,45.45,Cash,2/1/2022 0:00,Zorlu Center,2022,2,1,1,0,15.15,46_55,small,0
I218554,C374574,Female,41,Clothing,5,1500.4,Cash,10/5/2022 0:00,Istinye Park,2022,10,5,2,0,300.08000000000004,36_45,bulk,5.684341886080804e-14
I441007,C125277,Male,56,Cosmetics,5,203.3,Cash,12/14/2021 0:00,Mall of Istanbul,2021,12,14,1,0,40.66,56_plus,bulk,7.105427357601002e-15
I373059,C599694,Male,55,Clothing,1,300.08,Credit Card,9/17/2021 0:00,Metrocity,2021,9,17,4,0,300.08,46_55,single,0
I307289,C333554,Female,48,Technology,5,5250,Credit Card,6/30/2022 0:00,Kanyon,2022,6,30,3,0,1050,46_55,bulk,0
I223451,C668855,Male,40,Food & Beverage,3,15.69,Debit Card,1/7/2022 0:00,Mall of Istanbul,2022,1,7,4,0,5.23,36_45,small,-8.88E-16
I118027,C289384,Female,24,Souvenir,5,58.65,Cash,2/9/2021 0:00,Zorlu Center,2021,2,9,1,0,11.73,18_25,bulk,0
I224429,C108032,Female,50,Food & Beverage,5,26.15,Cash,9/6/2022 0:00,Emaar Square Mall,2022,9,6,1,0,5.23,46_55,bulk,-8.88E-16
I105730,C363373,Male,43,Clothing,2,600.16,Cash,9/27/2022 0:00,Forum Istanbul,2022,9,27,1,0,300.08,36_45,small,0
I120630,C910576,Female,56,Toys,3,107.52,Cash,6/21/2021 0:00,Istinye Park,2021,6,21,0,0,35.84,56_plus,small,-7.11E-15
I802146,C312653,Female,44,Shoes,4,2400.68,Cash,11/22/2022 0:00,Emaar Square Mall,2022,11,22,1,0,600.17,36_45,bulk,0
I109888,C666098,Male,53,Toys,3,107.52,Credit Card,8/17/2021 0:00,Mall of Istanbul,2021,8,17,1,0,35.84,46_55,small,-7.11E-15
I246756,C721528,Male,38,Clothing,3,900.24,Debit Card,4/16/2022 0:00,Forum Istanbul,2022,4,16,5,1,300.08,36_45,small,0
I288923,C202533,Male,52,Technology,2,2100,Credit Card,9/10/2021 0:00,Emaar Square Mall,2021,9,10,4,0,1050,46_55,small,0
I241191,C326346,Male,52,Food & Beverage,2,10.46,Cash,3/29/2022 0:00,Metropol AVM,2022,3,29,1,0,5.23,46_55,small,0
I934473,C761370,Female,47,Food & Beverage,3,15.69,Credit Card,6/25/2021 0:00,Kanyon,2021,6,25,4,0,5.23,46_55,small,-8.88E-16
I314723,C275281,Female,33,Technology,2,2100,Credit Card,7/9/2022 0:00,Cevahir AVM,2022,7,9,5,1,1050,26_35,small,0
I415194,C162730,Female,28,Cosmetics,2,81.32,Cash,1/9/2022 0:00,Mall of Istanbul,2022,1,9,6,1,40.66,26_35,small,0
I122787,C240190,Male,65,Books,5,75.75,Credit Card,8/10/2021 0:00,Istinye Park,2021,8,10,1,0,15.15,56_plus,bulk,0
I182930,C882631,Male,68,Clothing,5,1500.4,Cash,4/4/2021 0:00,Mall of Istanbul,2021,4,4,6,1,300.08000000000004,56_plus,bulk,5.684341886080804e-14
I160471,C356895,Female,69,Clothing,3,900.24,Cash,3/26/2022 0:00,Metropol AVM,2022,3,26,5,1,300.08,56_plus,small,0
I244790,C262168,Female,33,Clothing,4,1200.32,Debit Card,4/5/2022 0:00,Metropol AVM,2022,4,5,1,0,300.08,26_35,bulk,0
I234411,C882687,Female,42,Toys,2,71.68,Cash,5/28/2022 0:00,Zorlu Center,2022,5,28,5,1,35.84,36_45,small,0
I474441,C283371,Female,37,Shoes,3,1800.51,Cash,11/30/2022 0:00,Metrocity,2022,11,30,2,0,600.17,36_45,small,0
I157066,C209663,Female,46,Clothing,3,900.24,Credit Card,7/16/2022 0:00,Istinye Park,2022,7,16,5,1,300.08,46_55,small,0
I378576,C250995,Male,24,Cosmetics,2,81.32,Cash,5/20/2021 0:00,Kanyon,2021,5,20,3,0,40.66,18_25,small,0
I298558,C107210,Female,62,Clothing,4,1200.32,Credit Card,11/4/2021 0:00,Mall of Istanbul,2021,11,4,3,0,300.08,56_plus,bulk,0
I323626,C239979,Male,43,Shoes,5,3000.85,Credit Card,6/1/2022 0:00,Istinye Park,2022,6,1,2,0,600.17,36_45,bulk,0
I168183,C187680,Male,54,Books,2,30.3,Cash,6/10/2021 0:00,Zorlu Center,2021,6,10,3,0,15.15,46_55,small,0
I210804,C150874,Female,23,Clothing,2,600.16,Debit Card,2/18/2022 0:00,Metropol AVM,2022,2,18,4,0,300.08,18_25,small,0
I218225,C275329,Female,25,Clothing,2,600.16,Debit Card,11/29/2021 0:00,Kanyon,2021,11,29,0,0,300.08,18_25,small,0
I246671,C291435,Female,27,Books,1,15.15,Cash,1/26/2023 0:00,Mall of Istanbul,2023,1,26,3,0,15.15,26_35,single,0
I381232,C736050,Female,67,Cosmetics,1,40.66,Debit Card,2/13/2022 0:00,Mall of Istanbul,2022,2,13,6,1,40.66,56_plus,single,0
I618591,C465351,Male,38,Clothing,1,300.08,Cash,4/23/2022 0:00,Metrocity,2022,4,23,5,1,300.08,36_45,single,0
I143101,C101173,Female,52,Cosmetics,2,81.32,Credit Card,9/16/2022 0:00,Emaar Square Mall,2022,9,16,4,0,40.66,46_55,small,0
I326718,C230662,Male,55,Clothing,3,900.24,Debit Card,1/5/2023 0:00,Istinye Park,2023,1,5,3,0,300.08,46_55,small,0
I167612,C134538,Male,64,Cosmetics,1,40.66,Credit Card,6/2/2022 0:00,Emaar Square Mall,2022,6,2,3,0,40.66,56_plus,single,0
I943543,C525345,Male,37,Food & Beverage,4,20.92,Debit Card,10/4/2021 0:00,Kanyon,2021,10,4,0,0,5.23,36_45,bulk,0
I235133,C415932,Male,37,Food & Beverage,5,26.15,Cash,5/12/2022 0:00,Kanyon,2022,5,12,3,0,5.23,36_45,bulk,-8.88E-16
I139682,C106133,Female,21,Toys,3,107.52,Credit Card,4/14/2022 0:00,Kanyon,2022,4,14,3,0,35.84,18_25,small,-7.11E-15
I135576,C698021,Female,54,Clothing,4,1200.32,Debit Card,12/28/2022 0:00,Istinye Park,2022,12,28,2,0,300.08,46_55,bulk,0
I509979,C227945,Male,49,Food & Beverage,2,10.46,Debit Card,2/13/2021 0:00,Istinye Park,2021,2,13,5,1,5.23,46_55,small,0
I161134,C282556,Female,41,Clothing,5,1500.4,Credit Card,1/7/2023 0:00,Metrocity,2023,1,7,5,1,300.08000000000004,36_45,bulk,5.684341886080804e-14
I637668,C230537,Female,42,Clothing,1,300.08,Cash,8/22/2022 0:00,Mall of Istanbul,2022,8,22,0,0,300.08,36_45,single,0
I301930,C329071,Male,43,Souvenir,2,23.46,Cash,6/15/2021 0:00,Metrocity,2021,6,15,1,0,11.73,36_45,small,0
I343063,C858918,Female,18,Souvenir,2,23.46,Cash,1/6/2021 0:00,Kanyon,2021,1,6,2,0,11.73,18_25,small,0
I298132,C456973,Male,60,Clothing,3,900.24,Cash,2/17/2022 0:00,Kanyon,2022,2,17,3,0,300.08,56_plus,small,0
I759667,C295797,Female,32,Toys,4,143.36,Cash,4/27/2022 0:00,Metropol AVM,2022,4,27,2,0,35.84,26_35,bulk,0
I187707,C985329,Female,41,Food & Beverage,1,5.23,Cash,12/2/2022 0:00,Metrocity,2022,12,2,4,0,5.23,36_45,single,0
I213305,C692884,Male,63,Cosmetics,3,121.98,Debit Card,2/13/2022 0:00,Mall of Istanbul,2022,2,13,6,1,40.66,56_plus,small,7.105427357601002e-15
I267863,C159328,Male,37,Food & Beverage,1,5.23,Credit Card,9/27/2022 0:00,Metropol AVM,2022,9,27,1,0,5.23,36_45,single,0
I103932,C112853,Female,32,Shoes,5,3000.85,Debit Card,4/13/2022 0:00,Mall of Istanbul,2022,4,13,2,0,600.17,26_35,bulk,0
I231924,C230400,Male,36,Cosmetics,1,40.66,Cash,11/2/2021 0:00,Kanyon,2021,11,2,1,0,40.66,36_45,single,0
I394044,C108674,Female,56,Souvenir,4,46.92,Debit Card,2/27/2021 0:00,Kanyon,2021,2,27,5,1,11.73,56_plus,bulk,0
I301491,C240768,Female,65,Clothing,1,300.08,Debit Card,1/22/2022 0:00,Kanyon,2022,1,22,5,1,300.08,56_plus,single,0
I184675,C400970,Female,31,Food & Beverage,3,15.69,Credit Card,11/5/2021 0:00,Metrocity,2021,11,5,4,0,5.23,26_35,small,-8.88E-16
I225914,C158148,Female,30,Clothing,2,600.16,Credit Card,11/20/2022 0:00,Emaar Square Mall,2022,11,20,6,1,300.08,26_35,small,0
I194174,C236828,Female,37,Cosmetics,2,81.32,Cash,2/16/2021 0:00,Istinye Park,2021,2,16,1,0,40.66,36_45,small,0
I147442,C293813,Male,61,Books,4,60.6,Debit Card,4/12/2022 0:00,Metropol AVM,2022,4,12,1,0,15.15,56_plus,bulk,0
I119245,C249410,Female,59,Shoes,2,1200.34,Cash,11/14/2022 0:00,Istinye Park,2022,11,14,0,0,600.17,56_plus,small,0
I177536,C123510,Female,30,Clothing,1,300.08,Cash,5/26/2022 0:00,Metropol AVM,2022,5,26,3,0,300.08,26_35,single,0
I189253,C759407,Female,19,Books,3,45.45,Cash,5/31/2022 0:00,Kanyon,2022,5,31,1,0,15.15,18_25,small,0
I820049,C242846,Female,35,Technology,4,4200,Credit Card,11/30/2021 0:00,Metropol AVM,2021,11,30,1,0,1050,26_35,bulk,0
I252592,C280650,Female,38,Clothing,1,300.08,Credit Card,10/23/2021 0:00,Metropol AVM,2021,10,23,5,1,300.08,36_45,single,0
I440518,C320115,Female,23,Cosmetics,5,203.3,Cash,1/9/2021 0:00,Metrocity,2021,1,9,5,1,40.66,18_25,bulk,7.105427357601002e-15
I492490,C205046,Male,24,Toys,3,107.52,Credit Card,6/5/2021 0:00,Istinye Park,2021,6,5,5,1,35.84,18_25,small,-7.11E-15
I241934,C279869,Male,45,Technology,5,5250,Cash,2/3/2021 0:00,Kanyon,2021,2,3,2,0,1050,36_45,bulk,0
I260217,C871912,Female,64,Food & Beverage,1,5.23,Credit Card,2/5/2021 0:00,Mall of Istanbul,2021,2,5,4,0,5.23,56_plus,single,0
I306865,C754382,Female,31,Clothing,3,900.24,Credit Card,11/12/2022 0:00,Emaar Square Mall,2022,11,12,5,1,300.08,26_35,small,0
I242660,C670293,Female,26,Food & Beverage,5,26.15,Credit Card,4/21/2021 0:00,Cevahir AVM,2021,4,21,2,0,5.23,26_35,bulk,-8.88E-16
I394651,C142638,Female,51,Toys,3,107.52,Credit Card,1/12/2023 0:00,Kanyon,2023,1,12,3,0,35.84,46_55,small,-7.11E-15
I338424,C280468,Female,28,Clothing,4,1200.32,Debit Card,8/16/2022 0:00,Kanyon,2022,8,16,1,0,300.08,26_35,bulk,0
I252249,C401409,Male,63,Clothing,4,1200.32,Cash,9/12/2021 0:00,Emaar Square Mall,2021,9,12,6,1,300.08,56_plus,bulk,0
I227549,C162244,Male,60,Clothing,2,600.16,Cash,9/15/2021 0:00,Kanyon,2021,9,15,2,0,300.08,56_plus,small,0
I274915,C723721,Male,60,Souvenir,4,46.92,Cash,5/22/2021 0:00,Metropol AVM,2021,5,22,5,1,11.73,56_plus,bulk,0
I269101,C339411,Female,53,Clothing,2,600.16,Credit Card,8/14/2022 0:00,Kanyon,2022,8,14,6,1,300.08,46_55,small,0
I289063,C547896,Male,20,Toys,2,71.68,Cash,5/4/2022 0:00,Mall of Istanbul,2022,5,4,2,0,35.84,18_25,small,0
I231480,C188711,Female,25,Clothing,1,300.08,Cash,11/1/2021 0:00,Metropol AVM,2021,11,1,0,0,300.08,18_25,single,0
I160204,C168417,Female,54,Books,2,30.3,Credit Card,10/14/2022 0:00,Forum Istanbul,2022,10,14,4,0,15.15,46_55,small,0
I323141,C243309,Female,60,Clothing,1,300.08,Credit Card,7/16/2022 0:00,Metrocity,2022,7,16,5,1,300.08,56_plus,single,0
I161436,C119274,Female,38,Food & Beverage,3,15.69,Credit Card,5/2/2022 0:00,Kanyon,2022,5,2,0,0,5.23,36_45,small,-8.88E-16
I236554,C247260,Male,57,Clothing,3,900.24,Debit Card,4/12/2021 0:00,Mall of Istanbul,2021,4,12,0,0,300.08,56_plus,small,0
I133476,C134569,Male,49,Shoes,4,2400.68,Credit Card,4/28/2022 0:00,Kanyon,2022,4,28,3,0,600.17,46_55,bulk,0
I179351,C180895,Female,41,Clothing,2,600.16,Debit Card,11/5/2021 0:00,Mall of Istanbul,2021,11,5,4,0,300.08,36_45,small,0
I221949,C173222,Male,55,Clothing,2,600.16,Debit Card,4/19/2021 0:00,Metrocity,2021,4,19,0,0,300.08,46_55,small,0
I241186,C183678,Female,61,Clothing,1,300.08,Cash,3/1/2021 0:00,Zorlu Center,2021,3,1,0,0,300.08,56_plus,single,0
I865829,C601275,Male,23,Food & Beverage,4,20.92,Cash,3/18/2022 0:00,Mall of Istanbul,2022,3,18,4,0,5.23,18_25,bulk,0
I189484,C311036,Female,42,Food & Beverage,5,26.15,Debit Card,11/18/2022 0:00,Mall of Istanbul,2022,11,18,4,0,5.23,36_45,bulk,-8.88E-16
I427203,C154313,Male,34,Clothing,1,300.08,Credit Card,2/20/2022 0:00,Metrocity,2022,2,20,6,1,300.08,26_35,single,0
I158330,C763498,Female,61,Technology,3,3150,Debit Card,9/12/2022 0:00,Forum Istanbul,2022,9,12,0,0,1050,56_plus,small,0
I381652,C827250,Female,24,Cosmetics,1,40.66,Cash,1/2/2021 0:00,Kanyon,2021,1,2,5,1,40.66,18_25,single,0
I746826,C847900,Male,36,Souvenir,4,46.92,Credit Card,1/29/2023 0:00,Metrocity,2023,1,29,6,1,11.73,36_45,bulk,0
I289239,C712084,Female,66,Technology,1,1050,Cash,3/17/2022 0:00,Metrocity,2022,3,17,3,0,1050,56_plus,single,0
I133196,C247667,Male,38,Technology,3,3150,Credit Card,8/24/2022 0:00,Istinye Park,2022,8,24,2,0,1050,36_45,small,0
I174599,C193130,Female,49,Cosmetics,5,203.3,Credit Card,6/1/2021 0:00,Metropol AVM,2021,6,1,1,0,40.66,46_55,bulk,7.105427357601002e-15
I282128,C213438,Male,51,Clothing,2,600.16,Cash,9/5/2021 0:00,Istinye Park,2021,9,5,6,1,300.08,46_55,small,0
I142647,C164782,Female,44,Clothing,1,300.08,Cash,3/3/2023 0:00,Zorlu Center,2023,3,3,4,0,300.08,36_45,single,0
I142371,C320318,Female,23,Toys,1,35.84,Cash,2/13/2021 0:00,Istinye Park,2021,2,13,5,1,35.84,18_25,single,0
I183277,C122088,Female,61,Toys,5,179.2,Cash,9/24/2022 0:00,Metrocity,2022,9,24,5,1,35.84,56_plus,bulk,-7.11E-15
I137619,C206045,Male,43,Technology,1,1050,Debit Card,10/15/2022 0:00,Viaport Outlet,2022,10,15,5,1,1050,36_45,single,0
I157207,C255828,Female,49,Clothing,1,300.08,Cash,2/22/2022 0:00,Cevahir AVM,2022,2,22,1,0,300.08,46_55,single,0
I173765,C317648,Female,57,Souvenir,2,23.46,Cash,6/3/2022 0:00,Mall of Istanbul,2022,6,3,4,0,11.73,56_plus,small,0
I173719,C293878,Female,29,Clothing,3,900.24,Cash,2/25/2021 0:00,Cevahir AVM,2021,2,25,3,0,300.08,26_35,small,0
I229198,C902121,Female,29,Clothing,4,1200.32,Credit Card,11/25/2022 0:00,Metrocity,2022,11,25,4,0,300.08,26_35,bulk,0
I204714,C184034,Female,19,Cosmetics,5,203.3,Cash,6/24/2021 0:00,Istinye Park,2021,6,24,3,0,40.66,18_25,bulk,7.105427357601002e-15
I567932,C266338,Female,42,Clothing,1,300.08,Credit Card,8/2/2021 0:00,Istinye Park,2021,8,2,0,0,300.08,36_45,single,0
I219562,C313246,Female,37,Food & Beverage,3,15.69,Credit Card,7/15/2021 0:00,Mall of Istanbul,2021,7,15,3,0,5.23,36_45,small,-8.88E-16
I315257,C123780,Male,19,Clothing,3,900.24,Cash,5/7/2022 0:00,Metropol AVM,2022,5,7,5,1,300.08,18_25,small,0
I159269,C274733,Female,40,Clothing,5,1500.4,Debit Card,7/7/2021 0:00,Kanyon,2021,7,7,2,0,300.08000000000004,36_45,bulk,5.684341886080804e-14
I113113,C286422,Male,48,Clothing,5,1500.4,Credit Card,4/23/2021 0:00,Kanyon,2021,4,23,4,0,300.08000000000004,46_55,bulk,5.684341886080804e-14
I625260,C238643,Female,67,Cosmetics,2,81.32,Debit Card,10/14/2022 0:00,Mall of Istanbul,2022,10,14,4,0,40.66,56_plus,small,0
I320720,C216338,Male,65,Clothing,5,1500.4,Credit Card,8/23/2021 0:00,Metrocity,2021,8,23,0,0,300.08000000000004,56_plus,bulk,5.684341886080804e-14
I788927,C167192,Male,55,Toys,2,71.68,Cash,9/6/2021 0:00,Mall of Istanbul,2021,9,6,0,0,35.84,46_55,small,0
I134800,C109848,Female,23,Clothing,4,1200.32,Cash,9/19/2021 0:00,Istinye Park,2021,9,19,6,1,300.08,18_25,bulk,0
I150930,C224386,Female,32,Food & Beverage,2,10.46,Credit Card,6/3/2021 0:00,Metrocity,2021,6,3,3,0,5.23,26_35,small,0
I298788,C237924,Female,58,Clothing,1,300.08,Debit Card,1/14/2021 0:00,Metrocity,2021,1,14,3,0,300.08,56_plus,single,0
I180020,C332407,Female,54,Food & Beverage,4,20.92,Credit Card,2/24/2021 0:00,Metropol AVM,2021,2,24,2,0,5.23,46_55,bulk,0
I198123,C140170,Female,53,Clothing,1,300.08,Cash,10/2/2021 0:00,Viaport Outlet,2021,10,2,5,1,300.08,46_55,single,0
I129337,C165589,Male,48,Books,4,60.6,Debit Card,2/23/2021 0:00,Mall of Istanbul,2021,2,23,1,0,15.15,46_55,bulk,0
I647418,C335494,Male,67,Clothing,4,1200.32,Credit Card,7/20/2021 0:00,Metrocity,2021,7,20,1,0,300.08,56_plus,bulk,0
I125806,C304939,Female,34,Souvenir,4,46.92,Credit Card,10/21/2022 0:00,Kanyon,2022,10,21,4,0,11.73,26_35,bulk,0
I266974,C130245,Male,32,Cosmetics,5,203.3,Cash,1/24/2021 0:00,Istinye Park,2021,1,24,6,1,40.66,26_35,bulk,7.105427357601002e-15
I359303,C822178,Female,55,Souvenir,3,35.19,Cash,12/21/2022 0:00,Istinye Park,2022,12,21,2,0,11.73,46_55,small,-1.78E-15
I333681,C725265,Female,62,Toys,5,179.2,Cash,9/14/2021 0:00,Kanyon,2021,9,14,1,0,35.84,56_plus,bulk,-7.11E-15
I323057,C190645,Male,65,Food & Beverage,5,26.15,Credit Card,8/15/2021 0:00,Metropol AVM,2021,8,15,6,1,5.23,56_plus,bulk,-8.88E-16
I194986,C208526,Female,44,Clothing,3,900.24,Cash,4/6/2022 0:00,Kanyon,2022,4,6,2,0,300.08,36_45,small,0
I227032,C116922,Male,66,Clothing,3,900.24,Credit Card,9/29/2021 0:00,Metropol AVM,2021,9,29,2,0,300.08,56_plus,small,0
I183957,C167896,Male,38,Food & Beverage,1,5.23,Debit Card,12/2/2022 0:00,Forum Istanbul,2022,12,2,4,0,5.23,36_45,single,0
I286218,C258045,Female,42,Clothing,4,1200.32,Debit Card,2/17/2021 0:00,Mall of Istanbul,2021,2,17,2,0,300.08,36_45,bulk,0
I217913,C594988,Female,69,Clothing,1,300.08,Cash,12/25/2022 0:00,Metrocity,2022,12,25,6,1,300.08,56_plus,single,0
I318455,C292608,Female,43,Clothing,2,600.16,Cash,12/19/2021 0:00,Metropol AVM,2021,12,19,6,1,300.08,36_45,small,0
I332588,C185617,Male,21,Books,4,60.6,Credit Card,2/9/2022 0:00,Mall of Istanbul,2022,2,9,2,0,15.15,18_25,bulk,0
I286287,C273131,Male,45,Food & Beverage,5,26.15,Cash,7/6/2021 0:00,Metropol AVM,2021,7,6,1,0,5.23,36_45,bulk,-8.88E-16
I221297,C109245,Male,24,Food & Beverage,3,15.69,Credit Card,9/17/2022 0:00,Kanyon,2022,9,17,5,1,5.23,18_25,small,-8.88E-16
I242737,C214354,Male,60,Clothing,2,600.16,Credit Card,2/9/2023 0:00,Zorlu Center,2023,2,9,3,0,300.08,56_plus,small,0
I642615,C217506,Female,65,Clothing,2,600.16,Credit Card,12/2/2022 0:00,Zorlu Center,2022,12,2,4,0,300.08,56_plus,small,0
I216917,C745813,Male,19,Food & Beverage,2,10.46,Debit Card,8/20/2021 0:00,Mall of Istanbul,2021,8,20,4,0,5.23,18_25,small,0
I241002,C816890,Male,28,Food & Beverage,5,26.15,Credit Card,6/19/2021 0:00,Metrocity,2021,6,19,5,1,5.23,26_35,bulk,-8.88E-16
I336123,C105766,Female,68,Food & Beverage,3,15.69,Cash,11/7/2022 0:00,Cevahir AVM,2022,11,7,0,0,5.23,56_plus,small,-8.88E-16
I317564,C295169,Female,18,Clothing,4,1200.32,Credit Card,8/15/2022 0:00,Istinye Park,2022,8,15,0,0,300.08,18_25,bulk,0
I282056,C262083,Female,22,Shoes,3,1800.51,Debit Card,12/16/2022 0:00,Istinye Park,2022,12,16,4,0,600.17,18_25,small,0
I206354,C190098,Female,43,Technology,5,5250,Cash,4/5/2021 0:00,Kanyon,2021,4,5,0,0,1050,36_45,bulk,0
I245553,C181192,Female,38,Clothing,4,1200.32,Credit Card,5/30/2022 0:00,Metropol AVM,2022,5,30,0,0,300.08,36_45,bulk,0
I574790,C941101,Male,43,Shoes,4,2400.68,Debit Card,12/13/2021 0:00,Istinye Park,2021,12,13,0,0,600.17,36_45,bulk,0
I535777,C244020,Female,54,Clothing,3,900.24,Debit Card,12/27/2021 0:00,Metropol AVM,2021,12,27,0,0,300.08,46_55,small,0
I292774,C863614,Female,53,Clothing,2,600.16,Credit Card,2/1/2022 0:00,Metropol AVM,2022,2,1,1,0,300.08,46_55,small,0
I241888,C226609,Female,66,Toys,5,179.2,Cash,5/6/2022 0:00,Mall of Istanbul,2022,5,6,4,0,35.84,56_plus,bulk,-7.11E-15
I123555,C167575,Female,53,Toys,2,71.68,Credit Card,9/17/2022 0:00,Mall of Istanbul,2022,9,17,5,1,35.84,46_55,small,0
I146038,C425656,Male,38,Food & Beverage,2,10.46,Debit Card,4/9/2021 0:00,Mall of Istanbul,2021,4,9,4,0,5.23,36_45,small,0
I154961,C249165,Female,20,Cosmetics,4,162.64,Debit Card,12/21/2022 0:00,Kanyon,2022,12,21,2,0,40.66,18_25,bulk,0
I188010,C133406,Female,47,Clothing,5,1500.4,Debit Card,5/17/2022 0:00,Istinye Park,2022,5,17,1,0,300.08000000000004,46_55,bulk,5.684341886080804e-14
I276086,C539454,Female,63,Clothing,3,900.24,Credit Card,8/24/2022 0:00,Forum Istanbul,2022,8,24,2,0,300.08,56_plus,small,0
I107823,C204840,Female,66,Shoes,5,3000.85,Credit Card,9/17/2021 0:00,Istinye Park,2021,9,17,4,0,600.17,56_plus,bulk,0
I199428,C279498,Male,65,Cosmetics,2,81.32,Cash,2/13/2021 0:00,Mall of Istanbul,2021,2,13,5,1,40.66,56_plus,small,0
I132088,C345418,Male,43,Shoes,3,1800.51,Cash,1/6/2022 0:00,Mall of Istanbul,2022,1,6,3,0,600.17,36_45,small,0
I793163,C314524,Female,47,Toys,5,179.2,Cash,10/24/2022 0:00,Mall of Istanbul,2022,10,24,0,0,35.84,46_55,bulk,-7.11E-15
I774205,C219384,Female,31,Toys,2,71.68,Cash,11/7/2021 0:00,Istinye Park,2021,11,7,6,1,35.84,26_35,small,0
I187058,C247555,Female,37,Cosmetics,2,81.32,Credit Card,10/2/2021 0:00,Istinye Park,2021,10,2,5,1,40.66,36_45,small,0
I262114,C199136,Male,61,Toys,2,71.68,Cash,9/6/2021 0:00,Istinye Park,2021,9,6,0,0,35.84,56_plus,small,0
I572505,C128851,Female,55,Food & Beverage,2,10.46,Debit Card,9/30/2022 0:00,Cevahir AVM,2022,9,30,4,0,5.23,46_55,small,0
I277467,C225191,Male,46,Food & Beverage,3,15.69,Cash,8/8/2021 0:00,Forum Istanbul,2021,8,8,6,1,5.23,46_55,small,-8.88E-16
I301958,C303758,Female,32,Cosmetics,1,40.66,Debit Card,7/3/2022 0:00,Metropol AVM,2022,7,3,6,1,40.66,26_35,single,0
I159595,C175156,Female,35,Souvenir,5,58.65,Cash,9/19/2022 0:00,Metropol AVM,2022,9,19,0,0,11.73,26_35,bulk,0
I855692,C312070,Female,58,Clothing,2,600.16,Cash,9/7/2022 0:00,Kanyon,2022,9,7,2,0,300.08,56_plus,small,0
I160370,C102275,Male,41,Clothing,1,300.08,Credit Card,2/7/2022 0:00,Metrocity,2022,2,7,0,0,300.08,36_45,single,0
I172546,C186935,Male,23,Toys,3,107.52,Credit Card,1/21/2021 0:00,Kanyon,2021,1,21,3,0,35.84,18_25,small,-7.11E-15
I133328,C307049,Male,27,Books,1,15.15,Credit Card,3/5/2021 0:00,Kanyon,2021,3,5,4,0,15.15,26_35,single,0
I263012,C220694,Female,36,Food & Beverage,5,26.15,Cash,1/10/2022 0:00,Metropol AVM,2022,1,10,0,0,5.23,36_45,bulk,-8.88E-16
I103453,C907292,Male,57,Clothing,5,1500.4,Credit Card,1/28/2022 0:00,Mall of Istanbul,2022,1,28,4,0,300.08000000000004,56_plus,bulk,5.684341886080804e-14
I181297,C539064,Male,52,Clothing,2,600.16,Debit Card,5/12/2022 0:00,Mall of Istanbul,2022,5,12,3,0,300.08,46_55,small,0
I184819,C315063,Female,30,Food & Beverage,2,10.46,Debit Card,4/1/2021 0:00,Mall of Istanbul,2021,4,1,3,0,5.23,26_35,small,0
I203278,C220965,Male,55,Shoes,5,3000.85,Cash,12/1/2022 0:00,Istinye Park,2022,12,1,3,0,600.17,46_55,bulk,0
I549134,C523632,Female,26,Toys,4,143.36,Cash,12/21/2022 0:00,Mall of Istanbul,2022,12,21,2,0,35.84,26_35,bulk,0
I104019,C248203,Male,43,Books,1,15.15,Credit Card,3/2/2023 0:00,Metropol AVM,2023,3,2,3,0,15.15,36_45,single,0
I678027,C262702,Male,51,Clothing,4,1200.32,Cash,5/10/2021 0:00,Kanyon,2021,5,10,0,0,300.08,46_55,bulk,0
I263995,C205360,Male,43,Food & Beverage,1,5.23,Credit Card,8/7/2022 0:00,Metrocity,2022,8,7,6,1,5.23,36_45,single,0
I116809,C295343,Female,21,Toys,2,71.68,Credit Card,2/4/2023 0:00,Mall of Istanbul,2023,2,4,5,1,35.84,18_25,small,0
I223490,C235283,Female,50,Clothing,1,300.08,Credit Card,7/6/2022 0:00,Kanyon,2022,7,6,2,0,300.08,46_55,single,0
I131653,C239578,Male,41,Food & Beverage,1,5.23,Debit Card,9/8/2022 0:00,Mall of Istanbul,2022,9,8,3,0,5.23,36_45,single,0
I315062,C973376,Male,35,Clothing,1,300.08,Cash,11/3/2021 0:00,Zorlu Center,2021,11,3,2,0,300.08,26_35,single,0
I346009,C128924,Female,53,Technology,5,5250,Cash,9/16/2021 0:00,Mall of Istanbul,2021,9,16,3,0,1050,46_55,bulk,0
I254853,C132490,Female,38,Food & Beverage,3,15.69,Cash,6/5/2022 0:00,Emaar Square Mall,2022,6,5,6,1,5.23,36_45,small,-8.88E-16
I263651,C294789,Male,50,Clothing,5,1500.4,Cash,10/14/2021 0:00,Kanyon,2021,10,14,3,0,300.08000000000004,46_55,bulk,5.684341886080804e-14
I316294,C307164,Female,68,Clothing,5,1500.4,Debit Card,9/15/2022 0:00,Zorlu Center,2022,9,15,3,0,300.08000000000004,56_plus,bulk,5.684341886080804e-14
I118984,C337341,Male,52,Clothing,4,1200.32,Cash,2/27/2021 0:00,Cevahir AVM,2021,2,27,5,1,300.08,46_55,bulk,0
I251879,C713690,Male,20,Books,5,75.75,Credit Card,1/30/2023 0:00,Metropol AVM,2023,1,30,0,0,15.15,18_25,bulk,0
I162598,C658783,Male,54,Cosmetics,5,203.3,Cash,8/2/2022 0:00,Metrocity,2022,8,2,1,0,40.66,46_55,bulk,7.105427357601002e-15
I176830,C126820,Female,60,Clothing,3,900.24,Credit Card,1/20/2023 0:00,Kanyon,2023,1,20,4,0,300.08,56_plus,small,0
I808482,C274463,Male,41,Shoes,2,1200.34,Credit Card,1/31/2022 0:00,Kanyon,2022,1,31,0,0,600.17,36_45,small,0
I939633,C171705,Female,45,Shoes,3,1800.51,Credit Card,7/18/2021 0:00,Kanyon,2021,7,18,6,1,600.17,36_45,small,0
I267678,C208676,Female,50,Cosmetics,3,121.98,Debit Card,11/10/2021 0:00,Metropol AVM,2021,11,10,2,0,40.66,46_55,small,7.105427357601002e-15
I505044,C293465,Male,65,Shoes,1,600.17,Credit Card,8/5/2022 0:00,Kanyon,2022,8,5,4,0,600.17,56_plus,single,0
I347004,C268892,Male,48,Clothing,3,900.24,Credit Card,12/3/2022 0:00,Istinye Park,2022,12,3,5,1,300.08,46_55,small,0
I927124,C325504,Male,59,Shoes,3,1800.51,Cash,4/28/2021 0:00,Viaport Outlet,2021,4,28,2,0,600.17,56_plus,small,0
I274131,C118460,Female,23,Food & Beverage,4,20.92,Cash,3/1/2021 0:00,Emaar Square Mall,2021,3,1,0,0,5.23,18_25,bulk,0
I138059,C248557,Female,29,Clothing,2,600.16,Cash,9/3/2022 0:00,Mall of Istanbul,2022,9,3,5,1,300.08,26_35,small,0
I183270,C334506,Male,43,Shoes,5,3000.85,Credit Card,11/9/2021 0:00,Metrocity,2021,11,9,1,0,600.17,36_45,bulk,0
I127336,C117460,Male,29,Shoes,5,3000.85,Cash,4/14/2021 0:00,Mall of Istanbul,2021,4,14,2,0,600.17,26_35,bulk,0
I448162,C295993,Female,42,Toys,1,35.84,Cash,9/15/2022 0:00,Cevahir AVM,2022,9,15,3,0,35.84,36_45,single,0
I276491,C252420,Female,53,Clothing,1,300.08,Credit Card,4/15/2021 0:00,Mall of Istanbul,2021,4,15,3,0,300.08,46_55,single,0
I864459,C247839,Female,27,Shoes,3,1800.51,Debit Card,5/19/2022 0:00,Mall of Istanbul,2022,5,19,3,0,600.17,26_35,small,0
I252497,C209649,Female,27,Shoes,3,1800.51,Debit Card,1/23/2022 0:00,Kanyon,2022,1,23,6,1,600.17,26_35,small,0
I258020,C198540,Female,46,Clothing,3,900.24,Credit Card,7/5/2021 0:00,Forum Istanbul,2021,7,5,0,0,300.08,46_55,small,0
I555079,C231285,Female,22,Food & Beverage,1,5.23,Credit Card,3/20/2022 0:00,Metropol AVM,2022,3,20,6,1,5.23,18_25,single,0
I155684,C149340,Female,21,Food & Beverage,3,15.69,Cash,10/4/2021 0:00,Mall of Istanbul,2021,10,4,0,0,5.23,18_25,small,-8.88E-16
I123696,C267420,Female,69,Toys,1,35.84,Credit Card,10/23/2021 0:00,Kanyon,2021,10,23,5,1,35.84,56_plus,single,0
I197462,C100496,Male,53,Shoes,2,1200.34,Cash,6/6/2022 0:00,Kanyon,2022,6,6,0,0,600.17,46_55,small,0
I238966,C476935,Male,24,Clothing,2,600.16,Cash,5/24/2022 0:00,Istinye Park,2022,5,24,1,0,300.08,18_25,small,0
I980703,C157054,Male,21,Clothing,3,900.24,Cash,9/17/2022 0:00,Viaport Outlet,2022,9,17,5,1,300.08,18_25,small,0
I219805,C281228,Female,47,Technology,5,5250,Credit Card,11/14/2021 0:00,Kanyon,2021,11,14,6,1,1050,46_55,bulk,0
I464851,C235937,Female,54,Clothing,3,900.24,Credit Card,12/27/2022 0:00,Kanyon,2022,12,27,1,0,300.08,46_55,small,0
I282658,C195432,Female,28,Clothing,5,1500.4,Cash,1/28/2022 0:00,Metropol AVM,2022,1,28,4,0,300.08000000000004,26_35,bulk,5.684341886080804e-14
I182255,C878162,Male,40,Food & Beverage,1,5.23,Cash,2/5/2021 0:00,Mall of Istanbul,2021,2,5,4,0,5.23,36_45,single,0
I186144,C325363,Female,25,Clothing,1,300.08,Cash,7/29/2021 0:00,Forum Istanbul,2021,7,29,3,0,300.08,18_25,single,0
I287439,C250095,Female,37,Clothing,5,1500.4,Credit Card,7/26/2022 0:00,Viaport Outlet,2022,7,26,1,0,300.08000000000004,36_45,bulk,5.684341886080804e-14
I141641,C223494,Female,37,Clothing,4,1200.32,Credit Card,11/19/2021 0:00,Mall of Istanbul,2021,11,19,4,0,300.08,36_45,bulk,0
I188090,C124209,Male,34,Cosmetics,1,40.66,Credit Card,1/28/2023 0:00,Mall of Istanbul,2023,1,28,5,1,40.66,26_35,single,0
I533959,C221440,Male,35,Food & Beverage,5,26.15,Debit Card,4/8/2021 0:00,Metrocity,2021,4,8,3,0,5.23,26_35,bulk,-8.88E-16
I290151,C238616,Female,30,Cosmetics,5,203.3,Credit Card,8/28/2021 0:00,Kanyon,2021,8,28,5,1,40.66,26_35,bulk,7.105427357601002e-15
I183963,C308268,Female,48,Souvenir,3,35.19,Credit Card,7/28/2021 0:00,Kanyon,2021,7,28,2,0,11.73,46_55,small,-1.78E-15
I324195,C327239,Female,42,Food & Beverage,4,20.92,Credit Card,11/9/2021 0:00,Mall of Istanbul,2021,11,9,1,0,5.23,36_45,bulk,0
I185030,C158221,Male,27,Clothing,3,900.24,Credit Card,5/19/2021 0:00,Kanyon,2021,5,19,2,0,300.08,26_35,small,0
I355864,C444537,Male,18,Clothing,5,1500.4,Credit Card,9/24/2021 0:00,Forum Istanbul,2021,9,24,4,0,300.08000000000004,18_25,bulk,5.684341886080804e-14
I841693,C296025,Female,35,Cosmetics,4,162.64,Cash,12/10/2022 0:00,Kanyon,2022,12,10,5,1,40.66,26_35,bulk,0
I920979,C274536,Female,33,Clothing,4,1200.32,Debit Card,1/16/2021 0:00,Mall of Istanbul,2021,1,16,5,1,300.08,26_35,bulk,0
I107555,C252297,Male,33,Clothing,3,900.24,Debit Card,12/7/2022 0:00,Emaar Square Mall,2022,12,7,2,0,300.08,26_35,small,0
I121262,C672250,Male,38,Clothing,3,900.24,Cash,9/11/2022 0:00,Viaport Outlet,2022,9,11,6,1,300.08,36_45,small,0
I320933,C160839,Female,27,Clothing,2,600.16,Cash,1/21/2023 0:00,Mall of Istanbul,2023,1,21,5,1,300.08,26_35,small,0
I220533,C208198,Female,28,Cosmetics,4,162.64,Debit Card,12/31/2022 0:00,Mall of Istanbul,2022,12,31,5,1,40.66,26_35,bulk,0
I231862,C710236,Female,32,Technology,2,2100,Credit Card,6/11/2021 0:00,Mall of Istanbul,2021,6,11,4,0,1050,26_35,small,0
I522884,C284046,Male,49,Clothing,5,1500.4,Cash,1/22/2021 0:00,Kanyon,2021,1,22,4,0,300.08000000000004,46_55,bulk,5.684341886080804e-14
I876181,C354743,Male,20,Cosmetics,5,203.3,Debit Card,10/3/2021 0:00,Kanyon,2021,10,3,6,1,40.66,18_25,bulk,7.105427357601002e-15
I107452,C297833,Female,50,Souvenir,2,23.46,Credit Card,5/27/2022 0:00,Zorlu Center,2022,5,27,4,0,11.73,46_55,small,0
I264380,C333607,Female,51,Clothing,4,1200.32,Debit Card,2/26/2021 0:00,Metropol AVM,2021,2,26,4,0,300.08,46_55,bulk,0
I917925,C103297,Female,58,Clothing,5,1500.4,Cash,1/29/2023 0:00,Metrocity,2023,1,29,6,1,300.08000000000004,56_plus,bulk,5.684341886080804e-14
I819112,C317012,Female,27,Toys,3,107.52,Credit Card,10/27/2021 0:00,Metropol AVM,2021,10,27,2,0,35.84,26_35,small,-7.11E-15
I818202,C324356,Female,43,Clothing,1,300.08,Credit Card,8/2/2021 0:00,Metrocity,2021,8,2,0,0,300.08,36_45,single,0
I175377,C324611,Female,26,Souvenir,1,11.73,Credit Card,11/28/2022 0:00,Kanyon,2022,11,28,0,0,11.73,26_35,single,0
I231696,C276083,Female,67,Cosmetics,2,81.32,Credit Card,10/23/2021 0:00,Kanyon,2021,10,23,5,1,40.66,56_plus,small,0
I269334,C505924,Female,19,Food & Beverage,1,5.23,Debit Card,12/16/2021 0:00,Emaar Square Mall,2021,12,16,3,0,5.23,18_25,single,0
I192627,C196626,Female,37,Food & Beverage,3,15.69,Credit Card,7/29/2021 0:00,Mall of Istanbul,2021,7,29,3,0,5.23,36_45,small,-8.88E-16
I847315,C207762,Male,20,Shoes,4,2400.68,Debit Card,4/8/2021 0:00,Metropol AVM,2021,4,8,3,0,600.17,18_25,bulk,0
I944823,C241479,Male,22,Food & Beverage,1,5.23,Credit Card,2/7/2022 0:00,Mall of Istanbul,2022,2,7,0,0,5.23,18_25,single,0
I555953,C130213,Female,56,Cosmetics,2,81.32,Cash,8/25/2021 0:00,Metrocity,2021,8,25,2,0,40.66,56_plus,small,0
I334485,C312498,Female,30,Clothing,5,1500.4,Debit Card,3/14/2022 0:00,Kanyon,2022,3,14,0,0,300.08000000000004,26_35,bulk,5.684341886080804e-14
I230698,C735831,Female,49,Clothing,2,600.16,Credit Card,4/29/2021 0:00,Emaar Square Mall,2021,4,29,3,0,300.08,46_55,small,0
I177955,C184396,Male,54,Food & Beverage,4,20.92,Credit Card,12/10/2022 0:00,Mall of Istanbul,2022,12,10,5,1,5.23,46_55,bulk,0
I239421,C158578,Female,31,Clothing,2,600.16,Cash,12/20/2021 0:00,Istinye Park,2021,12,20,0,0,300.08,26_35,small,0
I208816,C620999,Female,26,Cosmetics,3,121.98,Credit Card,7/19/2021 0:00,Mall of Istanbul,2021,7,19,0,0,40.66,26_35,small,7.105427357601002e-15
I232844,C212764,Female,19,Clothing,5,1500.4,Credit Card,1/11/2021 0:00,Metrocity,2021,1,11,0,0,300.08000000000004,18_25,bulk,5.684341886080804e-14
I206721,C196975,Female,19,Shoes,5,3000.85,Cash,4/13/2021 0:00,Kanyon,2021,4,13,1,0,600.17,18_25,bulk,0
I207484,C278496,Female,28,Clothing,3,900.24,Debit Card,7/13/2022 0:00,Cevahir AVM,2022,7,13,2,0,300.08,26_35,small,0
I226955,C325130,Male,47,Food & Beverage,5,26.15,Cash,9/18/2021 0:00,Mall of Istanbul,2021,9,18,5,1,5.23,46_55,bulk,-8.88E-16
I306804,C141498,Male,33,Toys,4,143.36,Cash,2/16/2021 0:00,Metrocity,2021,2,16,1,0,35.84,26_35,bulk,0
I189838,C402577,Female,49,Clothing,4,1200.32,Debit Card,11/11/2021 0:00,Istinye Park,2021,11,11,3,0,300.08,46_55,bulk,0
I284231,C423230,Female,54,Clothing,3,900.24,Credit Card,8/9/2021 0:00,Viaport Outlet,2021,8,9,0,0,300.08,46_55,small,0
I309457,C404573,Female,32,Souvenir,2,23.46,Debit Card,11/28/2022 0:00,Metropol AVM,2022,11,28,0,0,11.73,26_35,small,0
I152196,C255772,Female,37,Shoes,5,3000.85,Credit Card,7/4/2022 0:00,Forum Istanbul,2022,7,4,0,0,600.17,36_45,bulk,0
I317122,C253743,Male,68,Clothing,2,600.16,Cash,1/14/2021 0:00,Metrocity,2021,1,14,3,0,300.08,56_plus,small,0
I251956,C570743,Female,42,Technology,1,1050,Cash,7/27/2021 0:00,Mall of Istanbul,2021,7,27,1,0,1050,36_45,single,0
I138122,C222082,Male,33,Food & Beverage,5,26.15,Cash,12/25/2021 0:00,Cevahir AVM,2021,12,25,5,1,5.23,26_35,bulk,-8.88E-16
I542431,C107796,Male,59,Food & Beverage,2,10.46,Cash,1/22/2021 0:00,Metropol AVM,2021,1,22,4,0,5.23,56_plus,small,0
I407248,C248819,Female,51,Clothing,4,1200.32,Credit Card,5/24/2021 0:00,Mall of Istanbul,2021,5,24,0,0,300.08,46_55,bulk,0
I197095,C111402,Male,46,Shoes,2,1200.34,Debit Card,1/25/2022 0:00,Kanyon,2022,1,25,1,0,600.17,46_55,small,0
I214401,C156261,Female,57,Clothing,4,1200.32,Credit Card,4/8/2022 0:00,Kanyon,2022,4,8,4,0,300.08,56_plus,bulk,0
I978693,C178333,Male,59,Cosmetics,1,40.66,Cash,10/15/2022 0:00,Kanyon,2022,10,15,5,1,40.66,56_plus,single,0
I275370,C145557,Female,51,Books,4,60.6,Cash,5/23/2021 0:00,Istinye Park,2021,5,23,6,1,15.15,46_55,bulk,0
I163180,C236901,Female,30,Clothing,2,600.16,Credit Card,1/31/2021 0:00,Mall of Istanbul,2021,1,31,6,1,300.08,26_35,small,0
I740279,C470036,Female,65,Shoes,4,2400.68,Credit Card,11/4/2022 0:00,Metropol AVM,2022,11,4,4,0,600.17,56_plus,bulk,0
I327060,C334142,Female,42,Toys,1,35.84,Cash,12/19/2021 0:00,Kanyon,2021,12,19,6,1,35.84,36_45,single,0
I217007,C322123,Male,59,Food & Beverage,3,15.69,Cash,2/6/2021 0:00,Kanyon,2021,2,6,5,1,5.23,56_plus,small,-8.88E-16
I189633,C274635,Male,50,Clothing,1,300.08,Debit Card,12/26/2021 0:00,Istinye Park,2021,12,26,6,1,300.08,46_55,single,0
I106694,C172877,Female,25,Clothing,1,300.08,Debit Card,6/18/2022 0:00,Forum Istanbul,2022,6,18,5,1,300.08,18_25,single,0
I672474,C498169,Female,35,Clothing,3,900.24,Cash,4/13/2021 0:00,Kanyon,2021,4,13,1,0,300.08,26_35,small,0
I282505,C174327,Female,66,Food & Beverage,5,26.15,Cash,6/18/2021 0:00,Metrocity,2021,6,18,4,0,5.23,56_plus,bulk,-8.88E-16
I580363,C139556,Female,40,Toys,5,179.2,Cash,11/26/2021 0:00,Zorlu Center,2021,11,26,4,0,35.84,36_45,bulk,-7.11E-15
I231684,C304458,Male,54,Clothing,1,300.08,Cash,5/12/2021 0:00,Metropol AVM,2021,5,12,2,0,300.08,46_55,single,0
I199593,C119497,Female,36,Clothing,1,300.08,Cash,12/11/2021 0:00,Kanyon,2021,12,11,5,1,300.08,36_45,single,0
I318097,C166090,Female,43,Cosmetics,1,40.66,Cash,3/18/2021 0:00,Metrocity,2021,3,18,3,0,40.66,36_45,single,0
I801565,C165150,Female,64,Clothing,5,1500.4,Cash,6/8/2021 0:00,Mall of Istanbul,2021,6,8,1,0,300.08000000000004,56_plus,bulk,5.684341886080804e-14
I406740,C109573,Male,21,Food & Beverage,4,20.92,Credit Card,2/10/2022 0:00,Metrocity,2022,2,10,3,0,5.23,18_25,bulk,0
I230252,C276036,Male,50,Shoes,3,1800.51,Cash,4/7/2022 0:00,Metropol AVM,2022,4,7,3,0,600.17,46_55,small,0
I396235,C134450,Female,43,Clothing,1,300.08,Debit Card,12/26/2021 0:00,Mall of Istanbul,2021,12,26,6,1,300.08,36_45,single,0
I120381,C275058,Female,22,Clothing,3,900.24,Credit Card,3/15/2022 0:00,Mall of Istanbul,2022,3,15,1,0,300.08,18_25,small,0
I107133,C160888,Female,46,Shoes,4,2400.68,Cash,10/8/2021 0:00,Cevahir AVM,2021,10,8,4,0,600.17,46_55,bulk,0
I151971,C252197,Female,42,Cosmetics,2,81.32,Credit Card,9/15/2022 0:00,Mall of Istanbul,2022,9,15,3,0,40.66,36_45,small,0
I213685,C201507,Female,55,Shoes,2,1200.34,Cash,11/2/2021 0:00,Metrocity,2021,11,2,1,0,600.17,46_55,small,0
I348951,C215136,Female,67,Cosmetics,4,162.64,Credit Card,11/18/2021 0:00,Mall of Istanbul,2021,11,18,3,0,40.66,56_plus,bulk,0
I122993,C404358,Female,46,Food & Beverage,4,20.92,Cash,1/15/2022 0:00,Istinye Park,2022,1,15,5,1,5.23,46_55,bulk,0
I238941,C273926,Female,62,Souvenir,5,58.65,Credit Card,2/14/2022 0:00,Emaar Square Mall,2022,2,14,0,0,11.73,56_plus,bulk,0
I118275,C267311,Male,50,Cosmetics,1,40.66,Credit Card,10/12/2022 0:00,Kanyon,2022,10,12,2,0,40.66,46_55,single,0
I472762,C902860,Male,48,Clothing,1,300.08,Cash,6/23/2022 0:00,Istinye Park,2022,6,23,3,0,300.08,46_55,single,0
I562847,C232572,Female,67,Food & Beverage,1,5.23,Credit Card,12/17/2021 0:00,Kanyon,2021,12,17,4,0,5.23,56_plus,single,0
I613909,C532429,Male,56,Shoes,5,3000.85,Debit Card,5/15/2022 0:00,Istinye Park,2022,5,15,6,1,600.17,56_plus,bulk,0
I144240,C138787,Female,34,Cosmetics,4,162.64,Credit Card,9/8/2021 0:00,Cevahir AVM,2021,9,8,2,0,40.66,26_35,bulk,0
I333461,C742700,Male,34,Clothing,4,1200.32,Credit Card,9/2/2022 0:00,Kanyon,2022,9,2,4,0,300.08,26_35,bulk,0
I154952,C778351,Female,23,Food & Beverage,5,26.15,Debit Card,9/5/2022 0:00,Viaport Outlet,2022,9,5,0,0,5.23,18_25,bulk,-8.88E-16
I102375,C305450,Female,56,Souvenir,1,11.73,Cash,1/17/2022 0:00,Mall of Istanbul,2022,1,17,0,0,11.73,56_plus,single,0
I215909,C254827,Female,50,Clothing,3,900.24,Credit Card,10/31/2022 0:00,Kanyon,2022,10,31,0,0,300.08,46_55,small,0
I219276,C339094,Male,54,Clothing,3,900.24,Credit Card,10/20/2022 0:00,Metrocity,2022,10,20,3,0,300.08,46_55,small,0
I251666,C878975,Male,34,Clothing,4,1200.32,Cash,12/4/2021 0:00,Cevahir AVM,2021,12,4,5,1,300.08,26_35,bulk,0
I777295,C197226,Female,28,Toys,2,71.68,Cash,8/15/2021 0:00,Cevahir AVM,2021,8,15,6,1,35.84,26_35,small,0
I113617,C126890,Male,37,Clothing,1,300.08,Credit Card,5/2/2021 0:00,Metropol AVM,2021,5,2,6,1,300.08,36_45,single,0
I490217,C250988,Female,18,Cosmetics,2,81.32,Cash,12/29/2021 0:00,Kanyon,2021,12,29,2,0,40.66,18_25,small,0
I229043,C622169,Male,51,Clothing,2,600.16,Credit Card,10/20/2022 0:00,Metrocity,2022,10,20,3,0,300.08,46_55,small,0
I662225,C258269,Male,45,Food & Beverage,2,10.46,Cash,5/20/2021 0:00,Zorlu Center,2021,5,20,3,0,5.23,36_45,small,0
I234763,C531068,Male,69,Souvenir,1,11.73,Cash,4/17/2022 0:00,Metrocity,2022,4,17,6,1,11.73,56_plus,single,0
I189333,C982616,Female,44,Clothing,3,900.24,Debit Card,4/9/2022 0:00,Mall of Istanbul,2022,4,9,5,1,300.08,36_45,small,0
I157831,C178821,Female,28,Food & Beverage,2,10.46,Credit Card,2/2/2022 0:00,Metrocity,2022,2,2,2,0,5.23,26_35,small,0
I464063,C268823,Male,69,Clothing,5,1500.4,Credit Card,8/18/2022 0:00,Mall of Istanbul,2022,8,18,3,0,300.08000000000004,56_plus,bulk,5.684341886080804e-14
I308811,C521486,Male,46,Food & Beverage,4,20.92,Credit Card,2/9/2023 0:00,Mall of Istanbul,2023,2,9,3,0,5.23,46_55,bulk,0
I351965,C269715,Female,52,Toys,1,35.84,Credit Card,2/20/2023 0:00,Mall of Istanbul,2023,2,20,0,0,35.84,46_55,single,0
I169447,C194962,Female,21,Clothing,5,1500.4,Credit Card,7/16/2022 0:00,Metropol AVM,2022,7,16,5,1,300.08000000000004,18_25,bulk,5.684341886080804e-14
I253366,C670384,Female,22,Clothing,1,300.08,Cash,10/29/2021 0:00,Metrocity,2021,10,29,4,0,300.08,18_25,single,0
I516672,C242293,Female,30,Cosmetics,4,162.64,Credit Card,1/11/2021 0:00,Emaar Square Mall,2021,1,11,0,0,40.66,26_35,bulk,0
I174889,C183426,Male,26,Clothing,2,600.16,Cash,2/21/2021 0:00,Metrocity,2021,2,21,6,1,300.08,26_35,small,0
I259335,C153509,Female,42,Cosmetics,2,81.32,Cash,2/17/2022 0:00,Metrocity,2022,2,17,3,0,40.66,36_45,small,0
I796143,C114953,Female,67,Books,4,60.6,Cash,3/1/2021 0:00,Istinye Park,2021,3,1,0,0,15.15,56_plus,bulk,0
I536401,C902196,Female,34,Books,1,15.15,Cash,10/8/2021 0:00,Metrocity,2021,10,8,4,0,15.15,26_35,single,0
I216245,C702366,Female,42,Clothing,1,300.08,Cash,5/14/2022 0:00,Metrocity,2022,5,14,5,1,300.08,36_45,single,0
I597373,C291353,Female,64,Cosmetics,1,40.66,Credit Card,2/24/2021 0:00,Cevahir AVM,2021,2,24,2,0,40.66,56_plus,single,0
I950886,C241401,Male,19,Souvenir,1,11.73,Credit Card,12/8/2022 0:00,Istinye Park,2022,12,8,3,0,11.73,18_25,single,0
I107605,C239329,Female,30,Food & Beverage,3,15.69,Cash,6/29/2022 0:00,Istinye Park,2022,6,29,2,0,5.23,26_35,small,-8.88E-16
I288079,C811908,Female,34,Clothing,2,600.16,Debit Card,7/4/2022 0:00,Forum Istanbul,2022,7,4,0,0,300.08,26_35,small,0
I232843,C238811,Female,32,Souvenir,2,23.46,Cash,8/28/2022 0:00,Kanyon,2022,8,28,6,1,11.73,26_35,small,0
I564519,C954234,Male,49,Clothing,4,1200.32,Debit Card,4/27/2022 0:00,Metrocity,2022,4,27,2,0,300.08,46_55,bulk,0
I229058,C260384,Female,46,Shoes,1,600.17,Credit Card,7/19/2021 0:00,Mall of Istanbul,2021,7,19,0,0,600.17,46_55,single,0
I254494,C244289,Male,23,Toys,3,107.52,Cash,10/24/2022 0:00,Kanyon,2022,10,24,0,0,35.84,18_25,small,-7.11E-15
I147313,C857612,Female,66,Shoes,2,1200.34,Credit Card,2/12/2021 0:00,Metropol AVM,2021,2,12,4,0,600.17,56_plus,small,0
I909905,C583992,Female,59,Souvenir,5,58.65,Cash,7/12/2022 0:00,Metropol AVM,2022,7,12,1,0,11.73,56_plus,bulk,0
I246488,C126497,Female,57,Food & Beverage,2,10.46,Cash,2/26/2021 0:00,Istinye Park,2021,2,26,4,0,5.23,56_plus,small,0
I189179,C935754,Female,48,Cosmetics,2,81.32,Credit Card,7/2/2022 0:00,Kanyon,2022,7,2,5,1,40.66,46_55,small,0
I273366,C163870,Male,35,Clothing,5,1500.4,Credit Card,7/29/2022 0:00,Kanyon,2022,7,29,4,0,300.08000000000004,26_35,bulk,5.684341886080804e-14
I166106,C361081,Female,61,Clothing,4,1200.32,Debit Card,9/26/2022 0:00,Kanyon,2022,9,26,0,0,300.08,56_plus,bulk,0
I394012,C223298,Female,20,Shoes,2,1200.34,Credit Card,6/28/2021 0:00,Mall of Istanbul,2021,6,28,0,0,600.17,18_25,small,0
I111894,C303202,Female,65,Food & Beverage,5,26.15,Cash,8/15/2022 0:00,Mall of Istanbul,2022,8,15,0,0,5.23,56_plus,bulk,-8.88E-16
I216131,C748416,Male,41,Clothing,1,300.08,Debit Card,4/18/2021 0:00,Mall of Istanbul,2021,4,18,6,1,300.08,36_45,single,0
I210966,C227922,Female,28,Food & Beverage,2,10.46,Credit Card,9/26/2021 0:00,Kanyon,2021,9,26,6,1,5.23,26_35,small,0
I260505,C139934,Female,23,Books,5,75.75,Debit Card,10/12/2022 0:00,Istinye Park,2022,10,12,2,0,15.15,18_25,bulk,0
I287698,C159004,Female,31,Souvenir,1,11.73,Credit Card,9/7/2021 0:00,Cevahir AVM,2021,9,7,1,0,11.73,26_35,single,0
I881782,C332356,Female,24,Clothing,3,900.24,Cash,3/5/2022 0:00,Zorlu Center,2022,3,5,5,1,300.08,18_25,small,0
I298797,C182413,Male,26,Books,1,15.15,Credit Card,7/19/2021 0:00,Emaar Square Mall,2021,7,19,0,0,15.15,26_35,single,0
I223754,C119380,Female,23,Clothing,1,300.08,Credit Card,1/18/2021 0:00,Kanyon,2021,1,18,0,0,300.08,18_25,single,0
I535424,C179755,Female,33,Food & Beverage,4,20.92,Cash,12/6/2021 0:00,Emaar Square Mall,2021,12,6,0,0,5.23,26_35,bulk,0
I123653,C271573,Male,63,Clothing,3,900.24,Cash,11/19/2022 0:00,Cevahir AVM,2022,11,19,5,1,300.08,56_plus,small,0
I265790,C222890,Female,33,Cosmetics,1,40.66,Cash,10/1/2021 0:00,Metrocity,2021,10,1,4,0,40.66,26_35,single,0
I678423,C474124,Male,33,Cosmetics,2,81.32,Cash,9/10/2021 0:00,Kanyon,2021,9,10,4,0,40.66,26_35,small,0
I243166,C188389,Female,67,Clothing,3,900.24,Debit Card,4/8/2021 0:00,Mall of Istanbul,2021,4,8,3,0,300.08,56_plus,small,0
I414162,C944661,Male,38,Clothing,2,600.16,Credit Card,7/31/2022 0:00,Zorlu Center,2022,7,31,6,1,300.08,36_45,small,0
I669784,C335143,Female,19,Cosmetics,3,121.98,Cash,4/6/2021 0:00,Metrocity,2021,4,6,1,0,40.66,18_25,small,7.105427357601002e-15
I134505,C147317,Female,44,Cosmetics,2,81.32,Cash,2/28/2021 0:00,Metrocity,2021,2,28,6,1,40.66,36_45,small,0
I336905,C309969,Male,26,Clothing,1,300.08,Debit Card,7/29/2022 0:00,Kanyon,2022,7,29,4,0,300.08,26_35,single,0
I669865,C991218,Male,21,Books,4,60.6,Credit Card,6/16/2022 0:00,Kanyon,2022,6,16,3,0,15.15,18_25,bulk,0
I128138,C729700,Female,62,Clothing,3,900.24,Debit Card,8/9/2022 0:00,Metrocity,2022,8,9,1,0,300.08,56_plus,small,0
I150164,C338055,Female,66,Food & Beverage,5,26.15,Credit Card,3/18/2021 0:00,Mall of Istanbul,2021,3,18,3,0,5.23,56_plus,bulk,-8.88E-16
I235523,C215830,Male,26,Clothing,4,1200.32,Credit Card,5/10/2021 0:00,Metrocity,2021,5,10,0,0,300.08,26_35,bulk,0
I503810,C520488,Male,26,Clothing,3,900.24,Credit Card,2/19/2021 0:00,Istinye Park,2021,2,19,4,0,300.08,26_35,small,0
I268013,C203249,Female,52,Cosmetics,2,81.32,Cash,2/14/2022 0:00,Mall of Istanbul,2022,2,14,0,0,40.66,46_55,small,0
I217204,C337265,Female,40,Technology,1,1050,Debit Card,7/30/2022 0:00,Kanyon,2022,7,30,5,1,1050,36_45,single,0
I133928,C217716,Female,51,Food & Beverage,4,20.92,Cash,6/3/2022 0:00,Mall of Istanbul,2022,6,3,4,0,5.23,46_55,bulk,0
I534447,C277335,Male,33,Cosmetics,4,162.64,Cash,3/20/2022 0:00,Metrocity,2022,3,20,6,1,40.66,26_35,bulk,0
I178451,C118850,Male,36,Technology,4,4200,Debit Card,3/6/2023 0:00,Istinye Park,2023,3,6,0,0,1050,36_45,bulk,0
I129749,C214985,Female,30,Clothing,3,900.24,Credit Card,8/28/2021 0:00,Zorlu Center,2021,8,28,5,1,300.08,26_35,small,0
I844444,C306881,Female,44,Souvenir,3,35.19,Cash,8/24/2021 0:00,Kanyon,2021,8,24,1,0,11.73,36_45,small,-1.78E-15
I182470,C324229,Male,32,Clothing,4,1200.32,Debit Card,8/7/2021 0:00,Metrocity,2021,8,7,5,1,300.08,26_35,bulk,0
I787440,C410429,Female,34,Cosmetics,3,121.98,Cash,8/3/2021 0:00,Forum Istanbul,2021,8,3,1,0,40.66,26_35,small,7.105427357601002e-15
I138114,C287147,Male,27,Shoes,5,3000.85,Cash,2/5/2023 0:00,Zorlu Center,2023,2,5,6,1,600.17,26_35,bulk,0
I225929,C231882,Female,34,Food & Beverage,4,20.92,Credit Card,8/6/2021 0:00,Metrocity,2021,8,6,4,0,5.23,26_35,bulk,0
I223604,C118189,Female,21,Cosmetics,3,121.98,Credit Card,2/14/2023 0:00,Metrocity,2023,2,14,1,0,40.66,18_25,small,7.105427357601002e-15
I306453,C199838,Male,49,Cosmetics,5,203.3,Cash,5/3/2022 0:00,Kanyon,2022,5,3,1,0,40.66,46_55,bulk,7.105427357601002e-15
I191339,C294853,Female,37,Souvenir,3,35.19,Credit Card,1/17/2021 0:00,Mall of Istanbul,2021,1,17,6,1,11.73,36_45,small,-1.78E-15
I201506,C279112,Female,34,Shoes,3,1800.51,Cash,6/23/2021 0:00,Mall of Istanbul,2021,6,23,2,0,600.17,26_35,small,0
I216063,C117928,Male,33,Shoes,5,3000.85,Cash,10/9/2022 0:00,Kanyon,2022,10,9,6,1,600.17,26_35,bulk,0
I291674,C248022,Female,36,Clothing,2,600.16,Cash,11/15/2022 0:00,Zorlu Center,2022,11,15,1,0,300.08,36_45,small,0
I186557,C324870,Female,69,Shoes,1,600.17,Credit Card,8/21/2022 0:00,Mall of Istanbul,2022,8,21,6,1,600.17,56_plus,single,0
I829013,C331038,Female,55,Clothing,1,300.08,Cash,11/28/2021 0:00,Zorlu Center,2021,11,28,6,1,300.08,46_55,single,0
I154442,C140774,Female,41,Clothing,1,300.08,Credit Card,11/14/2021 0:00,Metrocity,2021,11,14,6,1,300.08,36_45,single,0
I209719,C206509,Female,33,Cosmetics,4,162.64,Credit Card,1/17/2023 0:00,Metropol AVM,2023,1,17,1,0,40.66,26_35,bulk,0
I262833,C329140,Male,38,Cosmetics,2,81.32,Credit Card,3/13/2022 0:00,Viaport Outlet,2022,3,13,6,1,40.66,36_45,small,0
I112413,C227694,Female,65,Souvenir,5,58.65,Cash,1/31/2023 0:00,Metropol AVM,2023,1,31,1,0,11.73,56_plus,bulk,0
I109678,C328170,Male,31,Toys,3,107.52,Credit Card,10/26/2021 0:00,Mall of Istanbul,2021,10,26,1,0,35.84,26_35,small,-7.11E-15
I111868,C596472,Male,26,Clothing,3,900.24,Debit Card,12/6/2022 0:00,Metrocity,2022,12,6,1,0,300.08,26_35,small,0
I123942,C334250,Male,51,Clothing,2,600.16,Credit Card,11/30/2021 0:00,Metropol AVM,2021,11,30,1,0,300.08,46_55,small,0
I496820,C220210,Female,51,Clothing,3,900.24,Cash,10/5/2021 0:00,Mall of Istanbul,2021,10,5,1,0,300.08,46_55,small,0
I163251,C513145,Female,52,Clothing,5,1500.4,Credit Card,9/13/2021 0:00,Metropol AVM,2021,9,13,0,0,300.08000000000004,46_55,bulk,5.684341886080804e-14
I996699,C242802,Male,57,Clothing,5,1500.4,Cash,10/10/2021 0:00,Cevahir AVM,2021,10,10,6,1,300.08000000000004,56_plus,bulk,5.684341886080804e-14
I161290,C250281,Female,22,Books,5,75.75,Cash,9/17/2022 0:00,Emaar Square Mall,2022,9,17,5,1,15.15,18_25,bulk,0
I100223,C212702,Female,45,Shoes,5,3000.85,Credit Card,11/21/2022 0:00,Metrocity,2022,11,21,0,0,600.17,36_45,bulk,0
I423559,C319454,Male,50,Food & Beverage,4,20.92,Cash,11/29/2021 0:00,Istinye Park,2021,11,29,0,0,5.23,46_55,bulk,0
I887406,C237857,Male,34,Souvenir,3,35.19,Cash,6/18/2021 0:00,Kanyon,2021,6,18,4,0,11.73,26_35,small,-1.78E-15
I103046,C208145,Female,33,Food & Beverage,1,5.23,Credit Card,1/26/2021 0:00,Emaar Square Mall,2021,1,26,1,0,5.23,26_35,single,0
I215455,C930465,Male,35,Toys,2,71.68,Cash,6/4/2022 0:00,Mall of Istanbul,2022,6,4,5,1,35.84,26_35,small,0
I319196,C298525,Female,38,Shoes,3,1800.51,Cash,2/20/2021 0:00,Metrocity,2021,2,20,5,1,600.17,36_45,small,0
I304827,C152421,Female,64,Toys,1,35.84,Debit Card,2/3/2021 0:00,Zorlu Center,2021,2,3,2,0,35.84,56_plus,single,0
I324066,C734516,Male,41,Clothing,5,1500.4,Credit Card,6/13/2022 0:00,Istinye Park,2022,6,13,0,0,300.08000000000004,36_45,bulk,5.684341886080804e-14
I183047,C319767,Male,55,Clothing,4,1200.32,Cash,2/19/2022 0:00,Viaport Outlet,2022,2,19,5,1,300.08,46_55,bulk,0
I109913,C269524,Female,61,Technology,1,1050,Credit Card,9/6/2022 0:00,Kanyon,2022,9,6,1,0,1050,56_plus,single,0
I112851,C622110,Female,60,Clothing,3,900.24,Credit Card,7/18/2022 0:00,Emaar Square Mall,2022,7,18,0,0,300.08,56_plus,small,0
I247589,C131879,Female,30,Clothing,4,1200.32,Credit Card,2/17/2022 0:00,Emaar Square Mall,2022,2,17,3,0,300.08,26_35,bulk,0
I765653,C935779,Female,53,Books,4,60.6,Debit Card,2/7/2023 0:00,Viaport Outlet,2023,2,7,1,0,15.15,46_55,bulk,0
I538956,C732180,Male,48,Books,5,75.75,Cash,10/31/2022 0:00,Kanyon,2022,10,31,0,0,15.15,46_55,bulk,0
I273786,C119358,Female,43,Technology,4,4200,Debit Card,12/2/2022 0:00,Zorlu Center,2022,12,2,4,0,1050,36_45,bulk,0
I114656,C216497,Female,31,Food & Beverage,2,10.46,Cash,1/28/2023 0:00,Metrocity,2023,1,28,5,1,5.23,26_35,small,0
I165525,C762233,Female,68,Toys,4,143.36,Debit Card,5/2/2021 0:00,Metrocity,2021,5,2,6,1,35.84,56_plus,bulk,0
I113278,C173757,Male,65,Books,1,15.15,Credit Card,5/25/2022 0:00,Mall of Istanbul,2022,5,25,2,0,15.15,56_plus,single,0
I252858,C153944,Female,57,Food & Beverage,1,5.23,Debit Card,3/15/2022 0:00,Kanyon,2022,3,15,1,0,5.23,56_plus,single,0
I169529,C181510,Male,49,Cosmetics,4,162.64,Credit Card,7/21/2022 0:00,Zorlu Center,2022,7,21,3,0,40.66,46_55,bulk,0
I300930,C203758,Male,63,Toys,1,35.84,Debit Card,11/11/2022 0:00,Metrocity,2022,11,11,4,0,35.84,56_plus,single,0
I125287,C132692,Male,37,Clothing,5,1500.4,Credit Card,12/29/2021 0:00,Metropol AVM,2021,12,29,2,0,300.08000000000004,36_45,bulk,5.684341886080804e-14
I902069,C158635,Male,43,Clothing,3,900.24,Credit Card,11/9/2021 0:00,Istinye Park,2021,11,9,1,0,300.08,36_45,small,0
I210527,C981410,Female,23,Souvenir,4,46.92,Cash,8/20/2021 0:00,Metropol AVM,2021,8,20,4,0,11.73,18_25,bulk,0
I514668,C190698,Female,26,Shoes,2,1200.34,Cash,9/3/2021 0:00,Forum Istanbul,2021,9,3,4,0,600.17,26_35,small,0
I267233,C561985,Female,26,Shoes,5,3000.85,Credit Card,6/22/2021 0:00,Forum Istanbul,2021,6,22,1,0,600.17,26_35,bulk,0
I346272,C325156,Female,65,Books,1,15.15,Cash,4/1/2021 0:00,Istinye Park,2021,4,1,3,0,15.15,56_plus,single,0
I207860,C450481,Male,29,Books,5,75.75,Cash,10/16/2021 0:00,Kanyon,2021,10,16,5,1,15.15,26_35,bulk,0
I964952,C232396,Female,31,Food & Beverage,3,15.69,Credit Card,12/6/2021 0:00,Metropol AVM,2021,12,6,0,0,5.23,26_35,small,-8.88E-16
I165562,C121588,Male,41,Clothing,4,1200.32,Cash,2/22/2022 0:00,Mall of Istanbul,2022,2,22,1,0,300.08,36_45,bulk,0
I291298,C164085,Male,44,Food & Beverage,5,26.15,Credit Card,8/29/2021 0:00,Mall of Istanbul,2021,8,29,6,1,5.23,36_45,bulk,-8.88E-16
I287848,C623250,Male,44,Clothing,2,600.16,Credit Card,2/6/2023 0:00,Metrocity,2023,2,6,0,0,300.08,36_45,small,0
I339410,C164134,Male,26,Souvenir,5,58.65,Debit Card,4/25/2021 0:00,Metrocity,2021,4,25,6,1,11.73,26_35,bulk,0
I147808,C213062,Male,56,Shoes,1,600.17,Credit Card,4/29/2022 0:00,Mall of Istanbul,2022,4,29,4,0,600.17,56_plus,single,0
I477945,C279088,Male,66,Clothing,5,1500.4,Cash,6/15/2021 0:00,Viaport Outlet,2021,6,15,1,0,300.08000000000004,56_plus,bulk,5.684341886080804e-14
I228061,C222300,Female,61,Clothing,1,300.08,Debit Card,7/17/2021 0:00,Kanyon,2021,7,17,5,1,300.08,56_plus,single,0
I296856,C309741,Male,37,Toys,2,71.68,Cash,9/5/2022 0:00,Kanyon,2022,9,5,0,0,35.84,36_45,small,0
I304507,C142855,Male,26,Clothing,4,1200.32,Credit Card,10/10/2021 0:00,Metrocity,2021,10,10,6,1,300.08,26_35,bulk,0
I127143,C292377,Female,33,Clothing,3,900.24,Cash,6/5/2021 0:00,Metrocity,2021,6,5,5,1,300.08,26_35,small,0
I291832,C693724,Female,28,Cosmetics,3,121.98,Credit Card,9/15/2022 0:00,Kanyon,2022,9,15,3,0,40.66,26_35,small,7.105427357601002e-15
I308429,C496005,Female,58,Toys,4,143.36,Debit Card,6/30/2022 0:00,Metrocity,2022,6,30,3,0,35.84,56_plus,bulk,0
I165934,C870368,Female,68,Cosmetics,4,162.64,Cash,10/6/2022 0:00,Mall of Istanbul,2022,10,6,3,0,40.66,56_plus,bulk,0
I201450,C113964,Female,40,Shoes,4,2400.68,Cash,11/5/2021 0:00,Metropol AVM,2021,11,5,4,0,600.17,36_45,bulk,0
I514477,C166250,Female,45,Technology,4,4200,Debit Card,4/6/2021 0:00,Viaport Outlet,2021,4,6,1,0,1050,36_45,bulk,0
I309349,C678864,Male,23,Clothing,5,1500.4,Credit Card,3/18/2021 0:00,Mall of Istanbul,2021,3,18,3,0,300.08000000000004,18_25,bulk,5.684341886080804e-14
I326046,C324270,Male,56,Clothing,4,1200.32,Credit Card,6/2/2022 0:00,Viaport Outlet,2022,6,2,3,0,300.08,56_plus,bulk,0
I508845,C313243,Male,34,Shoes,4,2400.68,Cash,3/20/2021 0:00,Mall of Istanbul,2021,3,20,5,1,600.17,26_35,bulk,0
I227248,C203276,Male,46,Clothing,1,300.08,Debit Card,12/14/2022 0:00,Kanyon,2022,12,14,2,0,300.08,46_55,single,0
I529831,C617099,Female,22,Technology,5,5250,Debit Card,7/12/2022 0:00,Mall of Istanbul,2022,7,12,1,0,1050,18_25,bulk,0
I132413,C159377,Female,62,Shoes,1,600.17,Credit Card,8/17/2022 0:00,Metrocity,2022,8,17,2,0,600.17,56_plus,single,0
I312923,C282726,Male,18,Books,2,30.3,Cash,12/5/2021 0:00,Metropol AVM,2021,12,5,6,1,15.15,18_25,small,0
I784788,C101316,Male,24,Clothing,4,1200.32,Cash,9/17/2021 0:00,Metrocity,2021,9,17,4,0,300.08,18_25,bulk,0
I178565,C104093,Female,66,Food & Beverage,4,20.92,Credit Card,6/7/2021 0:00,Kanyon,2021,6,7,0,0,5.23,56_plus,bulk,0
I223873,C190844,Female,69,Clothing,5,1500.4,Cash,2/4/2023 0:00,Metrocity,2023,2,4,5,1,300.08000000000004,56_plus,bulk,5.684341886080804e-14
I264076,C121975,Male,23,Food & Beverage,2,10.46,Debit Card,1/10/2021 0:00,Metropol AVM,2021,1,10,6,1,5.23,18_25,small,0
I215529,C217076,Female,53,Cosmetics,2,81.32,Cash,1/24/2021 0:00,Viaport Outlet,2021,1,24,6,1,40.66,46_55,small,0
I257623,C434811,Male,31,Shoes,3,1800.51,Credit Card,1/13/2023 0:00,Mall of Istanbul,2023,1,13,4,0,600.17,26_35,small,0
I519508,C328036,Female,62,Cosmetics,3,121.98,Credit Card,8/29/2021 0:00,Metrocity,2021,8,29,6,1,40.66,56_plus,small,7.105427357601002e-15
I173098,C312001,Male,51,Toys,5,179.2,Cash,7/18/2021 0:00,Metropol AVM,2021,7,18,6,1,35.84,46_55,bulk,-7.11E-15
I232117,C336156,Female,39,Shoes,1,600.17,Credit Card,8/22/2022 0:00,Kanyon,2022,8,22,0,0,600.17,36_45,single,0
I349401,C154476,Male,60,Cosmetics,3,121.98,Debit Card,8/21/2021 0:00,Viaport Outlet,2021,8,21,5,1,40.66,56_plus,small,7.105427357601002e-15
I240052,C192671,Female,39,Technology,4,4200,Cash,7/13/2022 0:00,Istinye Park,2022,7,13,2,0,1050,36_45,bulk,0
I928261,C299421,Female,30,Shoes,4,2400.68,Credit Card,3/2/2021 0:00,Metropol AVM,2021,3,2,1,0,600.17,26_35,bulk,0
I203026,C227713,Male,38,Shoes,4,2400.68,Debit Card,5/31/2021 0:00,Mall of Istanbul,2021,5,31,0,0,600.17,36_45,bulk,0
I163924,C252474,Female,63,Souvenir,4,46.92,Cash,10/22/2021 0:00,Forum Istanbul,2021,10,22,4,0,11.73,56_plus,bulk,0
I495092,C186476,Male,28,Books,4,60.6,Cash,4/21/2021 0:00,Forum Istanbul,2021,4,21,2,0,15.15,26_35,bulk,0
I336078,C305667,Female,64,Clothing,5,1500.4,Cash,8/10/2022 0:00,Emaar Square Mall,2022,8,10,2,0,300.08000000000004,56_plus,bulk,5.684341886080804e-14
I319518,C170183,Female,48,Clothing,5,1500.4,Credit Card,10/24/2022 0:00,Mall of Istanbul,2022,10,24,0,0,300.08000000000004,46_55,bulk,5.684341886080804e-14
I150206,C182334,Female,62,Books,3,45.45,Cash,1/29/2023 0:00,Kanyon,2023,1,29,6,1,15.15,56_plus,small,0
I253011,C904121,Male,31,Shoes,1,600.17,Cash,5/31/2022 0:00,Metrocity,2022,5,31,1,0,600.17,26_35,single,0
I559347,C927838,Male,48,Food & Beverage,1,5.23,Credit Card,12/16/2021 0:00,Metropol AVM,2021,12,16,3,0,5.23,46_55,single,0
I180023,C940298,Female,52,Toys,5,179.2,Cash,8/29/2022 0:00,Istinye Park,2022,8,29,0,0,35.84,46_55,bulk,-7.11E-15
I611868,C280932,Male,44,Cosmetics,5,203.3,Cash,9/24/2021 0:00,Viaport Outlet,2021,9,24,4,0,40.66,36_45,bulk,7.105427357601002e-15
I425066,C274168,Female,42,Shoes,3,1800.51,Cash,7/2/2022 0:00,Emaar Square Mall,2022,7,2,5,1,600.17,36_45,small,0
I872554,C608778,Female,25,Clothing,5,1500.4,Cash,7/2/2022 0:00,Istinye Park,2022,7,2,5,1,300.08000000000004,18_25,bulk,5.684341886080804e-14
I325117,C112044,Female,46,Clothing,3,900.24,Cash,2/27/2022 0:00,Metrocity,2022,2,27,6,1,300.08,46_55,small,0
I170936,C842517,Female,18,Clothing,4,1200.32,Cash,1/29/2023 0:00,Zorlu Center,2023,1,29,6,1,300.08,18_25,bulk,0
I178735,C176124,Male,23,Clothing,3,900.24,Debit Card,4/16/2021 0:00,Emaar Square Mall,2021,4,16,4,0,300.08,18_25,small,0
I123461,C334480,Male,35,Food & Beverage,2,10.46,Cash,12/3/2022 0:00,Cevahir AVM,2022,12,3,5,1,5.23,26_35,small,0
I333306,C205600,Female,64,Food & Beverage,2,10.46,Cash,2/11/2023 0:00,Mall of Istanbul,2023,2,11,5,1,5.23,56_plus,small,0
I261396,C163406,Male,37,Clothing,3,900.24,Credit Card,3/21/2022 0:00,Cevahir AVM,2022,3,21,0,0,300.08,36_45,small,0
I508725,C775811,Female,33,Food & Beverage,4,20.92,Credit Card,3/1/2021 0:00,Mall of Istanbul,2021,3,1,0,0,5.23,26_35,bulk,0
I305327,C413192,Male,64,Food & Beverage,2,10.46,Cash,2/12/2023 0:00,Emaar Square Mall,2023,2,12,6,1,5.23,56_plus,small,0
I249183,C325090,Female,57,Clothing,3,900.24,Credit Card,11/20/2021 0:00,Cevahir AVM,2021,11,20,5,1,300.08,56_plus,small,0
I274383,C474159,Female,67,Cosmetics,4,162.64,Credit Card,1/3/2021 0:00,Metropol AVM,2021,1,3,6,1,40.66,56_plus,bulk,0
I244500,C157777,Female,25,Shoes,3,1800.51,Cash,2/2/2021 0:00,Emaar Square Mall,2021,2,2,1,0,600.17,18_25,small,0
I292571,C370575,Female,43,Clothing,5,1500.4,Cash,3/6/2021 0:00,Viaport Outlet,2021,3,6,5,1,300.08000000000004,36_45,bulk,5.684341886080804e-14
I924636,C163620,Female,68,Food & Beverage,5,26.15,Credit Card,9/20/2021 0:00,Zorlu Center,2021,9,20,0,0,5.23,56_plus,bulk,-8.88E-16
I218327,C162768,Male,29,Souvenir,2,23.46,Credit Card,11/21/2022 0:00,Istinye Park,2022,11,21,0,0,11.73,26_35,small,0
I178939,C159885,Female,37,Food & Beverage,5,26.15,Cash,3/9/2021 0:00,Metrocity,2021,3,9,1,0,5.23,36_45,bulk,-8.88E-16
I334001,C288154,Male,53,Souvenir,1,11.73,Cash,3/4/2021 0:00,Cevahir AVM,2021,3,4,3,0,11.73,46_55,single,0
I163629,C206685,Male,61,Clothing,4,1200.32,Cash,2/23/2022 0:00,Mall of Istanbul,2022,2,23,2,0,300.08,56_plus,bulk,0
I115235,C957467,Female,31,Food & Beverage,2,10.46,Credit Card,11/19/2022 0:00,Emaar Square Mall,2022,11,19,5,1,5.23,26_35,small,0
I184976,C811292,Female,39,Toys,4,143.36,Credit Card,5/24/2021 0:00,Mall of Istanbul,2021,5,24,0,0,35.84,36_45,bulk,0
I170526,C317591,Female,38,Food & Beverage,4,20.92,Cash,6/14/2022 0:00,Kanyon,2022,6,14,1,0,5.23,36_45,bulk,0
I733229,C175408,Female,45,Clothing,5,1500.4,Cash,11/7/2021 0:00,Kanyon,2021,11,7,6,1,300.08000000000004,36_45,bulk,5.684341886080804e-14
I177676,C127187,Female,65,Food & Beverage,1,5.23,Cash,2/11/2023 0:00,Metropol AVM,2023,2,11,5,1,5.23,56_plus,single,0
I721616,C301422,Female,24,Souvenir,5,58.65,Credit Card,8/25/2021 0:00,Viaport Outlet,2021,8,25,2,0,11.73,18_25,bulk,0
I161557,C138950,Male,62,Clothing,5,1500.4,Cash,10/12/2022 0:00,Mall of Istanbul,2022,10,12,2,0,300.08000000000004,56_plus,bulk,5.684341886080804e-14
I130515,C125486,Female,20,Food & Beverage,1,5.23,Cash,9/24/2021 0:00,Kanyon,2021,9,24,4,0,5.23,18_25,single,0
I151604,C217808,Female,37,Clothing,1,300.08,Cash,9/11/2021 0:00,Kanyon,2021,9,11,5,1,300.08,36_45,single,0
I132424,C239106,Female,23,Food & Beverage,5,26.15,Credit Card,8/5/2022 0:00,Kanyon,2022,8,5,4,0,5.23,18_25,bulk,-8.88E-16
I333454,C240942,Male,68,Food & Beverage,4,20.92,Credit Card,5/28/2022 0:00,Forum Istanbul,2022,5,28,5,1,5.23,56_plus,bulk,0
I835759,C334286,Male,46,Cosmetics,1,40.66,Cash,11/13/2022 0:00,Mall of Istanbul,2022,11,13,6,1,40.66,46_55,single,0
I182899,C333689,Female,47,Clothing,5,1500.4,Cash,10/13/2022 0:00,Mall of Istanbul,2022,10,13,3,0,300.08000000000004,46_55,bulk,5.684341886080804e-14
I102194,C328882,Female,63,Toys,4,143.36,Debit Card,10/27/2021 0:00,Mall of Istanbul,2021,10,27,2,0,35.84,56_plus,bulk,0
I157393,C293089,Male,60,Toys,4,143.36,Cash,3/11/2022 0:00,Kanyon,2022,3,11,4,0,35.84,56_plus,bulk,0
I197469,C186472,Female,64,Cosmetics,1,40.66,Debit Card,1/17/2022 0:00,Cevahir AVM,2022,1,17,0,0,40.66,56_plus,single,0
I244673,C263263,Male,53,Technology,3,3150,Debit Card,5/3/2022 0:00,Metropol AVM,2022,5,3,1,0,1050,46_55,small,0
I145319,C631621,Male,47,Technology,4,4200,Cash,3/11/2021 0:00,Kanyon,2021,3,11,3,0,1050,46_55,bulk,0
I545664,C876866,Female,39,Books,1,15.15,Credit Card,1/6/2023 0:00,Metropol AVM,2023,1,6,4,0,15.15,36_45,single,0
I859500,C274514,Female,19,Toys,5,179.2,Credit Card,1/18/2022 0:00,Cevahir AVM,2022,1,18,1,0,35.84,18_25,bulk,-7.11E-15
I453370,C277775,Male,41,Cosmetics,3,121.98,Credit Card,10/12/2022 0:00,Mall of Istanbul,2022,10,12,2,0,40.66,36_45,small,7.105427357601002e-15
I145992,C296884,Female,37,Food & Beverage,4,20.92,Debit Card,7/7/2022 0:00,Metrocity,2022,7,7,3,0,5.23,36_45,bulk,0
I263775,C318560,Female,25,Cosmetics,5,203.3,Credit Card,2/14/2023 0:00,Cevahir AVM,2023,2,14,1,0,40.66,18_25,bulk,7.105427357601002e-15
I140135,C253649,Male,64,Clothing,4,1200.32,Cash,3/26/2022 0:00,Kanyon,2022,3,26,5,1,300.08,56_plus,bulk,0
I303800,C203949,Female,53,Souvenir,1,11.73,Debit Card,6/9/2021 0:00,Mall of Istanbul,2021,6,9,2,0,11.73,46_55,single,0
I381826,C148238,Male,22,Cosmetics,1,40.66,Credit Card,1/17/2023 0:00,Mall of Istanbul,2023,1,17,1,0,40.66,18_25,single,0
I232276,C266929,Male,68,Cosmetics,2,81.32,Credit Card,5/15/2022 0:00,Cevahir AVM,2022,5,15,6,1,40.66,56_plus,small,0
I997072,C114891,Male,47,Toys,5,179.2,Cash,4/10/2021 0:00,Metropol AVM,2021,4,10,5,1,35.84,46_55,bulk,-7.11E-15
I152545,C161718,Female,44,Clothing,4,1200.32,Cash,7/5/2022 0:00,Cevahir AVM,2022,7,5,1,0,300.08,36_45,bulk,0
I311335,C150920,Male,51,Clothing,3,900.24,Cash,3/7/2021 0:00,Kanyon,2021,3,7,6,1,300.08,46_55,small,0
I143985,C123408,Female,62,Shoes,2,1200.34,Credit Card,10/20/2021 0:00,Zorlu Center,2021,10,20,2,0,600.17,56_plus,small,0
I178248,C495774,Male,35,Clothing,2,600.16,Credit Card,1/14/2021 0:00,Cevahir AVM,2021,1,14,3,0,300.08,26_35,small,0
I186318,C777068,Female,28,Clothing,1,300.08,Debit Card,4/19/2021 0:00,Forum Istanbul,2021,4,19,0,0,300.08,26_35,single,0
I302188,C306593,Male,63,Clothing,1,300.08,Cash,3/28/2022 0:00,Mall of Istanbul,2022,3,28,0,0,300.08,56_plus,single,0
I314309,C205372,Male,36,Cosmetics,1,40.66,Cash,6/29/2022 0:00,Mall of Istanbul,2022,6,29,2,0,40.66,36_45,single,0
I112052,C856387,Male,69,Food & Beverage,5,26.15,Credit Card,6/20/2022 0:00,Emaar Square Mall,2022,6,20,0,0,5.23,56_plus,bulk,-8.88E-16
I157454,C587144,Male,58,Clothing,1,300.08,Cash,8/29/2022 0:00,Viaport Outlet,2022,8,29,0,0,300.08,56_plus,single,0
I745252,C153427,Female,27,Clothing,3,900.24,Credit Card,6/16/2022 0:00,Istinye Park,2022,6,16,3,0,300.08,26_35,small,0
I253596,C177601,Female,33,Clothing,5,1500.4,Debit Card,3/11/2021 0:00,Metropol AVM,2021,3,11,3,0,300.08000000000004,26_35,bulk,5.684341886080804e-14
I232603,C156334,Female,51,Food & Beverage,4,20.92,Debit Card,1/18/2023 0:00,Istinye Park,2023,1,18,2,0,5.23,46_55,bulk,0
I182741,C940548,Male,25,Clothing,3,900.24,Credit Card,6/9/2022 0:00,Metrocity,2022,6,9,3,0,300.08,18_25,small,0
I120124,C116735,Male,19,Clothing,3,900.24,Cash,7/6/2021 0:00,Cevahir AVM,2021,7,6,1,0,300.08,18_25,small,0
I191132,C189299,Female,42,Cosmetics,1,40.66,Cash,9/29/2021 0:00,Metropol AVM,2021,9,29,2,0,40.66,36_45,single,0
I709615,C941442,Male,30,Clothing,2,600.16,Cash,10/15/2021 0:00,Emaar Square Mall,2021,10,15,4,0,300.08,26_35,small,0
I933622,C495816,Female,35,Clothing,5,1500.4,Credit Card,6/23/2021 0:00,Cevahir AVM,2021,6,23,2,0,300.08000000000004,26_35,bulk,5.684341886080804e-14
I156284,C365092,Female,27,Clothing,5,1500.4,Credit Card,12/28/2021 0:00,Metropol AVM,2021,12,28,1,0,300.08000000000004,26_35,bulk,5.684341886080804e-14
I104113,C152506,Male,66,Shoes,4,2400.68,Cash,9/17/2022 0:00,Istinye Park,2022,9,17,5,1,600.17,56_plus,bulk,0
I159630,C104852,Male,42,Cosmetics,5,203.3,Credit Card,3/7/2023 0:00,Metrocity,2023,3,7,1,0,40.66,36_45,bulk,7.105427357601002e-15
I203644,C143052,Female,19,Technology,3,3150,Cash,5/7/2022 0:00,Viaport Outlet,2022,5,7,5,1,1050,18_25,small,0
I249528,C891204,Female,20,Food & Beverage,4,20.92,Debit Card,1/10/2021 0:00,Kanyon,2021,1,10,6,1,5.23,18_25,bulk,0
I340237,C807644,Male,63,Clothing,2,600.16,Cash,12/31/2021 0:00,Metrocity,2021,12,31,4,0,300.08,56_plus,small,0
I193368,C153156,Male,59,Technology,3,3150,Cash,10/11/2022 0:00,Metropol AVM,2022,10,11,1,0,1050,56_plus,small,0
I256010,C177136,Male,68,Toys,1,35.84,Cash,2/20/2023 0:00,Istinye Park,2023,2,20,0,0,35.84,56_plus,single,0
I700893,C135897,Female,38,Souvenir,2,23.46,Debit Card,9/21/2021 0:00,Kanyon,2021,9,21,1,0,11.73,36_45,small,0
I943072,C358486,Female,52,Cosmetics,2,81.32,Cash,2/3/2022 0:00,Metrocity,2022,2,3,3,0,40.66,46_55,small,0
I238475,C317299,Female,40,Cosmetics,2,81.32,Credit Card,4/29/2021 0:00,Metrocity,2021,4,29,3,0,40.66,36_45,small,0
I202393,C236377,Male,57,Toys,4,143.36,Credit Card,1/2/2022 0:00,Metrocity,2022,1,2,6,1,35.84,56_plus,bulk,0
I501012,C175198,Female,62,Shoes,5,3000.85,Cash,2/22/2021 0:00,Kanyon,2021,2,22,0,0,600.17,56_plus,bulk,0
I269007,C196825,Male,65,Souvenir,5,58.65,Credit Card,6/29/2021 0:00,Metropol AVM,2021,6,29,1,0,11.73,56_plus,bulk,0
I877397,C272756,Male,25,Shoes,5,3000.85,Cash,10/9/2022 0:00,Kanyon,2022,10,9,6,1,600.17,18_25,bulk,0
I673132,C158522,Female,69,Clothing,5,1500.4,Cash,11/29/2022 0:00,Kanyon,2022,11,29,1,0,300.08000000000004,56_plus,bulk,5.684341886080804e-14
I150831,C219140,Female,68,Clothing,5,1500.4,Cash,7/13/2021 0:00,Metrocity,2021,7,13,1,0,300.08000000000004,56_plus,bulk,5.684341886080804e-14
I136452,C322652,Female,35,Food & Beverage,5,26.15,Cash,11/1/2021 0:00,Metrocity,2021,11,1,0,0,5.23,26_35,bulk,-8.88E-16
I687959,C201180,Female,43,Clothing,5,1500.4,Cash,1/18/2021 0:00,Kanyon,2021,1,18,0,0,300.08000000000004,36_45,bulk,5.684341886080804e-14
I251584,C323038,Male,64,Souvenir,3,35.19,Debit Card,6/25/2021 0:00,Forum Istanbul,2021,6,25,4,0,11.73,56_plus,small,-1.78E-15
I770372,C759064,Male,22,Cosmetics,4,162.64,Cash,7/19/2022 0:00,Metrocity,2022,7,19,1,0,40.66,18_25,bulk,0
I299755,C418156,Male,63,Clothing,3,900.24,Cash,9/2/2021 0:00,Cevahir AVM,2021,9,2,3,0,300.08,56_plus,small,0
I296057,C217852,Female,38,Food & Beverage,4,20.92,Cash,6/24/2021 0:00,Kanyon,2021,6,24,3,0,5.23,36_45,bulk,0
I174053,C485136,Male,56,Toys,3,107.52,Credit Card,8/26/2021 0:00,Kanyon,2021,8,26,3,0,35.84,56_plus,small,-7.11E-15
I255370,C231914,Female,40,Cosmetics,2,81.32,Cash,12/7/2021 0:00,Emaar Square Mall,2021,12,7,1,0,40.66,36_45,small,0
I654585,C305390,Male,26,Shoes,2,1200.34,Debit Card,2/8/2023 0:00,Emaar Square Mall,2023,2,8,2,0,600.17,26_35,small,0
I423946,C132570,Female,43,Toys,5,179.2,Credit Card,2/5/2023 0:00,Cevahir AVM,2023,2,5,6,1,35.84,36_45,bulk,-7.11E-15
I328998,C285303,Female,33,Food & Beverage,3,15.69,Debit Card,6/3/2021 0:00,Metropol AVM,2021,6,3,3,0,5.23,26_35,small,-8.88E-16
I336065,C306388,Male,61,Clothing,3,900.24,Cash,2/26/2021 0:00,Istinye Park,2021,2,26,4,0,300.08,56_plus,small,0
I114259,C271566,Male,38,Clothing,4,1200.32,Cash,4/15/2021 0:00,Viaport Outlet,2021,4,15,3,0,300.08,36_45,bulk,0
I215271,C260448,Female,53,Clothing,2,600.16,Credit Card,4/28/2022 0:00,Kanyon,2022,4,28,3,0,300.08,46_55,small,0
I326699,C100297,Male,39,Cosmetics,3,121.98,Debit Card,9/12/2022 0:00,Metrocity,2022,9,12,0,0,40.66,36_45,small,7.105427357601002e-15
I166604,C293242,Male,25,Technology,1,1050,Credit Card,3/28/2022 0:00,Forum Istanbul,2022,3,28,0,0,1050,18_25,single,0
I136211,C194128,Female,34,Toys,1,35.84,Debit Card,3/17/2021 0:00,Metropol AVM,2021,3,17,2,0,35.84,26_35,single,0
I673088,C256582,Female,49,Clothing,2,600.16,Debit Card,1/27/2023 0:00,Forum Istanbul,2023,1,27,4,0,300.08,46_55,small,0
I133072,C274080,Male,33,Souvenir,3,35.19,Cash,1/30/2023 0:00,Zorlu Center,2023,1,30,0,0,11.73,26_35,small,-1.78E-15
I551572,C330253,Male,53,Cosmetics,5,203.3,Cash,2/28/2023 0:00,Emaar Square Mall,2023,2,28,1,0,40.66,46_55,bulk,7.105427357601002e-15
I281106,C971829,Female,22,Cosmetics,1,40.66,Debit Card,4/10/2022 0:00,Mall of Istanbul,2022,4,10,6,1,40.66,18_25,single,0
I332326,C499205,Female,49,Clothing,4,1200.32,Credit Card,8/18/2021 0:00,Istinye Park,2021,8,18,2,0,300.08,46_55,bulk,0
I201202,C333528,Male,50,Cosmetics,2,81.32,Cash,12/25/2021 0:00,Kanyon,2021,12,25,5,1,40.66,46_55,small,0
I280174,C333530,Male,63,Shoes,4,2400.68,Debit Card,12/5/2022 0:00,Metrocity,2022,12,5,0,0,600.17,56_plus,bulk,0
I943576,C189296,Female,63,Food & Beverage,3,15.69,Cash,6/28/2022 0:00,Metrocity,2022,6,28,1,0,5.23,56_plus,small,-8.88E-16
I259781,C262315,Female,60,Clothing,2,600.16,Credit Card,4/13/2022 0:00,Kanyon,2022,4,13,2,0,300.08,56_plus,small,0
I137118,C179179,Male,52,Toys,2,71.68,Credit Card,7/15/2021 0:00,Kanyon,2021,7,15,3,0,35.84,46_55,small,0
I107436,C156832,Female,27,Cosmetics,4,162.64,Cash,11/26/2021 0:00,Istinye Park,2021,11,26,4,0,40.66,26_35,bulk,0
I511462,C327860,Male,32,Cosmetics,3,121.98,Credit Card,5/5/2021 0:00,Metrocity,2021,5,5,2,0,40.66,26_35,small,7.105427357601002e-15
I244711,C180375,Female,55,Clothing,4,1200.32,Cash,11/21/2021 0:00,Mall of Istanbul,2021,11,21,6,1,300.08,46_55,bulk,0
I173395,C249924,Male,40,Clothing,2,600.16,Credit Card,6/28/2022 0:00,Metrocity,2022,6,28,1,0,300.08,36_45,small,0
I114880,C881426,Female,62,Food & Beverage,1,5.23,Debit Card,2/23/2022 0:00,Cevahir AVM,2022,2,23,2,0,5.23,56_plus,single,0
I312444,C206992,Female,58,Clothing,4,1200.32,Debit Card,7/22/2021 0:00,Mall of Istanbul,2021,7,22,3,0,300.08,56_plus,bulk,0
I301816,C927012,Female,19,Clothing,1,300.08,Credit Card,12/17/2021 0:00,Cevahir AVM,2021,12,17,4,0,300.08,18_25,single,0
I237321,C253365,Female,56,Food & Beverage,1,5.23,Cash,10/21/2021 0:00,Mall of Istanbul,2021,10,21,3,0,5.23,56_plus,single,0
I796890,C165098,Male,34,Food & Beverage,5,26.15,Credit Card,3/7/2022 0:00,Viaport Outlet,2022,3,7,0,0,5.23,26_35,bulk,-8.88E-16
I872237,C583741,Female,48,Cosmetics,2,81.32,Debit Card,1/23/2023 0:00,Mall of Istanbul,2023,1,23,0,0,40.66,46_55,small,0
I627422,C172310,Male,48,Food & Beverage,5,26.15,Debit Card,12/16/2021 0:00,Istinye Park,2021,12,16,3,0,5.23,46_55,bulk,-8.88E-16
I329257,C113382,Male,62,Toys,3,107.52,Credit Card,9/19/2022 0:00,Mall of Istanbul,2022,9,19,0,0,35.84,56_plus,small,-7.11E-15
I305096,C217693,Male,18,Toys,3,107.52,Cash,12/4/2022 0:00,Istinye Park,2022,12,4,6,1,35.84,18_25,small,-7.11E-15
I219667,C290353,Female,31,Toys,1,35.84,Credit Card,10/31/2021 0:00,Metrocity,2021,10,31,6,1,35.84,26_35,single,0
I316691,C733216,Male,63,Books,3,45.45,Debit Card,3/5/2021 0:00,Forum Istanbul,2021,3,5,4,0,15.15,56_plus,small,0
I344679,C259291,Female,51,Clothing,5,1500.4,Credit Card,10/29/2022 0:00,Mall of Istanbul,2022,10,29,5,1,300.08000000000004,46_55,bulk,5.684341886080804e-14
I463729,C526898,Male,53,Technology,3,3150,Cash,5/18/2022 0:00,Viaport Outlet,2022,5,18,2,0,1050,46_55,small,0
I322976,C227009,Female,32,Food & Beverage,1,5.23,Cash,3/11/2022 0:00,Mall of Istanbul,2022,3,11,4,0,5.23,26_35,single,0
I191314,C233416,Female,59,Clothing,3,900.24,Debit Card,8/24/2022 0:00,Mall of Istanbul,2022,8,24,2,0,300.08,56_plus,small,0
I144309,C278250,Female,48,Cosmetics,2,81.32,Cash,8/2/2022 0:00,Istinye Park,2022,8,2,1,0,40.66,46_55,small,0
I333125,C760608,Male,69,Souvenir,2,23.46,Cash,3/4/2021 0:00,Istinye Park,2021,3,4,3,0,11.73,56_plus,small,0
I267695,C107828,Female,54,Clothing,3,900.24,Cash,9/10/2021 0:00,Metrocity,2021,9,10,4,0,300.08,46_55,small,0
I256958,C230309,Female,40,Technology,2,2100,Cash,1/31/2021 0:00,Istinye Park,2021,1,31,6,1,1050,36_45,small,0
I434070,C129631,Female,28,Toys,4,143.36,Cash,9/22/2022 0:00,Kanyon,2022,9,22,3,0,35.84,26_35,bulk,0
I254527,C134688,Male,34,Cosmetics,4,162.64,Cash,1/30/2022 0:00,Mall of Istanbul,2022,1,30,6,1,40.66,26_35,bulk,0
I233645,C927125,Male,46,Clothing,1,300.08,Cash,6/26/2022 0:00,Kanyon,2022,6,26,6,1,300.08,46_55,single,0
I237028,C104514,Female,37,Clothing,3,900.24,Credit Card,3/10/2021 0:00,Viaport Outlet,2021,3,10,2,0,300.08,36_45,small,0
I809673,C506591,Male,36,Clothing,4,1200.32,Debit Card,7/25/2021 0:00,Metropol AVM,2021,7,25,6,1,300.08,36_45,bulk,0
I437672,C279462,Female,57,Shoes,1,600.17,Credit Card,2/12/2021 0:00,Metrocity,2021,2,12,4,0,600.17,56_plus,single,0
I959689,C306875,Female,58,Food & Beverage,4,20.92,Debit Card,9/17/2022 0:00,Metrocity,2022,9,17,5,1,5.23,56_plus,bulk,0
I246024,C281104,Female,24,Shoes,1,600.17,Credit Card,7/22/2022 0:00,Forum Istanbul,2022,7,22,4,0,600.17,18_25,single,0
I197581,C874607,Male,22,Clothing,2,600.16,Cash,9/21/2022 0:00,Istinye Park,2022,9,21,2,0,300.08,18_25,small,0
I129400,C262637,Female,59,Technology,5,5250,Cash,10/11/2021 0:00,Metrocity,2021,10,11,0,0,1050,56_plus,bulk,0
I331568,C141771,Female,25,Shoes,3,1800.51,Credit Card,5/26/2022 0:00,Metropol AVM,2022,5,26,3,0,600.17,18_25,small,0
I180239,C170616,Female,54,Cosmetics,1,40.66,Cash,8/14/2022 0:00,Mall of Istanbul,2022,8,14,6,1,40.66,46_55,single,0
I122803,C247135,Male,32,Toys,3,107.52,Credit Card,1/27/2023 0:00,Mall of Istanbul,2023,1,27,4,0,35.84,26_35,small,-7.11E-15
I150569,C184376,Male,42,Clothing,3,900.24,Cash,6/7/2022 0:00,Mall of Istanbul,2022,6,7,1,0,300.08,36_45,small,0
I226655,C196128,Male,18,Food & Beverage,5,26.15,Cash,9/15/2022 0:00,Emaar Square Mall,2022,9,15,3,0,5.23,18_25,bulk,-8.88E-16
I110735,C190753,Male,37,Clothing,5,1500.4,Credit Card,2/24/2023 0:00,Emaar Square Mall,2023,2,24,4,0,300.08000000000004,36_45,bulk,5.684341886080804e-14
I493458,C162100,Male,69,Toys,5,179.2,Cash,1/27/2021 0:00,Viaport Outlet,2021,1,27,2,0,35.84,56_plus,bulk,-7.11E-15
I333364,C227729,Female,44,Cosmetics,1,40.66,Cash,11/19/2022 0:00,Istinye Park,2022,11,19,5,1,40.66,36_45,single,0
I186085,C136801,Male,31,Cosmetics,1,40.66,Credit Card,4/18/2022 0:00,Metrocity,2022,4,18,0,0,40.66,26_35,single,0
I218835,C234272,Male,20,Shoes,3,1800.51,Debit Card,1/12/2021 0:00,Mall of Istanbul,2021,1,12,1,0,600.17,18_25,small,0
I169882,C103669,Female,19,Clothing,3,900.24,Cash,8/29/2021 0:00,Mall of Istanbul,2021,8,29,6,1,300.08,18_25,small,0
I163204,C157525,Male,22,Food & Beverage,3,15.69,Debit Card,11/8/2022 0:00,Mall of Istanbul,2022,11,8,1,0,5.23,18_25,small,-8.88E-16
I336275,C310050,Female,69,Clothing,2,600.16,Credit Card,7/26/2021 0:00,Kanyon,2021,7,26,0,0,300.08,56_plus,small,0
I787564,C358343,Male,64,Clothing,1,300.08,Credit Card,2/27/2022 0:00,Viaport Outlet,2022,2,27,6,1,300.08,56_plus,single,0
I158717,C328116,Female,42,Clothing,3,900.24,Cash,10/13/2021 0:00,Mall of Istanbul,2021,10,13,2,0,300.08,36_45,small,0
I107956,C351417,Female,31,Clothing,1,300.08,Cash,8/2/2022 0:00,Istinye Park,2022,8,2,1,0,300.08,26_35,single,0
I982978,C404559,Male,56,Toys,5,179.2,Debit Card,9/20/2022 0:00,Metropol AVM,2022,9,20,1,0,35.84,56_plus,bulk,-7.11E-15
I909944,C908173,Male,49,Clothing,4,1200.32,Cash,12/21/2021 0:00,Mall of Istanbul,2021,12,21,1,0,300.08,46_55,bulk,0
I370941,C277502,Female,28,Shoes,5,3000.85,Cash,5/20/2022 0:00,Emaar Square Mall,2022,5,20,4,0,600.17,26_35,bulk,0
I302445,C890285,Female,39,Souvenir,2,23.46,Cash,3/9/2021 0:00,Kanyon,2021,3,9,1,0,11.73,36_45,small,0
I284024,C527562,Male,23,Toys,2,71.68,Cash,2/7/2021 0:00,Viaport Outlet,2021,2,7,6,1,35.84,18_25,small,0
I337227,C764522,Male,41,Clothing,1,300.08,Credit Card,1/12/2021 0:00,Istinye Park,2021,1,12,1,0,300.08,36_45,single,0
I121293,C247501,Female,69,Toys,4,143.36,Cash,10/22/2021 0:00,Kanyon,2021,10,22,4,0,35.84,56_plus,bulk,0
I203325,C254844,Female,62,Shoes,1,600.17,Debit Card,1/18/2023 0:00,Kanyon,2023,1,18,2,0,600.17,56_plus,single,0
I154374,C138054,Male,45,Food & Beverage,3,15.69,Debit Card,2/11/2023 0:00,Cevahir AVM,2023,2,11,5,1,5.23,36_45,small,-8.88E-16
I301461,C201581,Male,64,Shoes,5,3000.85,Debit Card,5/24/2021 0:00,Metropol AVM,2021,5,24,0,0,600.17,56_plus,bulk,0
I559004,C201664,Female,31,Shoes,1,600.17,Debit Card,12/27/2021 0:00,Istinye Park,2021,12,27,0,0,600.17,26_35,single,0
I333113,C136370,Female,51,Toys,2,71.68,Debit Card,6/13/2021 0:00,Istinye Park,2021,6,13,6,1,35.84,46_55,small,0
I582724,C238067,Female,40,Technology,1,1050,Cash,7/7/2022 0:00,Forum Istanbul,2022,7,7,3,0,1050,36_45,single,0
I980841,C779507,Male,32,Food & Beverage,4,20.92,Debit Card,1/18/2021 0:00,Forum Istanbul,2021,1,18,0,0,5.23,26_35,bulk,0
I320647,C340113,Male,57,Cosmetics,5,203.3,Cash,3/28/2022 0:00,Kanyon,2022,3,28,0,0,40.66,56_plus,bulk,7.105427357601002e-15
I330787,C171974,Male,44,Toys,3,107.52,Credit Card,10/7/2021 0:00,Kanyon,2021,10,7,3,0,35.84,36_45,small,-7.11E-15
I380205,C272240,Female,68,Shoes,3,1800.51,Debit Card,7/12/2022 0:00,Kanyon,2022,7,12,1,0,600.17,56_plus,small,0
I437310,C140037,Female,28,Clothing,5,1500.4,Cash,3/25/2022 0:00,Metropol AVM,2022,3,25,4,0,300.08000000000004,26_35,bulk,5.684341886080804e-14
I592217,C749450,Female,47,Clothing,5,1500.4,Credit Card,8/31/2022 0:00,Istinye Park,2022,8,31,2,0,300.08000000000004,46_55,bulk,5.684341886080804e-14
I295844,C433022,Female,23,Food & Beverage,5,26.15,Cash,11/30/2022 0:00,Kanyon,2022,11,30,2,0,5.23,18_25,bulk,-8.88E-16
I592569,C764432,Female,61,Cosmetics,3,121.98,Cash,6/2/2021 0:00,Metrocity,2021,6,2,2,0,40.66,56_plus,small,7.105427357601002e-15
I154401,C229706,Female,48,Food & Beverage,3,15.69,Cash,5/4/2022 0:00,Mall of Istanbul,2022,5,4,2,0,5.23,46_55,small,-8.88E-16
I154497,C324307,Female,28,Shoes,4,2400.68,Debit Card,3/14/2022 0:00,Cevahir AVM,2022,3,14,0,0,600.17,26_35,bulk,0
I254452,C123198,Male,65,Clothing,4,1200.32,Credit Card,8/28/2022 0:00,Metrocity,2022,8,28,6,1,300.08,56_plus,bulk,0
I756736,C126771,Female,50,Clothing,1,300.08,Credit Card,12/8/2021 0:00,Kanyon,2021,12,8,2,0,300.08,46_55,single,0
I222472,C972483,Female,68,Clothing,2,600.16,Cash,8/11/2021 0:00,Cevahir AVM,2021,8,11,2,0,300.08,56_plus,small,0
I224053,C240248,Female,22,Clothing,1,300.08,Cash,12/7/2022 0:00,Forum Istanbul,2022,12,7,2,0,300.08,18_25,single,0
I267375,C143726,Female,64,Books,4,60.6,Cash,6/11/2022 0:00,Metropol AVM,2022,6,11,5,1,15.15,56_plus,bulk,0
I230063,C297154,Female,39,Cosmetics,4,162.64,Debit Card,6/13/2022 0:00,Metropol AVM,2022,6,13,0,0,40.66,36_45,bulk,0
I146183,C882709,Male,18,Books,2,30.3,Cash,1/24/2022 0:00,Cevahir AVM,2022,1,24,0,0,15.15,18_25,small,0
I164136,C242261,Female,66,Clothing,3,900.24,Debit Card,3/2/2022 0:00,Emaar Square Mall,2022,3,2,2,0,300.08,56_plus,small,0
I737068,C335880,Female,50,Clothing,4,1200.32,Cash,9/6/2022 0:00,Metrocity,2022,9,6,1,0,300.08,46_55,bulk,0
I359741,C248295,Male,46,Clothing,5,1500.4,Debit Card,5/9/2021 0:00,Kanyon,2021,5,9,6,1,300.08000000000004,46_55,bulk,5.684341886080804e-14
I989757,C293826,Male,66,Clothing,5,1500.4,Cash,2/25/2021 0:00,Metropol AVM,2021,2,25,3,0,300.08000000000004,56_plus,bulk,5.684341886080804e-14
I286811,C320906,Male,37,Shoes,1,600.17,Cash,10/28/2022 0:00,Metropol AVM,2022,10,28,4,0,600.17,36_45,single,0
I257209,C811252,Female,36,Toys,3,107.52,Credit Card,6/24/2021 0:00,Kanyon,2021,6,24,3,0,35.84,36_45,small,-7.11E-15
I107122,C315394,Male,41,Food & Beverage,3,15.69,Debit Card,11/18/2021 0:00,Kanyon,2021,11,18,3,0,5.23,36_45,small,-8.88E-16
I300758,C153426,Male,61,Food & Beverage,3,15.69,Debit Card,6/11/2021 0:00,Mall of Istanbul,2021,6,11,4,0,5.23,56_plus,small,-8.88E-16
I198404,C238242,Male,63,Shoes,2,1200.34,Cash,12/17/2021 0:00,Emaar Square Mall,2021,12,17,4,0,600.17,56_plus,small,0
I314977,C219163,Male,38,Clothing,5,1500.4,Credit Card,7/10/2021 0:00,Istinye Park,2021,7,10,5,1,300.08000000000004,36_45,bulk,5.684341886080804e-14
I247074,C269189,Male,37,Cosmetics,4,162.64,Credit Card,12/12/2022 0:00,Metrocity,2022,12,12,0,0,40.66,36_45,bulk,0
I104209,C120180,Female,22,Clothing,5,1500.4,Debit Card,2/25/2023 0:00,Forum Istanbul,2023,2,25,5,1,300.08000000000004,18_25,bulk,5.684341886080804e-14
I303740,C172231,Female,21,Toys,3,107.52,Credit Card,6/6/2022 0:00,Metrocity,2022,6,6,0,0,35.84,18_25,small,-7.11E-15
I645725,C181967,Male,47,Cosmetics,1,40.66,Debit Card,5/6/2021 0:00,Kanyon,2021,5,6,3,0,40.66,46_55,single,0
I129389,C910915,Male,30,Food & Beverage,4,20.92,Cash,8/4/2022 0:00,Kanyon,2022,8,4,3,0,5.23,26_35,bulk,0
I647346,C204658,Female,68,Food & Beverage,1,5.23,Cash,5/13/2022 0:00,Mall of Istanbul,2022,5,13,4,0,5.23,56_plus,single,0
I804077,C266551,Female,39,Toys,4,143.36,Cash,3/26/2021 0:00,Mall of Istanbul,2021,3,26,4,0,35.84,36_45,bulk,0
I148565,C936823,Female,41,Shoes,1,600.17,Cash,9/18/2021 0:00,Forum Istanbul,2021,9,18,5,1,600.17,36_45,single,0
I309110,C246242,Female,46,Cosmetics,3,121.98,Credit Card,1/4/2022 0:00,Istinye Park,2022,1,4,1,0,40.66,46_55,small,7.105427357601002e-15
I139756,C192016,Female,36,Clothing,2,600.16,Cash,12/21/2021 0:00,Istinye Park,2021,12,21,1,0,300.08,36_45,small,0
I135603,C107851,Male,46,Cosmetics,2,81.32,Cash,6/18/2021 0:00,Metrocity,2021,6,18,4,0,40.66,46_55,small,0
I891558,C246199,Female,36,Souvenir,5,58.65,Cash,2/28/2023 0:00,Viaport Outlet,2023,2,28,1,0,11.73,36_45,bulk,0
I112489,C669184,Male,20,Clothing,3,900.24,Credit Card,10/13/2021 0:00,Metrocity,2021,10,13,2,0,300.08,18_25,small,0
I308373,C747240,Male,39,Clothing,4,1200.32,Debit Card,4/17/2022 0:00,Metrocity,2022,4,17,6,1,300.08,36_45,bulk,0
I193277,C101820,Male,28,Clothing,5,1500.4,Debit Card,2/10/2023 0:00,Kanyon,2023,2,10,4,0,300.08000000000004,26_35,bulk,5.684341886080804e-14
I298784,C219405,Male,58,Clothing,5,1500.4,Cash,10/5/2021 0:00,Metrocity,2021,10,5,1,0,300.08000000000004,56_plus,bulk,5.684341886080804e-14
I706445,C267917,Female,59,Toys,3,107.52,Credit Card,2/26/2022 0:00,Istinye Park,2022,2,26,5,1,35.84,56_plus,small,-7.11E-15
I649394,C496288,Male,65,Toys,3,107.52,Credit Card,9/18/2022 0:00,Cevahir AVM,2022,9,18,6,1,35.84,56_plus,small,-7.11E-15
I238347,C218082,Female,49,Souvenir,3,35.19,Cash,2/15/2023 0:00,Mall of Istanbul,2023,2,15,2,0,11.73,46_55,small,-1.78E-15
I267671,C318138,Male,37,Technology,2,2100,Credit Card,10/28/2022 0:00,Metrocity,2022,10,28,4,0,1050,36_45,small,0
I315776,C148870,Female,40,Food & Beverage,2,10.46,Credit Card,7/20/2021 0:00,Mall of Istanbul,2021,7,20,1,0,5.23,36_45,small,0
I734459,C805162,Female,62,Cosmetics,5,203.3,Credit Card,6/10/2022 0:00,Istinye Park,2022,6,10,4,0,40.66,56_plus,bulk,7.105427357601002e-15
I175857,C325842,Female,55,Books,5,75.75,Credit Card,12/16/2022 0:00,Emaar Square Mall,2022,12,16,4,0,15.15,46_55,bulk,0
I820651,C224870,Male,58,Food & Beverage,4,20.92,Debit Card,1/29/2022 0:00,Mall of Istanbul,2022,1,29,5,1,5.23,56_plus,bulk,0
I242364,C302755,Male,66,Cosmetics,1,40.66,Debit Card,11/19/2021 0:00,Mall of Istanbul,2021,11,19,4,0,40.66,56_plus,single,0
I964057,C119941,Female,62,Clothing,4,1200.32,Debit Card,4/9/2022 0:00,Metrocity,2022,4,9,5,1,300.08,56_plus,bulk,0
I249450,C108695,Male,36,Clothing,3,900.24,Credit Card,12/30/2022 0:00,Mall of Istanbul,2022,12,30,4,0,300.08,36_45,small,0
I243786,C270583,Male,40,Clothing,2,600.16,Credit Card,3/2/2022 0:00,Istinye Park,2022,3,2,2,0,300.08,36_45,small,0
I227612,C131240,Male,31,Souvenir,5,58.65,Cash,4/26/2021 0:00,Mall of Istanbul,2021,4,26,0,0,11.73,26_35,bulk,0
I390891,C957630,Female,65,Souvenir,4,46.92,Debit Card,9/20/2021 0:00,Kanyon,2021,9,20,0,0,11.73,56_plus,bulk,0
I839939,C250284,Male,64,Cosmetics,1,40.66,Cash,8/2/2022 0:00,Mall of Istanbul,2022,8,2,1,0,40.66,56_plus,single,0
I134126,C847171,Male,22,Clothing,1,300.08,Debit Card,8/30/2022 0:00,Istinye Park,2022,8,30,1,0,300.08,18_25,single,0
I247853,C179628,Male,53,Souvenir,5,58.65,Debit Card,10/16/2021 0:00,Metrocity,2021,10,16,5,1,11.73,46_55,bulk,0
I149245,C103182,Female,55,Clothing,1,300.08,Cash,9/10/2022 0:00,Metropol AVM,2022,9,10,5,1,300.08,46_55,single,0
I205979,C287155,Female,53,Souvenir,1,11.73,Credit Card,4/16/2022 0:00,Mall of Istanbul,2022,4,16,5,1,11.73,46_55,single,0
I939180,C131652,Female,66,Clothing,3,900.24,Cash,1/2/2023 0:00,Emaar Square Mall,2023,1,2,0,0,300.08,56_plus,small,0
I175320,C335307,Female,53,Clothing,3,900.24,Credit Card,2/5/2022 0:00,Zorlu Center,2022,2,5,5,1,300.08,46_55,small,0
I105814,C249793,Female,36,Toys,4,143.36,Debit Card,11/19/2022 0:00,Mall of Istanbul,2022,11,19,5,1,35.84,36_45,bulk,0
I201030,C290659,Female,23,Food & Beverage,3,15.69,Cash,4/7/2021 0:00,Istinye Park,2021,4,7,2,0,5.23,18_25,small,-8.88E-16
I807684,C119283,Male,18,Shoes,5,3000.85,Credit Card,1/26/2023 0:00,Kanyon,2023,1,26,3,0,600.17,18_25,bulk,0
I732907,C295120,Female,30,Clothing,3,900.24,Credit Card,2/18/2021 0:00,Cevahir AVM,2021,2,18,3,0,300.08,26_35,small,0
I129852,C979437,Female,23,Books,4,60.6,Credit Card,6/13/2021 0:00,Metropol AVM,2021,6,13,6,1,15.15,18_25,bulk,0
I977498,C261214,Male,37,Food & Beverage,3,15.69,Credit Card,7/21/2022 0:00,Viaport Outlet,2022,7,21,3,0,5.23,36_45,small,-8.88E-16
I257526,C271084,Female,65,Cosmetics,3,121.98,Cash,5/31/2021 0:00,Mall of Istanbul,2021,5,31,0,0,40.66,56_plus,small,7.105427357601002e-15
I733818,C246843,Female,60,Toys,1,35.84,Cash,10/22/2022 0:00,Kanyon,2022,10,22,5,1,35.84,56_plus,single,0
I112059,C821913,Female,26,Clothing,2,600.16,Credit Card,5/11/2022 0:00,Emaar Square Mall,2022,5,11,2,0,300.08,26_35,small,0
I294805,C331833,Male,54,Technology,2,2100,Credit Card,1/31/2023 0:00,Kanyon,2023,1,31,1,0,1050,46_55,small,0
I135333,C336182,Female,60,Food & Beverage,4,20.92,Debit Card,6/24/2021 0:00,Istinye Park,2021,6,24,3,0,5.23,56_plus,bulk,0
I476107,C146935,Female,24,Clothing,3,900.24,Credit Card,6/13/2021 0:00,Viaport Outlet,2021,6,13,6,1,300.08,18_25,small,0
I640431,C231219,Male,63,Clothing,1,300.08,Cash,2/12/2021 0:00,Metrocity,2021,2,12,4,0,300.08,56_plus,single,0
I969594,C125729,Female,25,Clothing,2,600.16,Cash,3/15/2022 0:00,Zorlu Center,2022,3,15,1,0,300.08,18_25,small,0
I131243,C138998,Female,39,Clothing,2,600.16,Cash,1/30/2021 0:00,Metropol AVM,2021,1,30,5,1,300.08,36_45,small,0
I121976,C120695,Male,40,Clothing,1,300.08,Cash,8/23/2021 0:00,Kanyon,2021,8,23,0,0,300.08,36_45,single,0
I107070,C221336,Female,50,Clothing,4,1200.32,Cash,3/10/2022 0:00,Viaport Outlet,2022,3,10,3,0,300.08,46_55,bulk,0
I219219,C147815,Female,56,Shoes,2,1200.34,Credit Card,5/18/2022 0:00,Forum Istanbul,2022,5,18,2,0,600.17,56_plus,small,0
I110667,C232216,Female,44,Toys,4,143.36,Credit Card,7/30/2021 0:00,Zorlu Center,2021,7,30,4,0,35.84,36_45,bulk,0
I847150,C106221,Female,28,Clothing,2,600.16,Credit Card,12/8/2021 0:00,Mall of Istanbul,2021,12,8,2,0,300.08,26_35,small,0
I255598,C449662,Male,61,Shoes,2,1200.34,Credit Card,12/15/2022 0:00,Kanyon,2022,12,15,3,0,600.17,56_plus,small,0
I614632,C641643,Male,30,Clothing,4,1200.32,Credit Card,5/1/2021 0:00,Kanyon,2021,5,1,5,1,300.08,26_35,bulk,0
I729427,C106439,Male,65,Cosmetics,3,121.98,Cash,2/19/2021 0:00,Mall of Istanbul,2021,2,19,4,0,40.66,56_plus,small,7.105427357601002e-15
I258154,C130580,Male,50,Food & Beverage,2,10.46,Cash,7/2/2022 0:00,Zorlu Center,2022,7,2,5,1,5.23,46_55,small,0
I291568,C274154,Male,48,Books,5,75.75,Cash,4/27/2022 0:00,Cevahir AVM,2022,4,27,2,0,15.15,46_55,bulk,0
I314811,C196432,Female,68,Clothing,1,300.08,Cash,4/10/2021 0:00,Metrocity,2021,4,10,5,1,300.08,56_plus,single,0
I272454,C642218,Female,54,Clothing,2,600.16,Credit Card,12/29/2022 0:00,Metrocity,2022,12,29,3,0,300.08,46_55,small,0
I133603,C238370,Female,37,Cosmetics,1,40.66,Cash,1/30/2023 0:00,Kanyon,2023,1,30,0,0,40.66,36_45,single,0
I298330,C168401,Male,32,Clothing,1,300.08,Cash,4/19/2022 0:00,Forum Istanbul,2022,4,19,1,0,300.08,26_35,single,0
I118384,C704338,Male,20,Books,2,30.3,Debit Card,9/3/2022 0:00,Kanyon,2022,9,3,5,1,15.15,18_25,small,0
I182404,C260418,Female,67,Cosmetics,3,121.98,Debit Card,12/23/2021 0:00,Mall of Istanbul,2021,12,23,3,0,40.66,56_plus,small,7.105427357601002e-15
I511513,C219217,Female,59,Books,5,75.75,Cash,5/16/2021 0:00,Metropol AVM,2021,5,16,6,1,15.15,56_plus,bulk,0
I415135,C108412,Male,24,Books,1,15.15,Credit Card,3/31/2022 0:00,Kanyon,2022,3,31,3,0,15.15,18_25,single,0
I255463,C145781,Male,47,Clothing,5,1500.4,Credit Card,2/7/2023 0:00,Mall of Istanbul,2023,2,7,1,0,300.08000000000004,46_55,bulk,5.684341886080804e-14
I142677,C117109,Male,20,Clothing,5,1500.4,Debit Card,5/31/2022 0:00,Zorlu Center,2022,5,31,1,0,300.08000000000004,18_25,bulk,5.684341886080804e-14
I459867,C297491,Female,64,Shoes,2,1200.34,Credit Card,11/2/2021 0:00,Kanyon,2021,11,2,1,0,600.17,56_plus,small,0
I321686,C184536,Female,41,Cosmetics,3,121.98,Credit Card,7/17/2022 0:00,Kanyon,2022,7,17,6,1,40.66,36_45,small,7.105427357601002e-15
I185098,C208564,Female,65,Clothing,2,600.16,Credit Card,2/8/2022 0:00,Mall of Istanbul,2022,2,8,1,0,300.08,56_plus,small,0
I252502,C177894,Female,35,Toys,3,107.52,Credit Card,4/20/2021 0:00,Metrocity,2021,4,20,1,0,35.84,26_35,small,-7.11E-15
I830665,C146821,Female,21,Books,4,60.6,Debit Card,3/23/2022 0:00,Metrocity,2022,3,23,2,0,15.15,18_25,bulk,0
I177292,C702086,Male,69,Clothing,4,1200.32,Debit Card,1/22/2022 0:00,Emaar Square Mall,2022,1,22,5,1,300.08,56_plus,bulk,0
I137166,C308078,Male,57,Clothing,3,900.24,Cash,1/14/2022 0:00,Metropol AVM,2022,1,14,4,0,300.08,56_plus,small,0
I281056,C126750,Female,68,Toys,1,35.84,Credit Card,4/6/2022 0:00,Mall of Istanbul,2022,4,6,2,0,35.84,56_plus,single,0
I191678,C128475,Female,60,Clothing,1,300.08,Credit Card,1/26/2023 0:00,Emaar Square Mall,2023,1,26,3,0,300.08,56_plus,single,0
I575401,C322082,Female,25,Toys,3,107.52,Credit Card,4/30/2021 0:00,Viaport Outlet,2021,4,30,4,0,35.84,18_25,small,-7.11E-15
I633847,C101035,Male,18,Books,3,45.45,Cash,1/9/2021 0:00,Metrocity,2021,1,9,5,1,15.15,18_25,small,0
I191569,C195693,Female,39,Clothing,4,1200.32,Cash,12/26/2022 0:00,Kanyon,2022,12,26,0,0,300.08,36_45,bulk,0
I295644,C301498,Male,62,Cosmetics,2,81.32,Credit Card,8/30/2022 0:00,Metropol AVM,2022,8,30,1,0,40.66,56_plus,small,0
I124442,C441796,Female,51,Toys,4,143.36,Credit Card,10/6/2022 0:00,Kanyon,2022,10,6,3,0,35.84,46_55,bulk,0
I858587,C800455,Female,57,Shoes,2,1200.34,Credit Card,11/10/2022 0:00,Kanyon,2022,11,10,3,0,600.17,56_plus,small,0
I101734,C150574,Female,26,Shoes,2,1200.34,Credit Card,9/8/2021 0:00,Metropol AVM,2021,9,8,2,0,600.17,26_35,small,0
I298071,C331634,Male,62,Toys,5,179.2,Cash,10/10/2021 0:00,Mall of Istanbul,2021,10,10,6,1,35.84,56_plus,bulk,-7.11E-15
I167014,C277266,Female,33,Shoes,3,1800.51,Credit Card,11/4/2021 0:00,Mall of Istanbul,2021,11,4,3,0,600.17,26_35,small,0
I279402,C672565,Female,66,Souvenir,2,23.46,Credit Card,12/6/2022 0:00,Metropol AVM,2022,12,6,1,0,11.73,56_plus,small,0
I721627,C659355,Female,31,Toys,3,107.52,Credit Card,1/1/2022 0:00,Metrocity,2022,1,1,5,1,35.84,26_35,small,-7.11E-15
I667489,C357027,Male,19,Technology,3,3150,Credit Card,12/4/2022 0:00,Kanyon,2022,12,4,6,1,1050,18_25,small,0
I310424,C105907,Female,23,Cosmetics,2,81.32,Credit Card,3/6/2022 0:00,Cevahir AVM,2022,3,6,6,1,40.66,18_25,small,0
I293994,C943249,Female,69,Books,3,45.45,Credit Card,2/27/2021 0:00,Mall of Istanbul,2021,2,27,5,1,15.15,56_plus,small,0
I170017,C324253,Male,21,Technology,4,4200,Credit Card,12/9/2021 0:00,Mall of Istanbul,2021,12,9,3,0,1050,18_25,bulk,0
I234563,C222154,Male,30,Toys,4,143.36,Cash,1/8/2021 0:00,Zorlu Center,2021,1,8,4,0,35.84,26_35,bulk,0
I256424,C296005,Male,41,Clothing,2,600.16,Credit Card,6/12/2022 0:00,Metrocity,2022,6,12,6,1,300.08,36_45,small,0
I894887,C206187,Male,26,Toys,5,179.2,Cash,7/17/2022 0:00,Mall of Istanbul,2022,7,17,6,1,35.84,26_35,bulk,-7.11E-15
I337350,C380073,Male,63,Food & Beverage,4,20.92,Debit Card,7/26/2021 0:00,Kanyon,2021,7,26,0,0,5.23,56_plus,bulk,0
I148039,C247694,Female,24,Technology,4,4200,Debit Card,5/13/2022 0:00,Kanyon,2022,5,13,4,0,1050,18_25,bulk,0
I232977,C314806,Male,64,Cosmetics,3,121.98,Credit Card,12/12/2022 0:00,Istinye Park,2022,12,12,0,0,40.66,56_plus,small,7.105427357601002e-15
I581574,C592417,Female,52,Toys,4,143.36,Cash,5/25/2021 0:00,Mall of Istanbul,2021,5,25,1,0,35.84,46_55,bulk,0
I142675,C888275,Male,62,Books,3,45.45,Debit Card,5/10/2021 0:00,Mall of Istanbul,2021,5,10,0,0,15.15,56_plus,small,0
I239317,C337643,Male,63,Food & Beverage,1,5.23,Debit Card,7/7/2022 0:00,Metrocity,2022,7,7,3,0,5.23,56_plus,single,0
I228295,C173587,Male,51,Shoes,4,2400.68,Credit Card,12/28/2022 0:00,Metrocity,2022,12,28,2,0,600.17,46_55,bulk,0
I178496,C114370,Male,61,Cosmetics,5,203.3,Cash,8/25/2021 0:00,Mall of Istanbul,2021,8,25,2,0,40.66,56_plus,bulk,7.105427357601002e-15
I173362,C575209,Male,40,Clothing,3,900.24,Cash,11/30/2021 0:00,Mall of Istanbul,2021,11,30,1,0,300.08,36_45,small,0
I342404,C270381,Female,67,Toys,2,71.68,Cash,1/17/2021 0:00,Metrocity,2021,1,17,6,1,35.84,56_plus,small,0
I199214,C327329,Male,20,Cosmetics,4,162.64,Cash,1/6/2022 0:00,Forum Istanbul,2022,1,6,3,0,40.66,18_25,bulk,0
I132316,C133773,Female,40,Clothing,1,300.08,Credit Card,9/4/2021 0:00,Metrocity,2021,9,4,5,1,300.08,36_45,single,0
I121428,C153019,Female,35,Cosmetics,5,203.3,Debit Card,4/29/2021 0:00,Metropol AVM,2021,4,29,3,0,40.66,26_35,bulk,7.105427357601002e-15
I178950,C279861,Male,62,Toys,1,35.84,Cash,10/27/2022 0:00,Metrocity,2022,10,27,3,0,35.84,56_plus,single,0
I197361,C131176,Female,58,Cosmetics,5,203.3,Credit Card,1/29/2023 0:00,Kanyon,2023,1,29,6,1,40.66,56_plus,bulk,7.105427357601002e-15
I329198,C156318,Female,39,Clothing,1,300.08,Debit Card,10/30/2021 0:00,Emaar Square Mall,2021,10,30,5,1,300.08,36_45,single,0
I317140,C326893,Female,56,Souvenir,5,58.65,Cash,10/19/2022 0:00,Istinye Park,2022,10,19,2,0,11.73,56_plus,bulk,0
I327317,C114165,Female,25,Shoes,4,2400.68,Debit Card,8/17/2021 0:00,Zorlu Center,2021,8,17,1,0,600.17,18_25,bulk,0
I186952,C300273,Female,22,Shoes,5,3000.85,Credit Card,7/26/2022 0:00,Metrocity,2022,7,26,1,0,600.17,18_25,bulk,0
I236257,C167834,Female,63,Cosmetics,3,121.98,Credit Card,4/6/2021 0:00,Istinye Park,2021,4,6,1,0,40.66,56_plus,small,7.105427357601002e-15
I425845,C189038,Male,28,Cosmetics,3,121.98,Cash,1/2/2022 0:00,Kanyon,2022,1,2,6,1,40.66,26_35,small,7.105427357601002e-15
I197796,C322845,Female,55,Toys,2,71.68,Credit Card,7/11/2022 0:00,Emaar Square Mall,2022,7,11,0,0,35.84,46_55,small,0
I232489,C173388,Male,52,Clothing,5,1500.4,Cash,2/20/2022 0:00,Mall of Istanbul,2022,2,20,6,1,300.08000000000004,46_55,bulk,5.684341886080804e-14
I257954,C180462,Female,53,Toys,2,71.68,Credit Card,11/4/2021 0:00,Metrocity,2021,11,4,3,0,35.84,46_55,small,0
I151222,C711400,Male,32,Clothing,3,900.24,Cash,2/22/2021 0:00,Metrocity,2021,2,22,0,0,300.08,26_35,small,0
I220388,C206542,Female,20,Technology,1,1050,Cash,11/5/2021 0:00,Mall of Istanbul,2021,11,5,4,0,1050,18_25,single,0
I170699,C160723,Female,62,Cosmetics,5,203.3,Cash,8/20/2021 0:00,Kanyon,2021,8,20,4,0,40.66,56_plus,bulk,7.105427357601002e-15
I108711,C108858,Female,55,Clothing,5,1500.4,Credit Card,6/9/2022 0:00,Istinye Park,2022,6,9,3,0,300.08000000000004,46_55,bulk,5.684341886080804e-14
I113656,C145581,Female,52,Clothing,1,300.08,Credit Card,3/5/2022 0:00,Mall of Istanbul,2022,3,5,5,1,300.08,46_55,single,0
I296203,C724313,Male,46,Shoes,4,2400.68,Credit Card,10/4/2022 0:00,Metrocity,2022,10,4,1,0,600.17,46_55,bulk,0
I220372,C389955,Female,67,Food & Beverage,1,5.23,Credit Card,3/28/2022 0:00,Metropol AVM,2022,3,28,0,0,5.23,56_plus,single,0
I192898,C254167,Female,24,Shoes,1,600.17,Cash,7/21/2022 0:00,Mall of Istanbul,2022,7,21,3,0,600.17,18_25,single,0
I336295,C288928,Female,35,Clothing,5,1500.4,Cash,4/27/2022 0:00,Zorlu Center,2022,4,27,2,0,300.08000000000004,26_35,bulk,5.684341886080804e-14
I161259,C203912,Female,31,Cosmetics,5,203.3,Credit Card,10/9/2022 0:00,Mall of Istanbul,2022,10,9,6,1,40.66,26_35,bulk,7.105427357601002e-15
I500751,C106044,Female,69,Technology,1,1050,Cash,7/26/2022 0:00,Cevahir AVM,2022,7,26,1,0,1050,56_plus,single,0
I270826,C178298,Female,37,Shoes,1,600.17,Cash,2/25/2021 0:00,Mall of Istanbul,2021,2,25,3,0,600.17,36_45,single,0
I313022,C226111,Female,51,Clothing,5,1500.4,Cash,10/25/2021 0:00,Metrocity,2021,10,25,0,0,300.08000000000004,46_55,bulk,5.684341886080804e-14
I198405,C210026,Male,53,Cosmetics,3,121.98,Debit Card,5/1/2021 0:00,Mall of Istanbul,2021,5,1,5,1,40.66,46_55,small,7.105427357601002e-15
I222398,C216362,Female,46,Clothing,5,1500.4,Credit Card,4/16/2022 0:00,Zorlu Center,2022,4,16,5,1,300.08000000000004,46_55,bulk,5.684341886080804e-14
I663837,C292159,Male,57,Cosmetics,3,121.98,Debit Card,3/4/2023 0:00,Viaport Outlet,2023,3,4,5,1,40.66,56_plus,small,7.105427357601002e-15
I136878,C837378,Male,44,Cosmetics,1,40.66,Cash,11/8/2021 0:00,Istinye Park,2021,11,8,0,0,40.66,36_45,single,0
I197290,C172542,Male,41,Clothing,5,1500.4,Debit Card,3/24/2021 0:00,Cevahir AVM,2021,3,24,2,0,300.08000000000004,36_45,bulk,5.684341886080804e-14
I329424,C980536,Female,35,Technology,1,1050,Debit Card,6/17/2021 0:00,Mall of Istanbul,2021,6,17,3,0,1050,26_35,single,0
I273697,C301246,Male,63,Cosmetics,4,162.64,Credit Card,2/26/2022 0:00,Metrocity,2022,2,26,5,1,40.66,56_plus,bulk,0
I159557,C234753,Female,40,Cosmetics,4,162.64,Credit Card,7/31/2021 0:00,Mall of Istanbul,2021,7,31,5,1,40.66,36_45,bulk,0
I201157,C911260,Male,51,Clothing,2,600.16,Cash,10/24/2021 0:00,Kanyon,2021,10,24,6,1,300.08,46_55,small,0
I156914,C174315,Female,48,Clothing,3,900.24,Cash,11/17/2022 0:00,Kanyon,2022,11,17,3,0,300.08,46_55,small,0
I298499,C223223,Female,59,Cosmetics,3,121.98,Cash,4/18/2021 0:00,Kanyon,2021,4,18,6,1,40.66,56_plus,small,7.105427357601002e-15
I352678,C732993,Female,61,Shoes,2,1200.34,Credit Card,10/4/2022 0:00,Mall of Istanbul,2022,10,4,1,0,600.17,56_plus,small,0
I370831,C268237,Female,43,Cosmetics,2,81.32,Debit Card,11/25/2021 0:00,Metrocity,2021,11,25,3,0,40.66,36_45,small,0
I429222,C133222,Female,25,Books,5,75.75,Cash,3/13/2022 0:00,Mall of Istanbul,2022,3,13,6,1,15.15,18_25,bulk,0
I229427,C330587,Male,33,Shoes,5,3000.85,Cash,1/14/2022 0:00,Emaar Square Mall,2022,1,14,4,0,600.17,26_35,bulk,0
I256142,C245445,Female,61,Food & Beverage,3,15.69,Cash,6/18/2021 0:00,Zorlu Center,2021,6,18,4,0,5.23,56_plus,small,-8.88E-16
I146049,C393238,Female,54,Food & Beverage,1,5.23,Credit Card,9/13/2022 0:00,Metrocity,2022,9,13,1,0,5.23,46_55,single,0
I141906,C771376,Male,58,Food & Beverage,3,15.69,Cash,8/7/2021 0:00,Metrocity,2021,8,7,5,1,5.23,56_plus,small,-8.88E-16
I117953,C662613,Female,50,Clothing,1,300.08,Cash,1/18/2023 0:00,Forum Istanbul,2023,1,18,2,0,300.08,46_55,single,0
I169186,C185792,Female,35,Toys,3,107.52,Credit Card,7/16/2022 0:00,Istinye Park,2022,7,16,5,1,35.84,26_35,small,-7.11E-15
I219422,C441542,Female,45,Souvenir,5,58.65,Credit Card,9/21/2022 0:00,Kanyon,2022,9,21,2,0,11.73,36_45,bulk,0
I182414,C293844,Male,30,Cosmetics,4,162.64,Debit Card,4/20/2021 0:00,Metrocity,2021,4,20,1,0,40.66,26_35,bulk,0
I156339,C940193,Female,34,Books,5,75.75,Credit Card,10/25/2021 0:00,Metrocity,2021,10,25,0,0,15.15,26_35,bulk,0
I160386,C120302,Female,62,Cosmetics,3,121.98,Cash,11/22/2021 0:00,Mall of Istanbul,2021,11,22,0,0,40.66,56_plus,small,7.105427357601002e-15
I365422,C123705,Male,50,Food & Beverage,4,20.92,Cash,4/27/2021 0:00,Istinye Park,2021,4,27,1,0,5.23,46_55,bulk,0
I464136,C724951,Male,49,Cosmetics,3,121.98,Cash,9/15/2021 0:00,Mall of Istanbul,2021,9,15,2,0,40.66,46_55,small,7.105427357601002e-15
I343867,C539272,Female,53,Souvenir,2,23.46,Debit Card,1/18/2021 0:00,Kanyon,2021,1,18,0,0,11.73,46_55,small,0
I900934,C206680,Male,67,Clothing,1,300.08,Debit Card,10/11/2022 0:00,Metropol AVM,2022,10,11,1,0,300.08,56_plus,single,0
I247346,C222902,Female,27,Shoes,2,1200.34,Debit Card,8/31/2022 0:00,Forum Istanbul,2022,8,31,2,0,600.17,26_35,small,0
I278847,C304767,Female,36,Clothing,3,900.24,Cash,1/8/2021 0:00,Metropol AVM,2021,1,8,4,0,300.08,36_45,small,0
I266107,C280740,Female,19,Food & Beverage,2,10.46,Cash,8/29/2021 0:00,Mall of Istanbul,2021,8,29,6,1,5.23,18_25,small,0
I291419,C120828,Female,47,Clothing,4,1200.32,Credit Card,9/14/2022 0:00,Zorlu Center,2022,9,14,2,0,300.08,46_55,bulk,0
I323477,C254124,Male,60,Food & Beverage,2,10.46,Credit Card,10/19/2022 0:00,Mall of Istanbul,2022,10,19,2,0,5.23,56_plus,small,0
I513073,C465535,Male,18,Clothing,5,1500.4,Cash,9/14/2022 0:00,Mall of Istanbul,2022,9,14,2,0,300.08000000000004,18_25,bulk,5.684341886080804e-14
I683443,C320149,Female,48,Food & Beverage,5,26.15,Debit Card,7/24/2022 0:00,Mall of Istanbul,2022,7,24,6,1,5.23,46_55,bulk,-8.88E-16
I296870,C142527,Male,18,Books,4,60.6,Credit Card,2/6/2022 0:00,Metropol AVM,2022,2,6,6,1,15.15,18_25,bulk,0
I401856,C160319,Male,39,Toys,1,35.84,Debit Card,5/24/2021 0:00,Mall of Istanbul,2021,5,24,0,0,35.84,36_45,single,0
I304433,C313244,Female,64,Clothing,3,900.24,Credit Card,3/29/2021 0:00,Mall of Istanbul,2021,3,29,0,0,300.08,56_plus,small,0
I188030,C255910,Female,40,Technology,4,4200,Cash,10/18/2021 0:00,Viaport Outlet,2021,10,18,0,0,1050,36_45,bulk,0
I294754,C240750,Male,38,Clothing,2,600.16,Cash,9/26/2022 0:00,Kanyon,2022,9,26,0,0,300.08,36_45,small,0
I182725,C287347,Female,21,Shoes,2,1200.34,Debit Card,5/6/2021 0:00,Mall of Istanbul,2021,5,6,3,0,600.17,18_25,small,0
I290903,C585153,Male,61,Clothing,4,1200.32,Cash,1/16/2022 0:00,Mall of Istanbul,2022,1,16,6,1,300.08,56_plus,bulk,0
I313445,C763130,Male,67,Toys,5,179.2,Cash,3/8/2021 0:00,Kanyon,2021,3,8,0,0,35.84,56_plus,bulk,-7.11E-15
I732364,C148178,Male,23,Shoes,3,1800.51,Debit Card,1/11/2021 0:00,Kanyon,2021,1,11,0,0,600.17,18_25,small,0
I614560,C196729,Female,26,Food & Beverage,4,20.92,Cash,1/29/2021 0:00,Mall of Istanbul,2021,1,29,4,0,5.23,26_35,bulk,0
I279030,C258535,Female,41,Clothing,4,1200.32,Cash,11/21/2022 0:00,Metrocity,2022,11,21,0,0,300.08,36_45,bulk,0
I314008,C166124,Male,63,Clothing,1,300.08,Cash,3/21/2022 0:00,Forum Istanbul,2022,3,21,0,0,300.08,56_plus,single,0
I437134,C117866,Female,36,Toys,1,35.84,Credit Card,10/1/2021 0:00,Viaport Outlet,2021,10,1,4,0,35.84,36_45,single,0
I293384,C855227,Male,27,Clothing,4,1200.32,Credit Card,10/3/2021 0:00,Kanyon,2021,10,3,6,1,300.08,26_35,bulk,0
I171988,C319429,Female,35,Cosmetics,2,81.32,Cash,11/29/2022 0:00,Forum Istanbul,2022,11,29,1,0,40.66,26_35,small,0
I375917,C235396,Male,42,Food & Beverage,5,26.15,Cash,1/8/2021 0:00,Metrocity,2021,1,8,4,0,5.23,36_45,bulk,-8.88E-16
I171056,C127387,Female,45,Food & Beverage,3,15.69,Credit Card,2/25/2022 0:00,Mall of Istanbul,2022,2,25,4,0,5.23,36_45,small,-8.88E-16
I167141,C914383,Female,66,Shoes,1,600.17,Debit Card,4/7/2022 0:00,Metropol AVM,2022,4,7,3,0,600.17,56_plus,single,0
I184984,C150148,Female,36,Clothing,1,300.08,Credit Card,11/13/2021 0:00,Kanyon,2021,11,13,5,1,300.08,36_45,single,0
I374141,C177425,Female,60,Food & Beverage,3,15.69,Credit Card,4/25/2022 0:00,Kanyon,2022,4,25,0,0,5.23,56_plus,small,-8.88E-16
I102069,C273829,Female,65,Food & Beverage,2,10.46,Cash,1/25/2022 0:00,Viaport Outlet,2022,1,25,1,0,5.23,56_plus,small,0
I217960,C223767,Female,43,Clothing,3,900.24,Debit Card,8/3/2021 0:00,Kanyon,2021,8,3,1,0,300.08,36_45,small,0
I972019,C121388,Female,18,Food & Beverage,2,10.46,Credit Card,6/10/2022 0:00,Istinye Park,2022,6,10,4,0,5.23,18_25,small,0
I180843,C267691,Male,32,Food & Beverage,2,10.46,Debit Card,6/27/2022 0:00,Emaar Square Mall,2022,6,27,0,0,5.23,26_35,small,0
I557936,C177678,Female,33,Shoes,3,1800.51,Debit Card,3/13/2021 0:00,Metrocity,2021,3,13,5,1,600.17,26_35,small,0
I206607,C715684,Female,34,Clothing,1,300.08,Credit Card,6/19/2021 0:00,Kanyon,2021,6,19,5,1,300.08,26_35,single,0
I129926,C225926,Female,43,Clothing,3,900.24,Cash,4/9/2022 0:00,Kanyon,2022,4,9,5,1,300.08,36_45,small,0
I145103,C808992,Female,29,Food & Beverage,5,26.15,Cash,6/26/2021 0:00,Viaport Outlet,2021,6,26,5,1,5.23,26_35,bulk,-8.88E-16
I295726,C112587,Female,25,Food & Beverage,2,10.46,Debit Card,5/3/2021 0:00,Mall of Istanbul,2021,5,3,0,0,5.23,18_25,small,0
I125352,C207437,Female,51,Shoes,1,600.17,Debit Card,8/2/2022 0:00,Viaport Outlet,2022,8,2,1,0,600.17,46_55,single,0
I100663,C322131,Female,41,Food & Beverage,5,26.15,Cash,9/26/2021 0:00,Mall of Istanbul,2021,9,26,6,1,5.23,36_45,bulk,-8.88E-16
I262450,C300045,Female,57,Technology,5,5250,Debit Card,6/6/2022 0:00,Kanyon,2022,6,6,0,0,1050,56_plus,bulk,0
I314000,C730414,Male,61,Toys,1,35.84,Credit Card,4/8/2022 0:00,Kanyon,2022,4,8,4,0,35.84,56_plus,single,0
I330656,C163906,Female,48,Clothing,3,900.24,Cash,12/12/2022 0:00,Kanyon,2022,12,12,0,0,300.08,46_55,small,0
I281912,C315116,Male,36,Shoes,5,3000.85,Cash,1/4/2021 0:00,Metropol AVM,2021,1,4,0,0,600.17,36_45,bulk,0
I389707,C188585,Female,61,Toys,1,35.84,Credit Card,5/9/2021 0:00,Cevahir AVM,2021,5,9,6,1,35.84,56_plus,single,0
I196143,C238262,Female,69,Toys,5,179.2,Cash,10/4/2022 0:00,Zorlu Center,2022,10,4,1,0,35.84,56_plus,bulk,-7.11E-15
I212392,C234222,Female,40,Toys,3,107.52,Cash,1/17/2023 0:00,Mall of Istanbul,2023,1,17,1,0,35.84,36_45,small,-7.11E-15
I150986,C313219,Female,31,Shoes,4,2400.68,Cash,10/14/2021 0:00,Mall of Istanbul,2021,10,14,3,0,600.17,26_35,bulk,0
I812934,C294196,Male,67,Cosmetics,3,121.98,Cash,5/24/2022 0:00,Mall of Istanbul,2022,5,24,1,0,40.66,56_plus,small,7.105427357601002e-15
I196716,C982460,Female,45,Clothing,2,600.16,Cash,2/15/2021 0:00,Metrocity,2021,2,15,0,0,300.08,36_45,small,0
I275736,C300238,Female,32,Clothing,2,600.16,Cash,7/6/2021 0:00,Viaport Outlet,2021,7,6,1,0,300.08,26_35,small,0
I237331,C360177,Female,62,Food & Beverage,4,20.92,Credit Card,2/14/2022 0:00,Zorlu Center,2022,2,14,0,0,5.23,56_plus,bulk,0
I221276,C966310,Female,35,Technology,5,5250,Cash,2/18/2021 0:00,Metrocity,2021,2,18,3,0,1050,26_35,bulk,0
I260485,C426029,Male,62,Toys,3,107.52,Credit Card,6/4/2022 0:00,Mall of Istanbul,2022,6,4,5,1,35.84,56_plus,small,-7.11E-15
I195313,C329225,Female,20,Shoes,5,3000.85,Cash,2/22/2021 0:00,Istinye Park,2021,2,22,0,0,600.17,18_25,bulk,0
I590142,C166693,Male,57,Food & Beverage,5,26.15,Debit Card,4/1/2021 0:00,Viaport Outlet,2021,4,1,3,0,5.23,56_plus,bulk,-8.88E-16
I158167,C178153,Female,32,Cosmetics,1,40.66,Cash,5/1/2022 0:00,Emaar Square Mall,2022,5,1,6,1,40.66,26_35,single,0
I636300,C368376,Female,48,Cosmetics,3,121.98,Cash,8/11/2022 0:00,Kanyon,2022,8,11,3,0,40.66,46_55,small,7.105427357601002e-15
I133734,C129614,Male,61,Clothing,1,300.08,Cash,10/26/2021 0:00,Metrocity,2021,10,26,1,0,300.08,56_plus,single,0
I559391,C121799,Male,29,Toys,2,71.68,Debit Card,10/15/2022 0:00,Zorlu Center,2022,10,15,5,1,35.84,26_35,small,0
I221275,C127505,Female,57,Shoes,5,3000.85,Debit Card,7/7/2021 0:00,Mall of Istanbul,2021,7,7,2,0,600.17,56_plus,bulk,0
I180207,C143592,Female,63,Toys,3,107.52,Cash,10/29/2022 0:00,Metrocity,2022,10,29,5,1,35.84,56_plus,small,-7.11E-15
I282900,C799729,Female,58,Clothing,1,300.08,Credit Card,9/27/2022 0:00,Mall of Istanbul,2022,9,27,1,0,300.08,56_plus,single,0
I168637,C333353,Female,59,Clothing,5,1500.4,Cash,5/14/2021 0:00,Metropol AVM,2021,5,14,4,0,300.08000000000004,56_plus,bulk,5.684341886080804e-14
I502691,C185425,Male,53,Cosmetics,1,40.66,Debit Card,10/21/2022 0:00,Zorlu Center,2022,10,21,4,0,40.66,46_55,single,0
I261594,C910742,Male,53,Souvenir,2,23.46,Debit Card,7/29/2021 0:00,Metropol AVM,2021,7,29,3,0,11.73,46_55,small,0
I254201,C183617,Male,52,Clothing,5,1500.4,Debit Card,3/8/2022 0:00,Istinye Park,2022,3,8,1,0,300.08000000000004,46_55,bulk,5.684341886080804e-14
I203297,C113460,Female,35,Shoes,5,3000.85,Credit Card,5/19/2021 0:00,Cevahir AVM,2021,5,19,2,0,600.17,26_35,bulk,0
I255237,C274323,Female,53,Shoes,4,2400.68,Debit Card,3/3/2023 0:00,Metropol AVM,2023,3,3,4,0,600.17,46_55,bulk,0
I212310,C252275,Male,29,Technology,3,3150,Debit Card,10/7/2021 0:00,Metrocity,2021,10,7,3,0,1050,26_35,small,0
I869186,C248177,Male,65,Food & Beverage,1,5.23,Cash,10/9/2021 0:00,Emaar Square Mall,2021,10,9,5,1,5.23,56_plus,single,0
I160552,C232112,Female,28,Clothing,3,900.24,Cash,10/2/2022 0:00,Emaar Square Mall,2022,10,2,6,1,300.08,26_35,small,0
I233389,C177930,Female,41,Souvenir,3,35.19,Cash,1/2/2023 0:00,Metropol AVM,2023,1,2,0,0,11.73,36_45,small,-1.78E-15
I335487,C207189,Female,63,Toys,4,143.36,Credit Card,5/8/2022 0:00,Mall of Istanbul,2022,5,8,6,1,35.84,56_plus,bulk,0
I269241,C185915,Female,32,Food & Beverage,4,20.92,Cash,6/12/2021 0:00,Cevahir AVM,2021,6,12,5,1,5.23,26_35,bulk,0
I227762,C596184,Male,56,Clothing,5,1500.4,Cash,9/30/2021 0:00,Metrocity,2021,9,30,3,0,300.08000000000004,56_plus,bulk,5.684341886080804e-14
I237032,C291713,Female,62,Clothing,1,300.08,Debit Card,9/21/2021 0:00,Istinye Park,2021,9,21,1,0,300.08,56_plus,single,0
I726794,C315810,Male,63,Food & Beverage,1,5.23,Credit Card,5/4/2021 0:00,Istinye Park,2021,5,4,1,0,5.23,56_plus,single,0
I855810,C167162,Male,36,Cosmetics,5,203.3,Debit Card,6/15/2021 0:00,Kanyon,2021,6,15,1,0,40.66,36_45,bulk,7.105427357601002e-15
I430660,C799270,Female,43,Clothing,5,1500.4,Cash,11/16/2021 0:00,Kanyon,2021,11,16,1,0,300.08000000000004,36_45,bulk,5.684341886080804e-14
I271772,C263757,Female,64,Cosmetics,2,81.32,Cash,3/20/2021 0:00,Kanyon,2021,3,20,5,1,40.66,56_plus,small,0
I320242,C184925,Female,49,Technology,3,3150,Cash,5/17/2022 0:00,Zorlu Center,2022,5,17,1,0,1050,46_55,small,0
I147518,C274223,Female,28,Toys,2,71.68,Credit Card,8/30/2021 0:00,Kanyon,2021,8,30,0,0,35.84,26_35,small,0
I265564,C166034,Female,26,Shoes,2,1200.34,Credit Card,3/25/2022 0:00,Istinye Park,2022,3,25,4,0,600.17,26_35,small,0
I144830,C725854,Male,38,Technology,2,2100,Cash,9/3/2021 0:00,Mall of Istanbul,2021,9,3,4,0,1050,36_45,small,0
I490552,C783116,Female,38,Shoes,3,1800.51,Cash,1/24/2021 0:00,Istinye Park,2021,1,24,6,1,600.17,36_45,small,0
I433046,C210009,Male,47,Books,4,60.6,Debit Card,11/15/2021 0:00,Metrocity,2021,11,15,0,0,15.15,46_55,bulk,0
I148396,C226188,Female,57,Food & Beverage,1,5.23,Cash,3/3/2023 0:00,Metrocity,2023,3,3,4,0,5.23,56_plus,single,0
I266965,C192312,Male,59,Books,4,60.6,Debit Card,11/25/2021 0:00,Istinye Park,2021,11,25,3,0,15.15,56_plus,bulk,0
I301636,C121457,Female,62,Food & Beverage,1,5.23,Credit Card,12/3/2021 0:00,Mall of Istanbul,2021,12,3,4,0,5.23,56_plus,single,0
I698113,C292697,Male,34,Cosmetics,1,40.66,Cash,2/5/2021 0:00,Emaar Square Mall,2021,2,5,4,0,40.66,26_35,single,0
I223342,C174948,Male,41,Clothing,5,1500.4,Cash,8/4/2022 0:00,Kanyon,2022,8,4,3,0,300.08000000000004,36_45,bulk,5.684341886080804e-14
I284096,C628328,Female,38,Toys,4,143.36,Credit Card,3/10/2021 0:00,Kanyon,2021,3,10,2,0,35.84,36_45,bulk,0
I190414,C339391,Female,34,Food & Beverage,3,15.69,Debit Card,4/18/2021 0:00,Forum Istanbul,2021,4,18,6,1,5.23,26_35,small,-8.88E-16
I922999,C292698,Male,23,Cosmetics,3,121.98,Cash,12/3/2021 0:00,Mall of Istanbul,2021,12,3,4,0,40.66,18_25,small,7.105427357601002e-15
I767016,C230447,Female,29,Shoes,2,1200.34,Credit Card,3/18/2022 0:00,Viaport Outlet,2022,3,18,4,0,600.17,26_35,small,0
I259061,C209364,Male,43,Clothing,3,900.24,Credit Card,12/7/2022 0:00,Mall of Istanbul,2022,12,7,2,0,300.08,36_45,small,0
I180388,C150205,Female,65,Clothing,1,300.08,Credit Card,3/25/2021 0:00,Kanyon,2021,3,25,3,0,300.08,56_plus,single,0
I181999,C203401,Male,43,Food & Beverage,1,5.23,Cash,3/12/2022 0:00,Istinye Park,2022,3,12,5,1,5.23,36_45,single,0
I121484,C383440,Male,40,Shoes,4,2400.68,Debit Card,2/21/2023 0:00,Mall of Istanbul,2023,2,21,1,0,600.17,36_45,bulk,0
I414447,C221764,Male,22,Toys,2,71.68,Credit Card,2/5/2022 0:00,Metrocity,2022,2,5,5,1,35.84,18_25,small,0
I188653,C258923,Female,18,Clothing,4,1200.32,Credit Card,7/12/2022 0:00,Forum Istanbul,2022,7,12,1,0,300.08,18_25,bulk,0
I202834,C582707,Female,49,Food & Beverage,4,20.92,Credit Card,5/9/2022 0:00,Metropol AVM,2022,5,9,0,0,5.23,46_55,bulk,0
I182100,C696185,Male,18,Clothing,5,1500.4,Cash,11/24/2022 0:00,Istinye Park,2022,11,24,3,0,300.08000000000004,18_25,bulk,5.684341886080804e-14
I247660,C164128,Male,28,Food & Beverage,2,10.46,Cash,12/3/2022 0:00,Mall of Istanbul,2022,12,3,5,1,5.23,26_35,small,0
I996450,C904775,Female,62,Clothing,5,1500.4,Cash,8/17/2021 0:00,Metropol AVM,2021,8,17,1,0,300.08000000000004,56_plus,bulk,5.684341886080804e-14
I428036,C355955,Male,45,Clothing,2,600.16,Debit Card,10/15/2022 0:00,Kanyon,2022,10,15,5,1,300.08,36_45,small,0
I270632,C326851,Male,66,Food & Beverage,3,15.69,Credit Card,12/26/2022 0:00,Cevahir AVM,2022,12,26,0,0,5.23,56_plus,small,-8.88E-16
I271683,C180068,Male,55,Shoes,1,600.17,Credit Card,3/8/2023 0:00,Emaar Square Mall,2023,3,8,2,0,600.17,46_55,single,0
I313408,C470538,Male,65,Shoes,5,3000.85,Cash,3/22/2021 0:00,Mall of Istanbul,2021,3,22,0,0,600.17,56_plus,bulk,0
I153264,C363747,Male,27,Cosmetics,4,162.64,Cash,9/30/2022 0:00,Kanyon,2022,9,30,4,0,40.66,26_35,bulk,0
I282487,C208221,Male,30,Cosmetics,2,81.32,Credit Card,11/16/2021 0:00,Metropol AVM,2021,11,16,1,0,40.66,26_35,small,0
I137449,C326242,Female,56,Clothing,3,900.24,Cash,5/11/2022 0:00,Metrocity,2022,5,11,2,0,300.08,56_plus,small,0
I785729,C140102,Male,26,Clothing,5,1500.4,Credit Card,1/25/2022 0:00,Mall of Istanbul,2022,1,25,1,0,300.08000000000004,26_35,bulk,5.684341886080804e-14
I434888,C134694,Male,39,Technology,5,5250,Credit Card,7/21/2022 0:00,Mall of Istanbul,2022,7,21,3,0,1050,36_45,bulk,0
I186761,C149072,Female,60,Clothing,2,600.16,Credit Card,12/3/2022 0:00,Zorlu Center,2022,12,3,5,1,300.08,56_plus,small,0
I239269,C249902,Male,31,Clothing,4,1200.32,Credit Card,1/20/2022 0:00,Mall of Istanbul,2022,1,20,3,0,300.08,26_35,bulk,0
I189442,C764622,Male,40,Food & Beverage,1,5.23,Credit Card,9/25/2021 0:00,Mall of Istanbul,2021,9,25,5,1,5.23,36_45,single,0
I245132,C184516,Male,61,Cosmetics,3,121.98,Debit Card,9/3/2021 0:00,Mall of Istanbul,2021,9,3,4,0,40.66,56_plus,small,7.105427357601002e-15
I171964,C169583,Female,33,Shoes,4,2400.68,Credit Card,6/30/2022 0:00,Istinye Park,2022,6,30,3,0,600.17,26_35,bulk,0
I255531,C206725,Male,41,Food & Beverage,3,15.69,Credit Card,7/6/2022 0:00,Istinye Park,2022,7,6,2,0,5.23,36_45,small,-8.88E-16
I978896,C231050,Male,40,Books,5,75.75,Cash,5/31/2021 0:00,Metropol AVM,2021,5,31,0,0,15.15,36_45,bulk,0
I190418,C105332,Female,28,Clothing,4,1200.32,Cash,1/3/2021 0:00,Kanyon,2021,1,3,6,1,300.08,26_35,bulk,0
I234518,C106662,Female,29,Clothing,3,900.24,Cash,5/21/2022 0:00,Mall of Istanbul,2022,5,21,5,1,300.08,26_35,small,0
I209374,C267701,Male,48,Cosmetics,1,40.66,Cash,1/11/2023 0:00,Mall of Istanbul,2023,1,11,2,0,40.66,46_55,single,0
I620440,C170322,Male,38,Clothing,4,1200.32,Credit Card,3/29/2021 0:00,Kanyon,2021,3,29,0,0,300.08,36_45,bulk,0
I613915,C182545,Female,50,Cosmetics,2,81.32,Credit Card,7/12/2021 0:00,Kanyon,2021,7,12,0,0,40.66,46_55,small,0
I551113,C179117,Female,40,Food & Beverage,5,26.15,Cash,5/15/2021 0:00,Mall of Istanbul,2021,5,15,5,1,5.23,36_45,bulk,-8.88E-16
I152780,C904238,Female,49,Cosmetics,3,121.98,Cash,1/15/2023 0:00,Metrocity,2023,1,15,6,1,40.66,46_55,small,7.105427357601002e-15
I180863,C106517,Female,64,Food & Beverage,1,5.23,Credit Card,9/17/2021 0:00,Kanyon,2021,9,17,4,0,5.23,56_plus,single,0
I112760,C221597,Female,53,Technology,1,1050,Debit Card,7/1/2021 0:00,Istinye Park,2021,7,1,3,0,1050,46_55,single,0
I697479,C706136,Female,55,Toys,2,71.68,Cash,2/14/2023 0:00,Metropol AVM,2023,2,14,1,0,35.84,46_55,small,0
I175747,C584413,Male,47,Toys,5,179.2,Debit Card,3/30/2022 0:00,Kanyon,2022,3,30,2,0,35.84,46_55,bulk,-7.11E-15
I334535,C274201,Female,53,Technology,3,3150,Cash,8/11/2021 0:00,Cevahir AVM,2021,8,11,2,0,1050,46_55,small,0
I149023,C265490,Male,60,Cosmetics,4,162.64,Debit Card,11/14/2021 0:00,Metropol AVM,2021,11,14,6,1,40.66,56_plus,bulk,0
I277395,C112617,Female,31,Clothing,1,300.08,Cash,7/14/2021 0:00,Istinye Park,2021,7,14,2,0,300.08,26_35,single,0
I286424,C121765,Female,31,Shoes,4,2400.68,Credit Card,6/18/2021 0:00,Kanyon,2021,6,18,4,0,600.17,26_35,bulk,0
I106743,C250539,Female,56,Books,2,30.3,Cash,9/27/2021 0:00,Emaar Square Mall,2021,9,27,0,0,15.15,56_plus,small,0
I308126,C160489,Female,66,Clothing,2,600.16,Debit Card,11/13/2021 0:00,Metrocity,2021,11,13,5,1,300.08,56_plus,small,0
I430116,C328028,Female,45,Cosmetics,2,81.32,Cash,11/15/2022 0:00,Metropol AVM,2022,11,15,1,0,40.66,36_45,small,0
I606592,C175823,Female,27,Clothing,5,1500.4,Cash,7/19/2021 0:00,Metropol AVM,2021,7,19,0,0,300.08000000000004,26_35,bulk,5.684341886080804e-14
I298156,C288460,Female,68,Food & Beverage,3,15.69,Debit Card,1/3/2021 0:00,Forum Istanbul,2021,1,3,6,1,5.23,56_plus,small,-8.88E-16
I130495,C156560,Female,60,Technology,4,4200,Cash,11/15/2021 0:00,Kanyon,2021,11,15,0,0,1050,56_plus,bulk,0
I156342,C144368,Female,63,Clothing,1,300.08,Debit Card,7/20/2021 0:00,Metropol AVM,2021,7,20,1,0,300.08,56_plus,single,0
I222213,C330268,Female,42,Shoes,1,600.17,Cash,10/19/2021 0:00,Istinye Park,2021,10,19,1,0,600.17,36_45,single,0
I602098,C163305,Female,41,Clothing,3,900.24,Debit Card,6/3/2022 0:00,Metrocity,2022,6,3,4,0,300.08,36_45,small,0
I276473,C583532,Female,24,Technology,3,3150,Debit Card,12/6/2022 0:00,Metrocity,2022,12,6,1,0,1050,18_25,small,0
I227724,C886058,Female,20,Clothing,2,600.16,Cash,8/21/2022 0:00,Cevahir AVM,2022,8,21,6,1,300.08,18_25,small,0
I291422,C233464,Female,32,Clothing,5,1500.4,Cash,10/28/2021 0:00,Metropol AVM,2021,10,28,3,0,300.08000000000004,26_35,bulk,5.684341886080804e-14
I368496,C215303,Female,53,Books,1,15.15,Debit Card,1/5/2023 0:00,Forum Istanbul,2023,1,5,3,0,15.15,46_55,single,0
I278563,C398612,Male,24,Food & Beverage,1,5.23,Credit Card,1/14/2022 0:00,Kanyon,2022,1,14,4,0,5.23,18_25,single,0
I275029,C145085,Male,59,Toys,2,71.68,Cash,2/1/2022 0:00,Metropol AVM,2022,2,1,1,0,35.84,56_plus,small,0
I260345,C767569,Female,52,Clothing,1,300.08,Cash,12/2/2021 0:00,Metrocity,2021,12,2,3,0,300.08,46_55,single,0
I944318,C337065,Male,40,Toys,3,107.52,Debit Card,4/24/2021 0:00,Istinye Park,2021,4,24,5,1,35.84,36_45,small,-7.11E-15
I116416,C696766,Female,67,Food & Beverage,5,26.15,Cash,7/9/2022 0:00,Forum Istanbul,2022,7,9,5,1,5.23,56_plus,bulk,-8.88E-16
I109778,C439754,Female,38,Clothing,2,600.16,Credit Card,3/27/2022 0:00,Metrocity,2022,3,27,6,1,300.08,36_45,small,0
I323547,C280805,Female,29,Clothing,4,1200.32,Debit Card,2/1/2022 0:00,Cevahir AVM,2022,2,1,1,0,300.08,26_35,bulk,0
I303597,C406200,Male,44,Books,2,30.3,Credit Card,11/23/2022 0:00,Istinye Park,2022,11,23,2,0,15.15,36_45,small,0
I175627,C335511,Male,40,Shoes,4,2400.68,Cash,5/22/2021 0:00,Kanyon,2021,5,22,5,1,600.17,36_45,bulk,0
I306211,C294976,Female,67,Souvenir,3,35.19,Credit Card,2/25/2022 0:00,Metrocity,2022,2,25,4,0,11.73,56_plus,small,-1.78E-15
I204817,C279094,Female,33,Cosmetics,2,81.32,Cash,4/24/2021 0:00,Kanyon,2021,4,24,5,1,40.66,26_35,small,0
I144084,C238449,Male,51,Cosmetics,4,162.64,Cash,3/4/2021 0:00,Istinye Park,2021,3,4,3,0,40.66,46_55,bulk,0
I220613,C363663,Female,69,Clothing,1,300.08,Credit Card,9/5/2022 0:00,Zorlu Center,2022,9,5,0,0,300.08,56_plus,single,0
I157362,C135640,Female,29,Clothing,5,1500.4,Cash,2/27/2022 0:00,Metrocity,2022,2,27,6,1,300.08000000000004,26_35,bulk,5.684341886080804e-14
I210478,C150293,Male,35,Shoes,1,600.17,Credit Card,3/1/2023 0:00,Mall of Istanbul,2023,3,1,2,0,600.17,26_35,single,0
I101972,C182834,Female,57,Clothing,5,1500.4,Credit Card,2/3/2022 0:00,Metrocity,2022,2,3,3,0,300.08000000000004,56_plus,bulk,5.684341886080804e-14
I967146,C296181,Female,25,Food & Beverage,5,26.15,Credit Card,5/28/2022 0:00,Kanyon,2022,5,28,5,1,5.23,18_25,bulk,-8.88E-16
I155589,C317277,Female,30,Shoes,2,1200.34,Credit Card,9/23/2022 0:00,Istinye Park,2022,9,23,4,0,600.17,26_35,small,0
I253959,C272136,Female,50,Clothing,1,300.08,Debit Card,1/22/2021 0:00,Zorlu Center,2021,1,22,4,0,300.08,46_55,single,0
I312489,C271190,Female,33,Shoes,5,3000.85,Cash,7/12/2022 0:00,Metrocity,2022,7,12,1,0,600.17,26_35,bulk,0
I179977,C188142,Female,38,Clothing,3,900.24,Debit Card,6/5/2021 0:00,Istinye Park,2021,6,5,5,1,300.08,36_45,small,0
I251632,C427657,Male,33,Food & Beverage,2,10.46,Cash,1/4/2022 0:00,Metrocity,2022,1,4,1,0,5.23,26_35,small,0
I195022,C147185,Female,48,Shoes,2,1200.34,Cash,1/15/2023 0:00,Mall of Istanbul,2023,1,15,6,1,600.17,46_55,small,0
I305691,C215086,Female,68,Cosmetics,2,81.32,Cash,4/10/2021 0:00,Kanyon,2021,4,10,5,1,40.66,56_plus,small,0
I310262,C330585,Male,47,Technology,3,3150,Credit Card,1/22/2023 0:00,Metrocity,2023,1,22,6,1,1050,46_55,small,0
I452988,C906130,Female,57,Food & Beverage,5,26.15,Cash,8/1/2022 0:00,Metrocity,2022,8,1,0,0,5.23,56_plus,bulk,-8.88E-16
I352477,C320610,Male,65,Clothing,5,1500.4,Cash,10/19/2022 0:00,Kanyon,2022,10,19,2,0,300.08000000000004,56_plus,bulk,5.684341886080804e-14
I247390,C126360,Female,52,Toys,1,35.84,Cash,4/3/2022 0:00,Metrocity,2022,4,3,6,1,35.84,46_55,single,0
I168427,C552673,Female,42,Clothing,1,300.08,Credit Card,12/30/2022 0:00,Mall of Istanbul,2022,12,30,4,0,300.08,36_45,single,0
I310552,C531490,Female,22,Food & Beverage,1,5.23,Cash,2/15/2022 0:00,Kanyon,2022,2,15,1,0,5.23,18_25,single,0
I330647,C439013,Male,55,Souvenir,4,46.92,Cash,9/9/2022 0:00,Emaar Square Mall,2022,9,9,4,0,11.73,46_55,bulk,0
I332425,C262353,Male,34,Toys,1,35.84,Debit Card,10/30/2022 0:00,Istinye Park,2022,10,30,6,1,35.84,26_35,single,0
I328265,C493882,Male,36,Clothing,1,300.08,Credit Card,6/21/2021 0:00,Metropol AVM,2021,6,21,0,0,300.08,36_45,single,0
I151895,C130796,Female,30,Clothing,3,900.24,Credit Card,6/3/2022 0:00,Mall of Istanbul,2022,6,3,4,0,300.08,26_35,small,0
I239511,C194100,Male,42,Food & Beverage,2,10.46,Cash,7/22/2021 0:00,Viaport Outlet,2021,7,22,3,0,5.23,36_45,small,0
I190247,C143209,Female,67,Shoes,5,3000.85,Cash,5/26/2022 0:00,Cevahir AVM,2022,5,26,3,0,600.17,56_plus,bulk,0
I332181,C155971,Female,28,Shoes,2,1200.34,Credit Card,3/10/2021 0:00,Forum Istanbul,2021,3,10,2,0,600.17,26_35,small,0
I272039,C162302,Female,58,Clothing,2,600.16,Cash,10/31/2022 0:00,Viaport Outlet,2022,10,31,0,0,300.08,56_plus,small,0
I429182,C795719,Male,67,Shoes,3,1800.51,Credit Card,4/24/2022 0:00,Kanyon,2022,4,24,6,1,600.17,56_plus,small,0
I328102,C506465,Female,53,Food & Beverage,1,5.23,Credit Card,6/24/2022 0:00,Cevahir AVM,2022,6,24,4,0,5.23,46_55,single,0
I134174,C103933,Female,22,Technology,3,3150,Cash,1/10/2023 0:00,Kanyon,2023,1,10,1,0,1050,18_25,small,0
I316297,C190346,Male,62,Cosmetics,4,162.64,Credit Card,5/26/2022 0:00,Metropol AVM,2022,5,26,3,0,40.66,56_plus,bulk,0
I134142,C112355,Female,61,Clothing,1,300.08,Debit Card,6/17/2021 0:00,Cevahir AVM,2021,6,17,3,0,300.08,56_plus,single,0
I102355,C209984,Male,63,Souvenir,5,58.65,Cash,1/28/2022 0:00,Forum Istanbul,2022,1,28,4,0,11.73,56_plus,bulk,0
I280155,C214260,Female,65,Toys,5,179.2,Debit Card,12/18/2022 0:00,Mall of Istanbul,2022,12,18,6,1,35.84,56_plus,bulk,-7.11E-15
I274526,C985232,Male,55,Food & Beverage,2,10.46,Credit Card,10/26/2021 0:00,Forum Istanbul,2021,10,26,1,0,5.23,46_55,small,0
I287717,C218817,Male,55,Shoes,1,600.17,Cash,5/21/2021 0:00,Istinye Park,2021,5,21,4,0,600.17,46_55,single,0
I967728,C250818,Female,37,Clothing,1,300.08,Debit Card,9/12/2021 0:00,Forum Istanbul,2021,9,12,6,1,300.08,36_45,single,0
I285436,C175385,Female,37,Food & Beverage,1,5.23,Credit Card,2/27/2023 0:00,Mall of Istanbul,2023,2,27,0,0,5.23,36_45,single,0
I121232,C263039,Female,18,Technology,4,4200,Cash,10/29/2021 0:00,Cevahir AVM,2021,10,29,4,0,1050,18_25,bulk,0
I252181,C296108,Female,57,Clothing,5,1500.4,Credit Card,2/25/2021 0:00,Kanyon,2021,2,25,3,0,300.08000000000004,56_plus,bulk,5.684341886080804e-14
I935688,C231840,Female,29,Toys,5,179.2,Debit Card,3/23/2021 0:00,Metrocity,2021,3,23,1,0,35.84,26_35,bulk,-7.11E-15
I156714,C180095,Female,31,Clothing,1,300.08,Cash,6/30/2022 0:00,Mall of Istanbul,2022,6,30,3,0,300.08,26_35,single,0
I250393,C143108,Female,34,Cosmetics,5,203.3,Credit Card,12/11/2021 0:00,Kanyon,2021,12,11,5,1,40.66,26_35,bulk,7.105427357601002e-15
I278842,C273357,Male,29,Clothing,5,1500.4,Cash,8/25/2022 0:00,Mall of Istanbul,2022,8,25,3,0,300.08000000000004,26_35,bulk,5.684341886080804e-14
I685593,C113186,Male,54,Clothing,2,600.16,Cash,12/29/2022 0:00,Mall of Istanbul,2022,12,29,3,0,300.08,46_55,small,0
I332216,C131697,Female,23,Cosmetics,1,40.66,Credit Card,10/8/2021 0:00,Metrocity,2021,10,8,4,0,40.66,18_25,single,0
I150122,C111862,Female,41,Clothing,2,600.16,Cash,6/6/2022 0:00,Metrocity,2022,6,6,0,0,300.08,36_45,small,0
I161468,C448632,Female,34,Technology,3,3150,Cash,6/8/2022 0:00,Cevahir AVM,2022,6,8,2,0,1050,26_35,small,0
I215893,C129439,Female,30,Cosmetics,4,162.64,Credit Card,5/8/2021 0:00,Mall of Istanbul,2021,5,8,5,1,40.66,26_35,bulk,0
I224020,C334472,Female,21,Shoes,3,1800.51,Credit Card,11/2/2022 0:00,Viaport Outlet,2022,11,2,2,0,600.17,18_25,small,0
I247128,C803234,Female,48,Cosmetics,3,121.98,Credit Card,1/15/2021 0:00,Mall of Istanbul,2021,1,15,4,0,40.66,46_55,small,7.105427357601002e-15
I226481,C256834,Female,58,Clothing,1,300.08,Cash,2/25/2022 0:00,Mall of Istanbul,2022,2,25,4,0,300.08,56_plus,single,0
I253939,C302436,Female,49,Cosmetics,5,203.3,Credit Card,7/8/2021 0:00,Istinye Park,2021,7,8,3,0,40.66,46_55,bulk,7.105427357601002e-15
I158802,C230668,Female,54,Clothing,4,1200.32,Debit Card,10/30/2021 0:00,Metrocity,2021,10,30,5,1,300.08,46_55,bulk,0
I320982,C954842,Female,28,Clothing,1,300.08,Cash,11/10/2021 0:00,Mall of Istanbul,2021,11,10,2,0,300.08,26_35,single,0
I142447,C236264,Female,59,Technology,3,3150,Cash,7/14/2021 0:00,Kanyon,2021,7,14,2,0,1050,56_plus,small,0
I337359,C514930,Female,26,Clothing,2,600.16,Cash,1/9/2021 0:00,Istinye Park,2021,1,9,5,1,300.08,26_35,small,0
I124811,C752079,Female,69,Clothing,3,900.24,Credit Card,9/28/2022 0:00,Kanyon,2022,9,28,2,0,300.08,56_plus,small,0
I267870,C156330,Male,22,Cosmetics,3,121.98,Cash,6/21/2021 0:00,Cevahir AVM,2021,6,21,0,0,40.66,18_25,small,7.105427357601002e-15
I566362,C241265,Female,45,Toys,1,35.84,Credit Card,1/26/2022 0:00,Metropol AVM,2022,1,26,2,0,35.84,36_45,single,0
I271574,C110323,Female,68,Clothing,4,1200.32,Cash,5/22/2021 0:00,Viaport Outlet,2021,5,22,5,1,300.08,56_plus,bulk,0
I189083,C294804,Female,54,Clothing,5,1500.4,Cash,1/23/2022 0:00,Kanyon,2022,1,23,6,1,300.08000000000004,46_55,bulk,5.684341886080804e-14
I112885,C279778,Male,24,Clothing,4,1200.32,Credit Card,3/19/2021 0:00,Istinye Park,2021,3,19,4,0,300.08,18_25,bulk,0
I187586,C304031,Female,65,Food & Beverage,3,15.69,Debit Card,12/17/2022 0:00,Cevahir AVM,2022,12,17,5,1,5.23,56_plus,small,-8.88E-16
I335156,C336289,Female,47,Food & Beverage,4,20.92,Credit Card,10/29/2022 0:00,Kanyon,2022,10,29,5,1,5.23,46_55,bulk,0
I247350,C146226,Female,33,Souvenir,2,23.46,Cash,6/2/2021 0:00,Istinye Park,2021,6,2,2,0,11.73,26_35,small,0
I236299,C326339,Female,28,Clothing,3,900.24,Credit Card,8/13/2022 0:00,Kanyon,2022,8,13,5,1,300.08,26_35,small,0
I273835,C298694,Female,56,Souvenir,3,35.19,Cash,4/11/2022 0:00,Metrocity,2022,4,11,0,0,11.73,56_plus,small,-1.78E-15
I288584,C196938,Male,28,Technology,3,3150,Credit Card,9/26/2021 0:00,Viaport Outlet,2021,9,26,6,1,1050,26_35,small,0
I171317,C289373,Female,63,Cosmetics,3,121.98,Credit Card,6/6/2022 0:00,Kanyon,2022,6,6,0,0,40.66,56_plus,small,7.105427357601002e-15
I373404,C261100,Female,63,Cosmetics,5,203.3,Debit Card,5/1/2022 0:00,Emaar Square Mall,2022,5,1,6,1,40.66,56_plus,bulk,7.105427357601002e-15
I168167,C139494,Male,65,Books,1,15.15,Debit Card,6/25/2021 0:00,Metropol AVM,2021,6,25,4,0,15.15,56_plus,single,0
I327192,C187761,Male,58,Shoes,3,1800.51,Cash,1/26/2022 0:00,Emaar Square Mall,2022,1,26,2,0,600.17,56_plus,small,0
I168160,C115218,Male,36,Cosmetics,5,203.3,Credit Card,1/13/2021 0:00,Zorlu Center,2021,1,13,2,0,40.66,36_45,bulk,7.105427357601002e-15
I448328,C195872,Female,64,Cosmetics,1,40.66,Debit Card,12/15/2021 0:00,Mall of Istanbul,2021,12,15,2,0,40.66,56_plus,single,0
I673288,C333693,Female,53,Clothing,1,300.08,Credit Card,2/2/2022 0:00,Kanyon,2022,2,2,2,0,300.08,46_55,single,0
I288402,C647994,Male,25,Clothing,1,300.08,Cash,2/18/2023 0:00,Metrocity,2023,2,18,5,1,300.08,18_25,single,0
I725637,C324254,Female,38,Toys,1,35.84,Cash,9/28/2022 0:00,Zorlu Center,2022,9,28,2,0,35.84,36_45,single,0
I102526,C317197,Male,33,Cosmetics,3,121.98,Credit Card,3/1/2022 0:00,Cevahir AVM,2022,3,1,1,0,40.66,26_35,small,7.105427357601002e-15
I218427,C666717,Female,20,Clothing,2,600.16,Cash,5/28/2021 0:00,Zorlu Center,2021,5,28,4,0,300.08,18_25,small,0
I200364,C278168,Female,62,Food & Beverage,5,26.15,Debit Card,2/6/2022 0:00,Mall of Istanbul,2022,2,6,6,1,5.23,56_plus,bulk,-8.88E-16
I114178,C252565,Female,41,Toys,4,143.36,Credit Card,5/23/2021 0:00,Kanyon,2021,5,23,6,1,35.84,36_45,bulk,0
I226666,C192053,Female,52,Souvenir,4,46.92,Cash,6/22/2021 0:00,Kanyon,2021,6,22,1,0,11.73,46_55,bulk,0
I235745,C100952,Male,39,Clothing,3,900.24,Cash,7/29/2022 0:00,Mall of Istanbul,2022,7,29,4,0,300.08,36_45,small,0
I317013,C544528,Male,52,Cosmetics,3,121.98,Cash,1/4/2021 0:00,Cevahir AVM,2021,1,4,0,0,40.66,46_55,small,7.105427357601002e-15
I131276,C733923,Female,66,Clothing,1,300.08,Credit Card,3/23/2021 0:00,Metrocity,2021,3,23,1,0,300.08,56_plus,single,0
I187927,C155238,Female,20,Food & Beverage,3,15.69,Cash,6/28/2021 0:00,Cevahir AVM,2021,6,28,0,0,5.23,18_25,small,-8.88E-16
I832500,C156134,Male,46,Clothing,1,300.08,Credit Card,2/17/2022 0:00,Kanyon,2022,2,17,3,0,300.08,46_55,single,0
I299265,C270432,Male,31,Shoes,3,1800.51,Credit Card,12/7/2022 0:00,Kanyon,2022,12,7,2,0,600.17,26_35,small,0
I377841,C221660,Male,60,Clothing,5,1500.4,Credit Card,4/20/2022 0:00,Forum Istanbul,2022,4,20,2,0,300.08000000000004,56_plus,bulk,5.684341886080804e-14
I217350,C156588,Female,60,Clothing,2,600.16,Cash,8/21/2021 0:00,Viaport Outlet,2021,8,21,5,1,300.08,56_plus,small,0
I305033,C257188,Female,23,Clothing,5,1500.4,Debit Card,6/12/2021 0:00,Kanyon,2021,6,12,5,1,300.08000000000004,18_25,bulk,5.684341886080804e-14
I173248,C171253,Male,30,Souvenir,5,58.65,Credit Card,10/3/2021 0:00,Kanyon,2021,10,3,6,1,11.73,26_35,bulk,0
I191771,C312430,Male,56,Clothing,3,900.24,Credit Card,7/11/2021 0:00,Metropol AVM,2021,7,11,6,1,300.08,56_plus,small,0
I913542,C192181,Female,21,Food & Beverage,3,15.69,Credit Card,6/13/2021 0:00,Metropol AVM,2021,6,13,6,1,5.23,18_25,small,-8.88E-16
I282264,C461700,Male,37,Cosmetics,1,40.66,Credit Card,6/5/2021 0:00,Metrocity,2021,6,5,5,1,40.66,36_45,single,0
I142482,C179352,Male,35,Shoes,4,2400.68,Credit Card,5/3/2022 0:00,Kanyon,2022,5,3,1,0,600.17,26_35,bulk,0
I255623,C234539,Female,45,Clothing,3,900.24,Cash,12/8/2021 0:00,Forum Istanbul,2021,12,8,2,0,300.08,36_45,small,0
I129658,C114515,Male,61,Food & Beverage,4,20.92,Credit Card,12/18/2021 0:00,Metrocity,2021,12,18,5,1,5.23,56_plus,bulk,0
I218713,C115298,Female,57,Clothing,4,1200.32,Credit Card,10/26/2021 0:00,Mall of Istanbul,2021,10,26,1,0,300.08,56_plus,bulk,0
I173526,C206672,Female,19,Clothing,2,600.16,Debit Card,12/21/2022 0:00,Kanyon,2022,12,21,2,0,300.08,18_25,small,0
I273597,C305702,Female,48,Technology,5,5250,Cash,7/1/2021 0:00,Mall of Istanbul,2021,7,1,3,0,1050,46_55,bulk,0
I326066,C130423,Female,33,Clothing,3,900.24,Cash,7/27/2021 0:00,Mall of Istanbul,2021,7,27,1,0,300.08,26_35,small,0
I221490,C210739,Male,58,Food & Beverage,5,26.15,Credit Card,2/2/2023 0:00,Metrocity,2023,2,2,3,0,5.23,56_plus,bulk,-8.88E-16
I247669,C303502,Male,68,Clothing,5,1500.4,Cash,12/3/2022 0:00,Mall of Istanbul,2022,12,3,5,1,300.08000000000004,56_plus,bulk,5.684341886080804e-14
I191238,C273891,Male,59,Technology,3,3150,Credit Card,9/17/2021 0:00,Mall of Istanbul,2021,9,17,4,0,1050,56_plus,small,0
I146745,C756018,Female,58,Clothing,5,1500.4,Cash,5/2/2022 0:00,Istinye Park,2022,5,2,0,0,300.08000000000004,56_plus,bulk,5.684341886080804e-14
I609817,C153421,Male,43,Food & Beverage,5,26.15,Debit Card,4/11/2022 0:00,Metropol AVM,2022,4,11,0,0,5.23,36_45,bulk,-8.88E-16
I282432,C203217,Female,27,Toys,5,179.2,Debit Card,9/28/2021 0:00,Kanyon,2021,9,28,1,0,35.84,26_35,bulk,-7.11E-15
I303043,C311367,Male,45,Clothing,3,900.24,Cash,8/13/2021 0:00,Forum Istanbul,2021,8,13,4,0,300.08,36_45,small,0
I789931,C218996,Male,27,Food & Beverage,3,15.69,Cash,10/6/2022 0:00,Metropol AVM,2022,10,6,3,0,5.23,26_35,small,-8.88E-16
I136479,C206655,Male,57,Clothing,5,1500.4,Debit Card,7/26/2022 0:00,Kanyon,2022,7,26,1,0,300.08000000000004,56_plus,bulk,5.684341886080804e-14
I175207,C156090,Female,47,Toys,5,179.2,Credit Card,1/8/2022 0:00,Kanyon,2022,1,8,5,1,35.84,46_55,bulk,-7.11E-15
I138892,C710059,Male,38,Clothing,3,900.24,Credit Card,5/28/2022 0:00,Cevahir AVM,2022,5,28,5,1,300.08,36_45,small,0
I275502,C225477,Female,61,Shoes,5,3000.85,Cash,10/28/2022 0:00,Mall of Istanbul,2022,10,28,4,0,600.17,56_plus,bulk,0
I253747,C232794,Male,51,Clothing,2,600.16,Credit Card,3/21/2021 0:00,Istinye Park,2021,3,21,6,1,300.08,46_55,small,0
I317792,C227574,Male,21,Food & Beverage,5,26.15,Credit Card,1/17/2021 0:00,Cevahir AVM,2021,1,17,6,1,5.23,18_25,bulk,-8.88E-16
I123373,C132081,Male,56,Clothing,2,600.16,Cash,7/21/2022 0:00,Istinye Park,2022,7,21,3,0,300.08,56_plus,small,0
I749355,C191537,Female,23,Cosmetics,4,162.64,Cash,1/20/2021 0:00,Mall of Istanbul,2021,1,20,2,0,40.66,18_25,bulk,0
I209933,C313283,Male,29,Souvenir,2,23.46,Cash,2/22/2023 0:00,Forum Istanbul,2023,2,22,2,0,11.73,26_35,small,0
I165978,C116875,Female,41,Clothing,2,600.16,Debit Card,7/21/2022 0:00,Kanyon,2022,7,21,3,0,300.08,36_45,small,0
I141615,C640264,Female,32,Food & Beverage,4,20.92,Cash,3/9/2022 0:00,Kanyon,2022,3,9,2,0,5.23,26_35,bulk,0
I280845,C378603,Female,60,Clothing,1,300.08,Credit Card,1/7/2021 0:00,Mall of Istanbul,2021,1,7,3,0,300.08,56_plus,single,0
I443492,C174444,Male,18,Clothing,4,1200.32,Debit Card,3/1/2023 0:00,Kanyon,2023,3,1,2,0,300.08,18_25,bulk,0
I656237,C293077,Male,41,Clothing,5,1500.4,Cash,7/4/2022 0:00,Emaar Square Mall,2022,7,4,0,0,300.08000000000004,36_45,bulk,5.684341886080804e-14
I269404,C170597,Female,62,Books,5,75.75,Debit Card,3/11/2021 0:00,Mall of Istanbul,2021,3,11,3,0,15.15,56_plus,bulk,0
I248215,C553393,Male,21,Clothing,1,300.08,Credit Card,5/16/2021 0:00,Mall of Istanbul,2021,5,16,6,1,300.08,18_25,single,0
I212279,C171062,Female,65,Clothing,2,600.16,Cash,5/21/2022 0:00,Metrocity,2022,5,21,5,1,300.08,56_plus,small,0
I361751,C193276,Female,54,Clothing,2,600.16,Cash,12/23/2022 0:00,Metropol AVM,2022,12,23,4,0,300.08,46_55,small,0
I217549,C246189,Male,39,Clothing,5,1500.4,Cash,1/7/2021 0:00,Mall of Istanbul,2021,1,7,3,0,300.08000000000004,36_45,bulk,5.684341886080804e-14
I679172,C148813,Male,22,Shoes,2,1200.34,Debit Card,5/4/2022 0:00,Forum Istanbul,2022,5,4,2,0,600.17,18_25,small,0
I827455,C324594,Male,21,Food & Beverage,1,5.23,Cash,8/18/2022 0:00,Kanyon,2022,8,18,3,0,5.23,18_25,single,0
I154021,C130918,Female,61,Food & Beverage,4,20.92,Cash,3/2/2021 0:00,Kanyon,2021,3,2,1,0,5.23,56_plus,bulk,0
I157573,C581968,Female,34,Food & Beverage,5,26.15,Credit Card,1/20/2022 0:00,Mall of Istanbul,2022,1,20,3,0,5.23,26_35,bulk,-8.88E-16
I126792,C298632,Female,69,Clothing,1,300.08,Cash,7/16/2022 0:00,Zorlu Center,2022,7,16,5,1,300.08,56_plus,single,0
I285581,C431965,Female,67,Souvenir,2,23.46,Cash,11/29/2021 0:00,Istinye Park,2021,11,29,0,0,11.73,56_plus,small,0
I358726,C120778,Male,60,Clothing,3,900.24,Debit Card,10/19/2022 0:00,Cevahir AVM,2022,10,19,2,0,300.08,56_plus,small,0
I687926,C490159,Female,29,Cosmetics,4,162.64,Cash,3/22/2021 0:00,Mall of Istanbul,2021,3,22,0,0,40.66,26_35,bulk,0
I261608,C723895,Female,29,Shoes,1,600.17,Debit Card,9/11/2021 0:00,Metropol AVM,2021,9,11,5,1,600.17,26_35,single,0
I323067,C107458,Male,61,Food & Beverage,4,20.92,Debit Card,1/28/2023 0:00,Mall of Istanbul,2023,1,28,5,1,5.23,56_plus,bulk,0
I325643,C255733,Female,23,Books,1,15.15,Cash,12/22/2022 0:00,Mall of Istanbul,2022,12,22,3,0,15.15,18_25,single,0
I219716,C253828,Male,43,Toys,2,71.68,Cash,1/18/2022 0:00,Metrocity,2022,1,18,1,0,35.84,36_45,small,0
I874548,C332337,Female,44,Cosmetics,5,203.3,Credit Card,9/1/2022 0:00,Cevahir AVM,2022,9,1,3,0,40.66,36_45,bulk,7.105427357601002e-15
I216712,C218884,Female,56,Food & Beverage,4,20.92,Cash,8/26/2022 0:00,Istinye Park,2022,8,26,4,0,5.23,56_plus,bulk,0
I125557,C262475,Female,34,Clothing,1,300.08,Credit Card,8/10/2022 0:00,Emaar Square Mall,2022,8,10,2,0,300.08,26_35,single,0
I108301,C131145,Female,32,Toys,1,35.84,Credit Card,5/10/2021 0:00,Mall of Istanbul,2021,5,10,0,0,35.84,26_35,single,0
I877331,C141756,Female,37,Shoes,5,3000.85,Credit Card,12/4/2021 0:00,Zorlu Center,2021,12,4,5,1,600.17,36_45,bulk,0
I201776,C589423,Male,46,Toys,3,107.52,Credit Card,6/18/2021 0:00,Metrocity,2021,6,18,4,0,35.84,46_55,small,-7.11E-15
I122131,C389417,Male,42,Clothing,2,600.16,Credit Card,7/14/2021 0:00,Forum Istanbul,2021,7,14,2,0,300.08,36_45,small,0
I210978,C234710,Male,69,Toys,1,35.84,Debit Card,6/2/2022 0:00,Viaport Outlet,2022,6,2,3,0,35.84,56_plus,single,0
I307267,C234855,Female,36,Toys,4,143.36,Cash,2/5/2022 0:00,Istinye Park,2022,2,5,5,1,35.84,36_45,bulk,0
I200160,C674808,Male,60,Shoes,1,600.17,Cash,3/18/2021 0:00,Kanyon,2021,3,18,3,0,600.17,56_plus,single,0
I269097,C152491,Male,66,Books,1,15.15,Cash,5/20/2022 0:00,Istinye Park,2022,5,20,4,0,15.15,56_plus,single,0
I411135,C492618,Female,34,Clothing,3,900.24,Debit Card,5/27/2022 0:00,Metropol AVM,2022,5,27,4,0,300.08,26_35,small,0
I122287,C110789,Female,42,Clothing,5,1500.4,Cash,2/16/2021 0:00,Mall of Istanbul,2021,2,16,1,0,300.08000000000004,36_45,bulk,5.684341886080804e-14
I279542,C132888,Female,42,Clothing,5,1500.4,Debit Card,6/25/2021 0:00,Mall of Istanbul,2021,6,25,4,0,300.08000000000004,36_45,bulk,5.684341886080804e-14
I102167,C283282,Female,52,Toys,4,143.36,Credit Card,6/10/2021 0:00,Cevahir AVM,2021,6,10,3,0,35.84,46_55,bulk,0
I995837,C237522,Female,59,Food & Beverage,2,10.46,Credit Card,1/15/2021 0:00,Metrocity,2021,1,15,4,0,5.23,56_plus,small,0
I287713,C271285,Female,61,Clothing,1,300.08,Debit Card,6/7/2021 0:00,Cevahir AVM,2021,6,7,0,0,300.08,56_plus,single,0
I316010,C147713,Male,51,Clothing,3,900.24,Cash,10/15/2021 0:00,Kanyon,2021,10,15,4,0,300.08,46_55,small,0
I116477,C157512,Male,61,Clothing,2,600.16,Credit Card,5/16/2022 0:00,Metrocity,2022,5,16,0,0,300.08,56_plus,small,0
I209438,C312412,Male,22,Food & Beverage,1,5.23,Cash,4/25/2022 0:00,Kanyon,2022,4,25,0,0,5.23,18_25,single,0
I332124,C133446,Female,50,Clothing,5,1500.4,Debit Card,8/18/2022 0:00,Zorlu Center,2022,8,18,3,0,300.08000000000004,46_55,bulk,5.684341886080804e-14
I197506,C308484,Male,41,Clothing,3,900.24,Debit Card,1/15/2023 0:00,Kanyon,2023,1,15,6,1,300.08,36_45,small,0
I266147,C118101,Male,39,Food & Beverage,1,5.23,Cash,10/11/2022 0:00,Mall of Istanbul,2022,10,11,1,0,5.23,36_45,single,0
I329843,C330673,Male,24,Cosmetics,4,162.64,Credit Card,9/4/2022 0:00,Cevahir AVM,2022,9,4,6,1,40.66,18_25,bulk,0
I250140,C249901,Female,52,Food & Beverage,4,20.92,Cash,3/23/2022 0:00,Metrocity,2022,3,23,2,0,5.23,46_55,bulk,0
I131521,C319234,Male,35,Food & Beverage,4,20.92,Cash,10/7/2022 0:00,Kanyon,2022,10,7,4,0,5.23,26_35,bulk,0
I129775,C274019,Female,52,Food & Beverage,4,20.92,Cash,2/17/2022 0:00,Cevahir AVM,2022,2,17,3,0,5.23,46_55,bulk,0
I235031,C146451,Female,34,Food & Beverage,1,5.23,Debit Card,11/14/2021 0:00,Metropol AVM,2021,11,14,6,1,5.23,26_35,single,0
I253234,C249680,Male,52,Cosmetics,1,40.66,Cash,6/11/2021 0:00,Metropol AVM,2021,6,11,4,0,40.66,46_55,single,0
I595141,C268608,Female,24,Clothing,2,600.16,Cash,4/23/2022 0:00,Mall of Istanbul,2022,4,23,5,1,300.08,18_25,small,0
I182045,C485574,Female,34,Clothing,4,1200.32,Cash,2/25/2022 0:00,Metropol AVM,2022,2,25,4,0,300.08,26_35,bulk,0
I237218,C122182,Female,45,Clothing,2,600.16,Debit Card,12/7/2021 0:00,Cevahir AVM,2021,12,7,1,0,300.08,36_45,small,0
I212305,C212378,Female,45,Books,1,15.15,Credit Card,11/6/2021 0:00,Emaar Square Mall,2021,11,6,5,1,15.15,36_45,single,0
I311457,C800136,Male,55,Clothing,4,1200.32,Credit Card,5/22/2021 0:00,Viaport Outlet,2021,5,22,5,1,300.08,46_55,bulk,0
I215888,C260362,Male,54,Clothing,4,1200.32,Debit Card,2/8/2022 0:00,Zorlu Center,2022,2,8,1,0,300.08,46_55,bulk,0
I314355,C126815,Male,48,Souvenir,3,35.19,Cash,7/9/2021 0:00,Zorlu Center,2021,7,9,4,0,11.73,46_55,small,-1.78E-15
I115532,C629865,Female,54,Cosmetics,1,40.66,Credit Card,3/9/2021 0:00,Emaar Square Mall,2021,3,9,1,0,40.66,46_55,single,0
I400994,C439917,Female,63,Shoes,4,2400.68,Credit Card,1/30/2021 0:00,Metrocity,2021,1,30,5,1,600.17,56_plus,bulk,0
I273884,C214987,Male,26,Books,1,15.15,Debit Card,11/19/2022 0:00,Emaar Square Mall,2022,11,19,5,1,15.15,26_35,single,0
I201454,C195164,Female,44,Clothing,3,900.24,Cash,5/19/2021 0:00,Cevahir AVM,2021,5,19,2,0,300.08,36_45,small,0
I125250,C292479,Female,54,Clothing,5,1500.4,Cash,7/3/2022 0:00,Kanyon,2022,7,3,6,1,300.08000000000004,46_55,bulk,5.684341886080804e-14
I131595,C192624,Male,38,Clothing,5,1500.4,Credit Card,4/21/2022 0:00,Zorlu Center,2022,4,21,3,0,300.08000000000004,36_45,bulk,5.684341886080804e-14
I266491,C335778,Male,62,Technology,2,2100,Cash,2/19/2021 0:00,Metrocity,2021,2,19,4,0,1050,56_plus,small,0
I304560,C220582,Female,68,Clothing,1,300.08,Debit Card,4/23/2022 0:00,Viaport Outlet,2022,4,23,5,1,300.08,56_plus,single,0
I776367,C119600,Female,54,Clothing,1,300.08,Debit Card,4/24/2022 0:00,Mall of Istanbul,2022,4,24,6,1,300.08,46_55,single,0
I203797,C162588,Female,23,Technology,1,1050,Cash,10/19/2021 0:00,Metrocity,2021,10,19,1,0,1050,18_25,single,0
I684327,C214285,Female,57,Food & Beverage,3,15.69,Credit Card,5/25/2021 0:00,Metrocity,2021,5,25,1,0,5.23,56_plus,small,-8.88E-16
I103917,C787113,Male,18,Food & Beverage,2,10.46,Debit Card,4/8/2021 0:00,Metrocity,2021,4,8,3,0,5.23,18_25,small,0
I128518,C101108,Female,66,Shoes,1,600.17,Debit Card,9/6/2021 0:00,Mall of Istanbul,2021,9,6,0,0,600.17,56_plus,single,0
I188763,C305950,Male,40,Food & Beverage,2,10.46,Cash,7/23/2022 0:00,Mall of Istanbul,2022,7,23,5,1,5.23,36_45,small,0
I199161,C125219,Female,47,Toys,3,107.52,Credit Card,1/17/2023 0:00,Kanyon,2023,1,17,1,0,35.84,46_55,small,-7.11E-15
I222900,C291441,Male,43,Souvenir,3,35.19,Debit Card,9/24/2021 0:00,Istinye Park,2021,9,24,4,0,11.73,36_45,small,-1.78E-15
I237220,C284715,Female,55,Clothing,4,1200.32,Cash,8/2/2022 0:00,Kanyon,2022,8,2,1,0,300.08,46_55,bulk,0
I334746,C251627,Male,27,Books,3,45.45,Credit Card,7/28/2022 0:00,Kanyon,2022,7,28,3,0,15.15,26_35,small,0
I189942,C292067,Female,65,Cosmetics,5,203.3,Credit Card,8/20/2021 0:00,Emaar Square Mall,2021,8,20,4,0,40.66,56_plus,bulk,7.105427357601002e-15
I124100,C241484,Female,29,Food & Beverage,5,26.15,Debit Card,1/20/2023 0:00,Mall of Istanbul,2023,1,20,4,0,5.23,26_35,bulk,-8.88E-16
I263771,C241092,Male,47,Food & Beverage,5,26.15,Debit Card,4/18/2021 0:00,Istinye Park,2021,4,18,6,1,5.23,46_55,bulk,-8.88E-16
I173270,C230226,Female,48,Clothing,4,1200.32,Cash,7/19/2021 0:00,Mall of Istanbul,2021,7,19,0,0,300.08,46_55,bulk,0
I686910,C315659,Female,38,Clothing,3,900.24,Credit Card,3/15/2022 0:00,Istinye Park,2022,3,15,1,0,300.08,36_45,small,0
I103044,C367741,Female,48,Clothing,5,1500.4,Cash,6/13/2021 0:00,Viaport Outlet,2021,6,13,6,1,300.08000000000004,46_55,bulk,5.684341886080804e-14
I304940,C224495,Male,59,Clothing,3,900.24,Credit Card,11/29/2022 0:00,Forum Istanbul,2022,11,29,1,0,300.08,56_plus,small,0
I293542,C954397,Female,24,Clothing,2,600.16,Cash,6/7/2021 0:00,Kanyon,2021,6,7,0,0,300.08,18_25,small,0
I702278,C202432,Male,66,Shoes,1,600.17,Cash,9/23/2021 0:00,Mall of Istanbul,2021,9,23,3,0,600.17,56_plus,single,0
I176669,C449453,Male,67,Souvenir,3,35.19,Debit Card,9/20/2022 0:00,Metrocity,2022,9,20,1,0,11.73,56_plus,small,-1.78E-15
I802516,C152892,Female,49,Souvenir,3,35.19,Credit Card,5/18/2021 0:00,Cevahir AVM,2021,5,18,1,0,11.73,46_55,small,-1.78E-15
I230697,C299705,Female,36,Cosmetics,1,40.66,Cash,12/10/2022 0:00,Istinye Park,2022,12,10,5,1,40.66,36_45,single,0
I192577,C101002,Female,29,Clothing,4,1200.32,Cash,1/11/2021 0:00,Metrocity,2021,1,11,0,0,300.08,26_35,bulk,0
I165057,C311817,Male,59,Shoes,3,1800.51,Debit Card,8/26/2022 0:00,Emaar Square Mall,2022,8,26,4,0,600.17,56_plus,small,0
I461083,C147914,Male,47,Shoes,4,2400.68,Debit Card,10/5/2021 0:00,Istinye Park,2021,10,5,1,0,600.17,46_55,bulk,0
I103220,C111229,Male,37,Clothing,2,600.16,Cash,4/17/2022 0:00,Metropol AVM,2022,4,17,6,1,300.08,36_45,small,0
I202433,C100960,Female,54,Food & Beverage,1,5.23,Debit Card,7/21/2021 0:00,Emaar Square Mall,2021,7,21,2,0,5.23,46_55,single,0
I327271,C530750,Male,51,Clothing,2,600.16,Credit Card,1/5/2023 0:00,Metropol AVM,2023,1,5,3,0,300.08,46_55,small,0
I821053,C245915,Male,46,Food & Beverage,2,10.46,Debit Card,2/23/2023 0:00,Istinye Park,2023,2,23,3,0,5.23,46_55,small,0
I420436,C234618,Male,51,Clothing,5,1500.4,Cash,1/10/2022 0:00,Metropol AVM,2022,1,10,0,0,300.08000000000004,46_55,bulk,5.684341886080804e-14
I115299,C283739,Female,68,Clothing,4,1200.32,Cash,5/23/2022 0:00,Istinye Park,2022,5,23,0,0,300.08,56_plus,bulk,0
I407756,C234121,Male,58,Clothing,1,300.08,Credit Card,2/26/2021 0:00,Metropol AVM,2021,2,26,4,0,300.08,56_plus,single,0
I320230,C220782,Female,51,Toys,2,71.68,Credit Card,2/24/2022 0:00,Zorlu Center,2022,2,24,3,0,35.84,46_55,small,0
I118914,C306170,Female,35,Toys,2,71.68,Cash,6/20/2021 0:00,Metrocity,2021,6,20,6,1,35.84,26_35,small,0
I186094,C327991,Male,57,Clothing,4,1200.32,Credit Card,3/5/2021 0:00,Metropol AVM,2021,3,5,4,0,300.08,56_plus,bulk,0
I142015,C289226,Female,29,Toys,3,107.52,Cash,2/14/2023 0:00,Metrocity,2023,2,14,1,0,35.84,26_35,small,-7.11E-15
I724591,C377132,Male,65,Clothing,1,300.08,Cash,3/17/2022 0:00,Mall of Istanbul,2022,3,17,3,0,300.08,56_plus,single,0
I207110,C272732,Female,54,Books,1,15.15,Cash,12/29/2022 0:00,Mall of Istanbul,2022,12,29,3,0,15.15,46_55,single,0
I815648,C767138,Female,69,Cosmetics,5,203.3,Cash,3/26/2021 0:00,Istinye Park,2021,3,26,4,0,40.66,56_plus,bulk,7.105427357601002e-15
I284674,C702650,Female,50,Souvenir,4,46.92,Credit Card,9/12/2022 0:00,Metropol AVM,2022,9,12,0,0,11.73,46_55,bulk,0
I220646,C288899,Female,39,Toys,4,143.36,Cash,3/8/2022 0:00,Viaport Outlet,2022,3,8,1,0,35.84,36_45,bulk,0
I223470,C516048,Female,30,Technology,5,5250,Cash,3/15/2022 0:00,Metrocity,2022,3,15,1,0,1050,26_35,bulk,0
I165832,C248148,Male,59,Toys,2,71.68,Cash,7/19/2022 0:00,Metropol AVM,2022,7,19,1,0,35.84,56_plus,small,0
I172278,C175692,Female,53,Clothing,1,300.08,Credit Card,1/7/2022 0:00,Kanyon,2022,1,7,4,0,300.08,46_55,single,0
I161433,C259548,Female,53,Clothing,1,300.08,Cash,4/6/2022 0:00,Kanyon,2022,4,6,2,0,300.08,46_55,single,0
I103086,C285452,Female,52,Cosmetics,4,162.64,Cash,8/17/2022 0:00,Metrocity,2022,8,17,2,0,40.66,46_55,bulk,0
I114774,C913265,Male,30,Souvenir,1,11.73,Cash,1/1/2021 0:00,Metropol AVM,2021,1,1,4,0,11.73,26_35,single,0
I348081,C112999,Female,49,Food & Beverage,1,5.23,Cash,3/15/2022 0:00,Kanyon,2022,3,15,1,0,5.23,46_55,single,0
I272103,C236461,Male,36,Clothing,1,300.08,Credit Card,8/2/2022 0:00,Viaport Outlet,2022,8,2,1,0,300.08,36_45,single,0
I631614,C253913,Male,51,Technology,4,4200,Cash,6/26/2021 0:00,Kanyon,2021,6,26,5,1,1050,46_55,bulk,0
I235098,C924104,Female,32,Toys,4,143.36,Cash,3/2/2021 0:00,Mall of Istanbul,2021,3,2,1,0,35.84,26_35,bulk,0
I258510,C220077,Male,53,Toys,5,179.2,Cash,3/25/2021 0:00,Kanyon,2021,3,25,3,0,35.84,46_55,bulk,-7.11E-15
I314126,C108914,Male,46,Clothing,3,900.24,Cash,9/14/2021 0:00,Mall of Istanbul,2021,9,14,1,0,300.08,46_55,small,0
I193228,C126014,Male,35,Cosmetics,3,121.98,Cash,3/17/2021 0:00,Kanyon,2021,3,17,2,0,40.66,26_35,small,7.105427357601002e-15
I313942,C262662,Male,62,Food & Beverage,2,10.46,Cash,2/7/2021 0:00,Kanyon,2021,2,7,6,1,5.23,56_plus,small,0
I117079,C223099,Female,52,Clothing,1,300.08,Debit Card,1/27/2023 0:00,Kanyon,2023,1,27,4,0,300.08,46_55,single,0
I597124,C150220,Female,59,Clothing,2,600.16,Debit Card,12/10/2022 0:00,Mall of Istanbul,2022,12,10,5,1,300.08,56_plus,small,0
I283765,C307629,Female,32,Clothing,1,300.08,Cash,6/16/2021 0:00,Metrocity,2021,6,16,2,0,300.08,26_35,single,0
I889893,C114922,Female,35,Clothing,1,300.08,Cash,1/30/2023 0:00,Istinye Park,2023,1,30,0,0,300.08,26_35,single,0
I246617,C211460,Male,49,Shoes,1,600.17,Credit Card,1/12/2022 0:00,Emaar Square Mall,2022,1,12,2,0,600.17,46_55,single,0
I124016,C178059,Female,23,Clothing,3,900.24,Cash,4/10/2022 0:00,Cevahir AVM,2022,4,10,6,1,300.08,18_25,small,0
I317861,C108638,Female,57,Cosmetics,4,162.64,Debit Card,1/20/2022 0:00,Metropol AVM,2022,1,20,3,0,40.66,56_plus,bulk,0
I163085,C908696,Male,58,Food & Beverage,1,5.23,Cash,3/20/2022 0:00,Forum Istanbul,2022,3,20,6,1,5.23,56_plus,single,0
I324913,C216798,Female,55,Cosmetics,2,81.32,Debit Card,12/1/2022 0:00,Metrocity,2022,12,1,3,0,40.66,46_55,small,0
I278432,C223923,Female,55,Clothing,3,900.24,Credit Card,4/5/2021 0:00,Metrocity,2021,4,5,0,0,300.08,46_55,small,0
I586725,C222874,Female,45,Cosmetics,5,203.3,Cash,6/27/2022 0:00,Mall of Istanbul,2022,6,27,0,0,40.66,36_45,bulk,7.105427357601002e-15
I130523,C117842,Female,19,Clothing,2,600.16,Debit Card,3/9/2022 0:00,Metrocity,2022,3,9,2,0,300.08,18_25,small,0
I925781,C662857,Male,58,Cosmetics,5,203.3,Cash,5/17/2021 0:00,Emaar Square Mall,2021,5,17,0,0,40.66,56_plus,bulk,7.105427357601002e-15
I312663,C165000,Female,50,Toys,2,71.68,Debit Card,5/22/2022 0:00,Kanyon,2022,5,22,6,1,35.84,46_55,small,0
I129839,C229612,Male,36,Cosmetics,4,162.64,Cash,3/24/2021 0:00,Metropol AVM,2021,3,24,2,0,40.66,36_45,bulk,0
I100579,C260481,Female,36,Food & Beverage,3,15.69,Credit Card,9/24/2022 0:00,Kanyon,2022,9,24,5,1,5.23,36_45,small,-8.88E-16
I279058,C333462,Female,42,Souvenir,2,23.46,Cash,6/21/2021 0:00,Istinye Park,2021,6,21,0,0,11.73,36_45,small,0
I224760,C302630,Male,60,Books,4,60.6,Cash,4/11/2021 0:00,Metrocity,2021,4,11,6,1,15.15,56_plus,bulk,0
I141591,C110500,Male,39,Clothing,2,600.16,Cash,8/28/2021 0:00,Metropol AVM,2021,8,28,5,1,300.08,36_45,small,0
I443058,C294678,Female,23,Souvenir,1,11.73,Credit Card,9/17/2021 0:00,Kanyon,2021,9,17,4,0,11.73,18_25,single,0
I205992,C424190,Female,38,Cosmetics,2,81.32,Cash,1/26/2021 0:00,Mall of Istanbul,2021,1,26,1,0,40.66,36_45,small,0
I246672,C102719,Female,38,Food & Beverage,4,20.92,Credit Card,9/22/2021 0:00,Metropol AVM,2021,9,22,2,0,5.23,36_45,bulk,0
I635863,C224984,Male,42,Clothing,5,1500.4,Credit Card,9/17/2022 0:00,Mall of Istanbul,2022,9,17,5,1,300.08000000000004,36_45,bulk,5.684341886080804e-14
I331293,C215583,Female,69,Shoes,1,600.17,Credit Card,6/18/2022 0:00,Forum Istanbul,2022,6,18,5,1,600.17,56_plus,single,0
I214447,C157108,Female,59,Souvenir,5,58.65,Cash,8/7/2022 0:00,Mall of Istanbul,2022,8,7,6,1,11.73,56_plus,bulk,0
I289972,C182162,Female,43,Food & Beverage,5,26.15,Debit Card,11/26/2022 0:00,Istinye Park,2022,11,26,5,1,5.23,36_45,bulk,-8.88E-16
I265726,C279216,Male,56,Food & Beverage,4,20.92,Cash,6/16/2022 0:00,Mall of Istanbul,2022,6,16,3,0,5.23,56_plus,bulk,0
I664146,C221666,Female,62,Clothing,4,1200.32,Cash,9/4/2022 0:00,Forum Istanbul,2022,9,4,6,1,300.08,56_plus,bulk,0
I637087,C295880,Female,50,Clothing,5,1500.4,Cash,2/12/2023 0:00,Kanyon,2023,2,12,6,1,300.08000000000004,46_55,bulk,5.684341886080804e-14
I237284,C222646,Female,46,Shoes,2,1200.34,Credit Card,1/26/2021 0:00,Kanyon,2021,1,26,1,0,600.17,46_55,small,0
I321703,C314773,Female,22,Clothing,5,1500.4,Cash,5/18/2022 0:00,Kanyon,2022,5,18,2,0,300.08000000000004,18_25,bulk,5.684341886080804e-14
I611978,C262966,Male,27,Cosmetics,5,203.3,Credit Card,6/19/2022 0:00,Metrocity,2022,6,19,6,1,40.66,26_35,bulk,7.105427357601002e-15
I254110,C258563,Female,43,Clothing,1,300.08,Debit Card,11/6/2022 0:00,Zorlu Center,2022,11,6,6,1,300.08,36_45,single,0
I204928,C329972,Male,39,Shoes,4,2400.68,Cash,7/10/2022 0:00,Emaar Square Mall,2022,7,10,6,1,600.17,36_45,bulk,0
I226013,C242224,Female,56,Clothing,5,1500.4,Cash,3/30/2021 0:00,Istinye Park,2021,3,30,1,0,300.08000000000004,56_plus,bulk,5.684341886080804e-14
I197129,C223234,Female,51,Toys,3,107.52,Cash,1/14/2023 0:00,Mall of Istanbul,2023,1,14,5,1,35.84,46_55,small,-7.11E-15
I108227,C432108,Male,22,Cosmetics,2,81.32,Cash,6/23/2021 0:00,Emaar Square Mall,2021,6,23,2,0,40.66,18_25,small,0
I245103,C111581,Female,18,Clothing,3,900.24,Debit Card,10/2/2022 0:00,Kanyon,2022,10,2,6,1,300.08,18_25,small,0
I227743,C194405,Female,24,Clothing,2,600.16,Credit Card,2/24/2023 0:00,Metropol AVM,2023,2,24,4,0,300.08,18_25,small,0
I286570,C798344,Female,30,Clothing,4,1200.32,Cash,2/1/2021 0:00,Mall of Istanbul,2021,2,1,0,0,300.08,26_35,bulk,0
I294022,C279485,Female,23,Toys,1,35.84,Credit Card,3/5/2022 0:00,Mall of Istanbul,2022,3,5,5,1,35.84,18_25,single,0
I126227,C339112,Female,60,Technology,3,3150,Cash,9/3/2021 0:00,Mall of Istanbul,2021,9,3,4,0,1050,56_plus,small,0
I544016,C257716,Male,54,Clothing,5,1500.4,Credit Card,2/14/2021 0:00,Mall of Istanbul,2021,2,14,6,1,300.08000000000004,46_55,bulk,5.684341886080804e-14
I248912,C194621,Female,55,Books,4,60.6,Cash,7/5/2021 0:00,Metrocity,2021,7,5,0,0,15.15,46_55,bulk,0
I230588,C153071,Male,54,Clothing,3,900.24,Credit Card,3/17/2021 0:00,Metropol AVM,2021,3,17,2,0,300.08,46_55,small,0
I142299,C333854,Female,20,Clothing,3,900.24,Cash,7/23/2021 0:00,Kanyon,2021,7,23,4,0,300.08,18_25,small,0
I207027,C335443,Male,38,Clothing,2,600.16,Cash,8/24/2022 0:00,Istinye Park,2022,8,24,2,0,300.08,36_45,small,0
I109715,C488310,Male,45,Toys,3,107.52,Debit Card,8/5/2022 0:00,Istinye Park,2022,8,5,4,0,35.84,36_45,small,-7.11E-15
I240479,C335605,Male,49,Cosmetics,1,40.66,Debit Card,9/21/2021 0:00,Mall of Istanbul,2021,9,21,1,0,40.66,46_55,single,0
I263202,C333862,Male,43,Shoes,5,3000.85,Credit Card,3/28/2021 0:00,Mall of Istanbul,2021,3,28,6,1,600.17,36_45,bulk,0
I119445,C221790,Female,65,Food & Beverage,5,26.15,Credit Card,3/23/2021 0:00,Istinye Park,2021,3,23,1,0,5.23,56_plus,bulk,-8.88E-16
I225309,C311957,Female,40,Cosmetics,2,81.32,Credit Card,5/3/2021 0:00,Kanyon,2021,5,3,0,0,40.66,36_45,small,0
I154879,C338851,Male,42,Clothing,2,600.16,Cash,1/22/2021 0:00,Kanyon,2021,1,22,4,0,300.08,36_45,small,0
I294360,C116659,Female,23,Clothing,2,600.16,Cash,8/18/2021 0:00,Mall of Istanbul,2021,8,18,2,0,300.08,18_25,small,0
I271358,C158205,Male,53,Clothing,5,1500.4,Cash,1/14/2023 0:00,Istinye Park,2023,1,14,5,1,300.08000000000004,46_55,bulk,5.684341886080804e-14
I338426,C951491,Male,38,Clothing,3,900.24,Cash,3/7/2021 0:00,Mall of Istanbul,2021,3,7,6,1,300.08,36_45,small,0
I148738,C147642,Female,40,Clothing,3,900.24,Cash,7/15/2022 0:00,Cevahir AVM,2022,7,15,4,0,300.08,36_45,small,0
I300204,C295017,Female,64,Cosmetics,1,40.66,Credit Card,2/18/2023 0:00,Metropol AVM,2023,2,18,5,1,40.66,56_plus,single,0
I224242,C691785,Female,48,Clothing,1,300.08,Cash,1/27/2021 0:00,Istinye Park,2021,1,27,2,0,300.08,46_55,single,0
I267834,C148479,Male,36,Clothing,1,300.08,Credit Card,7/9/2022 0:00,Mall of Istanbul,2022,7,9,5,1,300.08,36_45,single,0
I922003,C334197,Male,58,Clothing,4,1200.32,Debit Card,3/25/2022 0:00,Metropol AVM,2022,3,25,4,0,300.08,56_plus,bulk,0
I538026,C114031,Male,50,Clothing,2,600.16,Credit Card,6/11/2022 0:00,Kanyon,2022,6,11,5,1,300.08,46_55,small,0
I444615,C203754,Male,52,Toys,5,179.2,Cash,11/25/2022 0:00,Emaar Square Mall,2022,11,25,4,0,35.84,46_55,bulk,-7.11E-15
I181126,C895025,Female,20,Toys,1,35.84,Credit Card,6/6/2022 0:00,Mall of Istanbul,2022,6,6,0,0,35.84,18_25,single,0
I214309,C194049,Female,45,Toys,5,179.2,Debit Card,11/29/2021 0:00,Metrocity,2021,11,29,0,0,35.84,36_45,bulk,-7.11E-15
I280592,C213996,Male,28,Clothing,4,1200.32,Debit Card,12/24/2021 0:00,Cevahir AVM,2021,12,24,4,0,300.08,26_35,bulk,0
I382933,C174882,Male,44,Cosmetics,1,40.66,Credit Card,8/23/2022 0:00,Istinye Park,2022,8,23,1,0,40.66,36_45,single,0
I749561,C282592,Female,26,Toys,5,179.2,Credit Card,7/17/2022 0:00,Mall of Istanbul,2022,7,17,6,1,35.84,26_35,bulk,-7.11E-15
I936721,C173791,Male,59,Clothing,4,1200.32,Cash,10/30/2021 0:00,Kanyon,2021,10,30,5,1,300.08,56_plus,bulk,0
I221155,C318620,Female,35,Food & Beverage,1,5.23,Debit Card,12/29/2021 0:00,Mall of Istanbul,2021,12,29,2,0,5.23,26_35,single,0
I332466,C201221,Female,36,Clothing,5,1500.4,Cash,1/23/2023 0:00,Kanyon,2023,1,23,0,0,300.08000000000004,36_45,bulk,5.684341886080804e-14
I281825,C113794,Male,22,Technology,2,2100,Cash,11/9/2022 0:00,Metropol AVM,2022,11,9,2,0,1050,18_25,small,0
I127294,C244602,Male,67,Books,5,75.75,Cash,3/23/2022 0:00,Metrocity,2022,3,23,2,0,15.15,56_plus,bulk,0
I283249,C322136,Male,29,Clothing,4,1200.32,Credit Card,6/16/2022 0:00,Kanyon,2022,6,16,3,0,300.08,26_35,bulk,0
I221646,C320598,Male,68,Clothing,1,300.08,Debit Card,2/15/2021 0:00,Metrocity,2021,2,15,0,0,300.08,56_plus,single,0
I119066,C191550,Female,26,Clothing,3,900.24,Cash,6/19/2022 0:00,Kanyon,2022,6,19,6,1,300.08,26_35,small,0
I198063,C316387,Female,24,Clothing,5,1500.4,Credit Card,4/6/2021 0:00,Mall of Istanbul,2021,4,6,1,0,300.08000000000004,18_25,bulk,5.684341886080804e-14
I272322,C145388,Female,51,Cosmetics,4,162.64,Credit Card,8/9/2021 0:00,Kanyon,2021,8,9,0,0,40.66,46_55,bulk,0
I239617,C238341,Female,54,Cosmetics,4,162.64,Cash,4/22/2021 0:00,Forum Istanbul,2021,4,22,3,0,40.66,46_55,bulk,0
I476441,C986198,Female,40,Cosmetics,1,40.66,Credit Card,7/28/2021 0:00,Metrocity,2021,7,28,2,0,40.66,36_45,single,0
I283671,C104665,Male,43,Cosmetics,1,40.66,Credit Card,11/30/2022 0:00,Metrocity,2022,11,30,2,0,40.66,36_45,single,0
I208085,C230859,Female,62,Shoes,5,3000.85,Debit Card,8/28/2021 0:00,Metrocity,2021,8,28,5,1,600.17,56_plus,bulk,0
I184008,C217449,Female,58,Books,3,45.45,Cash,7/30/2021 0:00,Metropol AVM,2021,7,30,4,0,15.15,56_plus,small,0
I220192,C144539,Male,35,Cosmetics,4,162.64,Debit Card,1/26/2022 0:00,Emaar Square Mall,2022,1,26,2,0,40.66,26_35,bulk,0
I695847,C292241,Female,38,Books,1,15.15,Debit Card,3/29/2021 0:00,Mall of Istanbul,2021,3,29,0,0,15.15,36_45,single,0
I856491,C795929,Male,66,Cosmetics,1,40.66,Cash,1/10/2022 0:00,Kanyon,2022,1,10,0,0,40.66,56_plus,single,0
I329630,C178962,Female,42,Shoes,3,1800.51,Debit Card,8/18/2021 0:00,Metrocity,2021,8,18,2,0,600.17,36_45,small,0
I219441,C208009,Male,41,Toys,2,71.68,Debit Card,12/26/2021 0:00,Metropol AVM,2021,12,26,6,1,35.84,36_45,small,0
I103828,C201443,Female,36,Clothing,4,1200.32,Cash,6/10/2022 0:00,Mall of Istanbul,2022,6,10,4,0,300.08,36_45,bulk,0
I357979,C756863,Male,49,Clothing,2,600.16,Cash,12/24/2021 0:00,Forum Istanbul,2021,12,24,4,0,300.08,46_55,small,0
I213650,C786774,Female,42,Food & Beverage,2,10.46,Cash,7/15/2021 0:00,Kanyon,2021,7,15,3,0,5.23,36_45,small,0
I789424,C153515,Female,49,Shoes,2,1200.34,Cash,9/3/2022 0:00,Emaar Square Mall,2022,9,3,5,1,600.17,46_55,small,0
I334697,C150745,Female,37,Technology,3,3150,Cash,5/18/2021 0:00,Mall of Istanbul,2021,5,18,1,0,1050,36_45,small,0
I520757,C919650,Female,54,Cosmetics,4,162.64,Credit Card,1/11/2021 0:00,Zorlu Center,2021,1,11,0,0,40.66,46_55,bulk,0
I313832,C112489,Female,54,Clothing,1,300.08,Cash,3/25/2022 0:00,Mall of Istanbul,2022,3,25,4,0,300.08,46_55,single,0
I244247,C227969,Female,57,Shoes,5,3000.85,Credit Card,11/29/2022 0:00,Cevahir AVM,2022,11,29,1,0,600.17,56_plus,bulk,0
I381921,C917739,Female,48,Books,4,60.6,Debit Card,9/20/2021 0:00,Cevahir AVM,2021,9,20,0,0,15.15,46_55,bulk,0
I239686,C106724,Male,18,Shoes,3,1800.51,Debit Card,2/5/2021 0:00,Metropol AVM,2021,2,5,4,0,600.17,18_25,small,0
I799249,C218803,Female,56,Clothing,3,900.24,Debit Card,2/11/2022 0:00,Metropol AVM,2022,2,11,4,0,300.08,56_plus,small,0
I285999,C209469,Female,45,Cosmetics,5,203.3,Credit Card,1/22/2021 0:00,Istinye Park,2021,1,22,4,0,40.66,36_45,bulk,7.105427357601002e-15
I937993,C962809,Female,51,Food & Beverage,3,15.69,Cash,10/30/2021 0:00,Mall of Istanbul,2021,10,30,5,1,5.23,46_55,small,-8.88E-16
I204620,C284519,Male,57,Technology,4,4200,Cash,10/14/2022 0:00,Istinye Park,2022,10,14,4,0,1050,56_plus,bulk,0
I260381,C268099,Female,48,Technology,2,2100,Cash,7/11/2022 0:00,Mall of Istanbul,2022,7,11,0,0,1050,46_55,small,0
I280720,C149104,Male,49,Clothing,4,1200.32,Cash,9/9/2021 0:00,Mall of Istanbul,2021,9,9,3,0,300.08,46_55,bulk,0
I118663,C151768,Male,37,Toys,4,143.36,Cash,8/30/2022 0:00,Mall of Istanbul,2022,8,30,1,0,35.84,36_45,bulk,0
I305641,C119462,Female,22,Clothing,2,600.16,Credit Card,12/10/2022 0:00,Mall of Istanbul,2022,12,10,5,1,300.08,18_25,small,0
I124999,C114203,Female,42,Food & Beverage,5,26.15,Debit Card,9/27/2022 0:00,Zorlu Center,2022,9,27,1,0,5.23,36_45,bulk,-8.88E-16
I176904,C255201,Male,49,Shoes,2,1200.34,Credit Card,6/23/2022 0:00,Zorlu Center,2022,6,23,3,0,600.17,46_55,small,0
I192691,C226702,Female,26,Food & Beverage,3,15.69,Cash,1/5/2021 0:00,Mall of Istanbul,2021,1,5,1,0,5.23,26_35,small,-8.88E-16
I111366,C187216,Male,53,Clothing,1,300.08,Credit Card,12/19/2021 0:00,Emaar Square Mall,2021,12,19,6,1,300.08,46_55,single,0
I348248,C258454,Female,68,Books,3,45.45,Credit Card,6/24/2022 0:00,Kanyon,2022,6,24,4,0,15.15,56_plus,small,0
I327544,C585000,Female,18,Food & Beverage,2,10.46,Cash,5/12/2021 0:00,Mall of Istanbul,2021,5,12,2,0,5.23,18_25,small,0
I220267,C165022,Male,48,Technology,1,1050,Credit Card,11/26/2021 0:00,Metrocity,2021,11,26,4,0,1050,46_55,single,0
I106650,C755349,Male,63,Souvenir,5,58.65,Credit Card,10/3/2021 0:00,Metrocity,2021,10,3,6,1,11.73,56_plus,bulk,0
I125101,C156718,Female,51,Clothing,1,300.08,Debit Card,9/10/2022 0:00,Mall of Istanbul,2022,9,10,5,1,300.08,46_55,single,0
I186193,C283073,Female,39,Clothing,2,600.16,Cash,4/13/2022 0:00,Mall of Istanbul,2022,4,13,2,0,300.08,36_45,small,0
I351194,C229935,Female,55,Books,3,45.45,Cash,3/16/2022 0:00,Mall of Istanbul,2022,3,16,2,0,15.15,46_55,small,0
I251253,C269850,Female,59,Books,4,60.6,Cash,6/5/2022 0:00,Emaar Square Mall,2022,6,5,6,1,15.15,56_plus,bulk,0
I106031,C329765,Female,56,Clothing,1,300.08,Debit Card,4/3/2022 0:00,Metropol AVM,2022,4,3,6,1,300.08,56_plus,single,0
I460088,C175537,Female,64,Souvenir,2,23.46,Debit Card,4/29/2021 0:00,Metrocity,2021,4,29,3,0,11.73,56_plus,small,0
I298755,C204966,Male,50,Food & Beverage,2,10.46,Credit Card,10/10/2022 0:00,Mall of Istanbul,2022,10,10,0,0,5.23,46_55,small,0
I284208,C145304,Female,52,Clothing,4,1200.32,Credit Card,5/10/2022 0:00,Istinye Park,2022,5,10,1,0,300.08,46_55,bulk,0
I139377,C280914,Male,43,Shoes,3,1800.51,Cash,5/19/2021 0:00,Metrocity,2021,5,19,2,0,600.17,36_45,small,0
I164420,C175799,Female,32,Clothing,2,600.16,Cash,12/21/2022 0:00,Kanyon,2022,12,21,2,0,300.08,26_35,small,0
I237809,C299974,Male,43,Cosmetics,5,203.3,Credit Card,8/12/2022 0:00,Forum Istanbul,2022,8,12,4,0,40.66,36_45,bulk,7.105427357601002e-15
I696848,C161889,Female,24,Books,2,30.3,Cash,8/30/2022 0:00,Mall of Istanbul,2022,8,30,1,0,15.15,18_25,small,0
I150707,C304730,Female,53,Shoes,1,600.17,Credit Card,2/8/2023 0:00,Kanyon,2023,2,8,2,0,600.17,46_55,single,0
I675639,C165100,Female,35,Cosmetics,4,162.64,Cash,1/27/2022 0:00,Mall of Istanbul,2022,1,27,3,0,40.66,26_35,bulk,0
I192341,C317624,Male,66,Technology,1,1050,Debit Card,10/14/2021 0:00,Cevahir AVM,2021,10,14,3,0,1050,56_plus,single,0
I875321,C304141,Female,63,Toys,3,107.52,Debit Card,9/5/2022 0:00,Metrocity,2022,9,5,0,0,35.84,56_plus,small,-7.11E-15
I218507,C212939,Female,60,Shoes,2,1200.34,Debit Card,1/29/2023 0:00,Emaar Square Mall,2023,1,29,6,1,600.17,56_plus,small,0
I337879,C324658,Female,53,Clothing,3,900.24,Debit Card,10/2/2022 0:00,Kanyon,2022,10,2,6,1,300.08,46_55,small,0
I686889,C293819,Male,47,Shoes,3,1800.51,Credit Card,6/2/2021 0:00,Kanyon,2021,6,2,2,0,600.17,46_55,small,0
I613164,C869445,Female,61,Clothing,4,1200.32,Debit Card,5/21/2022 0:00,Metrocity,2022,5,21,5,1,300.08,56_plus,bulk,0
I274023,C185016,Female,45,Clothing,1,300.08,Cash,12/9/2021 0:00,Cevahir AVM,2021,12,9,3,0,300.08,36_45,single,0
I135658,C637390,Female,43,Cosmetics,4,162.64,Credit Card,4/1/2022 0:00,Viaport Outlet,2022,4,1,4,0,40.66,36_45,bulk,0
I165451,C869173,Female,34,Shoes,5,3000.85,Debit Card,3/20/2022 0:00,Mall of Istanbul,2022,3,20,6,1,600.17,26_35,bulk,0
I208397,C136367,Female,69,Clothing,5,1500.4,Credit Card,2/26/2023 0:00,Viaport Outlet,2023,2,26,6,1,300.08000000000004,56_plus,bulk,5.684341886080804e-14
I497958,C170219,Female,52,Souvenir,5,58.65,Credit Card,2/25/2022 0:00,Mall of Istanbul,2022,2,25,4,0,11.73,46_55,bulk,0
I417310,C197225,Female,18,Clothing,4,1200.32,Cash,1/29/2021 0:00,Forum Istanbul,2021,1,29,4,0,300.08,18_25,bulk,0
I344390,C152796,Female,40,Clothing,5,1500.4,Cash,1/19/2023 0:00,Kanyon,2023,1,19,3,0,300.08000000000004,36_45,bulk,5.684341886080804e-14
I182759,C235128,Female,65,Books,2,30.3,Cash,2/14/2021 0:00,Cevahir AVM,2021,2,14,6,1,15.15,56_plus,small,0
I144329,C267370,Male,34,Cosmetics,2,81.32,Cash,1/30/2021 0:00,Metrocity,2021,1,30,5,1,40.66,26_35,small,0
I718062,C278710,Female,46,Clothing,5,1500.4,Credit Card,5/13/2022 0:00,Metrocity,2022,5,13,4,0,300.08000000000004,46_55,bulk,5.684341886080804e-14
I188893,C884209,Female,69,Clothing,5,1500.4,Cash,10/1/2022 0:00,Kanyon,2022,10,1,5,1,300.08000000000004,56_plus,bulk,5.684341886080804e-14
I194172,C254466,Female,27,Food & Beverage,4,20.92,Cash,12/25/2021 0:00,Istinye Park,2021,12,25,5,1,5.23,26_35,bulk,0
I762878,C241739,Female,35,Clothing,5,1500.4,Cash,1/23/2022 0:00,Viaport Outlet,2022,1,23,6,1,300.08000000000004,26_35,bulk,5.684341886080804e-14
I325608,C299715,Female,51,Technology,2,2100,Debit Card,6/14/2022 0:00,Mall of Istanbul,2022,6,14,1,0,1050,46_55,small,0
I179702,C403051,Female,37,Food & Beverage,3,15.69,Debit Card,11/6/2022 0:00,Metrocity,2022,11,6,6,1,5.23,36_45,small,-8.88E-16
I516024,C238006,Female,63,Souvenir,1,11.73,Credit Card,10/3/2021 0:00,Metrocity,2021,10,3,6,1,11.73,56_plus,single,0
I963273,C157233,Female,23,Food & Beverage,1,5.23,Credit Card,4/30/2021 0:00,Kanyon,2021,4,30,4,0,5.23,18_25,single,0
I140847,C121736,Female,31,Clothing,2,600.16,Credit Card,5/1/2022 0:00,Kanyon,2022,5,1,6,1,300.08,26_35,small,0
I671482,C184108,Female,32,Toys,4,143.36,Credit Card,8/13/2021 0:00,Kanyon,2021,8,13,4,0,35.84,26_35,bulk,0
I329745,C159968,Female,47,Clothing,3,900.24,Credit Card,3/2/2021 0:00,Kanyon,2021,3,2,1,0,300.08,46_55,small,0
I883342,C727532,Female,41,Shoes,3,1800.51,Credit Card,8/15/2021 0:00,Metrocity,2021,8,15,6,1,600.17,36_45,small,0
I148800,C418983,Male,58,Books,3,45.45,Debit Card,1/8/2021 0:00,Metrocity,2021,1,8,4,0,15.15,56_plus,small,0
I181549,C116183,Male,40,Food & Beverage,1,5.23,Credit Card,10/16/2021 0:00,Metrocity,2021,10,16,5,1,5.23,36_45,single,0
I233479,C308163,Female,63,Toys,5,179.2,Cash,12/21/2022 0:00,Forum Istanbul,2022,12,21,2,0,35.84,56_plus,bulk,-7.11E-15
I600283,C349700,Male,27,Toys,5,179.2,Debit Card,9/28/2021 0:00,Metrocity,2021,9,28,1,0,35.84,26_35,bulk,-7.11E-15
I587687,C287418,Male,51,Toys,2,71.68,Credit Card,9/15/2021 0:00,Emaar Square Mall,2021,9,15,2,0,35.84,46_55,small,0
I698203,C800720,Female,18,Shoes,4,2400.68,Credit Card,6/28/2021 0:00,Kanyon,2021,6,28,0,0,600.17,18_25,bulk,0
I508489,C406307,Female,45,Food & Beverage,2,10.46,Cash,10/7/2021 0:00,Ma of Istanbul,2021,10,7,3,0,5.23,36_45,small,0
I478799,C300338,Male,45,Toys,1,35.84,Debit Card,7/25/2021 0:00,Mall of Istanbul,2021,7,25,6,1,35.84,36_45,single,0
I222580,C596362,Male,65,Cosmetics,1,40.66,Credit Card,3/10/2021 0:00,Metropol AVM,2021,3,10,2,0,40.66,56_plus,single,0
I805271,C218778,Female,30,Clothing,5,1500.4,Cash,3/11/2021 0:00,Metrocity,2021,3,11,3,0,300.08000000000004,26_35,bulk,5.684341886080804e-14
I575197,C177704,Female,52,Cosm,3,121.98,Cash,12/7/2022 0:00,Kanyon,2022,12,7,2,0,40.66,46_55,small,7.105427357601002e-15
I886160,C378884,Female,32,Clothing,1,300.08,Debit Card,9/14/2022 0:00,Mall of Istanbul,2022,9,14,2,0,300.08,26_35,single,0
I816001,C213985,Male,48,Cosmetics,2,81.32,Debit Card,3/17/2021 0:00,Metropol AVM,2021,3,17,2,0,40.66,46_55,small,0
I178367,C322034,Female,53,Clothing,4,1200.32,Credit Card,8/31/2022 0:00,Istinye Park,2022,8,31,2,0,300.08,46_55,bulk,0
I312964,C255670,Female,51,Technology,2,2100,Debit Card,7/22/2022 0:00,Metrocity,2022,7,22,4,0,1050,46_55,small,0
I144920,C681826,Female,27,Food & Beverage,2,10.46,Cash,2/17/2021 0:00,Mall of Istanbul,2021,2,17,2,0,5.23,26_35,small,0
