issue_id,row_id,column_name,issue_type,current_value,suggested_value,confidence,severity,severity_score,reason,source_method,can_auto_fix,created_at
83ac15e9-8af8-441f-9fec-a47cd1d41711,I196704,shopping_mall,invalid,MALL,Cevahir AVM,0.5,medium,0.4,"Value is not in allowed values: ['Cevahir AVM', 'Emaar Square Mall', 'Forum Istanbul', 'Istinye Park', 'Kanyon', 'Mall of Istanbul', 'Metrocity', 'Metropol AVM', 'Viaport Outlet', 'Zorlu Center'].",rule_invalid_detector,True,2026-07-01T06:56:22.221385
df05b19b-1ee7-4b0e-99c0-09377959217c,I317333,payment_method,anomaly,Debit Card,Cash,0.0602,high,0.5,Column 'payment_method' deviates from similar normal records.,isolation_forest+feature_contribution,True,2026-07-01T06:56:44.245077
70d40437-b0eb-4e4b-b88a-673027bad34e,I317333,shopping_mall,anomaly,Forum Istanbul,Forum Istanbul,0.0602,high,0.5,Column 'shopping_mall' deviates from similar normal records.,isolation_forest+feature_contribution,True,2026-07-01T06:56:44.245077
b2d9a141-adf4-43ed-9e20-5b9f6e502fab,I688768,shopping_mall,anomaly,Viaport Outlet,Forum Istanbul,0.0532,high,0.5,Column 'shopping_mall' deviates from similar normal records.,isolation_forest+feature_contribution,True,2026-07-01T06:56:44.296577
7199c2e9-4ea0-4303-967f-9f8d7e40ee98,I170160,payment_method,anomaly,Debit Card,Credit Card,0.0492,high,0.5,Column 'payment_method' deviates from similar normal records.,isolation_forest+feature_contribution,True,2026-07-01T06:56:45.197072
eefe7819-ef15-4939-b4e5-c5ac9922f8fb,I402966,shopping_mall,anomaly,Viaport Outlet,Viaport Outlet,0.0321,high,0.5,Column 'shopping_mall' deviates from similar normal records.,isolation_forest+feature_contribution,True,2026-07-01T06:56:45.293989
69e7874a-9bc8-40a8-ac3a-46afd0efe745,I291540,shopping_mall,anomaly,Kanyon,Mall of Istanbul,0.1337,high,0.5,Column 'shopping_mall' deviates from similar normal records.,isolation_forest+feature_contribution,True,2026-07-01T06:56:45.540701
3aba744f-5420-472a-b5d9-d661dc3e087b,I283774,category,anomaly,Toys,Cosmetics,0.1399,high,0.5,Column 'category' deviates from similar normal records.,isolation_forest+feature_contribution,True,2026-07-01T06:56:46.563660
9c58de16-a113-4101-99dd-e0d5159128ea,I251307,payment_method,anomaly,Debit Card,Cash,0.0563,high,0.5,Column 'payment_method' deviates from similar normal records.,isolation_forest+feature_contribution,True,2026-07-01T06:56:47.021754
7434d12c-74fb-412c-a894-8021b04511ff,I188382,shopping_mall,anomaly,Emaar Square Mall,Metrocity,0.0091,high,0.5,Column 'shopping_mall' deviates from similar normal records.,isolation_forest+feature_contribution,True,2026-07-01T06:56:47.672784
de4dbb48-0a27-4326-8fd0-c9c78d8d76d5,I125636,payment_method,anomaly,Debit Card,Debit Card,0.068,high,0.5,Column 'payment_method' deviates from similar normal records.,isolation_forest+feature_contribution,True,2026-07-01T06:56:48.259738
f9ed27f8-1639-4f7c-bde9-e011c69a2aaf,I846448,payment_method,anomaly,Debit Card,Cash,0.0694,high,0.5,Column 'payment_method' deviates from similar normal records.,isolation_forest+feature_contribution,True,2026-07-01T06:56:48.458016
b2ea943d-0171-4bbd-99f9-73f4d3b3930d,I228888,shopping_mall,anomaly,Kanyon,Kanyon,0.0268,high,0.5,Column 'shopping_mall' deviates from similar normal records.,isolation_forest+feature_contribution,True,2026-07-01T06:56:49.103554
db50a860-483d-4928-8b5f-66af3253a5bd,I312437,shopping_mall,anomaly,Emaar Square Mall,Emaar Square Mall,0.0071,high,0.5,Column 'shopping_mall' deviates from similar normal records.,isolation_forest+feature_contribution,True,2026-07-01T06:56:49.304766
e5b9c342-f4c2-4387-941c-3472d763d059,I255891,shopping_mall,anomaly,Istinye Park,Mall of Istanbul,0.0546,high,0.5,Column 'shopping_mall' deviates from similar normal records.,isolation_forest+feature_contribution,True,2026-07-01T06:56:49.653706
74b6dd5c-847c-4d8b-911b-a207289fc203,I420393,shopping_mall,anomaly,Metrocity,Metropol AVM,0.0268,high,0.5,Column 'shopping_mall' deviates from similar normal records.,isolation_forest+feature_contribution,True,2026-07-01T06:56:49.901847
0191e6a8-518f-42f5-affc-a9e4e75c69ea,I169599,shopping_mall,anomaly,Metropol AVM,Mall of Istanbul,0.0521,high,0.5,Column 'shopping_mall' deviates from similar normal records.,isolation_forest+feature_contribution,True,2026-07-01T06:56:50.187954
c213bb8e-0fb7-479b-9ea6-3693dd7973b1,I912553,shopping_mall,anomaly,Cevahir AVM,Cevahir AVM,0.0077,high,0.5,Column 'shopping_mall' deviates from similar normal records.,isolation_forest+feature_contribution,True,2026-07-01T06:56:50.546264
05cd54e5-aea5-460d-8eac-b6f5fd692854,I284202,shopping_mall,anomaly,Istinye Park,Istinye Park,0.011,high,0.5,Column 'shopping_mall' deviates from similar normal records.,isolation_forest+feature_contribution,True,2026-07-01T06:56:51.103296
a0d4ebe5-66ad-42a3-b267-e84461b21524,I176554,shopping_mall,anomaly,Emaar Square Mall,Cevahir AVM,0.0452,high,0.5,Column 'shopping_mall' deviates from similar normal records.,isolation_forest+feature_contribution,True,2026-07-01T06:56:51.153104
6815a4c2-16fb-4c5c-950f-7d573086a09a,I216047,shopping_mall,anomaly,Cevahir AVM,Kanyon,0.047,high,0.5,Column 'shopping_mall' deviates from similar normal records.,isolation_forest+feature_contribution,True,2026-07-01T06:56:51.356562
eca84fbc-4099-406c-923a-bf6d9fb6a824,I253364,payment_method,anomaly,Debit Card,Cash,0.0058,high,0.5,Column 'payment_method' deviates from similar normal records.,isolation_forest+feature_contribution,True,2026-07-01T06:56:51.607844
c0fa65f0-52df-4ed1-aa56-642258ebf370,I400888,shopping_mall,anomaly,Zorlu Center,Istinye Park,0.0368,high,0.5,Column 'shopping_mall' deviates from similar normal records.,isolation_forest+feature_contribution,True,2026-07-01T06:56:51.705424
717197a9-cc7a-46a9-baf2-aba37e595e4f,I312066,shopping_mall,anomaly,Metropol AVM,Metropol AVM,0.0104,high,0.5,Column 'shopping_mall' deviates from similar normal records.,isolation_forest+feature_contribution,True,2026-07-01T06:56:51.993979
40ff3c4a-93f2-4d76-ae69-34ba75b7bd33,I341437,shopping_mall,anomaly,Viaport Outlet,Emaar Square Mall,0.0479,high,0.5,Column 'shopping_mall' deviates from similar normal records.,isolation_forest+feature_contribution,True,2026-07-01T06:56:52.214727
4cdb21d8-2c93-4e92-9cbd-8053053355bb,I274215,payment_method,anomaly,Debit Card,Credit Card,0.047,high,0.5,Column 'payment_method' deviates from similar normal records.,isolation_forest+feature_contribution,True,2026-07-01T06:56:52.859899
34c2940d-0240-49fe-aa61-4f7600892ef6,I429412,category,anomaly,Toys,Cosmetics,0.0738,high,0.5,Column 'category' deviates from similar normal records.,isolation_forest+feature_contribution,True,2026-07-01T06:56:52.927799
6e976f0a-7865-4917-ba11-13a5530edfec,I229252,shopping_mall,anomaly,Emaar Square Mall,Metrocity,0.0574,high,0.5,Column 'shopping_mall' deviates from similar normal records.,isolation_forest+feature_contribution,True,2026-07-01T06:56:52.985169
b742c73b-7b65-43ac-8f42-f81f3b0e3060,I599893,gender,anomaly,Male,Male,0.1272,high,0.5,Column 'gender' deviates from similar normal records.,isolation_forest+feature_contribution,True,2026-07-01T06:56:53.208081
ba334cd7-cc5b-4e3b-b020-4cda4dd50b86,I110328,payment_method,anomaly,Debit Card,Debit Card,0.0852,high,0.5,Column 'payment_method' deviates from similar normal records.,isolation_forest+feature_contribution,True,2026-07-01T06:56:53.312939
e542ca20-ab19-432c-8b3b-0561575ae388,I549888,shopping_mall,anomaly,Viaport Outlet,Mall of Istanbul,0.0334,high,0.5,Column 'shopping_mall' deviates from similar normal records.,isolation_forest+feature_contribution,True,2026-07-01T06:56:53.415436
963d00c5-621b-409f-bb3f-ba5941b88f2f,I210025,shopping_mall,anomaly,Metropol AVM,Cevahir AVM,0.0345,high,0.5,Column 'shopping_mall' deviates from similar normal records.,isolation_forest+feature_contribution,True,2026-07-01T06:56:53.622900
a3420892-757e-459e-b9f9-1f4993e0957e,I172841,shopping_mall,anomaly,Zorlu Center,Forum Istanbul,0.003,high,0.5,Column 'shopping_mall' deviates from similar normal records.,isolation_forest+feature_contribution,True,2026-07-01T06:56:54.612845
e93f3b37-d742-4ad6-a099-db4a75dc0633,I515685,category,anomaly,Toys,Toys,0.0251,high,0.5,Column 'category' deviates from similar normal records.,isolation_forest+feature_contribution,True,2026-07-01T06:56:54.816590
8c424d86-b5be-4105-a38f-359f4cc0be8f,I125352,shopping_mall,anomaly,Viaport Outlet,Viaport Outlet,0.0104,high,0.5,Column 'shopping_mall' deviates from similar normal records.,isolation_forest+feature_contribution,True,2026-07-01T06:56:55.157056
33d93020-76b2-44d2-9886-96f8f45e6712,I299435,shopping_mall,anomaly,Zorlu Center,Kanyon,0.0052,high,0.5,Column 'shopping_mall' deviates from similar normal records.,isolation_forest+feature_contribution,True,2026-07-01T06:56:55.362028
24fa1749-e02c-4143-8240-a74902068bb6,I230347,category,anomaly,Souvenir,Souvenir,0.0441,high,0.5,Column 'category' deviates from similar normal records.,isolation_forest+feature_contribution,True,2026-07-01T06:56:55.408557
8703b380-b08c-4cef-aed5-c7981ef278ec,I154426,shopping_mall,anomaly,Metropol AVM,Kanyon,0.0186,high,0.5,Column 'shopping_mall' deviates from similar normal records.,isolation_forest+feature_contribution,True,2026-07-01T06:56:55.459052
5473206a-32ec-4cb0-aa3b-2db92e5623f4,I131648,gender,anomaly,Male,Female,0.0298,high,0.5,Column 'gender' deviates from similar normal records.,isolation_forest+feature_contribution,True,2026-07-01T06:56:55.507906
dc951b2a-87c3-43dc-a0c3-bb028fc34455,I133741,shopping_mall,anomaly,Forum Istanbul,Cevahir AVM,0.0427,high,0.5,Column 'shopping_mall' deviates from similar normal records.,isolation_forest+feature_contribution,True,2026-07-01T06:56:55.910018
2f59f78f-44ea-4f33-b368-0fca75dc9ed9,I103865,shopping_mall,anomaly,Viaport Outlet,Zorlu Center,0.0487,high,0.5,Column 'shopping_mall' deviates from similar normal records.,isolation_forest+feature_contribution,True,2026-07-01T06:56:56.051080
3a8d35ec-8e5b-4093-baa9-1072dd60d5de,I339038,shopping_mall,anomaly,Forum Istanbul,Cevahir AVM,0.0807,high,0.5,Column 'shopping_mall' deviates from similar normal records.,isolation_forest+feature_contribution,True,2026-07-01T06:56:56.350685
52fbc05a-fe64-41fd-948c-b4e70361ee74,I229099,shopping_mall,anomaly,Viaport Outlet,Kanyon,0.0281,high,0.5,Column 'shopping_mall' deviates from similar normal records.,isolation_forest+feature_contribution,True,2026-07-01T06:56:56.712601
4165beef-2e3a-4db5-b028-87f78d72d391,I220604,shopping_mall,anomaly,Viaport Outlet,Kanyon,0.0147,high,0.5,Column 'shopping_mall' deviates from similar normal records.,isolation_forest+feature_contribution,True,2026-07-01T06:56:56.956293
ccce6b6c-644e-4221-994e-d97d92ad3b48,I106587,payment_method,anomaly,Debit Card,Debit Card,0.084,high,0.5,Column 'payment_method' deviates from similar normal records.,isolation_forest+feature_contribution,True,2026-07-01T06:56:57.104015
a20a3ae3-1e6c-4a26-94b3-430eb160ac89,I309989,shopping_mall,anomaly,Forum Istanbul,Cevahir AVM,0.1089,high,0.5,Column 'shopping_mall' deviates from similar normal records.,isolation_forest+feature_contribution,True,2026-07-01T06:56:57.250771
3bb59fd6-4b2c-490b-b14e-c29dfef5f45b,I258945,shopping_mall,anomaly,Mall of Istanbul,Kanyon,0.0355,high,0.5,Column 'shopping_mall' deviates from similar normal records.,isolation_forest+feature_contribution,True,2026-07-01T06:56:57.854668
32b55450-f624-4f15-b50f-e7e1fc293602,I209706,category,anomaly,Toys,Cosmetics,0.0545,high,0.5,Column 'category' deviates from similar normal records.,isolation_forest+feature_contribution,True,2026-07-01T06:56:57.997977
d101b333-d3c9-4b16-b619-f3efa722c603,I192819,shopping_mall,anomaly,Forum Istanbul,Kanyon,0.0834,high,0.5,Column 'shopping_mall' deviates from similar normal records.,isolation_forest+feature_contribution,True,2026-07-01T06:56:58.690799
8bd1c281-a18d-4b01-9fda-cd517ac37cf6,I134517,shopping_mall,anomaly,Emaar Square Mall,Kanyon,0.0389,high,0.5,Column 'shopping_mall' deviates from similar normal records.,isolation_forest+feature_contribution,True,2026-07-01T06:56:59.263873
e7295697-ba96-4b1c-adf5-dd2c050e6e14,I200469,shopping_mall,anomaly,Zorlu Center,Kanyon,0.0304,high,0.5,Column 'shopping_mall' deviates from similar normal records.,isolation_forest+feature_contribution,True,2026-07-01T06:56:59.525220
b339660d-22e2-4aa4-9773-079c7806b100,I460840,shopping_mall,anomaly,Emaar Square Mall,Metrocity,0.1294,high,0.5,Column 'shopping_mall' deviates from similar normal records.,isolation_forest+feature_contribution,True,2026-07-01T06:56:59.783425
2d675c0e-07d7-47c0-be14-f8b4a9596e34,I112973,payment_method,anomaly,Debit Card,Cash,0.0105,high,0.5,Column 'payment_method' deviates from similar normal records.,isolation_forest+feature_contribution,True,2026-07-01T06:56:59.955439
7fb2b042-3ad0-419d-af96-9561b235fec4,I142003,shopping_mall,anomaly,Forum Istanbul,Cevahir AVM,0.0001,high,0.5,Column 'shopping_mall' deviates from similar normal records.,isolation_forest+feature_contribution,True,2026-07-01T06:57:00.131038
ff6994e3-5231-44b8-bca9-0f29f116f6fc,I162696,payment_method,anomaly,Debit Card,Cash,0.0021,high,0.5,Column 'payment_method' deviates from similar normal records.,isolation_forest+feature_contribution,True,2026-07-01T06:57:00.906380
6d7e9450-5be3-411c-a91d-15c159840696,I577727,shopping_mall,anomaly,Metropol AVM,Forum Istanbul,0.1364,high,0.5,Column 'shopping_mall' deviates from similar normal records.,isolation_forest+feature_contribution,True,2026-07-01T06:57:00.956203
12c63d73-62b8-458d-93de-6f36ca73b2a7,I285409,shopping_mall,anomaly,Metropol AVM,Mall of Istanbul,0.1534,high,0.5,Column 'shopping_mall' deviates from similar normal records.,isolation_forest+feature_contribution,True,2026-07-01T06:57:01.057915
5b16408b-1912-4043-b228-6077e904e506,I289041,shopping_mall,anomaly,Metropol AVM,Cevahir AVM,0.0678,high,0.5,Column 'shopping_mall' deviates from similar normal records.,isolation_forest+feature_contribution,True,2026-07-01T06:57:01.214974
3ead6d63-475a-4724-84cf-beb77b551a92,I613345,shopping_mall,anomaly,Cevahir AVM,Istinye Park,0.0715,high,0.5,Column 'shopping_mall' deviates from similar normal records.,isolation_forest+feature_contribution,True,2026-07-01T06:57:01.523985
544a43fa-f3fa-43d4-8ad0-c1a82ce6f612,I683539,shopping_mall,anomaly,Emaar Square Mall,Metrocity,0.0353,high,0.5,Column 'shopping_mall' deviates from similar normal records.,isolation_forest+feature_contribution,True,2026-07-01T06:57:01.618049
d69ced32-3b00-40a8-aa76-6772dfecdaa2,I231273,shopping_mall,anomaly,Viaport Outlet,Forum Istanbul,0.0423,high,0.5,Column 'shopping_mall' deviates from similar normal records.,isolation_forest+feature_contribution,True,2026-07-01T06:57:01.724888
f0193360-fc1e-4a21-bef5-a0fc41187db4,I244506,shopping_mall,anomaly,Metropol AVM,Mall of Istanbul,0.1055,high,0.5,Column 'shopping_mall' deviates from similar normal records.,isolation_forest+feature_contribution,True,2026-07-01T06:57:02.041772
03accceb-cee5-4393-92bb-45fe5aad2ce3,I888458,shopping_mall,anomaly,Istinye Park,Istinye Park,0.0535,high,0.5,Column 'shopping_mall' deviates from similar normal records.,isolation_forest+feature_contribution,True,2026-07-01T06:57:02.304708
96306a9e-38ba-45f8-bf32-cf1034d7739b,I806340,shopping_mall,anomaly,Metrocity,Kanyon,0.0633,high,0.5,Column 'shopping_mall' deviates from similar normal records.,isolation_forest+feature_contribution,True,2026-07-01T06:57:02.513891
757341e6-a641-4d88-b648-a85ad82ebf6f,I228331,category,anomaly,Toys,Cosmetics,0.0711,high,0.5,Column 'category' deviates from similar normal records.,isolation_forest+feature_contribution,True,2026-07-01T06:57:02.723412
6756561e-4240-48c0-b82d-36ea949f6df1,I228331,shopping_mall,anomaly,Zorlu Center,Istinye Park,0.0711,high,0.5,Column 'shopping_mall' deviates from similar normal records.,isolation_forest+feature_contribution,True,2026-07-01T06:57:02.723412
cb277f92-9332-4000-bdb9-7459fbd9e6aa,I105974,category,anomaly,Souvenir,Food & Beverage,0.0418,high,0.5,Column 'category' deviates from similar normal records.,isolation_forest+feature_contribution,True,2026-07-01T06:57:02.980860
9bca3241-5946-4417-9811-d9a2b979e25d,I228293,shopping_mall,anomaly,Istinye Park,Cevahir AVM,0.0118,high,0.5,Column 'shopping_mall' deviates from similar normal records.,isolation_forest+feature_contribution,True,2026-07-01T06:57:03.237908
6d918683-5bb0-45c9-9f44-813879307753,I123728,shopping_mall,anomaly,Viaport Outlet,Mall of Istanbul,0.0704,high,0.5,Column 'shopping_mall' deviates from similar normal records.,isolation_forest+feature_contribution,True,2026-07-01T06:57:03.506509
935e1cd4-8ac6-48c7-9cdb-4eb8fef2f5cf,I953897,shopping_mall,anomaly,Viaport Outlet,Kanyon,0.1685,high,0.5,Column 'shopping_mall' deviates from similar normal records.,isolation_forest+feature_contribution,True,2026-07-01T06:57:03.869974
77b270f2-742d-4316-86fd-6f060db2c17e,I281448,shopping_mall,anomaly,Emaar Square Mall,Emaar Square Mall,0.0866,high,0.5,Column 'shopping_mall' deviates from similar normal records.,isolation_forest+feature_contribution,True,2026-07-01T06:57:04.130399
ae6b0af9-1a74-415e-98dd-ad5f450fe9e9,I257504,shopping_mall,anomaly,Viaport Outlet,Mall of Istanbul,0.1567,high,0.5,Column 'shopping_mall' deviates from similar normal records.,isolation_forest+feature_contribution,True,2026-07-01T06:57:04.288018
f0add7a8-c920-4b13-ba19-f458e622570c,I580142,category,anomaly,Books,Books,0.0816,high,0.5,Column 'category' deviates from similar normal records.,isolation_forest+feature_contribution,True,2026-07-01T06:57:04.543138
c1aa4ff0-f1d2-4089-93d6-124bce26281a,I580142,shopping_mall,anomaly,Cevahir AVM,Mall of Istanbul,0.0816,high,0.5,Column 'shopping_mall' deviates from similar normal records.,isolation_forest+feature_contribution,True,2026-07-01T06:57:04.544667
0cc581d5-7388-4935-983e-7c9e5a7654a5,I987243,shopping_mall,anomaly,Forum Istanbul,Metropol AVM,0.0971,high,0.5,Column 'shopping_mall' deviates from similar normal records.,isolation_forest+feature_contribution,True,2026-07-01T06:57:04.957847
d0566ba7-e88f-4435-8c9e-dbf1cb00a6d6,I144286,shopping_mall,anomaly,Viaport Outlet,Mall of Istanbul,0.0784,high,0.5,Column 'shopping_mall' deviates from similar normal records.,isolation_forest+feature_contribution,True,2026-07-01T06:57:05.163723
e986e2f9-ae69-4daa-95f0-0cb573253aad,I240050,shopping_mall,anomaly,Mall of Istanbul,Viaport Outlet,0.1083,high,0.5,Column 'shopping_mall' deviates from similar normal records.,isolation_forest+feature_contribution,True,2026-07-01T06:57:05.319505
202bc972-b59e-4efe-9326-9c6d4609d318,I154304,shopping_mall,anomaly,Metropol AVM,Kanyon,0.0308,high,0.5,Column 'shopping_mall' deviates from similar normal records.,isolation_forest+feature_contribution,True,2026-07-01T06:57:05.421886
78b08209-c6e4-4ac6-832a-7f5f92fc2480,I306230,payment_method,anomaly,Debit Card,Cash,0.1717,high,0.5,Column 'payment_method' deviates from similar normal records.,isolation_forest+feature_contribution,True,2026-07-01T06:57:05.471816
245b81f5-1c6a-49ef-a04b-c4c055304022,I110985,payment_method,anomaly,Debit Card,Credit Card,0.0392,high,0.5,Column 'payment_method' deviates from similar normal records.,isolation_forest+feature_contribution,True,2026-07-01T06:57:05.624651
1a66bb07-554c-4540-a19b-8d3fcb2ff967,I106088,payment_method,anomaly,Debit Card,Cash,0.0532,high,0.5,Column 'payment_method' deviates from similar normal records.,isolation_forest+feature_contribution,True,2026-07-01T06:57:05.689513
43d88864-dd85-4dc2-bfc5-92f2d7f2dbca,I249807,shopping_mall,anomaly,Viaport Outlet,Emaar Square Mall,0.0011,high,0.5,Column 'shopping_mall' deviates from similar normal records.,isolation_forest+feature_contribution,True,2026-07-01T06:57:06.447829
2ff5500f-e392-4ed6-b72f-8b2ef348ded3,I320229,shopping_mall,anomaly,Emaar Square Mall,Mall of Istanbul,0.1405,high,0.5,Column 'shopping_mall' deviates from similar normal records.,isolation_forest+feature_contribution,True,2026-07-01T06:57:06.836898
3ac69186-faec-42b5-9915-6285e22cc87d,I165835,payment_method,anomaly,Debit Card,Credit Card,0.0428,high,0.5,Column 'payment_method' deviates from similar normal records.,isolation_forest+feature_contribution,True,2026-07-01T06:57:07.794046
5b643998-dd8b-4ac5-a48d-5a4c1d149a7e,I110317,category,anomaly,Toys,Cosmetics,0.05,high,0.5,Column 'category' deviates from similar normal records.,isolation_forest+feature_contribution,True,2026-07-01T06:57:08.059749
a83c3b40-95cc-4cd4-a53e-53ebd066063a,I331099,shopping_mall,anomaly,Metropol AVM,Istinye Park,0.0186,high,0.5,Column 'shopping_mall' deviates from similar normal records.,isolation_forest+feature_contribution,True,2026-07-01T06:57:08.321071
af359ece-8520-4e3d-a5eb-8017e25e53fb,I198546,shopping_mall,anomaly,Cevahir AVM,Mall of Istanbul,0.0041,high,0.5,Column 'shopping_mall' deviates from similar normal records.,isolation_forest+feature_contribution,True,2026-07-01T06:57:08.375027
6da96f13-b640-44c4-b95a-c7ad82981bd5,I722915,payment_method,anomaly,Debit Card,Cash,0.0237,high,0.5,Column 'payment_method' deviates from similar normal records.,isolation_forest+feature_contribution,True,2026-07-01T06:57:08.537855
743be0eb-7615-47e0-9a6f-d43f4df77e76,I492903,payment_method,anomaly,Debit Card,Credit Card,0.0336,high,0.5,Column 'payment_method' deviates from similar normal records.,isolation_forest+feature_contribution,True,2026-07-01T06:57:08.833767
3e06f9b9-c32d-4965-9a14-45ff0d2b2865,I515486,category,anomaly,Souvenir,Food & Beverage,0.0366,high,0.5,Column 'category' deviates from similar normal records.,isolation_forest+feature_contribution,True,2026-07-01T06:57:08.941937
a4d77410-8fd2-4a31-aa3d-a0ec446bd09c,I110804,payment_method,anomaly,Debit Card,Credit Card,0.0026,high,0.5,Column 'payment_method' deviates from similar normal records.,isolation_forest+feature_contribution,True,2026-07-01T06:57:08.996330
a6544150-2fbe-46ba-8a69-319147c70205,I166650,shopping_mall,anomaly,Forum Istanbul,Forum Istanbul,0.0002,high,0.5,Column 'shopping_mall' deviates from similar normal records.,isolation_forest+feature_contribution,True,2026-07-01T06:57:09.407037
5de4398e-7d32-472a-a1a7-f9588124b5bb,I288878,shopping_mall,anomaly,Zorlu Center,Mall of Istanbul,0.0083,high,0.5,Column 'shopping_mall' deviates from similar normal records.,isolation_forest+feature_contribution,True,2026-07-01T06:57:09.953536
3d5d4b36-ff48-41c5-9432-ad3517734e94,I131684,payment_method,anomaly,Debit Card,Cash,0.0193,high,0.5,Column 'payment_method' deviates from similar normal records.,isolation_forest+feature_contribution,True,2026-07-01T06:57:10.388592
d52e5c37-d773-40fa-9fef-1693007a2e91,I322119,payment_method,anomaly,Debit Card,Debit Card,0.2193,high,0.5,Column 'payment_method' deviates from similar normal records.,isolation_forest+feature_contribution,True,2026-07-01T06:57:10.741241
7e7b99f5-7ac8-456c-81ea-8fcf88d23623,I254379,payment_method,anomaly,Debit Card,Cash,0.04,high,0.5,Column 'payment_method' deviates from similar normal records.,isolation_forest+feature_contribution,True,2026-07-01T06:57:11.317093
e9bc9475-42ad-4b22-9320-135079ea7a14,I472551,category,anomaly,Souvenir,Food & Beverage,0.1247,high,0.5,Column 'category' deviates from similar normal records.,isolation_forest+feature_contribution,True,2026-07-01T06:57:11.418794
1ab270c1-82b8-457e-94fe-5da4c71b7f08,I281908,shopping_mall,anomaly,Viaport Outlet,Mall of Istanbul,0.039,high,0.5,Column 'shopping_mall' deviates from similar normal records.,isolation_forest+feature_contribution,True,2026-07-01T06:57:11.469755
fb42198a-b416-449a-8dfa-b187c37741b4,I109158,shopping_mall,anomaly,Forum Istanbul,Mall of Istanbul,0.0542,high,0.5,Column 'shopping_mall' deviates from similar normal records.,isolation_forest+feature_contribution,True,2026-07-01T06:57:11.776275
ef21aba9-a6a2-408a-80fd-c3df913af518,I260603,gender,anomaly,Male,Female,0.0077,high,0.5,Column 'gender' deviates from similar normal records.,isolation_forest+feature_contribution,True,2026-07-01T06:57:12.076901
2830e6ce-1bf1-472a-9fae-b4cea0d6721f,I472987,shopping_mall,anomaly,Cevahir AVM,Mall of Istanbul,0.2048,high,0.5,Column 'shopping_mall' deviates from similar normal records.,isolation_forest+feature_contribution,True,2026-07-01T06:57:12.228969
f1020150-7971-4188-8e9e-30ddebb8ddb6,I321236,category,anomaly,Souvenir,Food & Beverage,0.0952,high,0.5,Column 'category' deviates from similar normal records.,isolation_forest+feature_contribution,True,2026-07-01T06:57:12.547782
1ba16dcc-cf65-4823-9753-d1c05bb34313,I572990,shopping_mall,anomaly,Viaport Outlet,Emaar Square Mall,0.021,high,0.5,Column 'shopping_mall' deviates from similar normal records.,isolation_forest+feature_contribution,True,2026-07-01T06:57:12.756152
5b119997-58db-4b3e-80ad-d2f4abc82527,I291375,category,anomaly,Toys,Toys,0.0861,high,0.5,Column 'category' deviates from similar normal records.,isolation_forest+feature_contribution,True,2026-07-01T06:57:12.808911
db0df64a-3eb8-4ba2-9e41-d11470fabddb,I419513,gender,anomaly,Male,Female,0.0111,high,0.5,Column 'gender' deviates from similar normal records.,isolation_forest+feature_contribution,True,2026-07-01T06:57:12.913666
85c665c9-978f-4d79-8631-bd9da0099715,I954071,gender,anomaly,Male,Male,0.0503,high,0.5,Column 'gender' deviates from similar normal records.,isolation_forest+feature_contribution,True,2026-07-01T06:57:14.238033
4b7f6514-56fc-4571-add7-426c60114cc2,I264181,shopping_mall,anomaly,Forum Istanbul,Mall of Istanbul,0.066,high,0.5,Column 'shopping_mall' deviates from similar normal records.,isolation_forest+feature_contribution,True,2026-07-01T06:57:14.802976
64aada7a-0ad3-4187-a9d8-fd5e10cdeb40,I250410,shopping_mall,anomaly,Viaport Outlet,Metrocity,0.0031,high,0.5,Column 'shopping_mall' deviates from similar normal records.,isolation_forest+feature_contribution,True,2026-07-01T06:57:14.941221
50bdbb8d-9c2a-48bf-8e39-407778a6eb53,I478114,shopping_mall,anomaly,Metrocity,Mall of Istanbul,0.0554,high,0.5,Column 'shopping_mall' deviates from similar normal records.,isolation_forest+feature_contribution,True,2026-07-01T06:57:15.122845
d1428661-1c81-40cc-ada7-6ce8416674df,I310241,shopping_mall,anomaly,Viaport Outlet,Viaport Outlet,0.0219,high,0.5,Column 'shopping_mall' deviates from similar normal records.,isolation_forest+feature_contribution,True,2026-07-01T06:57:15.537931
67ad27f8-a79a-48ce-b0ba-75924b6d0664,I313541,age_group,anomaly,46_55,36_45,0.0184,medium,0.2770159078442128,Column 'age_group' deviates from similar normal records.,isolation_forest+feature_contribution,True,2026-07-01T06:57:15.586908
12c49dc1-5220-4987-98f9-1f8a28f87bbf,I325667,shopping_mall,anomaly,Viaport Outlet,Kanyon,0.0168,high,0.5,Column 'shopping_mall' deviates from similar normal records.,isolation_forest+feature_contribution,True,2026-07-01T06:57:15.842849
41365c7c-9219-4cb6-a341-37f900f203ce,I351506,shopping_mall,anomaly,Forum Istanbul,Kanyon,0.0121,high,0.5,Column 'shopping_mall' deviates from similar normal records.,isolation_forest+feature_contribution,True,2026-07-01T06:57:15.893505
50e90f76-ba50-48b6-ad21-ef685886ed8d,I104598,shopping_mall,anomaly,Istinye Park,Kanyon,0.007,high,0.5,Column 'shopping_mall' deviates from similar normal records.,isolation_forest+feature_contribution,True,2026-07-01T06:57:16.047987
581aa21f-0d20-46eb-b1bf-a432fd4d2744,I602699,gender,anomaly,Male,Female,0.0814,high,0.5,Column 'gender' deviates from similar normal records.,isolation_forest+feature_contribution,True,2026-07-01T06:57:16.207988
af66f306-7af2-4d63-97e5-a232d68324ae,I151987,shopping_mall,anomaly,Metropol AVM,Metrocity,0.0119,high,0.5,Column 'shopping_mall' deviates from similar normal records.,isolation_forest+feature_contribution,True,2026-07-01T06:57:16.898844
0f7d48f2-7cb4-40f1-be77-bf843c19554e,I148832,payment_method,anomaly,Debit Card,Debit Card,0.0327,high,0.5,Column 'payment_method' deviates from similar normal records.,isolation_forest+feature_contribution,True,2026-07-01T06:57:17.314672
740ef9bd-2d1c-4deb-a456-f6b7a1983892,I285970,shopping_mall,anomaly,Viaport Outlet,Emaar Square Mall,0.0181,high,0.5,Column 'shopping_mall' deviates from similar normal records.,isolation_forest+feature_contribution,True,2026-07-01T06:57:17.724930
a7b9c3b8-f2f6-4e9e-981c-55748bcca7ab,I335926,payment_method,anomaly,Credit Card,Cash,0.1071,high,0.5,Column 'payment_method' deviates from similar normal records.,isolation_forest+feature_contribution,True,2026-07-01T06:57:17.776344
6cce745d-f862-4380-a3cd-9242a7f72dfe,I333601,shopping_mall,anomaly,Istinye Park,Istinye Park,0.0373,high,0.5,Column 'shopping_mall' deviates from similar normal records.,isolation_forest+feature_contribution,True,2026-07-01T06:57:18.034937
04d198cc-2a3d-4b54-84a3-d5d712e7a6a1,I126100,payment_method,anomaly,Debit Card,Cash,0.1456,high,0.5,Column 'payment_method' deviates from similar normal records.,isolation_forest+feature_contribution,True,2026-07-01T06:57:18.554013
c40a6669-fa2b-4712-83df-5f2b9b2f3c54,I113134,shopping_mall,anomaly,Istinye Park,Metrocity,0.0881,high,0.5,Column 'shopping_mall' deviates from similar normal records.,isolation_forest+feature_contribution,True,2026-07-01T06:57:18.816342
d9bf57a4-a8af-479e-b849-8bcc63547db6,I162524,shopping_mall,anomaly,Forum Istanbul,Mall of Istanbul,0.0488,high,0.5,Column 'shopping_mall' deviates from similar normal records.,isolation_forest+feature_contribution,True,2026-07-01T06:57:19.027991
95a99bc5-5e3e-49c5-9682-81e828fba1a0,I210882,shopping_mall,anomaly,Forum Istanbul,Kanyon,0.0204,high,0.5,Column 'shopping_mall' deviates from similar normal records.,isolation_forest+feature_contribution,True,2026-07-01T06:57:19.081063
782d5987-b3c7-40ef-9d01-ab32b821ecc9,I150012,shopping_mall,anomaly,Emaar Square Mall,Mall of Istanbul,0.0038,high,0.5,Column 'shopping_mall' deviates from similar normal records.,isolation_forest+feature_contribution,True,2026-07-01T06:57:19.130724
79751e10-3714-430c-9b0b-7fa3b7616bf1,I806397,shopping_mall,anomaly,Viaport Outlet,Metrocity,0.0133,high,0.5,Column 'shopping_mall' deviates from similar normal records.,isolation_forest+feature_contribution,True,2026-07-01T06:57:19.288754
571cb00c-36bb-45ae-908a-8af69b690e43,I101865,shopping_mall,anomaly,Mall of Istanbul,Mall of Istanbul,0.0785,high,0.5,Column 'shopping_mall' deviates from similar normal records.,isolation_forest+feature_contribution,True,2026-07-01T06:57:19.447838
cdadc44f-4c22-412b-b3fd-d342ae9f6c3f,I232885,category,anomaly,Souvenir,Souvenir,0.0459,high,0.5,Column 'category' deviates from similar normal records.,isolation_forest+feature_contribution,True,2026-07-01T06:57:19.551950
3ff72952-3ecd-41c1-a473-a6d010ab2314,I229957,payment_method,anomaly,Debit Card,Cash,0.0013,high,0.5,Column 'payment_method' deviates from similar normal records.,isolation_forest+feature_contribution,True,2026-07-01T06:57:19.654950
1fa358c1-f38f-493f-976d-bb047be1685a,I561238,shopping_mall,anomaly,Zorlu Center,Kanyon,0.0442,high,0.5,Column 'shopping_mall' deviates from similar normal records.,isolation_forest+feature_contribution,True,2026-07-01T06:57:19.808851
2018bfee-d4ee-4959-bdce-30eee85123b8,I229690,shopping_mall,anomaly,Metropol AVM,Zorlu Center,0.024,high,0.5,Column 'shopping_mall' deviates from similar normal records.,isolation_forest+feature_contribution,True,2026-07-01T06:57:20.540299
31503d31-ef04-4094-85e1-4ce3abcb345e,I789374,shopping_mall,anomaly,Viaport Outlet,Kanyon,0.0006,high,0.5,Column 'shopping_mall' deviates from similar normal records.,isolation_forest+feature_contribution,True,2026-07-01T06:57:20.591033
6013ddee-4638-4958-9b2f-d126f3836bf6,I312120,shopping_mall,anomaly,Forum Istanbul,Metropol AVM,0.0153,high,0.5,Column 'shopping_mall' deviates from similar normal records.,isolation_forest+feature_contribution,True,2026-07-01T06:57:20.644719
dc231a7c-69ed-49fb-b854-0f8720defd68,I511790,shopping_mall,anomaly,Emaar Square Mall,Kanyon,0.0123,high,0.5,Column 'shopping_mall' deviates from similar normal records.,isolation_forest+feature_contribution,True,2026-07-01T06:57:20.849869
7f1e868c-8b33-4150-a7a2-fb75e0f2e16a,I132006,shopping_mall,anomaly,Forum Istanbul,Mall of Istanbul,0.0625,high,0.5,Column 'shopping_mall' deviates from similar normal records.,isolation_forest+feature_contribution,True,2026-07-01T06:57:20.901831
43e838fe-afa2-49cd-86b1-a42b70fca148,I245989,gender,anomaly,Male,Female,0.1206,high,0.5,Column 'gender' deviates from similar normal records.,isolation_forest+feature_contribution,True,2026-07-01T06:57:21.107084
53ef10b4-62be-4068-a914-b95998d4b21c,I333209,payment_method,anomaly,Debit Card,Cash,0.0611,high,0.5,Column 'payment_method' deviates from similar normal records.,isolation_forest+feature_contribution,True,2026-07-01T06:57:21.263673
8b3f013e-9bad-4ef5-968a-40d232e3be64,I132262,shopping_mall,anomaly,Metropol AVM,Metrocity,0.2535,high,0.5,Column 'shopping_mall' deviates from similar normal records.,isolation_forest+feature_contribution,True,2026-07-01T06:57:21.366377
fb5e2d92-7954-4a43-aed0-cd25ead079c0,I493539,shopping_mall,anomaly,Emaar Square Mall,Emaar Square Mall,0.0139,high,0.5,Column 'shopping_mall' deviates from similar normal records.,isolation_forest+feature_contribution,True,2026-07-01T06:57:21.987832
170f6042-0a7c-4453-b3c2-520f421711b9,I215184,shopping_mall,anomaly,Emaar Square Mall,Mall of Istanbul,0.1052,high,0.5,Column 'shopping_mall' deviates from similar normal records.,isolation_forest+feature_contribution,True,2026-07-01T06:57:22.195860
98d06967-5fce-4ace-be94-5afa57cf7f70,I483830,shopping_mall,anomaly,Viaport Outlet,Metropol AVM,0.0177,high,0.5,Column 'shopping_mall' deviates from similar normal records.,isolation_forest+feature_contribution,True,2026-07-01T06:57:22.509860
6cedba94-7f97-42ff-97e5-7bf22b00a357,I108621,shopping_mall,anomaly,Metropol AVM,Kanyon,0.0186,high,0.5,Column 'shopping_mall' deviates from similar normal records.,isolation_forest+feature_contribution,True,2026-07-01T06:57:22.669675
80f87a04-4765-46d2-af40-48f4a5d4eb91,I253567,shopping_mall,anomaly,Cevahir AVM,Cevahir AVM,0.0147,high,0.5,Column 'shopping_mall' deviates from similar normal records.,isolation_forest+feature_contribution,True,2026-07-01T06:57:23.464699
78c2253e-f5d4-4858-a1c4-0d6d6ab86b9c,I302744,shopping_mall,anomaly,Viaport Outlet,Mall of Istanbul,0.0363,high,0.5,Column 'shopping_mall' deviates from similar normal records.,isolation_forest+feature_contribution,True,2026-07-01T06:57:24.037835
31de6b78-e2ea-4378-9f11-943da8d9d6e3,I288379,payment_method,anomaly,Debit Card,Credit Card,0.2048,high,0.5,Column 'payment_method' deviates from similar normal records.,isolation_forest+feature_contribution,True,2026-07-01T06:57:24.126453
ba0263f0-84be-4150-bb25-efe009c74da2,I117192,shopping_mall,anomaly,Viaport Outlet,Kanyon,0.0057,high,0.5,Column 'shopping_mall' deviates from similar normal records.,isolation_forest+feature_contribution,True,2026-07-01T06:57:25.060923
827f10f9-cbe0-47aa-8ecc-078d7c48e3c2,I198405,payment_method,anomaly,Debit Card,Cash,0.0299,high,0.5,Column 'payment_method' deviates from similar normal records.,isolation_forest+feature_contribution,True,2026-07-01T06:57:25.160862
a20133a5-764c-411e-971b-29a3e5f3e161,I315929,payment_method,anomaly,Debit Card,Credit Card,0.0033,high,0.5,Column 'payment_method' deviates from similar normal records.,isolation_forest+feature_contribution,True,2026-07-01T06:57:25.603261
0e72bc5a-0667-4e02-b0f7-bf93215613e6,I197153,shopping_mall,anomaly,Viaport Outlet,Viaport Outlet,0.0695,high,0.5,Column 'shopping_mall' deviates from similar normal records.,isolation_forest+feature_contribution,True,2026-07-01T06:57:25.653819
ab6effea-3cba-4869-bda3-0799f592bde4,I309765,shopping_mall,anomaly,Istinye Park,Emaar Square Mall,0.0145,high,0.5,Column 'shopping_mall' deviates from similar normal records.,isolation_forest+feature_contribution,True,2026-07-01T06:57:26.007856
167fc911-6da9-452f-a333-391d8620a08a,I207935,shopping_mall,anomaly,Forum Istanbul,Metrocity,0.179,high,0.5,Column 'shopping_mall' deviates from similar normal records.,isolation_forest+feature_contribution,True,2026-07-01T06:57:26.111625
4713ce8b-450a-4223-8d4e-4fa47d0500f8,I952489,shopping_mall,anomaly,Metrocity,Metrocity,0.0626,high,0.5,Column 'shopping_mall' deviates from similar normal records.,isolation_forest+feature_contribution,True,2026-07-01T06:57:26.526285
bede4690-bda5-4da2-8786-6a4c39111a83,I172231,payment_method,anomaly,Debit Card,Cash,0.1193,high,0.5,Column 'payment_method' deviates from similar normal records.,isolation_forest+feature_contribution,True,2026-07-01T06:57:26.942284
f2321cb9-8ed3-47a2-8722-4c44474757e8,I340072,payment_method,anomaly,Debit Card,Cash,0.1111,high,0.5,Column 'payment_method' deviates from similar normal records.,isolation_forest+feature_contribution,True,2026-07-01T06:57:27.339934
4c028ee7-cb34-4db6-8d9a-ac0b062c1d43,I780426,gender,anomaly,Female,Female,0.0546,high,0.5,Column 'gender' deviates from similar normal records.,isolation_forest+feature_contribution,True,2026-07-01T06:57:27.392067
e68c32fc-6bc0-4da2-b02a-5edc08e2868c,I780426,shopping_mall,anomaly,Viaport Outlet,Forum Istanbul,0.0546,high,0.5,Column 'shopping_mall' deviates from similar normal records.,isolation_forest+feature_contribution,True,2026-07-01T06:57:27.392067
7b4cfc62-841e-49ef-9e6f-3bf8f61cf55e,I133186,category,anomaly,Books,Cosmetics,0.0154,high,0.5,Column 'category' deviates from similar normal records.,isolation_forest+feature_contribution,True,2026-07-01T06:57:27.494616
879767d5-7e45-4eb4-9f03-8e7b89f22da1,I153289,shopping_mall,anomaly,Metropol AVM,Mall of Istanbul,0.0426,high,0.5,Column 'shopping_mall' deviates from similar normal records.,isolation_forest+feature_contribution,True,2026-07-01T06:57:27.799910
025127d0-a456-4966-9b15-749772bfd86b,I784538,shopping_mall,anomaly,Istinye Park,Istinye Park,0.0487,high,0.5,Column 'shopping_mall' deviates from similar normal records.,isolation_forest+feature_contribution,True,2026-07-01T06:57:27.899167
b5eadf27-2a75-4807-b0c0-373ac1c2e054,I329962,shopping_mall,anomaly,Emaar Square Mall,Cevahir AVM,0.0293,high,0.5,Column 'shopping_mall' deviates from similar normal records.,isolation_forest+feature_contribution,True,2026-07-01T06:57:28.001377
b0b346f2-0d7b-4d08-8f77-f1c1d1fb0864,I335567,category,anomaly,Souvenir,Food & Beverage,0.0551,high,0.5,Column 'category' deviates from similar normal records.,isolation_forest+feature_contribution,True,2026-07-01T06:57:28.306871
eaee53a3-01dc-4e59-9e30-7f3e95b43ec8,I200864,shopping_mall,anomaly,Forum Istanbul,Cevahir AVM,0.0157,high,0.5,Column 'shopping_mall' deviates from similar normal records.,isolation_forest+feature_contribution,True,2026-07-01T06:57:28.359962
f50f294a-acd8-49ec-b0da-6a870de5b3a2,I162481,category,anomaly,Toys,Cosmetics,0.0367,high,0.5,Column 'category' deviates from similar normal records.,isolation_forest+feature_contribution,True,2026-07-01T06:57:28.915403
db766240-3407-49df-9de0-2ec8372ccb8d,I167124,payment_method,anomaly,Debit Card,Cash,0.0602,high,0.5,Column 'payment_method' deviates from similar normal records.,isolation_forest+feature_contribution,True,2026-07-01T06:57:30.140495
6e8eecb2-e1ca-4918-b3ce-69dd28a4409f,I779982,shopping_mall,anomaly,Zorlu Center,Kanyon,0.0069,high,0.5,Column 'shopping_mall' deviates from similar normal records.,isolation_forest+feature_contribution,True,2026-07-01T06:57:30.556013
2fc1c565-c3c1-40b7-84ed-f29eaa168830,I344975,shopping_mall,anomaly,Kanyon,Cevahir AVM,0.0535,high,0.5,Column 'shopping_mall' deviates from similar normal records.,isolation_forest+feature_contribution,True,2026-07-01T06:57:30.657814
7cac4bc3-f1c3-4914-89dc-70c3a99ac28d,I208400,payment_method,anomaly,Debit Card,Debit Card,0.0492,high,0.5,Column 'payment_method' deviates from similar normal records.,isolation_forest+feature_contribution,True,2026-07-01T06:57:31.689831
18d04784-1544-421b-9e8d-cd646e0a389d,I233565,shopping_mall,anomaly,Zorlu Center,Istinye Park,0.0343,high,0.5,Column 'shopping_mall' deviates from similar normal records.,isolation_forest+feature_contribution,True,2026-07-01T06:57:31.918946
b3aae057-74a3-4750-b60e-6ae819745f29,I100911,payment_method,anomaly,Credit Card,Cash,0.0118,high,0.5,Column 'payment_method' deviates from similar normal records.,isolation_forest+feature_contribution,True,2026-07-01T06:57:32.139574
24c752d0-f980-4e65-a0ea-f33156938285,I100911,shopping_mall,anomaly,Metrocity,Kanyon,0.0118,high,0.5,Column 'shopping_mall' deviates from similar normal records.,isolation_forest+feature_contribution,True,2026-07-01T06:57:32.139574
dac96ead-70b7-47d6-8e80-c9e5889ff1ea,I159332,shopping_mall,anomaly,Metrocity,Mall of Istanbul,0.0113,high,0.5,Column 'shopping_mall' deviates from similar normal records.,isolation_forest+feature_contribution,True,2026-07-01T06:57:32.851048
4db5dbe2-e62d-4439-a795-0adafbbe23f9,I322537,shopping_mall,anomaly,Viaport Outlet,Kanyon,0.0066,high,0.5,Column 'shopping_mall' deviates from similar normal records.,isolation_forest+feature_contribution,True,2026-07-01T06:57:33.004705
6f2a40b9-1202-4e7c-89e1-134d4a3cbae7,I320388,category,anomaly,Cosmetics,Cosmetics,0.0643,high,0.5,Column 'category' deviates from similar normal records.,isolation_forest+feature_contribution,True,2026-07-01T06:57:33.321936
06f120c1-189c-4f5b-9bd1-912f0e91e88e,I165948,shopping_mall,anomaly,Viaport Outlet,Istinye Park,0.0199,high,0.5,Column 'shopping_mall' deviates from similar normal records.,isolation_forest+feature_contribution,True,2026-07-01T06:57:33.482086
ef27c43a-7a85-49ee-951c-a776f3fe79c9,I703738,shopping_mall,anomaly,Metrocity,Cevahir AVM,0.0429,high,0.5,Column 'shopping_mall' deviates from similar normal records.,isolation_forest+feature_contribution,True,2026-07-01T06:57:33.582029
ea94bd6f-4d7a-40cc-9ddc-2d08819336db,I334784,shopping_mall,anomaly,Zorlu Center,Metrocity,0.0126,high,0.5,Column 'shopping_mall' deviates from similar normal records.,isolation_forest+feature_contribution,True,2026-07-01T06:57:34.167748
6a06af80-13d6-4acb-96ff-7f6062765a40,I123886,shopping_mall,anomaly,Forum Istanbul,Metrocity,0.0961,high,0.5,Column 'shopping_mall' deviates from similar normal records.,isolation_forest+feature_contribution,True,2026-07-01T06:57:34.220803
f86cd0d7-e6ba-44bd-b71d-702a62ab16e4,I318934,shopping_mall,anomaly,Emaar Square Mall,Mall of Istanbul,0.0293,high,0.5,Column 'shopping_mall' deviates from similar normal records.,isolation_forest+feature_contribution,True,2026-07-01T06:57:34.588041
4ac9f392-7e3a-4a0f-8848-4eff9a7ae160,I248638,shopping_mall,anomaly,Emaar Square Mall,Metrocity,0.01,high,0.5,Column 'shopping_mall' deviates from similar normal records.,isolation_forest+feature_contribution,True,2026-07-01T06:57:35.051803
97671511-dbab-440a-a4f6-4e31c14cd19e,I207450,shopping_mall,anomaly,Emaar Square Mall,Mall of Istanbul,0.0013,high,0.5,Column 'shopping_mall' deviates from similar normal records.,isolation_forest+feature_contribution,True,2026-07-01T06:57:35.210029
5d1ba708-0369-42fb-9de1-94bec845d55a,I245258,shopping_mall,anomaly,Forum Istanbul,Forum Istanbul,0.0206,high,0.5,Column 'shopping_mall' deviates from similar normal records.,isolation_forest+feature_contribution,True,2026-07-01T06:57:35.615539
243e6d61-9de7-4cc4-b7ff-7d2d5adaeb06,I339728,gender,anomaly,Male,Female,0.0314,high,0.5,Column 'gender' deviates from similar normal records.,isolation_forest+feature_contribution,True,2026-07-01T06:57:35.976098
099250bc-a6ee-472d-9426-b6f5b7877f51,I332412,payment_method,anomaly,Debit Card,Cash,0.1234,high,0.5,Column 'payment_method' deviates from similar normal records.,isolation_forest+feature_contribution,True,2026-07-01T06:57:36.089069
a2b79d17-e68f-48b7-bdcd-29372d8426a1,I185904,gender,anomaly,Male,Male,0.0436,high,0.5,Column 'gender' deviates from similar normal records.,isolation_forest+feature_contribution,True,2026-07-01T06:57:36.142906
28a8bf96-cbd7-4d0a-9630-f9946769017a,I278649,shopping_mall,anomaly,Viaport Outlet,Metropol AVM,0.0243,high,0.5,Column 'shopping_mall' deviates from similar normal records.,isolation_forest+feature_contribution,True,2026-07-01T06:57:36.193778
efefc0da-b3f0-4fb1-895a-ab4ee8353f5b,I228698,shopping_mall,anomaly,Emaar Square Mall,Emaar Square Mall,0.0085,high,0.5,Column 'shopping_mall' deviates from similar normal records.,isolation_forest+feature_contribution,True,2026-07-01T06:57:36.299718
e739df6b-2910-40ee-aa20-3cb94bf9f6c8,I162189,shopping_mall,anomaly,Metropol AVM,Metropol AVM,0.0531,high,0.5,Column 'shopping_mall' deviates from similar normal records.,isolation_forest+feature_contribution,True,2026-07-01T06:57:36.348856
c7b35514-3990-448b-9957-77e728131f21,I422843,shopping_mall,anomaly,Forum Istanbul,Cevahir AVM,0.0354,high,0.5,Column 'shopping_mall' deviates from similar normal records.,isolation_forest+feature_contribution,True,2026-07-01T06:57:36.836371
17eea91a-d052-4cd6-8c4b-8d6a6b0c43fd,I271416,shopping_mall,anomaly,Metropol AVM,Mall of Istanbul,0.0444,high,0.5,Column 'shopping_mall' deviates from similar normal records.,isolation_forest+feature_contribution,True,2026-07-01T06:57:37.162723
829d3ad8-a421-477e-98f4-2300da93863f,I160925,shopping_mall,anomaly,Mall of Istanbul,Mall of Istanbul,0.0795,high,0.5,Column 'shopping_mall' deviates from similar normal records.,isolation_forest+feature_contribution,True,2026-07-01T06:57:37.323084
4d260e94-6a22-4b1c-8377-c342c186c6fc,I217070,payment_method,anomaly,Credit Card,Cash,0.0701,high,0.5,Column 'payment_method' deviates from similar normal records.,isolation_forest+feature_contribution,True,2026-07-01T06:57:37.374597
4defbed5-cacd-415a-ac4e-f5ecd4862002,I217070,shopping_mall,anomaly,Forum Istanbul,Metrocity,0.0701,high,0.5,Column 'shopping_mall' deviates from similar normal records.,isolation_forest+feature_contribution,True,2026-07-01T06:57:37.374597
a1b80dfc-1246-4f68-b381-9d832997a420,I199167,shopping_mall,anomaly,Viaport Outlet,Emaar Square Mall,0.0179,high,0.5,Column 'shopping_mall' deviates from similar normal records.,isolation_forest+feature_contribution,True,2026-07-01T06:57:37.691789
59574eb9-05d7-45bd-8708-0c8ec5204514,I194943,shopping_mall,anomaly,Cevahir AVM,Cevahir AVM,0.1201,high,0.5,Column 'shopping_mall' deviates from similar normal records.,isolation_forest+feature_contribution,True,2026-07-01T06:57:38.085424
6f6acee8-db94-4cfc-a3cc-03804c7fd163,I289455,shopping_mall,anomaly,Metrocity,Metrocity,0.03,high,0.5,Column 'shopping_mall' deviates from similar normal records.,isolation_forest+feature_contribution,True,2026-07-01T06:57:38.241873
ca01d3ce-5045-4cdd-b22a-8f2de48af848,I298560,shopping_mall,anomaly,Cevahir AVM,Cevahir AVM,0.0753,high,0.5,Column 'shopping_mall' deviates from similar normal records.,isolation_forest+feature_contribution,True,2026-07-01T06:57:38.711948
10fd0174-1141-4f8d-a68c-9ed6db702710,I134740,shopping_mall,anomaly,Viaport Outlet,Emaar Square Mall,0.0185,high,0.5,Column 'shopping_mall' deviates from similar normal records.,isolation_forest+feature_contribution,True,2026-07-01T06:57:38.763416
6791ba77-bcf9-4e99-8f78-e807d5b152ba,I945015,payment_method,anomaly,Debit Card,Cash,0.1056,high,0.5,Column 'payment_method' deviates from similar normal records.,isolation_forest+feature_contribution,True,2026-07-01T06:57:38.812994
6e05203e-e8da-47d3-bc7a-5767a7a0e52a,I313574,shopping_mall,anomaly,Forum Istanbul,Forum Istanbul,0.0285,high,0.5,Column 'shopping_mall' deviates from similar normal records.,isolation_forest+feature_contribution,True,2026-07-01T06:57:38.865050
d4f7f330-e332-4bff-8e2f-6652f74fd321,I242381,shopping_mall,anomaly,Viaport Outlet,Metrocity,0.1411,high,0.5,Column 'shopping_mall' deviates from similar normal records.,isolation_forest+feature_contribution,True,2026-07-01T06:57:38.969818
95d6dd6b-f31a-4248-9f49-6ece9510a08b,I679731,shopping_mall,anomaly,Forum Istanbul,Forum Istanbul,0.002,high,0.5,Column 'shopping_mall' deviates from similar normal records.,isolation_forest+feature_contribution,True,2026-07-01T06:57:39.066788
83aebeec-8c42-44a7-b97c-223a2ae67673,I289734,payment_method,anomaly,Debit Card,Cash,0.0106,high,0.5,Column 'payment_method' deviates from similar normal records.,isolation_forest+feature_contribution,True,2026-07-01T06:57:39.215564
2cb4e3a1-ed16-4297-8add-2398698991cf,I276905,shopping_mall,anomaly,Forum Istanbul,Mall of Istanbul,0.0736,high,0.5,Column 'shopping_mall' deviates from similar normal records.,isolation_forest+feature_contribution,True,2026-07-01T06:57:39.269106
b891756b-0b35-47a2-8cff-ddbed64eeb84,I698155,shopping_mall,anomaly,Metropol AVM,Mall of Istanbul,0.005,high,0.5,Column 'shopping_mall' deviates from similar normal records.,isolation_forest+feature_contribution,True,2026-07-01T06:57:39.678875
b01c9b82-7b06-4cab-8a66-14d856805a01,I276082,shopping_mall,anomaly,Istinye Park,Istinye Park,0.1301,high,0.5,Column 'shopping_mall' deviates from similar normal records.,isolation_forest+feature_contribution,True,2026-07-01T06:57:40.285606
3d18022e-f310-4647-a39d-2c6ec7097b59,I283882,shopping_mall,anomaly,Metrocity,Mall of Istanbul,0.0987,high,0.5,Column 'shopping_mall' deviates from similar normal records.,isolation_forest+feature_contribution,True,2026-07-01T06:57:40.602404
6516fdfc-2385-4bf9-b9b5-ac56a4ac6f7b,I120046,payment_method,anomaly,Debit Card,Credit Card,0.0478,high,0.5,Column 'payment_method' deviates from similar normal records.,isolation_forest+feature_contribution,True,2026-07-01T06:57:40.863013
af7b4bc5-f40d-433b-9368-af2d45260fb5,I815253,shopping_mall,anomaly,Viaport Outlet,Viaport Outlet,0.0094,high,0.5,Column 'shopping_mall' deviates from similar normal records.,isolation_forest+feature_contribution,True,2026-07-01T06:57:40.913078
bde9db07-d329-47a0-b4a9-902f39c608c2,I167938,shopping_mall,anomaly,Metrocity,Kanyon,0.0083,high,0.5,Column 'shopping_mall' deviates from similar normal records.,isolation_forest+feature_contribution,True,2026-07-01T06:57:41.069142
b0f5d8dc-4ec3-42ec-ba9c-b88e9a298630,I347787,shopping_mall,anomaly,Metrocity,Metrocity,0.0011,high,0.5,Column 'shopping_mall' deviates from similar normal records.,isolation_forest+feature_contribution,True,2026-07-01T06:57:41.168948
0f6162a6-53c8-4b7d-a28b-e3440a89ba65,I263515,shopping_mall,anomaly,Viaport Outlet,Kanyon,0.0453,high,0.5,Column 'shopping_mall' deviates from similar normal records.,isolation_forest+feature_contribution,True,2026-07-01T06:57:41.580903
c1765278-aea1-4123-b2d9-8d91e7c98e35,I303691,shopping_mall,anomaly,Zorlu Center,Kanyon,0.0613,high,0.5,Column 'shopping_mall' deviates from similar normal records.,isolation_forest+feature_contribution,True,2026-07-01T06:57:42.039043
65186fda-3f1b-46b9-9098-97f8246f470b,I185458,shopping_mall,anomaly,Metrocity,Metrocity,0.0984,high,0.5,Column 'shopping_mall' deviates from similar normal records.,isolation_forest+feature_contribution,True,2026-07-01T06:57:42.400044
0d0364e0-aa82-45f9-bcfa-522aabd3a8c6,I161894,category,anomaly,Souvenir,Food & Beverage,0.0372,high,0.5,Column 'category' deviates from similar normal records.,isolation_forest+feature_contribution,True,2026-07-01T06:57:42.606012
833dc4dd-cbf2-4aa2-8b14-5eaa8c7e48ae,I962152,shopping_mall,anomaly,Zorlu Center,Metrocity,0.0576,high,0.5,Column 'shopping_mall' deviates from similar normal records.,isolation_forest+feature_contribution,True,2026-07-01T06:57:42.655183
0b5345ed-e8ee-440f-8aa7-44514e96dae0,I269853,shopping_mall,anomaly,Kanyon,Kanyon,0.1013,high,0.5,Column 'shopping_mall' deviates from similar normal records.,isolation_forest+feature_contribution,True,2026-07-01T06:57:43.363898
c65b7340-92a9-4352-918f-5c87f203fd58,I333918,shopping_mall,anomaly,Viaport Outlet,Emaar Square Mall,0.0304,high,0.5,Column 'shopping_mall' deviates from similar normal records.,isolation_forest+feature_contribution,True,2026-07-01T06:57:43.931016
6a945936-c66c-4dde-b147-b5054b02e54a,I832158,shopping_mall,anomaly,Mall of Istanbul,Mall of Istanbul,0.0259,high,0.5,Column 'shopping_mall' deviates from similar normal records.,isolation_forest+feature_contribution,True,2026-07-01T06:57:44.134710
25d59b1a-db1d-427c-81fd-f259d4bcbccb,I533383,shopping_mall,anomaly,Metropol AVM,Mall of Istanbul,0.0751,high,0.5,Column 'shopping_mall' deviates from similar normal records.,isolation_forest+feature_contribution,True,2026-07-01T06:57:45.040825
9406092a-dade-42b6-be30-e6007391f8ed,I314313,shopping_mall,anomaly,Emaar Square Mall,Emaar Square Mall,0.0472,high,0.5,Column 'shopping_mall' deviates from similar normal records.,isolation_forest+feature_contribution,True,2026-07-01T06:57:45.516213
318a4fcb-22fb-4802-9ef4-9bb5224edda0,I622019,shopping_mall,anomaly,Viaport Outlet,Emaar Square Mall,0.0251,high,0.5,Column 'shopping_mall' deviates from similar normal records.,isolation_forest+feature_contribution,True,2026-07-01T06:57:45.566387
5a704e5e-ef2a-4a5f-94c2-6e117236be3c,I204083,shopping_mall,anomaly,Viaport Outlet,Mall of Istanbul,0.2038,high,0.5,Column 'shopping_mall' deviates from similar normal records.,isolation_forest+feature_contribution,True,2026-07-01T06:57:45.671851
92b45b2c-1cf8-40a4-9696-5a4a44f32fee,I414220,payment_method,anomaly,Debit Card,Cash,0.0053,high,0.5,Column 'payment_method' deviates from similar normal records.,isolation_forest+feature_contribution,True,2026-07-01T06:57:45.779996
0f631197-6a48-49ac-8878-8fdc1bbdfe3c,I638469,shopping_mall,anomaly,Emaar Square Mall,Mall of Istanbul,0.0861,high,0.5,Column 'shopping_mall' deviates from similar normal records.,isolation_forest+feature_contribution,True,2026-07-01T06:57:46.681961
459c3e47-ad40-41f5-a66c-5843e6a9672f,I322281,shopping_mall,anomaly,Forum Istanbul,Mall of Istanbul,0.0405,high,0.5,Column 'shopping_mall' deviates from similar normal records.,isolation_forest+feature_contribution,True,2026-07-01T06:57:46.999014
dfdf5d89-f82e-462b-9c64-235396734b6d,I150806,category,anomaly,Books,Food & Beverage,0.0584,high,0.5,Column 'category' deviates from similar normal records.,isolation_forest+feature_contribution,True,2026-07-01T06:57:47.794631
3a76063f-7787-468f-9fc8-75babd593686,I224276,shopping_mall,anomaly,Viaport Outlet,Kanyon,0.0229,high,0.5,Column 'shopping_mall' deviates from similar normal records.,isolation_forest+feature_contribution,True,2026-07-01T06:57:48.306548
cd5c8d14-2aae-428c-b353-030bc7fcd4b0,I214864,shopping_mall,anomaly,Metrocity,Metrocity,0.0176,high,0.5,Column 'shopping_mall' deviates from similar normal records.,isolation_forest+feature_contribution,True,2026-07-01T06:57:48.467385
9b305e36-e838-4a43-bd51-2f125efbbedb,I162108,shopping_mall,anomaly,Viaport Outlet,Istinye Park,0.0868,high,0.5,Column 'shopping_mall' deviates from similar normal records.,isolation_forest+feature_contribution,True,2026-07-01T06:57:48.518921
ea4c9129-a82b-4bff-8358-6c0aee38e8d5,I250244,shopping_mall,anomaly,Forum Istanbul,Kanyon,0.0368,high,0.5,Column 'shopping_mall' deviates from similar normal records.,isolation_forest+feature_contribution,True,2026-07-01T06:57:48.667362
4e2f56c0-1b3a-4c9b-bba5-2b646f051b98,I203065,shopping_mall,anomaly,Emaar Square Mall,Emaar Square Mall,0.0127,high,0.5,Column 'shopping_mall' deviates from similar normal records.,isolation_forest+feature_contribution,True,2026-07-01T06:57:48.926185
f425f341-267d-4bf9-b7a6-481b8cb79092,I295103,category,anomaly,Souvenir,Toys,0.0472,high,0.5,Column 'category' deviates from similar normal records.,isolation_forest+feature_contribution,True,2026-07-01T06:57:49.676605
d96e25f1-7a4c-4b18-8bed-a2cb2810e8bd,I229265,payment_method,anomaly,Debit Card,Cash,0.0617,high,0.5,Column 'payment_method' deviates from similar normal records.,isolation_forest+feature_contribution,True,2026-07-01T06:57:49.992778
de4a0d52-3a4f-488e-ab87-328728f833bd,I245872,category,anomaly,Souvenir,Books,0.0422,high,0.5,Column 'category' deviates from similar normal records.,isolation_forest+feature_contribution,True,2026-07-01T06:57:50.150683
5b94c47d-b442-422c-948c-07d1d836a509,I298598,payment_method,anomaly,Debit Card,Debit Card,0.0282,high,0.5,Column 'payment_method' deviates from similar normal records.,isolation_forest+feature_contribution,True,2026-07-01T06:57:50.372214
f9b9ec7d-966d-42bd-9ca5-551a8716d5a7,I332814,gender,anomaly,Male,Male,0.1433,high,0.5,Column 'gender' deviates from similar normal records.,isolation_forest+feature_contribution,True,2026-07-01T06:57:50.481923
f9f8dbc5-b169-4ef8-9f1d-49381172f256,I107710,gender,anomaly,Male,Male,0.0152,high,0.5,Column 'gender' deviates from similar normal records.,isolation_forest+feature_contribution,True,2026-07-01T06:57:50.937683
255698b0-7037-44c1-a68d-ca20f5b2c8ff,I192953,shopping_mall,anomaly,Viaport Outlet,Istinye Park,0.0117,high,0.5,Column 'shopping_mall' deviates from similar normal records.,isolation_forest+feature_contribution,True,2026-07-01T06:57:50.987869
148be66a-b695-46dd-b9f5-3f3c9c410e53,I123414,category,anomaly,Souvenir,Food & Beverage,0.0705,high,0.5,Column 'category' deviates from similar normal records.,isolation_forest+feature_contribution,True,2026-07-01T06:57:51.199820
eb7c14b1-1468-4e66-8ae2-9bfc866c4bba,I682126,category,anomaly,Souvenir,Food & Beverage,0.0254,high,0.5,Column 'category' deviates from similar normal records.,isolation_forest+feature_contribution,True,2026-07-01T06:57:51.248901
5ddcad4a-3f02-41f1-a3e4-4ce2a8c584b9,I891069,shopping_mall,anomaly,Zorlu Center,Kanyon,0.0388,high,0.5,Column 'shopping_mall' deviates from similar normal records.,isolation_forest+feature_contribution,True,2026-07-01T06:57:51.516096
896b929e-3efb-4dea-8c83-47c2403025bd,I277107,payment_method,anomaly,Debit Card,Cash,0.0137,high,0.5,Column 'payment_method' deviates from similar normal records.,isolation_forest+feature_contribution,True,2026-07-01T06:57:51.723973
6cdc6f55-dfb6-4dec-a710-2d8367d2740a,I327309,shopping_mall,anomaly,Cevahir AVM,Cevahir AVM,0.1622,high,0.5,Column 'shopping_mall' deviates from similar normal records.,isolation_forest+feature_contribution,True,2026-07-01T06:57:51.876907
9c1e8b2d-eb08-492a-84be-83f18689ba8f,I335995,shopping_mall,anomaly,Emaar Square Mall,Mall of Istanbul,0.0414,high,0.5,Column 'shopping_mall' deviates from similar normal records.,isolation_forest+feature_contribution,True,2026-07-01T06:57:52.029120
52d647ef-e671-4c3c-8965-9994c4b1eaa9,I895179,shopping_mall,anomaly,Zorlu Center,Forum Istanbul,0.0671,high,0.5,Column 'shopping_mall' deviates from similar normal records.,isolation_forest+feature_contribution,True,2026-07-01T06:57:52.279793
6a43584b-00c2-43c3-8662-d703ef08a098,I165352,shopping_mall,anomaly,Cevahir AVM,Cevahir AVM,0.0513,high,0.5,Column 'shopping_mall' deviates from similar normal records.,isolation_forest+feature_contribution,True,2026-07-01T06:57:54.163009
c29fcb29-6a45-4aee-9526-2898d700f278,I291613,shopping_mall,anomaly,Viaport Outlet,Mall of Istanbul,0.0328,high,0.5,Column 'shopping_mall' deviates from similar normal records.,isolation_forest+feature_contribution,True,2026-07-01T06:57:54.315867
1ace7ada-4ad7-4643-95ed-ef2d1aca14f7,I176784,category,anomaly,Souvenir,Souvenir,0.0879,high,0.5,Column 'category' deviates from similar normal records.,isolation_forest+feature_contribution,True,2026-07-01T06:57:54.518566
d34fa1d4-9006-49e9-8ec8-06c2283cd30d,I220264,shopping_mall,anomaly,Metropol AVM,Metropol AVM,0.1087,high,0.5,Column 'shopping_mall' deviates from similar normal records.,isolation_forest+feature_contribution,True,2026-07-01T06:57:54.568043
dcb3ec8f-51b6-440a-8160-38b3865b38f1,I164781,shopping_mall,anomaly,Forum Istanbul,Forum Istanbul,0.0249,high,0.5,Column 'shopping_mall' deviates from similar normal records.,isolation_forest+feature_contribution,True,2026-07-01T06:57:54.620065
5f4f4b26-5edc-4746-93fe-fc2bad80399b,I280954,shopping_mall,anomaly,Forum Istanbul,Forum Istanbul,0.014,high,0.5,Column 'shopping_mall' deviates from similar normal records.,isolation_forest+feature_contribution,True,2026-07-01T06:57:55.021919
9be4465d-3488-46df-b5e8-6690f03ef4fb,I638358,shopping_mall,anomaly,Metropol AVM,Istinye Park,0.0623,high,0.5,Column 'shopping_mall' deviates from similar normal records.,isolation_forest+feature_contribution,True,2026-07-01T06:57:55.869040
14834c0f-cd3e-4ced-a06f-f9c74f08996b,I285624,shopping_mall,anomaly,Viaport Outlet,Metropol AVM,0.1071,high,0.5,Column 'shopping_mall' deviates from similar normal records.,isolation_forest+feature_contribution,True,2026-07-01T06:57:56.351719
39daf7b9-f028-431f-b9d6-fcc1add986d7,I176458,payment_method,anomaly,Debit Card,Cash,0.0559,high,0.5,Column 'payment_method' deviates from similar normal records.,isolation_forest+feature_contribution,True,2026-07-01T06:57:56.433198
19d4359f-1ac3-47f1-bbf5-a30108249da2,I315677,shopping_mall,anomaly,Metrocity,Mall of Istanbul,0.017,high,0.5,Column 'shopping_mall' deviates from similar normal records.,isolation_forest+feature_contribution,True,2026-07-01T06:57:56.929448
28d7f2f6-a9c6-468b-8f70-cc8179dde9eb,I225826,shopping_mall,anomaly,Viaport Outlet,Viaport Outlet,0.008,high,0.5,Column 'shopping_mall' deviates from similar normal records.,isolation_forest+feature_contribution,True,2026-07-01T06:57:57.011861
610914e2-ae93-4b0a-8742-a3567d8e8f37,I324733,category,anomaly,Souvenir,Food & Beverage,0.0194,high,0.5,Column 'category' deviates from similar normal records.,isolation_forest+feature_contribution,True,2026-07-01T06:57:57.646922
da2ec096-3d0e-4ce6-bd18-25901a310c44,I528714,shopping_mall,anomaly,Emaar Square Mall,Kanyon,0.0234,high,0.5,Column 'shopping_mall' deviates from similar normal records.,isolation_forest+feature_contribution,True,2026-07-01T06:57:58.562521
814513e7-e54c-4561-8635-51a9380446b0,I295649,category,anomaly,Souvenir,Books,0.0325,high,0.5,Column 'category' deviates from similar normal records.,isolation_forest+feature_contribution,True,2026-07-01T06:57:58.961985
10835ea6-7ff2-4245-9be3-fbac97586fb9,I151118,shopping_mall,anomaly,Metropol AVM,Kanyon,0.118,high,0.5,Column 'shopping_mall' deviates from similar normal records.,isolation_forest+feature_contribution,True,2026-07-01T06:57:59.259972
d4269862-082a-4bfb-a8e2-985f662b9d12,I290935,shopping_mall,anomaly,Metropol AVM,Kanyon,0.0597,high,0.5,Column 'shopping_mall' deviates from similar normal records.,isolation_forest+feature_contribution,True,2026-07-01T06:57:59.588928
ac302504-8710-4336-9caa-df48df43d451,I245974,shopping_mall,anomaly,Viaport Outlet,Istinye Park,0.0691,high,0.5,Column 'shopping_mall' deviates from similar normal records.,isolation_forest+feature_contribution,True,2026-07-01T06:57:59.944810
284824fc-51a7-4646-a28c-0a03d7d95d84,I195026,shopping_mall,anomaly,Cevahir AVM,Cevahir AVM,0.0346,high,0.5,Column 'shopping_mall' deviates from similar normal records.,isolation_forest+feature_contribution,True,2026-07-01T06:58:00.830239
4a598f04-c9de-4801-8fd7-43c6550291fb,I269966,category,anomaly,Souvenir,Food & Beverage,0.0443,high,0.5,Column 'category' deviates from similar normal records.,isolation_forest+feature_contribution,True,2026-07-01T06:58:00.877002
fc918b01-4dc0-4b5a-8dcc-40196ab47097,I140842,shopping_mall,anomaly,Zorlu Center,Kanyon,0.0128,high,0.5,Column 'shopping_mall' deviates from similar normal records.,isolation_forest+feature_contribution,True,2026-07-01T06:58:01.243351
1ad95dcd-194f-4dc8-a6db-11d66518e3b2,I105761,shopping_mall,anomaly,Cevahir AVM,Cevahir AVM,0.0626,high,0.5,Column 'shopping_mall' deviates from similar normal records.,isolation_forest+feature_contribution,True,2026-07-01T06:58:01.313974
e361a743-3f41-4268-8e4a-79d1b1afc2af,I224475,shopping_mall,anomaly,Viaport Outlet,Istinye Park,0.0598,high,0.5,Column 'shopping_mall' deviates from similar normal records.,isolation_forest+feature_contribution,True,2026-07-01T06:58:01.619543
c27fd1a9-89b9-4129-a96f-eb10ad43dfff,I279631,category,anomaly,Souvenir,Food & Beverage,0.0368,high,0.5,Column 'category' deviates from similar normal records.,isolation_forest+feature_contribution,True,2026-07-01T06:58:01.677496
ec1508e4-edb7-42a7-975b-c3bbc3b5c6da,I256318,payment_method,anomaly,Debit Card,Credit Card,0.0086,high,0.5,Column 'payment_method' deviates from similar normal records.,isolation_forest+feature_contribution,True,2026-07-01T06:58:01.732514
ae2b9ef5-6f29-46fe-9d13-1de04cb26650,I246506,shopping_mall,anomaly,Forum Istanbul,Forum Istanbul,0.1132,high,0.5,Column 'shopping_mall' deviates from similar normal records.,isolation_forest+feature_contribution,True,2026-07-01T06:58:02.287010
9fd784b0-f142-4a47-8d25-247f424b5f7d,I264139,shopping_mall,anomaly,Forum Istanbul,Emaar Square Mall,0.0985,high,0.5,Column 'shopping_mall' deviates from similar normal records.,isolation_forest+feature_contribution,True,2026-07-01T06:58:02.877812
b1a0261e-62e1-40ad-ad3d-e31c3fb855da,I248934,shopping_mall,anomaly,Metrocity,Metrocity,0.0316,high,0.5,Column 'shopping_mall' deviates from similar normal records.,isolation_forest+feature_contribution,True,2026-07-01T06:58:02.934566
c1aecf2e-7bf3-41c0-bddf-041e66d78969,I250948,gender,anomaly,Male,Male,0.0176,high,0.5,Column 'gender' deviates from similar normal records.,isolation_forest+feature_contribution,True,2026-07-01T06:58:03.247097
1c7aa736-4f33-4801-b1f8-35bd8db53e26,I246059,shopping_mall,anomaly,Viaport Outlet,Viaport Outlet,0.0262,high,0.5,Column 'shopping_mall' deviates from similar normal records.,isolation_forest+feature_contribution,True,2026-07-01T06:58:03.298829
606bd5ba-11e0-4366-b68d-072d5fa971f5,I743434,category,anomaly,Toys,Toys,0.1075,high,0.5,Column 'category' deviates from similar normal records.,isolation_forest+feature_contribution,True,2026-07-01T06:58:03.351462
149b4c59-23b0-4587-8e09-b38496cef29d,I128315,shopping_mall,anomaly,Metrocity,Kanyon,0.1129,high,0.5,Column 'shopping_mall' deviates from similar normal records.,isolation_forest+feature_contribution,True,2026-07-01T06:58:04.500508
9dca5cb2-cc2c-453f-ac8c-fa57313908a6,I103854,shopping_mall,anomaly,Emaar Square Mall,Mall of Istanbul,0.0376,high,0.5,Column 'shopping_mall' deviates from similar normal records.,isolation_forest+feature_contribution,True,2026-07-01T06:58:04.651600
1d973890-2dda-4ae4-a511-a29280b38635,I104590,category,anomaly,Books,Books,0.0278,high,0.5,Column 'category' deviates from similar normal records.,isolation_forest+feature_contribution,True,2026-07-01T06:58:04.758837
6a81ce5e-920c-444d-b99b-81189392a7eb,I117899,shopping_mall,anomaly,Viaport Outlet,Mall of Istanbul,0.0914,high,0.5,Column 'shopping_mall' deviates from similar normal records.,isolation_forest+feature_contribution,True,2026-07-01T06:58:05.270984
66b4a80d-e0da-4f05-99c9-b78d55beefd4,I699078,shopping_mall,anomaly,Mall of Istanbul,Emaar Square Mall,0.0809,high,0.5,Column 'shopping_mall' deviates from similar normal records.,isolation_forest+feature_contribution,True,2026-07-01T06:58:05.416454
959689ac-4e75-4aa9-a50e-32e7adb50904,I258138,payment_method,anomaly,Debit Card,Cash,0.037,high,0.5,Column 'payment_method' deviates from similar normal records.,isolation_forest+feature_contribution,True,2026-07-01T06:58:05.717930
8f890a49-f3b7-4f37-a785-66173e7e9841,I172903,shopping_mall,anomaly,Metropol AVM,Mall of Istanbul,0.2035,high,0.5,Column 'shopping_mall' deviates from similar normal records.,isolation_forest+feature_contribution,True,2026-07-01T06:58:05.988069
f19ec191-8660-4387-aafa-163767a2e595,I160802,shopping_mall,anomaly,Metropol AVM,Emaar Square Mall,0.0302,high,0.5,Column 'shopping_mall' deviates from similar normal records.,isolation_forest+feature_contribution,True,2026-07-01T06:58:06.192516
397c7bd5-ab20-4536-aa4d-764265f29570,I330988,shopping_mall,anomaly,Emaar Square Mall,Emaar Square Mall,0.0412,high,0.5,Column 'shopping_mall' deviates from similar normal records.,isolation_forest+feature_contribution,True,2026-07-01T06:58:06.543906
fc43abb4-b878-4d6a-8bd5-ad1628bafb12,I302962,payment_method,anomaly,Debit Card,Cash,0.0716,high,0.5,Column 'payment_method' deviates from similar normal records.,isolation_forest+feature_contribution,True,2026-07-01T06:58:06.593151
8b0f1670-3e8a-4f93-bf5c-fedbd15d05a9,I302962,shopping_mall,anomaly,Metropol AVM,Metrocity,0.0716,high,0.5,Column 'shopping_mall' deviates from similar normal records.,isolation_forest+feature_contribution,True,2026-07-01T06:58:06.594672
6f54e4c8-a2d6-40ed-9783-f55851c91a17,I626303,payment_method,anomaly,Debit Card,Cash,0.0516,high,0.5,Column 'payment_method' deviates from similar normal records.,isolation_forest+feature_contribution,True,2026-07-01T06:58:07.153067
6db92bac-b0d3-40bd-ab5b-67d5002872f8,I626303,shopping_mall,anomaly,Metropol AVM,Forum Istanbul,0.0516,high,0.5,Column 'shopping_mall' deviates from similar normal records.,isolation_forest+feature_contribution,True,2026-07-01T06:58:07.153067
62fffde2-bbeb-48c6-9def-d9eb703fc215,I319507,shopping_mall,anomaly,Viaport Outlet,Kanyon,0.0186,high,0.5,Column 'shopping_mall' deviates from similar normal records.,isolation_forest+feature_contribution,True,2026-07-01T06:58:07.659842
cbfdd593-e2bf-4ca9-ab5a-3c48b11dbd8b,I436368,payment_method,anomaly,Debit Card,Cash,0.1378,high,0.5,Column 'payment_method' deviates from similar normal records.,isolation_forest+feature_contribution,True,2026-07-01T06:58:07.962898
b2250505-b59e-4016-ad1a-6fd51a080239,I311828,shopping_mall,anomaly,Mall of Istanbul,Istinye Park,0.0146,high,0.5,Column 'shopping_mall' deviates from similar normal records.,isolation_forest+feature_contribution,True,2026-07-01T06:58:08.167052
5f60b7b7-f44a-47dd-9312-1a1aba694182,I306063,payment_method,anomaly,Debit Card,Cash,0.0113,high,0.5,Column 'payment_method' deviates from similar normal records.,isolation_forest+feature_contribution,True,2026-07-01T06:58:08.418695
2ff04903-068c-4c5c-aeca-cb35097b535b,I790331,shopping_mall,anomaly,Viaport Outlet,Mall of Istanbul,0.126,high,0.5,Column 'shopping_mall' deviates from similar normal records.,isolation_forest+feature_contribution,True,2026-07-01T06:58:08.571981
88ce2489-2058-4997-b56e-27334618012a,I292245,shopping_mall,anomaly,Metropol AVM,Mall of Istanbul,0.0091,high,0.5,Column 'shopping_mall' deviates from similar normal records.,isolation_forest+feature_contribution,True,2026-07-01T06:58:08.926628
911b2747-3a16-4d8d-a659-5304b7db7117,I191915,shopping_mall,anomaly,Viaport Outlet,Viaport Outlet,0.0105,high,0.5,Column 'shopping_mall' deviates from similar normal records.,isolation_forest+feature_contribution,True,2026-07-01T06:58:09.227149
d8326d96-2f75-4c63-b959-e17097126c84,I172579,shopping_mall,anomaly,Istinye Park,Istinye Park,0.0896,high,0.5,Column 'shopping_mall' deviates from similar normal records.,isolation_forest+feature_contribution,True,2026-07-01T06:58:10.071615
ea400faf-f6e3-45ed-b476-aa4a37578215,I907378,shopping_mall,anomaly,Emaar Square Mall,Metropol AVM,0.0148,high,0.5,Column 'shopping_mall' deviates from similar normal records.,isolation_forest+feature_contribution,True,2026-07-01T06:58:10.173893
0b11ef22-5e11-4ab2-8382-ea0e6c6b4282,I309109,payment_method,anomaly,Debit Card,Cash,0.0859,high,0.5,Column 'payment_method' deviates from similar normal records.,isolation_forest+feature_contribution,True,2026-07-01T06:58:10.498761
bbc83c2e-2039-49e6-a500-f2d017d3c551,I553237,shopping_mall,anomaly,Emaar Square Mall,Mall of Istanbul,0.0041,high,0.5,Column 'shopping_mall' deviates from similar normal records.,isolation_forest+feature_contribution,True,2026-07-01T06:58:10.554580
07d02e5b-51e6-4e1c-ad8a-14613720710c,I107606,shopping_mall,anomaly,Cevahir AVM,Metrocity,0.1521,high,0.5,Column 'shopping_mall' deviates from similar normal records.,isolation_forest+feature_contribution,True,2026-07-01T06:58:10.660074
98bac3bc-3cb3-4bcc-bef4-488d931d3da9,I586260,shopping_mall,anomaly,Istinye Park,Emaar Square Mall,0.0612,high,0.5,Column 'shopping_mall' deviates from similar normal records.,isolation_forest+feature_contribution,True,2026-07-01T06:58:10.712050
6e0212da-d769-434c-9c01-b99471160152,I261136,category,anomaly,Souvenir,Food & Beverage,0.0808,high,0.5,Column 'category' deviates from similar normal records.,isolation_forest+feature_contribution,True,2026-07-01T06:58:11.264755
70337d2a-53ba-4243-8294-dc8eb6cf68f2,I328378,shopping_mall,anomaly,Metropol AVM,Kanyon,0.1203,high,0.5,Column 'shopping_mall' deviates from similar normal records.,isolation_forest+feature_contribution,True,2026-07-01T06:58:11.679924
ff2f472e-5f40-4c91-bd69-53c9bc1e849e,I214653,shopping_mall,anomaly,Forum Istanbul,Cevahir AVM,0.0345,high,0.5,Column 'shopping_mall' deviates from similar normal records.,isolation_forest+feature_contribution,True,2026-07-01T06:58:11.835106
f8fad798-d75f-458b-8c1b-454a9f764c32,I277009,category,anomaly,Toys,Cosmetics,0.0314,high,0.5,Column 'category' deviates from similar normal records.,isolation_forest+feature_contribution,True,2026-07-01T06:58:12.100048
09f07114-e30c-4e2a-8383-823129b187d2,I202099,shopping_mall,anomaly,Emaar Square Mall,Forum Istanbul,0.0514,high,0.5,Column 'shopping_mall' deviates from similar normal records.,isolation_forest+feature_contribution,True,2026-07-01T06:58:12.462796
c322cdb9-0b9f-4a35-8752-1cd5b4b19208,I258808,shopping_mall,anomaly,Metrocity,Metrocity,0.0775,high,0.5,Column 'shopping_mall' deviates from similar normal records.,isolation_forest+feature_contribution,True,2026-07-01T06:58:12.700752
fb957365-08bb-4770-9abd-3da9ea4b2924,I149828,shopping_mall,anomaly,Viaport Outlet,Mall of Istanbul,0.1331,high,0.5,Column 'shopping_mall' deviates from similar normal records.,isolation_forest+feature_contribution,True,2026-07-01T06:58:12.807712
f0b89d6f-6b00-48de-a0ed-7775ffaadb71,I287352,payment_method,anomaly,Debit Card,Credit Card,0.0407,high,0.5,Column 'payment_method' deviates from similar normal records.,isolation_forest+feature_contribution,True,2026-07-01T06:58:13.068973
48f048b3-acac-4366-bcf7-d8044b042e97,I287352,shopping_mall,anomaly,Viaport Outlet,Kanyon,0.0407,high,0.5,Column 'shopping_mall' deviates from similar normal records.,isolation_forest+feature_contribution,True,2026-07-01T06:58:13.069973
0146b564-0054-4bda-86f0-428c4ec5afc2,I480306,shopping_mall,anomaly,Zorlu Center,Zorlu Center,0.0454,high,0.5,Column 'shopping_mall' deviates from similar normal records.,isolation_forest+feature_contribution,True,2026-07-01T06:58:13.170765
82bed7ad-8926-4cdd-b06d-6c6c4bd064cf,I157804,shopping_mall,anomaly,Forum Istanbul,Metrocity,0.0169,high,0.5,Column 'shopping_mall' deviates from similar normal records.,isolation_forest+feature_contribution,True,2026-07-01T06:58:13.274580
560d5bc7-2b49-4a77-8ce4-8028daa58ea8,I323357,shopping_mall,anomaly,Cevahir AVM,Metrocity,0.0158,high,0.5,Column 'shopping_mall' deviates from similar normal records.,isolation_forest+feature_contribution,True,2026-07-01T06:58:13.586272
c176b6c2-1ce0-4e5e-b4ae-5b130ee977bf,I526894,age_group,anomaly,26_35,26_35,0.0933,low,0.0,Column 'age_group' deviates from similar normal records.,isolation_forest+feature_contribution,True,2026-07-01T06:58:13.636886
cb135d47-3e48-4277-a634-c8bf6732fcbc,I736672,shopping_mall,anomaly,Istinye Park,Emaar Square Mall,0.0481,high,0.5,Column 'shopping_mall' deviates from similar normal records.,isolation_forest+feature_contribution,True,2026-07-01T06:58:13.737740
cea34dd8-65d1-4065-a21c-aa223a363c3d,I431697,shopping_mall,anomaly,Emaar Square Mall,Emaar Square Mall,0.044,high,0.5,Column 'shopping_mall' deviates from similar normal records.,isolation_forest+feature_contribution,True,2026-07-01T06:58:14.265213
7fad3478-f01d-4fee-b436-a15dd7ef8b8b,I664214,shopping_mall,anomaly,Viaport Outlet,Forum Istanbul,0.0193,high,0.5,Column 'shopping_mall' deviates from similar normal records.,isolation_forest+feature_contribution,True,2026-07-01T06:58:14.526276
2d69d1bc-f598-4cd2-b733-59ddcf92b35e,I140999,shopping_mall,anomaly,Viaport Outlet,Metropol AVM,0.0219,high,0.5,Column 'shopping_mall' deviates from similar normal records.,isolation_forest+feature_contribution,True,2026-07-01T06:58:14.732323
e6960df7-b607-401c-8755-30c4a5d55bd6,I328138,category,anomaly,Souvenir,Food & Beverage,0.0751,high,0.5,Column 'category' deviates from similar normal records.,isolation_forest+feature_contribution,True,2026-07-01T06:58:15.244817
c573c313-0980-49c6-9f3d-c05eb12bdd08,I151794,shopping_mall,anomaly,Forum Istanbul,Forum Istanbul,0.0188,high,0.5,Column 'shopping_mall' deviates from similar normal records.,isolation_forest+feature_contribution,True,2026-07-01T06:58:15.343108
48fb47c0-066a-4860-8bbd-e83b39f08120,I760505,shopping_mall,anomaly,Zorlu Center,Forum Istanbul,0.0538,high,0.5,Column 'shopping_mall' deviates from similar normal records.,isolation_forest+feature_contribution,True,2026-07-01T06:58:15.504621
e9204a48-92f0-4286-8b07-168d420a390d,I340389,category,anomaly,Souvenir,Souvenir,0.0523,high,0.5,Column 'category' deviates from similar normal records.,isolation_forest+feature_contribution,True,2026-07-01T06:58:15.613098
c2f84ce2-091f-4a1c-9c40-ae69b9344047,I112775,shopping_mall,anomaly,Istinye Park,Istinye Park,0.0607,high,0.5,Column 'shopping_mall' deviates from similar normal records.,isolation_forest+feature_contribution,True,2026-07-01T06:58:15.719829
f6c8e731-98b7-4294-9b1c-5f6b01636d9a,I328287,shopping_mall,anomaly,Viaport Outlet,Kanyon,0.0509,high,0.5,Column 'shopping_mall' deviates from similar normal records.,isolation_forest+feature_contribution,True,2026-07-01T06:58:15.921928
fad9b14f-a433-4fb7-a070-fa0844ec959f,I828278,shopping_mall,anomaly,Istinye Park,Istinye Park,0.0036,high,0.5,Column 'shopping_mall' deviates from similar normal records.,isolation_forest+feature_contribution,True,2026-07-01T06:58:15.970158
78fd8a8d-1703-4166-8489-e0605f27aa6d,I286555,payment_method,anomaly,Debit Card,Cash,0.0566,high,0.5,Column 'payment_method' deviates from similar normal records.,isolation_forest+feature_contribution,True,2026-07-01T06:58:16.171906
3d7a16f6-5c59-4c15-9eea-ecaa3253070b,I161060,shopping_mall,anomaly,Viaport Outlet,Kanyon,0.0102,high,0.5,Column 'shopping_mall' deviates from similar normal records.,isolation_forest+feature_contribution,True,2026-07-01T06:58:16.585080
54435341-6fad-4567-9672-0792b4e3c69e,I468236,shopping_mall,anomaly,Istinye Park,Istinye Park,0.0678,high,0.5,Column 'shopping_mall' deviates from similar normal records.,isolation_forest+feature_contribution,True,2026-07-01T06:58:16.787837
1036d828-8f17-4526-96d5-91bac9982b58,I966801,shopping_mall,anomaly,Istinye Park,Istinye Park,0.036,high,0.5,Column 'shopping_mall' deviates from similar normal records.,isolation_forest+feature_contribution,True,2026-07-01T06:58:17.040969
3c223008-5707-4bab-bf18-0a0f79985c13,I106986,category,anomaly,Souvenir,Food & Beverage,0.0147,high,0.5,Column 'category' deviates from similar normal records.,isolation_forest+feature_contribution,True,2026-07-01T06:58:17.659496
b46adf8e-5163-4a66-acc2-f326d8e9d5c2,I141647,shopping_mall,anomaly,Viaport Outlet,Metrocity,0.049,high,0.5,Column 'shopping_mall' deviates from similar normal records.,isolation_forest+feature_contribution,True,2026-07-01T06:58:17.912663
d548f70d-6853-46f7-af10-c09333e58882,I303344,shopping_mall,anomaly,Metropol AVM,Zorlu Center,0.0024,high,0.5,Column 'shopping_mall' deviates from similar normal records.,isolation_forest+feature_contribution,True,2026-07-01T06:58:18.573609
9e2bf18a-5215-4769-b774-5ca1fa80ec96,I141956,gender,anomaly,Male,Male,0.0675,high,0.5,Column 'gender' deviates from similar normal records.,isolation_forest+feature_contribution,True,2026-07-01T06:58:18.982019
381eee06-7d63-41ec-84f1-43a12a54ba6f,I325537,payment_method,anomaly,Debit Card,Debit Card,0.0483,high,0.5,Column 'payment_method' deviates from similar normal records.,isolation_forest+feature_contribution,True,2026-07-01T06:58:19.606517
dcf7510c-640b-4303-bb5c-f140fbd7ed97,I179817,shopping_mall,anomaly,Zorlu Center,Forum Istanbul,0.0298,high,0.5,Column 'shopping_mall' deviates from similar normal records.,isolation_forest+feature_contribution,True,2026-07-01T06:58:19.760825
35e61ee7-f1e5-4a02-a48a-038bd243da68,I194327,shopping_mall,anomaly,Metropol AVM,Mall of Istanbul,0.0757,high,0.5,Column 'shopping_mall' deviates from similar normal records.,isolation_forest+feature_contribution,True,2026-07-01T06:58:20.166119
75485239-3ba3-4328-8d15-eb09cfda4f60,I320743,shopping_mall,anomaly,Viaport Outlet,Emaar Square Mall,0.0668,high,0.5,Column 'shopping_mall' deviates from similar normal records.,isolation_forest+feature_contribution,True,2026-07-01T06:58:20.734298
87a1346e-5cde-49dc-ad8e-714d1de8e48b,I314022,category,anomaly,Souvenir,Cosmetics,0.0171,high,0.5,Column 'category' deviates from similar normal records.,isolation_forest+feature_contribution,True,2026-07-01T06:58:20.885388
19ea9886-7558-4a56-b027-f6e02f42bb1c,I301824,shopping_mall,anomaly,Viaport Outlet,Istinye Park,0.0046,high,0.5,Column 'shopping_mall' deviates from similar normal records.,isolation_forest+feature_contribution,True,2026-07-01T06:58:21.396359
283a1a4e-556b-4f8b-8258-32c616ade9ae,I330887,payment_method,anomaly,Debit Card,Cash,0.1235,high,0.5,Column 'payment_method' deviates from similar normal records.,isolation_forest+feature_contribution,True,2026-07-01T06:58:22.054688
5de467e2-89e0-49de-8cf4-e39812a07395,I150596,shopping_mall,anomaly,Forum Istanbul,Cevahir AVM,0.1067,high,0.5,Column 'shopping_mall' deviates from similar normal records.,isolation_forest+feature_contribution,True,2026-07-01T06:58:22.103141
084596ad-0b45-4184-9543-6793f529a891,I190807,shopping_mall,anomaly,Istinye Park,Istinye Park,0.0275,high,0.5,Column 'shopping_mall' deviates from similar normal records.,isolation_forest+feature_contribution,True,2026-07-01T06:58:22.156819
e4d33b46-fec6-48c8-b8ff-3a20bec995e4,I250096,shopping_mall,anomaly,Istinye Park,Metropol AVM,0.0093,high,0.5,Column 'shopping_mall' deviates from similar normal records.,isolation_forest+feature_contribution,True,2026-07-01T06:58:23.888945
28d6a217-e7b6-441a-9751-b4cac9ac69ba,I314374,shopping_mall,anomaly,Metropol AVM,Mall of Istanbul,0.0015,high,0.5,Column 'shopping_mall' deviates from similar normal records.,isolation_forest+feature_contribution,True,2026-07-01T06:58:24.255157
ba13a60b-a828-49d5-a847-ca91c1fe70f0,I281714,shopping_mall,anomaly,Metropol AVM,Mall of Istanbul,0.0021,high,0.5,Column 'shopping_mall' deviates from similar normal records.,isolation_forest+feature_contribution,True,2026-07-01T06:58:25.170925
3026095d-ee36-4fb5-a292-857cab925b78,I280630,shopping_mall,anomaly,Forum Istanbul,Metrocity,0.0438,high,0.5,Column 'shopping_mall' deviates from similar normal records.,isolation_forest+feature_contribution,True,2026-07-01T06:58:25.275385
3bdcd088-b0d5-43cd-888b-07cb1b1a0baf,I273924,category,anomaly,Toys,Toys,0.0422,high,0.5,Column 'category' deviates from similar normal records.,isolation_forest+feature_contribution,True,2026-07-01T06:58:25.326233
3669f1f2-8e73-49d5-9ec4-422069b1b1c1,I262391,shopping_mall,anomaly,Zorlu Center,Emaar Square Mall,0.0204,high,0.5,Column 'shopping_mall' deviates from similar normal records.,isolation_forest+feature_contribution,True,2026-07-01T06:58:25.680133
03267bfc-e61f-47ea-adb2-5fca878c747d,I136744,shopping_mall,anomaly,Cevahir AVM,Metropol AVM,0.0228,high,0.5,Column 'shopping_mall' deviates from similar normal records.,isolation_forest+feature_contribution,True,2026-07-01T06:58:25.887128
203a59da-7406-400d-9c32-d543bbe680a6,I218996,category,anomaly,Souvenir,Souvenir,0.0148,high,0.5,Column 'category' deviates from similar normal records.,isolation_forest+feature_contribution,True,2026-07-01T06:58:25.989792
95985755-ce03-42b6-8e94-9eb5855ed207,I468302,shopping_mall,anomaly,Metrocity,Forum Istanbul,0.0814,high,0.5,Column 'shopping_mall' deviates from similar normal records.,isolation_forest+feature_contribution,True,2026-07-01T06:58:26.544949
c48e1b7b-e7af-4979-a029-708943e6a042,I161550,age_group,anomaly,36_45,26_35,0.0657,medium,0.38315629742033386,Column 'age_group' deviates from similar normal records.,isolation_forest+feature_contribution,True,2026-07-01T06:58:26.644975
c00e95db-837f-40ed-8d55-796f4266f55d,I267133,payment_method,anomaly,Debit Card,Credit Card,0.1161,high,0.5,Column 'payment_method' deviates from similar normal records.,isolation_forest+feature_contribution,True,2026-07-01T06:58:26.798711
72b70159-24d7-422a-aa42-e2d27ab4ee16,I310262,shopping_mall,anomaly,Metrocity,Kanyon,0.0093,high,0.5,Column 'shopping_mall' deviates from similar normal records.,isolation_forest+feature_contribution,True,2026-07-01T06:58:26.848850
0d97324d-4288-4f5f-b5b3-1bc124a4d931,I643142,shopping_mall,anomaly,Metrocity,Metrocity,0.0131,high,0.5,Column 'shopping_mall' deviates from similar normal records.,isolation_forest+feature_contribution,True,2026-07-01T06:58:26.898137
5dcc47de-18f1-48ba-a6a0-72bba89f7faa,I123590,payment_method,anomaly,Debit Card,Cash,0.0506,high,0.5,Column 'payment_method' deviates from similar normal records.,isolation_forest+feature_contribution,True,2026-07-01T06:58:26.946959
8d21dce6-d505-4f9c-948e-065bda169d6d,I228362,gender,anomaly,Male,Female,0.1257,high,0.5,Column 'gender' deviates from similar normal records.,isolation_forest+feature_contribution,True,2026-07-01T06:58:27.322915
d81603cf-119b-43f1-94ac-bd39b9b5f93a,I283870,payment_method,anomaly,Debit Card,Cash,0.0782,high,0.5,Column 'payment_method' deviates from similar normal records.,isolation_forest+feature_contribution,True,2026-07-01T06:58:27.427633
47a3a4cb-df6a-4a70-ba3e-33feca4d765d,I309430,shopping_mall,anomaly,Mall of Istanbul,Kanyon,0.0364,high,0.5,Column 'shopping_mall' deviates from similar normal records.,isolation_forest+feature_contribution,True,2026-07-01T06:58:27.527704
c33f3ef8-5ed2-47ae-b5b8-c296bf1f4da0,I103021,category,anomaly,Books,Books,0.1929,high,0.5,Column 'category' deviates from similar normal records.,isolation_forest+feature_contribution,True,2026-07-01T06:58:28.282009
70b5ef65-3f7b-427f-87f6-a1da71d59bef,I857843,payment_method,anomaly,Debit Card,Cash,0.0194,high,0.5,Column 'payment_method' deviates from similar normal records.,isolation_forest+feature_contribution,True,2026-07-01T06:58:28.382202
29da32fb-1ec1-484c-a091-a3fc57795e8f,I993331,shopping_mall,anomaly,Viaport Outlet,Kanyon,0.0847,high,0.5,Column 'shopping_mall' deviates from similar normal records.,isolation_forest+feature_contribution,True,2026-07-01T06:58:28.485141
8ed2a427-cb38-49a6-aa77-d7016e8b1229,I282972,shopping_mall,anomaly,Viaport Outlet,Kanyon,0.0154,high,0.5,Column 'shopping_mall' deviates from similar normal records.,isolation_forest+feature_contribution,True,2026-07-01T06:58:29.111112
ecece416-eb22-4df8-8f95-53ac2c74096e,I104209,shopping_mall,anomaly,Forum Istanbul,Cevahir AVM,0.1524,high,0.5,Column 'shopping_mall' deviates from similar normal records.,isolation_forest+feature_contribution,True,2026-07-01T06:58:29.311677
0e86bcc1-a6e7-44ba-9c44-5bea1dcd40e2,I503183,shopping_mall,anomaly,Cevahir AVM,Mall of Istanbul,0.0357,high,0.5,Column 'shopping_mall' deviates from similar normal records.,isolation_forest+feature_contribution,True,2026-07-01T06:58:29.467151
402019dd-b8d4-4a06-9772-a2884c9f9c61,I139439,shopping_mall,anomaly,Viaport Outlet,Mall of Istanbul,0.0179,high,0.5,Column 'shopping_mall' deviates from similar normal records.,isolation_forest+feature_contribution,True,2026-07-01T06:58:29.719960
c9b52dfe-4dce-4a15-b6a7-4e360022e41f,I252857,payment_method,anomaly,Debit Card,Credit Card,0.0013,high,0.5,Column 'payment_method' deviates from similar normal records.,isolation_forest+feature_contribution,True,2026-07-01T06:58:30.019055
fc8d96f6-8e6e-4c52-9601-4bd99d0cf206,I323243,shopping_mall,anomaly,Cevahir AVM,Metrocity,0.0459,high,0.5,Column 'shopping_mall' deviates from similar normal records.,isolation_forest+feature_contribution,True,2026-07-01T06:58:30.068830
2df165be-e2a8-4b78-a2f0-b2dba7a2982d,I155164,category,anomaly,Books,Food & Beverage,0.1708,high,0.5,Column 'category' deviates from similar normal records.,isolation_forest+feature_contribution,True,2026-07-01T06:58:30.840489
4b29a08a-7d4b-42df-ac6c-824613ecf8f9,I198864,shopping_mall,anomaly,Metropol AVM,Kanyon,0.0764,high,0.5,Column 'shopping_mall' deviates from similar normal records.,isolation_forest+feature_contribution,True,2026-07-01T06:58:31.007797
d5ca0a64-69d2-44d7-8a60-c307121a7ed2,I354814,shopping_mall,anomaly,Istinye Park,Istinye Park,0.0614,high,0.5,Column 'shopping_mall' deviates from similar normal records.,isolation_forest+feature_contribution,True,2026-07-01T06:58:31.056212
d13d0b91-afd7-4871-a993-975acbf9167b,I279476,shopping_mall,anomaly,Viaport Outlet,Istinye Park,0.1164,high,0.5,Column 'shopping_mall' deviates from similar normal records.,isolation_forest+feature_contribution,True,2026-07-01T06:58:31.107709
d714b3ab-069d-4a6e-8ec0-6d2bf4c0dcd5,I139441,shopping_mall,anomaly,Istinye Park,Metropol AVM,0.0393,high,0.5,Column 'shopping_mall' deviates from similar normal records.,isolation_forest+feature_contribution,True,2026-07-01T06:58:31.463767
faa52740-124a-4759-b039-00e969a8fc29,I144356,payment_method,anomaly,Debit Card,Cash,0.0047,high,0.5,Column 'payment_method' deviates from similar normal records.,isolation_forest+feature_contribution,True,2026-07-01T06:58:31.670728
519b7097-873c-4206-824e-3d1232ca9072,I484012,shopping_mall,anomaly,Metropol AVM,Kanyon,0.0095,high,0.5,Column 'shopping_mall' deviates from similar normal records.,isolation_forest+feature_contribution,True,2026-07-01T06:58:31.732785
9191a74f-efea-4155-aab0-b6f360545da1,I185910,shopping_mall,anomaly,Zorlu Center,Istinye Park,0.0032,high,0.5,Column 'shopping_mall' deviates from similar normal records.,isolation_forest+feature_contribution,True,2026-07-01T06:58:32.083059
47249fe4-5e3a-4c0c-bcfa-73b19dc7d52d,I172220,shopping_mall,anomaly,Metropol AVM,Metrocity,0.0839,high,0.5,Column 'shopping_mall' deviates from similar normal records.,isolation_forest+feature_contribution,True,2026-07-01T06:58:32.519863
a6563de1-e001-4c9d-949f-0126b4e1ecbe,I152591,payment_method,anomaly,Debit Card,Cash,0.0385,high,0.5,Column 'payment_method' deviates from similar normal records.,isolation_forest+feature_contribution,True,2026-07-01T06:58:34.154853
772b40ce-cbd6-49f3-82f2-0919b0b1878c,I244811,shopping_mall,anomaly,Cevahir AVM,Kanyon,0.0089,high,0.5,Column 'shopping_mall' deviates from similar normal records.,isolation_forest+feature_contribution,True,2026-07-01T06:58:34.210743
93ae2400-7e3b-4e1f-aab1-5f6158871607,I330011,payment_method,anomaly,Debit Card,Cash,0.1312,high,0.5,Column 'payment_method' deviates from similar normal records.,isolation_forest+feature_contribution,True,2026-07-01T06:58:34.624143
c5b877bc-8afc-4a82-82c1-46bb6ed64c7a,I226812,shopping_mall,anomaly,Cevahir AVM,Kanyon,0.0051,high,0.5,Column 'shopping_mall' deviates from similar normal records.,isolation_forest+feature_contribution,True,2026-07-01T06:58:34.878944
4aab27a9-d217-41b3-99d2-91ed631eff7b,I211920,shopping_mall,anomaly,Zorlu Center,Kanyon,0.0075,high,0.5,Column 'shopping_mall' deviates from similar normal records.,isolation_forest+feature_contribution,True,2026-07-01T06:58:35.395314
bd4379aa-5de1-493e-8652-23d2164f7521,I949274,shopping_mall,anomaly,Emaar Square Mall,Metropol AVM,0.1082,high,0.5,Column 'shopping_mall' deviates from similar normal records.,isolation_forest+feature_contribution,True,2026-07-01T06:58:35.711204
352b3af2-43f6-49cc-a23d-34f8f70fa3f1,I120767,shopping_mall,anomaly,Forum Istanbul,Kanyon,0.0742,high,0.5,Column 'shopping_mall' deviates from similar normal records.,isolation_forest+feature_contribution,True,2026-07-01T06:58:36.387953
eb8cad59-3f7f-4dea-87dd-ccb7f49235e8,I109040,shopping_mall,anomaly,Emaar Square Mall,Emaar Square Mall,0.0314,high,0.5,Column 'shopping_mall' deviates from similar normal records.,isolation_forest+feature_contribution,True,2026-07-01T06:58:36.916308
70b6ccf8-343f-489c-9ccf-9c3224aaf630,I269599,payment_method,anomaly,Debit Card,Cash,0.0678,high,0.5,Column 'payment_method' deviates from similar normal records.,isolation_forest+feature_contribution,True,2026-07-01T06:58:37.475141
64652d9f-f52f-431a-a7c8-2f7b3afabe27,I269599,shopping_mall,anomaly,Forum Istanbul,Forum Istanbul,0.0678,high,0.5,Column 'shopping_mall' deviates from similar normal records.,isolation_forest+feature_contribution,True,2026-07-01T06:58:37.475141
48079e65-75b0-4155-a087-bd8c28d5c713,I183818,shopping_mall,anomaly,Zorlu Center,Istinye Park,0.0083,high,0.5,Column 'shopping_mall' deviates from similar normal records.,isolation_forest+feature_contribution,True,2026-07-01T06:58:37.524964
47321f00-a3a6-49e4-964e-71a7b18f5c1d,I285674,shopping_mall,anomaly,Forum Istanbul,Metrocity,0.0136,high,0.5,Column 'shopping_mall' deviates from similar normal records.,isolation_forest+feature_contribution,True,2026-07-01T06:58:38.743235
c3902c78-1acd-42cd-961b-f094d6e59031,I215539,shopping_mall,anomaly,Metropol AVM,Mall of Istanbul,0.0277,high,0.5,Column 'shopping_mall' deviates from similar normal records.,isolation_forest+feature_contribution,True,2026-07-01T06:58:40.052142
8649c023-95ff-4d93-98c0-8d891f85bcb9,I325554,shopping_mall,anomaly,Zorlu Center,Kanyon,0.0948,high,0.5,Column 'shopping_mall' deviates from similar normal records.,isolation_forest+feature_contribution,True,2026-07-01T06:58:41.066415
1015b57c-78f6-4d9d-9d86-9f2e8a30bcd0,I263649,shopping_mall,anomaly,Istinye Park,Metropol AVM,0.2221,high,0.5,Column 'shopping_mall' deviates from similar normal records.,isolation_forest+feature_contribution,True,2026-07-01T06:58:41.215574
96eab4e4-d6e0-421a-a8c7-c49c991d353b,I763019,shopping_mall,anomaly,Metrocity,Metrocity,0.0031,high,0.5,Column 'shopping_mall' deviates from similar normal records.,isolation_forest+feature_contribution,True,2026-07-01T06:58:41.265075
42712689-b1c3-4db1-b7e0-cddc24366043,I336378,shopping_mall,anomaly,Cevahir AVM,Kanyon,0.0151,high,0.5,Column 'shopping_mall' deviates from similar normal records.,isolation_forest+feature_contribution,True,2026-07-01T06:58:41.574806
fc8132b1-ec68-43b9-b72d-f8f4938aa7d1,I193416,payment_method,anomaly,Debit Card,Cash,0.0541,high,0.5,Column 'payment_method' deviates from similar normal records.,isolation_forest+feature_contribution,True,2026-07-01T06:58:41.630267
3b262d83-3b49-4d7a-ba10-f50c3f480a1b,I325472,shopping_mall,anomaly,Zorlu Center,Metropol AVM,0.0265,high,0.5,Column 'shopping_mall' deviates from similar normal records.,isolation_forest+feature_contribution,True,2026-07-01T06:58:41.680916
38841c40-7ba2-4286-b226-7bba7ae41cf8,I987501,shopping_mall,anomaly,Zorlu Center,Zorlu Center,0.0042,high,0.5,Column 'shopping_mall' deviates from similar normal records.,isolation_forest+feature_contribution,True,2026-07-01T06:58:42.537192
5e21010d-0a78-4b2c-bda6-677936ec589c,I180691,shopping_mall,anomaly,Zorlu Center,Kanyon,0.0796,high,0.5,Column 'shopping_mall' deviates from similar normal records.,isolation_forest+feature_contribution,True,2026-07-01T06:58:42.638008
74989c92-1ef7-44db-9361-080cfee20fff,I114195,shopping_mall,anomaly,Istinye Park,Mall of Istanbul,0.107,high,0.5,Column 'shopping_mall' deviates from similar normal records.,isolation_forest+feature_contribution,True,2026-07-01T06:58:43.087840
d7da19e0-601f-40cc-a05c-dcb56ea52d2b,I872564,shopping_mall,anomaly,Zorlu Center,Cevahir AVM,0.0178,high,0.5,Column 'shopping_mall' deviates from similar normal records.,isolation_forest+feature_contribution,True,2026-07-01T06:58:43.836290
d2857afb-b392-4928-b3f1-12665c142ee3,I842448,shopping_mall,anomaly,Forum Istanbul,Metrocity,0.0129,high,0.5,Column 'shopping_mall' deviates from similar normal records.,isolation_forest+feature_contribution,True,2026-07-01T06:58:43.883295
16c2ee1e-7304-4a56-b6a8-a2c3b2d6fda6,I939070,shopping_mall,anomaly,Metrocity,Emaar Square Mall,0.0385,high,0.5,Column 'shopping_mall' deviates from similar normal records.,isolation_forest+feature_contribution,True,2026-07-01T06:58:44.036103
108b3c32-a7e9-4c07-a069-5550cc2599d4,I108723,shopping_mall,anomaly,Cevahir AVM,Cevahir AVM,0.057,high,0.5,Column 'shopping_mall' deviates from similar normal records.,isolation_forest+feature_contribution,True,2026-07-01T06:58:44.502927
5a43eba7-4023-4d00-85f4-862f132649e6,I240064,shopping_mall,anomaly,Cevahir AVM,Cevahir AVM,0.0502,high,0.5,Column 'shopping_mall' deviates from similar normal records.,isolation_forest+feature_contribution,True,2026-07-01T06:58:44.614625
c281b43a-4d18-498f-84e9-7ade49f0844b,I158677,shopping_mall,anomaly,Forum Istanbul,Kanyon,0.0803,high,0.5,Column 'shopping_mall' deviates from similar normal records.,isolation_forest+feature_contribution,True,2026-07-01T06:58:44.816446
cdd93e2e-8d1e-4ca1-8e5d-308de01318bc,I158691,shopping_mall,anomaly,Zorlu Center,Metropol AVM,0.0325,high,0.5,Column 'shopping_mall' deviates from similar normal records.,isolation_forest+feature_contribution,True,2026-07-01T06:58:44.894844
c7dafa73-4414-4d24-8948-59c1dd214730,I661557,shopping_mall,anomaly,Viaport Outlet,Metropol AVM,0.0232,high,0.5,Column 'shopping_mall' deviates from similar normal records.,isolation_forest+feature_contribution,True,2026-07-01T06:58:45.312630
a48f3008-76d4-4ac2-ac78-e74e5ff8ef73,I111287,shopping_mall,anomaly,Emaar Square Mall,Emaar Square Mall,0.0292,high,0.5,Column 'shopping_mall' deviates from similar normal records.,isolation_forest+feature_contribution,True,2026-07-01T06:58:45.364492
7715ca51-a8f3-4b14-8d90-bc7379932cae,I747668,payment_method,anomaly,Debit Card,Credit Card,0.0005,high,0.5,Column 'payment_method' deviates from similar normal records.,isolation_forest+feature_contribution,True,2026-07-01T06:58:45.566098
e7726fd7-f486-46de-89ff-f91bed02cf29,I231405,shopping_mall,anomaly,Cevahir AVM,Kanyon,0.028,high,0.5,Column 'shopping_mall' deviates from similar normal records.,isolation_forest+feature_contribution,True,2026-07-01T06:58:45.827850
9e9b3e39-a1eb-4bca-86c5-1e06a907ff4f,I178837,payment_method,anomaly,Debit Card,Debit Card,0.1069,high,0.5,Column 'payment_method' deviates from similar normal records.,isolation_forest+feature_contribution,True,2026-07-01T06:58:46.141624
882c4d74-cd6e-409b-8242-68f6de120c73,I178837,shopping_mall,anomaly,Cevahir AVM,Metrocity,0.1069,high,0.5,Column 'shopping_mall' deviates from similar normal records.,isolation_forest+feature_contribution,True,2026-07-01T06:58:46.141624
c713cb62-d8a3-406a-85c7-dad89a713cad,I182181,shopping_mall,anomaly,Viaport Outlet,Mall of Istanbul,0.0039,high,0.5,Column 'shopping_mall' deviates from similar normal records.,isolation_forest+feature_contribution,True,2026-07-01T06:58:47.153115
46bf6e69-dde3-4775-b93a-d41d9aa10b89,I637404,category,anomaly,Books,Books,0.0125,high,0.5,Column 'category' deviates from similar normal records.,isolation_forest+feature_contribution,True,2026-07-01T06:58:47.279322
762a4f9d-f275-4bbf-ba41-8162efd9edba,I279011,shopping_mall,anomaly,Forum Istanbul,Cevahir AVM,0.0069,high,0.5,Column 'shopping_mall' deviates from similar normal records.,isolation_forest+feature_contribution,True,2026-07-01T06:58:47.319499
befa4246-be73-417d-b6d1-05c89370f144,I783811,shopping_mall,anomaly,Emaar Square Mall,Istinye Park,0.0009,high,0.5,Column 'shopping_mall' deviates from similar normal records.,isolation_forest+feature_contribution,True,2026-07-01T06:58:47.357705
28e1cb87-dee5-4b6e-9f49-87ae2ace746f,I542443,shopping_mall,anomaly,Metropol AVM,Cevahir AVM,0.0266,high,0.5,Column 'shopping_mall' deviates from similar normal records.,isolation_forest+feature_contribution,True,2026-07-01T06:58:47.528663
04178852-8102-483c-a86a-5499f39eda00,I221821,shopping_mall,anomaly,Viaport Outlet,Mall of Istanbul,0.0666,high,0.5,Column 'shopping_mall' deviates from similar normal records.,isolation_forest+feature_contribution,True,2026-07-01T06:58:47.600482
f1cb47ab-2bcd-4919-ac3b-b6274729b93b,I182524,shopping_mall,anomaly,Metropol AVM,Zorlu Center,0.0098,high,0.5,Column 'shopping_mall' deviates from similar normal records.,isolation_forest+feature_contribution,True,2026-07-01T06:58:47.817027
debb3898-0d7b-4160-a37d-addc111de82f,I125524,shopping_mall,anomaly,Forum Istanbul,Cevahir AVM,0.0232,high,0.5,Column 'shopping_mall' deviates from similar normal records.,isolation_forest+feature_contribution,True,2026-07-01T06:58:47.970586
f926f334-5ecd-4821-8d2b-a06af2986e2e,I132992,shopping_mall,anomaly,Emaar Square Mall,Zorlu Center,0.0068,high,0.5,Column 'shopping_mall' deviates from similar normal records.,isolation_forest+feature_contribution,True,2026-07-01T06:58:48.768972
762760b5-f780-4688-a14d-b90d191b1a34,I269827,shopping_mall,anomaly,Emaar Square Mall,Metrocity,0.1178,high,0.5,Column 'shopping_mall' deviates from similar normal records.,isolation_forest+feature_contribution,True,2026-07-01T06:58:49.296516
6f365e72-b4f5-45da-bd73-6f7b1e0ae4a0,I100591,category,anomaly,Toys,Toys,0.0406,high,0.5,Column 'category' deviates from similar normal records.,isolation_forest+feature_contribution,True,2026-07-01T06:58:49.376998
e2b8fe7c-3464-4c16-a8bb-f37fbd90f1bc,I250624,category,anomaly,Souvenir,Food & Beverage,0.0287,high,0.5,Column 'category' deviates from similar normal records.,isolation_forest+feature_contribution,True,2026-07-01T06:58:49.948995
5e7150b7-27de-4d7d-818e-f4df637359ba,I119361,shopping_mall,anomaly,Mall of Istanbul,Mall of Istanbul,0.0904,high,0.5,Column 'shopping_mall' deviates from similar normal records.,isolation_forest+feature_contribution,True,2026-07-01T06:58:49.984745
cf82fea0-fd84-4858-9ed5-99eac824e36b,I247815,shopping_mall,anomaly,Metrocity,Emaar Square Mall,0.0836,high,0.5,Column 'shopping_mall' deviates from similar normal records.,isolation_forest+feature_contribution,True,2026-07-01T06:58:50.148748
a0f5409b-c5fa-4aa6-b657-e126f5c1d42e,I790465,shopping_mall,anomaly,Zorlu Center,Metropol AVM,0.1526,high,0.5,Column 'shopping_mall' deviates from similar normal records.,isolation_forest+feature_contribution,True,2026-07-01T06:58:50.508028
571f733e-5656-4628-a238-aeebb0447fad,I255948,shopping_mall,anomaly,Istinye Park,Istinye Park,0.0187,high,0.5,Column 'shopping_mall' deviates from similar normal records.,isolation_forest+feature_contribution,True,2026-07-01T06:58:50.886161
4d6f1f35-8145-4e9e-bf82-5bb0ac27117f,I273142,payment_method,anomaly,Debit Card,Debit Card,0.0399,high,0.5,Column 'payment_method' deviates from similar normal records.,isolation_forest+feature_contribution,True,2026-07-01T06:58:51.046330
c2820a51-e9b0-4fe6-847e-5d1a56b33b52,I424470,shopping_mall,anomaly,Kanyon,Cevahir AVM,0.0513,high,0.5,Column 'shopping_mall' deviates from similar normal records.,isolation_forest+feature_contribution,True,2026-07-01T06:58:51.132762
391b38b7-cd0f-4f4b-bd52-09f12c9824ea,I143964,shopping_mall,anomaly,Metropol AVM,Cevahir AVM,0.0797,high,0.5,Column 'shopping_mall' deviates from similar normal records.,isolation_forest+feature_contribution,True,2026-07-01T06:58:51.337968
96366270-618f-4d77-b256-96550bddf03c,I240878,payment_method,anomaly,Debit Card,Debit Card,0.0648,high,0.5,Column 'payment_method' deviates from similar normal records.,isolation_forest+feature_contribution,True,2026-07-01T06:58:51.645683
17abc896-0938-4835-b9da-e1f25c5bb70d,I240878,shopping_mall,anomaly,Viaport Outlet,Viaport Outlet,0.0648,high,0.5,Column 'shopping_mall' deviates from similar normal records.,isolation_forest+feature_contribution,True,2026-07-01T06:58:51.645683
069679ec-1a3b-45ac-a68f-7dfcdd92e1b4,I677958,payment_method,anomaly,Debit Card,Cash,0.0851,high,0.5,Column 'payment_method' deviates from similar normal records.,isolation_forest+feature_contribution,True,2026-07-01T06:58:52.143828
46e60456-6682-4482-b851-26aa550e5b26,I251328,shopping_mall,anomaly,Emaar Square Mall,Emaar Square Mall,0.0041,high,0.5,Column 'shopping_mall' deviates from similar normal records.,isolation_forest+feature_contribution,True,2026-07-01T06:58:52.350668
165703cf-e1a9-4941-aba9-038781b64dc7,I155532,shopping_mall,anomaly,Metropol AVM,Mall of Istanbul,0.1086,high,0.5,Column 'shopping_mall' deviates from similar normal records.,isolation_forest+feature_contribution,True,2026-07-01T06:58:52.403118
2fed77c7-2968-4e13-93b9-932699abe6bd,I141754,shopping_mall,anomaly,Metropol AVM,Kanyon,0.0733,high,0.5,Column 'shopping_mall' deviates from similar normal records.,isolation_forest+feature_contribution,True,2026-07-01T06:58:52.672386
0dd10e7d-9b4e-4491-9dc0-0bb805f1311d,I236957,shopping_mall,anomaly,Zorlu Center,Forum Istanbul,0.1116,high,0.5,Column 'shopping_mall' deviates from similar normal records.,isolation_forest+feature_contribution,True,2026-07-01T06:58:52.737873
1e96e138-f31c-4a1b-b3e9-3c8780e3a1c3,I763194,shopping_mall,anomaly,Zorlu Center,Emaar Square Mall,0.0357,high,0.5,Column 'shopping_mall' deviates from similar normal records.,isolation_forest+feature_contribution,True,2026-07-01T06:58:53.228804
63c74e7b-482f-4b74-a39f-8b516141dfce,I982603,payment_method,anomaly,Debit Card,Cash,0.0112,high,0.5,Column 'payment_method' deviates from similar normal records.,isolation_forest+feature_contribution,True,2026-07-01T06:58:53.717913
6ba7dd84-afda-443d-ba2d-a38001bffc3f,I177163,shopping_mall,anomaly,Cevahir AVM,Metrocity,0.0692,high,0.5,Column 'shopping_mall' deviates from similar normal records.,isolation_forest+feature_contribution,True,2026-07-01T06:58:53.766396
99428515-6615-4177-8fe8-79520d9a8944,I185387,shopping_mall,anomaly,Istinye Park,Cevahir AVM,0.0158,high,0.5,Column 'shopping_mall' deviates from similar normal records.,isolation_forest+feature_contribution,True,2026-07-01T06:58:54.116342
7ac9d85f-f47a-416a-a77b-bb80412fea13,I206972,category,anomaly,Souvenir,Books,0.0384,high,0.5,Column 'category' deviates from similar normal records.,isolation_forest+feature_contribution,True,2026-07-01T06:58:54.874698
093dd185-301a-49cc-9db8-ed1e1faa29bb,I975823,category,anomaly,Food & Beverage,Food & Beverage,0.1464,high,0.5,Column 'category' deviates from similar normal records.,isolation_forest+feature_contribution,True,2026-07-01T06:58:54.973972
2162bda0-e297-496f-8b3f-0e4ea3a736bc,I998895,shopping_mall,anomaly,Metropol AVM,Istinye Park,0.0145,high,0.5,Column 'shopping_mall' deviates from similar normal records.,isolation_forest+feature_contribution,True,2026-07-01T06:58:55.175166
c59c5fe7-5f4c-457a-aa3c-b83051f39d74,I321409,shopping_mall,anomaly,Metropol AVM,Emaar Square Mall,0.0129,high,0.5,Column 'shopping_mall' deviates from similar normal records.,isolation_forest+feature_contribution,True,2026-07-01T06:58:55.372172
df482be1-dc7c-42fa-815e-00a597098ab4,I250697,shopping_mall,anomaly,Mall of Istanbul,Istinye Park,0.0328,high,0.5,Column 'shopping_mall' deviates from similar normal records.,isolation_forest+feature_contribution,True,2026-07-01T06:58:55.523395
4e7f6443-87ba-4595-9965-7599d234683c,I170845,shopping_mall,anomaly,Metrocity,Forum Istanbul,0.0962,high,0.5,Column 'shopping_mall' deviates from similar normal records.,isolation_forest+feature_contribution,True,2026-07-01T06:58:55.672968
5dce985f-d4e8-4cb2-937f-582c162c64c5,I164540,shopping_mall,anomaly,Viaport Outlet,Metrocity,0.0565,high,0.5,Column 'shopping_mall' deviates from similar normal records.,isolation_forest+feature_contribution,True,2026-07-01T06:58:55.773252
e84a8913-9a59-4728-b2f8-c9f63db044ec,I129192,payment_method,anomaly,Debit Card,Cash,0.0531,high,0.5,Column 'payment_method' deviates from similar normal records.,isolation_forest+feature_contribution,True,2026-07-01T06:58:55.823680
a873bb5f-7b78-4246-b40c-2b63bad52914,I220666,shopping_mall,anomaly,Viaport Outlet,Kanyon,0.0505,high,0.5,Column 'shopping_mall' deviates from similar normal records.,isolation_forest+feature_contribution,True,2026-07-01T06:58:56.126342
b7016ef4-c877-48fb-9c20-11524be105c7,I315590,shopping_mall,anomaly,Viaport Outlet,Metrocity,0.0195,high,0.5,Column 'shopping_mall' deviates from similar normal records.,isolation_forest+feature_contribution,True,2026-07-01T06:58:56.177209
e960ff76-706c-42da-a9ae-1f7adc54301e,I302790,payment_method,anomaly,Debit Card,Cash,0.0148,high,0.5,Column 'payment_method' deviates from similar normal records.,isolation_forest+feature_contribution,True,2026-07-01T06:58:56.926265
0b1744be-5016-4e6a-94b3-72c94cd8b6ad,I126465,shopping_mall,anomaly,Forum Istanbul,Kanyon,0.0578,high,0.5,Column 'shopping_mall' deviates from similar normal records.,isolation_forest+feature_contribution,True,2026-07-01T06:58:57.022502
ecedfdcb-58e4-4d48-8435-001ff0073c95,I568312,shopping_mall,anomaly,Viaport Outlet,Metrocity,0.0374,high,0.5,Column 'shopping_mall' deviates from similar normal records.,isolation_forest+feature_contribution,True,2026-07-01T06:58:57.426264
310907ff-7b82-46b2-a648-f4cdf18e15b2,I134596,shopping_mall,anomaly,Istinye Park,Metropol AVM,0.0889,high,0.5,Column 'shopping_mall' deviates from similar normal records.,isolation_forest+feature_contribution,True,2026-07-01T06:58:57.675300
31f8acf0-3858-4778-b954-d0f7705c82ba,I871468,shopping_mall,anomaly,Metrocity,Mall of Istanbul,0.0343,high,0.5,Column 'shopping_mall' deviates from similar normal records.,isolation_forest+feature_contribution,True,2026-07-01T06:58:57.777995
74682c49-b11b-497b-8c92-db612c02b5a5,I226467,shopping_mall,anomaly,Cevahir AVM,Mall of Istanbul,0.0456,high,0.5,Column 'shopping_mall' deviates from similar normal records.,isolation_forest+feature_contribution,True,2026-07-01T06:58:58.854656
8eb7f20b-9ee6-4c6f-988d-589a4a77b975,I295333,payment_method,anomaly,Debit Card,Debit Card,0.0788,high,0.5,Column 'payment_method' deviates from similar normal records.,isolation_forest+feature_contribution,True,2026-07-01T06:58:59.058779
0d6d1bd5-bc92-485a-9c20-1768a4bd3737,I797284,payment_method,anomaly,Debit Card,Cash,0.083,high,0.5,Column 'payment_method' deviates from similar normal records.,isolation_forest+feature_contribution,True,2026-07-01T06:58:59.411034
3eda0d18-86f0-4ee6-8f56-a9f819d54ce0,I159345,shopping_mall,anomaly,Metropol AVM,Kanyon,0.1192,high,0.5,Column 'shopping_mall' deviates from similar normal records.,isolation_forest+feature_contribution,True,2026-07-01T06:58:59.546168
1c293c04-da0c-401d-85a7-89160fdfc6bc,I279249,shopping_mall,anomaly,Viaport Outlet,Istinye Park,0.0194,high,0.5,Column 'shopping_mall' deviates from similar normal records.,isolation_forest+feature_contribution,True,2026-07-01T06:58:59.638661
68fec9a2-451a-429d-a565-da11eb2aa373,I964106,shopping_mall,anomaly,Forum Istanbul,Kanyon,0.1178,high,0.5,Column 'shopping_mall' deviates from similar normal records.,isolation_forest+feature_contribution,True,2026-07-01T06:58:59.988829
95c80345-df30-4cd3-8453-442e6dc11aae,I264781,shopping_mall,anomaly,Metropol AVM,Cevahir AVM,0.0728,high,0.5,Column 'shopping_mall' deviates from similar normal records.,isolation_forest+feature_contribution,True,2026-07-01T06:59:00.191567
66a9dc78-de11-4c31-9867-a7af6368e342,I268178,shopping_mall,anomaly,Viaport Outlet,Mall of Istanbul,0.094,high,0.5,Column 'shopping_mall' deviates from similar normal records.,isolation_forest+feature_contribution,True,2026-07-01T06:59:00.746249
2f8d182d-767f-47f2-b712-6e5b3062dd40,I194617,shopping_mall,anomaly,Mall of Istanbul,Istinye Park,0.08,high,0.5,Column 'shopping_mall' deviates from similar normal records.,isolation_forest+feature_contribution,True,2026-07-01T06:59:00.851020
20b00d74-87f9-406d-a91f-6c3c886c050f,I799618,shopping_mall,anomaly,Metropol AVM,Metrocity,0.0396,high,0.5,Column 'shopping_mall' deviates from similar normal records.,isolation_forest+feature_contribution,True,2026-07-01T06:59:00.950468
f5aa8dec-b855-46e0-ab05-5e5ce47d9579,I153246,shopping_mall,anomaly,Cevahir AVM,Cevahir AVM,0.064,high,0.5,Column 'shopping_mall' deviates from similar normal records.,isolation_forest+feature_contribution,True,2026-07-01T06:59:01.103711
a6c94873-9ebd-44ac-a6d6-f29a1faa2836,I174784,shopping_mall,anomaly,Metropol AVM,Metropol AVM,0.1029,high,0.5,Column 'shopping_mall' deviates from similar normal records.,isolation_forest+feature_contribution,True,2026-07-01T06:59:01.257155
65cee39e-b2c4-4c74-bbc0-11ffd26f6c52,I161995,category,anomaly,Souvenir,Food & Beverage,0.0727,high,0.5,Column 'category' deviates from similar normal records.,isolation_forest+feature_contribution,True,2026-07-01T06:59:01.670024
12800a43-3661-4dad-bc7d-9ab689dfccaa,I158160,shopping_mall,anomaly,Metropol AVM,Mall of Istanbul,0.057,high,0.5,Column 'shopping_mall' deviates from similar normal records.,isolation_forest+feature_contribution,True,2026-07-01T06:59:01.932487
d528f3b6-4676-4fef-93d4-62101791b372,I104783,payment_method,anomaly,Debit Card,Debit Card,0.1569,high,0.5,Column 'payment_method' deviates from similar normal records.,isolation_forest+feature_contribution,True,2026-07-01T06:59:02.136168
347b53fa-2c6f-4082-9ad5-47748a2a704d,I561562,shopping_mall,anomaly,Istinye Park,Emaar Square Mall,0.003,high,0.5,Column 'shopping_mall' deviates from similar normal records.,isolation_forest+feature_contribution,True,2026-07-01T06:59:02.437736
44fc3bc3-efbc-4fb5-a7df-07950b3d8fdc,I187440,shopping_mall,anomaly,Emaar Square Mall,Kanyon,0.0871,high,0.5,Column 'shopping_mall' deviates from similar normal records.,isolation_forest+feature_contribution,True,2026-07-01T06:59:03.388018
5ee234a9-c7f8-452f-b151-c7d3e2518751,I220583,payment_method,anomaly,Debit Card,Credit Card,0.0372,high,0.5,Column 'payment_method' deviates from similar normal records.,isolation_forest+feature_contribution,True,2026-07-01T06:59:03.492614
cb04d1c1-807b-4b86-89c7-99e38b3f5f58,I193419,shopping_mall,anomaly,Metropol AVM,Mall of Istanbul,0.085,high,0.5,Column 'shopping_mall' deviates from similar normal records.,isolation_forest+feature_contribution,True,2026-07-01T06:59:03.591887
b01c7092-0e66-44e8-b318-7b27596aed17,I325048,shopping_mall,anomaly,Istinye Park,Forum Istanbul,0.0831,high,0.5,Column 'shopping_mall' deviates from similar normal records.,isolation_forest+feature_contribution,True,2026-07-01T06:59:04.036560
06edfb10-57bb-40b6-a75b-33d829d80687,I157615,shopping_mall,anomaly,Viaport Outlet,Metrocity,0.0394,high,0.5,Column 'shopping_mall' deviates from similar normal records.,isolation_forest+feature_contribution,True,2026-07-01T06:59:04.182877
c33bd737-1e8c-4eaf-b441-d1c77c3d97ad,I151258,shopping_mall,anomaly,Metropol AVM,Mall of Istanbul,0.0309,high,0.5,Column 'shopping_mall' deviates from similar normal records.,isolation_forest+feature_contribution,True,2026-07-01T06:59:04.930865
c31554cd-5caf-447f-a0e2-e367d3bd32d9,I218024,shopping_mall,anomaly,Metropol AVM,Cevahir AVM,0.0315,high,0.5,Column 'shopping_mall' deviates from similar normal records.,isolation_forest+feature_contribution,True,2026-07-01T06:59:05.084098
c2a89ed3-1214-46a3-9291-f458c0561b9a,I274258,category,anomaly,Souvenir,Souvenir,0.0957,high,0.5,Column 'category' deviates from similar normal records.,isolation_forest+feature_contribution,True,2026-07-01T06:59:05.339982
c84f5de7-eecb-4985-bc15-a9bab34fe9d0,I989148,shopping_mall,anomaly,Metropol AVM,Emaar Square Mall,0.0017,high,0.5,Column 'shopping_mall' deviates from similar normal records.,isolation_forest+feature_contribution,True,2026-07-01T06:59:05.588170
734d4fd5-6028-4c66-b373-139537610606,I226599,payment_method,anomaly,Debit Card,Cash,0.0769,high,0.5,Column 'payment_method' deviates from similar normal records.,isolation_forest+feature_contribution,True,2026-07-01T06:59:05.690385
b6a730ad-3fdb-4ba0-9708-72c983e6a7f6,I114624,category,anomaly,Souvenir,Souvenir,0.0274,high,0.5,Column 'category' deviates from similar normal records.,isolation_forest+feature_contribution,True,2026-07-01T06:59:05.838630
cee6c746-0d98-466a-8b77-e8abf6ee3188,I208419,shopping_mall,anomaly,Zorlu Center,Metropol AVM,0.0198,high,0.5,Column 'shopping_mall' deviates from similar normal records.,isolation_forest+feature_contribution,True,2026-07-01T06:59:06.139985
529c2a49-1dcf-496d-9d67-77387d08d740,I284827,shopping_mall,anomaly,Cevahir AVM,Metropol AVM,0.0442,high,0.5,Column 'shopping_mall' deviates from similar normal records.,isolation_forest+feature_contribution,True,2026-07-01T06:59:06.634955
21ec6c8d-bbec-4284-9a76-fbdaeaa3862c,I127611,payment_method,anomaly,Debit Card,Cash,0.0036,high,0.5,Column 'payment_method' deviates from similar normal records.,isolation_forest+feature_contribution,True,2026-07-01T06:59:07.091882
7cec9ca7-048c-4919-8c03-8e72739a4f01,I208416,gender,anomaly,Male,Female,0.0168,high,0.5,Column 'gender' deviates from similar normal records.,isolation_forest+feature_contribution,True,2026-07-01T06:59:07.141955
2500454a-f444-4fab-a285-3cd79d4f189c,I147523,shopping_mall,anomaly,Viaport Outlet,Metrocity,0.0713,high,0.5,Column 'shopping_mall' deviates from similar normal records.,isolation_forest+feature_contribution,True,2026-07-01T06:59:07.318749
4c439272-166d-4ff4-83e8-8981ced150a1,I129418,shopping_mall,anomaly,Zorlu Center,Kanyon,0.0359,high,0.5,Column 'shopping_mall' deviates from similar normal records.,isolation_forest+feature_contribution,True,2026-07-01T06:59:07.587823
8acc65f6-684b-4159-9bda-b2a86b004911,I116954,shopping_mall,anomaly,Viaport Outlet,Istinye Park,0.1195,high,0.5,Column 'shopping_mall' deviates from similar normal records.,isolation_forest+feature_contribution,True,2026-07-01T06:59:07.952361
88641dac-5f17-41fa-a3c0-d71e2dc26f25,I104616,shopping_mall,anomaly,Cevahir AVM,Cevahir AVM,0.0052,high,0.5,Column 'shopping_mall' deviates from similar normal records.,isolation_forest+feature_contribution,True,2026-07-01T06:59:08.158911
a2b6c52d-a4a5-4b29-aaf2-571111252353,I177010,shopping_mall,anomaly,Viaport Outlet,Emaar Square Mall,0.0553,high,0.5,Column 'shopping_mall' deviates from similar normal records.,isolation_forest+feature_contribution,True,2026-07-01T06:59:08.258919
cad5c39f-3564-46ae-a8db-e724d44de3c0,I366906,shopping_mall,anomaly,Zorlu Center,Cevahir AVM,0.027,high,0.5,Column 'shopping_mall' deviates from similar normal records.,isolation_forest+feature_contribution,True,2026-07-01T06:59:08.464616
5116180f-21e3-4e47-ac1d-8f17762d0a35,I216795,shopping_mall,anomaly,Metropol AVM,Mall of Istanbul,0.019,high,0.5,Column 'shopping_mall' deviates from similar normal records.,isolation_forest+feature_contribution,True,2026-07-01T06:59:08.565444
b8a3bdb5-b037-4aca-856b-f5df0d7998b2,I298514,category,anomaly,Cosmetics,Toys,0.1827,high,0.5,Column 'category' deviates from similar normal records.,isolation_forest+feature_contribution,True,2026-07-01T06:59:08.676369
1e6fec99-fc05-412a-b626-fbcc920a0359,I291517,age_group,anomaly,56_plus,56_plus,0.0681,high,0.5,Column 'age_group' deviates from similar normal records.,isolation_forest+feature_contribution,True,2026-07-01T06:59:08.724696
d8df2b85-152d-4853-9d5d-c1aff73570fb,I167985,payment_method,anomaly,Debit Card,Credit Card,0.1237,high,0.5,Column 'payment_method' deviates from similar normal records.,isolation_forest+feature_contribution,True,2026-07-01T06:59:09.785056
90b4e21f-a154-4ad0-a5f3-541a065e1035,I250750,shopping_mall,anomaly,Cevahir AVM,Kanyon,0.0295,high,0.5,Column 'shopping_mall' deviates from similar normal records.,isolation_forest+feature_contribution,True,2026-07-01T06:59:10.135102
682f90f2-b38f-4580-b651-63eddbebef48,I214661,shopping_mall,anomaly,Metrocity,Mall of Istanbul,0.2703,high,0.5,Column 'shopping_mall' deviates from similar normal records.,isolation_forest+feature_contribution,True,2026-07-01T06:59:10.492109
8eb91409-6ac6-41c4-94ca-23563bce36d7,I237292,category,anomaly,Books,Books,0.1258,high,0.5,Column 'category' deviates from similar normal records.,isolation_forest+feature_contribution,True,2026-07-01T06:59:10.886936
2f9d3891-04da-423d-b62d-d7d04f6a1650,I192582,payment_method,anomaly,Debit Card,Cash,0.1136,high,0.5,Column 'payment_method' deviates from similar normal records.,isolation_forest+feature_contribution,True,2026-07-01T06:59:10.988017
a7222c29-3a8f-4b90-a130-127c72ffbd6c,I199930,shopping_mall,anomaly,Emaar Square Mall,Metropol AVM,0.0464,high,0.5,Column 'shopping_mall' deviates from similar normal records.,isolation_forest+feature_contribution,True,2026-07-01T06:59:11.035182
882d73b5-4a2c-4b47-ae25-c7fcaf3c07aa,I180127,shopping_mall,anomaly,Forum Istanbul,Forum Istanbul,0.0276,high,0.5,Column 'shopping_mall' deviates from similar normal records.,isolation_forest+feature_contribution,True,2026-07-01T06:59:11.283161
bf002345-ddf6-4cac-bf5d-e9825c446ff1,I100445,shopping_mall,anomaly,Istinye Park,Kanyon,0.0217,high,0.5,Column 'shopping_mall' deviates from similar normal records.,isolation_forest+feature_contribution,True,2026-07-01T06:59:11.889867
64b5da13-b631-495f-ac09-b3dc964571f2,I158069,shopping_mall,anomaly,Cevahir AVM,Forum Istanbul,0.0071,high,0.5,Column 'shopping_mall' deviates from similar normal records.,isolation_forest+feature_contribution,True,2026-07-01T06:59:11.939024
535404a5-2c1f-4bf8-9aa3-8c564f16df85,I308179,shopping_mall,anomaly,Metropol AVM,Mall of Istanbul,0.1199,high,0.5,Column 'shopping_mall' deviates from similar normal records.,isolation_forest+feature_contribution,True,2026-07-01T06:59:12.461938
17de3033-a085-4b01-8e63-027e4c84e628,I124970,shopping_mall,anomaly,Zorlu Center,Cevahir AVM,0.0737,high,0.5,Column 'shopping_mall' deviates from similar normal records.,isolation_forest+feature_contribution,True,2026-07-01T06:59:12.720037
43063a40-9da8-4df9-ad72-eae41e9e52a4,I211564,payment_method,anomaly,Debit Card,Cash,0.0002,high,0.5,Column 'payment_method' deviates from similar normal records.,isolation_forest+feature_contribution,True,2026-07-01T06:59:13.186107
76a1e569-60e1-4e28-93b3-0066287ddf65,I211564,shopping_mall,anomaly,Mall of Istanbul,Metrocity,0.0002,high,0.5,Column 'shopping_mall' deviates from similar normal records.,isolation_forest+feature_contribution,True,2026-07-01T06:59:13.186107
a3f108c4-7def-40f6-8dcb-2faa91d0faeb,I162030,shopping_mall,anomaly,Zorlu Center,Cevahir AVM,0.0048,high,0.5,Column 'shopping_mall' deviates from similar normal records.,isolation_forest+feature_contribution,True,2026-07-01T06:59:14.029870
edcf51de-705a-4b0c-a6a2-8b14b7a06555,I311064,shopping_mall,anomaly,Forum Istanbul,Istinye Park,0.0428,high,0.5,Column 'shopping_mall' deviates from similar normal records.,isolation_forest+feature_contribution,True,2026-07-01T06:59:14.131936
99a7916b-c235-420d-ab41-09f7d1c531dc,I310436,shopping_mall,anomaly,Emaar Square Mall,Metrocity,0.0023,high,0.5,Column 'shopping_mall' deviates from similar normal records.,isolation_forest+feature_contribution,True,2026-07-01T06:59:14.235835
38a49f86-054f-4cac-9dce-8cca4aaa82fd,I221556,shopping_mall,anomaly,Cevahir AVM,Cevahir AVM,0.0653,high,0.5,Column 'shopping_mall' deviates from similar normal records.,isolation_forest+feature_contribution,True,2026-07-01T06:59:14.997813
17fb73bd-2396-490a-85a6-41ec84a252b5,I197368,shopping_mall,anomaly,Viaport Outlet,Istinye Park,0.0149,high,0.5,Column 'shopping_mall' deviates from similar normal records.,isolation_forest+feature_contribution,True,2026-07-01T06:59:15.256094
81a7483b-e8d6-4970-bc84-3b56fc8dba8a,I135290,shopping_mall,anomaly,Metropol AVM,Kanyon,0.0346,high,0.5,Column 'shopping_mall' deviates from similar normal records.,isolation_forest+feature_contribution,True,2026-07-01T06:59:15.414962
9b2ee631-ec3e-4918-be9e-4dcefd6bcf47,I130864,shopping_mall,anomaly,Forum Istanbul,Metropol AVM,0.0966,high,0.5,Column 'shopping_mall' deviates from similar normal records.,isolation_forest+feature_contribution,True,2026-07-01T06:59:15.680169
1b0683ad-5840-4daa-a8c5-d5d7378a8e67,I293949,category,anomaly,Toys,Toys,0.0956,high,0.5,Column 'category' deviates from similar normal records.,isolation_forest+feature_contribution,True,2026-07-01T06:59:16.919932
6a95b341-c756-4fe9-a96b-75dd58da3473,I317813,shopping_mall,anomaly,Zorlu Center,Mall of Istanbul,0.0442,high,0.5,Column 'shopping_mall' deviates from similar normal records.,isolation_forest+feature_contribution,True,2026-07-01T06:59:17.838959
8ce90fde-7998-488c-9419-96a45c75bcae,I162244,category,anomaly,Cosmetics,Cosmetics,0.0926,high,0.5,Column 'category' deviates from similar normal records.,isolation_forest+feature_contribution,True,2026-07-01T06:59:18.076165
18ed0d2b-a6b1-4771-96e8-6f1a9d78be9f,I309040,shopping_mall,anomaly,Forum Istanbul,Mall of Istanbul,0.0546,high,0.5,Column 'shopping_mall' deviates from similar normal records.,isolation_forest+feature_contribution,True,2026-07-01T06:59:18.262901
ecd6a636-014e-42e2-ae60-6cabba849580,I227652,shopping_mall,anomaly,Viaport Outlet,Kanyon,0.0269,high,0.5,Column 'shopping_mall' deviates from similar normal records.,isolation_forest+feature_contribution,True,2026-07-01T06:59:18.317959
9ca94632-a97b-47f7-8020-ead9ef42a9b8,I250229,shopping_mall,anomaly,Metropol AVM,Emaar Square Mall,0.1407,high,0.5,Column 'shopping_mall' deviates from similar normal records.,isolation_forest+feature_contribution,True,2026-07-01T06:59:18.947942
8d2210fc-3c96-47b6-981c-f227c084d24c,I212113,shopping_mall,anomaly,Emaar Square Mall,Metrocity,0.0044,high,0.5,Column 'shopping_mall' deviates from similar normal records.,isolation_forest+feature_contribution,True,2026-07-01T06:59:19.163678
b54b1fb1-9f07-415b-ac15-5a6332f05dce,I181728,shopping_mall,anomaly,Viaport Outlet,Metrocity,0.0472,high,0.5,Column 'shopping_mall' deviates from similar normal records.,isolation_forest+feature_contribution,True,2026-07-01T06:59:19.636209
5fb4acbf-403f-4ff1-abdf-a6165770238f,I295539,shopping_mall,anomaly,Emaar Square Mall,Istinye Park,0.0441,high,0.5,Column 'shopping_mall' deviates from similar normal records.,isolation_forest+feature_contribution,True,2026-07-01T06:59:19.879351
df0df5cc-1cf9-4f76-8aa9-91435d30ca45,I284333,shopping_mall,anomaly,Metrocity,Kanyon,0.0292,high,0.5,Column 'shopping_mall' deviates from similar normal records.,isolation_forest+feature_contribution,True,2026-07-01T06:59:20.177923
f199d38c-4ca1-4eb1-8cb5-3563b199110c,I156405,category,anomaly,Souvenir,Souvenir,0.0257,high,0.5,Column 'category' deviates from similar normal records.,isolation_forest+feature_contribution,True,2026-07-01T06:59:20.703657
a38662bf-c3b4-4d59-83d8-c45d835f38d5,I286515,shopping_mall,anomaly,Zorlu Center,Cevahir AVM,0.0037,high,0.5,Column 'shopping_mall' deviates from similar normal records.,isolation_forest+feature_contribution,True,2026-07-01T06:59:20.808925
4aa78138-fff8-4969-84e1-681a8d865749,I106945,shopping_mall,anomaly,Viaport Outlet,Kanyon,0.1478,high,0.5,Column 'shopping_mall' deviates from similar normal records.,isolation_forest+feature_contribution,True,2026-07-01T06:59:21.271986
4de007ac-560a-4a76-a7a9-acd3dc0d6490,I310321,shopping_mall,anomaly,Mall of Istanbul,Mall of Istanbul,0.0864,high,0.5,Column 'shopping_mall' deviates from similar normal records.,isolation_forest+feature_contribution,True,2026-07-01T06:59:21.823374
59915892-ff59-4034-8b8d-c6bd533fe571,I404860,shopping_mall,anomaly,Forum Istanbul,Forum Istanbul,0.0242,high,0.5,Column 'shopping_mall' deviates from similar normal records.,isolation_forest+feature_contribution,True,2026-07-01T06:59:21.877907
b9b15cb6-bddc-4dda-9ff2-3c8be3b7772c,I212695,category,anomaly,Souvenir,Food & Beverage,0.0174,high,0.5,Column 'category' deviates from similar normal records.,isolation_forest+feature_contribution,True,2026-07-01T06:59:21.984741
f7b3fe1b-fe7b-48fd-96c4-86fa79bb2720,I206724,payment_method,anomaly,Debit Card,Cash,0.0393,high,0.5,Column 'payment_method' deviates from similar normal records.,isolation_forest+feature_contribution,True,2026-07-01T06:59:22.397856
c25b7339-5e05-4e6b-8cf2-8f1f789705bd,I145295,shopping_mall,anomaly,Mall of Istanbul,Mall of Istanbul,0.0334,high,0.5,Column 'shopping_mall' deviates from similar normal records.,isolation_forest+feature_contribution,True,2026-07-01T06:59:22.610484
852b4d10-1df7-4a76-b3ab-c8406ce5a652,I321980,category,anomaly,Toys,Toys,0.1025,high,0.5,Column 'category' deviates from similar normal records.,isolation_forest+feature_contribution,True,2026-07-01T06:59:23.261225
d3e45446-a6a8-44ce-9b04-78bae1ecfea7,I141415,shopping_mall,anomaly,Cevahir AVM,Kanyon,0.028,high,0.5,Column 'shopping_mall' deviates from similar normal records.,isolation_forest+feature_contribution,True,2026-07-01T06:59:23.606278
8a2ceae7-4047-456f-95e1-7d39a32f67b1,I134539,category,anomaly,Souvenir,Souvenir,0.0243,high,0.5,Column 'category' deviates from similar normal records.,isolation_forest+feature_contribution,True,2026-07-01T06:59:24.012450
5c6be82d-4125-47d8-89e4-e0c561de4737,I113648,payment_method,anomaly,Debit Card,Cash,0.0262,high,0.5,Column 'payment_method' deviates from similar normal records.,isolation_forest+feature_contribution,True,2026-07-01T06:59:24.136491
79464427-43fb-4906-aba7-ad3666e01a7b,I171288,shopping_mall,anomaly,Forum Istanbul,Kanyon,0.0173,high,0.5,Column 'shopping_mall' deviates from similar normal records.,isolation_forest+feature_contribution,True,2026-07-01T06:59:24.190070
2e9b3373-72b6-4a35-af5c-7f1c2eada539,I297817,shopping_mall,anomaly,Forum Istanbul,Cevahir AVM,0.0454,high,0.5,Column 'shopping_mall' deviates from similar normal records.,isolation_forest+feature_contribution,True,2026-07-01T06:59:24.698659
c72d4ed2-6cf9-40ed-8cfa-03b352e2f232,I100628,shopping_mall,anomaly,Viaport Outlet,Metrocity,0.042,high,0.5,Column 'shopping_mall' deviates from similar normal records.,isolation_forest+feature_contribution,True,2026-07-01T06:59:24.858948
57df57c0-44aa-4c48-8430-9e08e35d28ef,I244823,shopping_mall,anomaly,Emaar Square Mall,Emaar Square Mall,0.1788,high,0.5,Column 'shopping_mall' deviates from similar normal records.,isolation_forest+feature_contribution,True,2026-07-01T06:59:24.913990
43132bd8-c67b-4071-83b5-01e7d182953e,I220673,category,anomaly,Books,Books,0.0375,high,0.5,Column 'category' deviates from similar normal records.,isolation_forest+feature_contribution,True,2026-07-01T06:59:25.188722
7d276722-501c-4cf7-b2fe-458866341c21,I207891,shopping_mall,anomaly,Metropol AVM,Kanyon,0.0817,high,0.5,Column 'shopping_mall' deviates from similar normal records.,isolation_forest+feature_contribution,True,2026-07-01T06:59:25.856916
2f1c395d-b911-43a1-9841-a9cae85e5618,I351433,shopping_mall,anomaly,Mall of Istanbul,Metrocity,0.1041,high,0.5,Column 'shopping_mall' deviates from similar normal records.,isolation_forest+feature_contribution,True,2026-07-01T06:59:26.078793
0f11a742-2b9a-4951-9ddc-409c35d1b0f4,I218673,shopping_mall,anomaly,Metrocity,Metropol AVM,0.0192,high,0.5,Column 'shopping_mall' deviates from similar normal records.,isolation_forest+feature_contribution,True,2026-07-01T06:59:26.397649
bb47a9cc-74d5-4451-9a90-0c115d89d855,I189365,payment_method,anomaly,Debit Card,Credit Card,0.0038,high,0.5,Column 'payment_method' deviates from similar normal records.,isolation_forest+feature_contribution,True,2026-07-01T06:59:26.499900
9cde999b-6cbc-4b21-b361-a4e56da085db,I298978,shopping_mall,anomaly,Viaport Outlet,Metrocity,0.0206,high,0.5,Column 'shopping_mall' deviates from similar normal records.,isolation_forest+feature_contribution,True,2026-07-01T06:59:26.603551
0ccc26de-9c34-4970-bd2a-caa5fbfbb29d,I277186,shopping_mall,anomaly,Viaport Outlet,Emaar Square Mall,0.1057,high,0.5,Column 'shopping_mall' deviates from similar normal records.,isolation_forest+feature_contribution,True,2026-07-01T06:59:26.887956
ab3461ab-a246-446e-a5e2-ee1163f6fee1,I122010,payment_method,anomaly,Debit Card,Cash,0.2138,high,0.5,Column 'payment_method' deviates from similar normal records.,isolation_forest+feature_contribution,True,2026-07-01T06:59:27.329965
0138bd2a-8ede-44f3-8521-48b773525552,I122010,shopping_mall,anomaly,Viaport Outlet,Mall of Istanbul,0.2138,high,0.5,Column 'shopping_mall' deviates from similar normal records.,isolation_forest+feature_contribution,True,2026-07-01T06:59:27.329965
4013e16a-d202-4ad1-8c0b-38392351484e,I228339,category,anomaly,Books,Books,0.0651,high,0.5,Column 'category' deviates from similar normal records.,isolation_forest+feature_contribution,True,2026-07-01T06:59:27.460888
0918d53b-dffe-49f8-a31c-3957496df232,I280629,shopping_mall,anomaly,Metrocity,Metrocity,0.06,high,0.5,Column 'shopping_mall' deviates from similar normal records.,isolation_forest+feature_contribution,True,2026-07-01T06:59:27.639949
bd20cce7-7c11-4afc-8a0c-249cc48f463e,I930274,shopping_mall,anomaly,Metropol AVM,Cevahir AVM,0.0253,high,0.5,Column 'shopping_mall' deviates from similar normal records.,isolation_forest+feature_contribution,True,2026-07-01T06:59:27.754648
afbd3759-ee87-4bf7-8cdc-a66ed22726c9,I158714,shopping_mall,anomaly,Viaport Outlet,Viaport Outlet,0.1843,high,0.5,Column 'shopping_mall' deviates from similar normal records.,isolation_forest+feature_contribution,True,2026-07-01T06:59:27.868135
03782864-0733-4433-be1f-7333f774b90e,I310888,payment_method,anomaly,Debit Card,Credit Card,0.1772,high,0.5,Column 'payment_method' deviates from similar normal records.,isolation_forest+feature_contribution,True,2026-07-01T06:59:27.921090
c6555f5b-90dc-4d3a-bd2d-6f624c5ab6b3,I237744,payment_method,anomaly,Debit Card,Cash,0.0693,high,0.5,Column 'payment_method' deviates from similar normal records.,isolation_forest+feature_contribution,True,2026-07-01T06:59:27.977092
d3e37237-86e5-4ca8-801c-80b1a36a9a3c,I182885,shopping_mall,anomaly,Cevahir AVM,Metropol AVM,0.0543,high,0.5,Column 'shopping_mall' deviates from similar normal records.,isolation_forest+feature_contribution,True,2026-07-01T06:59:28.289197
43bdaafd-a8c4-4880-8610-888aa52e0436,I132208,shopping_mall,anomaly,Forum Istanbul,Kanyon,0.0098,high,0.5,Column 'shopping_mall' deviates from similar normal records.,isolation_forest+feature_contribution,True,2026-07-01T06:59:28.447756
6411d0ad-32e9-43ef-98d5-91a57580e8c7,I116511,shopping_mall,anomaly,Cevahir AVM,Mall of Istanbul,0.055,high,0.5,Column 'shopping_mall' deviates from similar normal records.,isolation_forest+feature_contribution,True,2026-07-01T06:59:28.770827
42c4147d-e032-430b-9dcf-bd7987b9acd9,I256659,shopping_mall,anomaly,Viaport Outlet,Emaar Square Mall,0.1726,high,0.5,Column 'shopping_mall' deviates from similar normal records.,isolation_forest+feature_contribution,True,2026-07-01T06:59:29.084030
e6861e14-861b-401e-b989-b3b1cffe4de9,I188239,shopping_mall,anomaly,Forum Istanbul,Cevahir AVM,0.0432,high,0.5,Column 'shopping_mall' deviates from similar normal records.,isolation_forest+feature_contribution,True,2026-07-01T06:59:29.515872
17da2ba8-90ec-4edf-b2f7-39194e86437f,I428548,shopping_mall,anomaly,Kanyon,Metrocity,0.0263,high,0.5,Column 'shopping_mall' deviates from similar normal records.,isolation_forest+feature_contribution,True,2026-07-01T06:59:29.568016
dfc1889e-5518-4f5a-be4b-3a5b6a21c8cc,I307312,shopping_mall,anomaly,Zorlu Center,Istinye Park,0.0523,high,0.5,Column 'shopping_mall' deviates from similar normal records.,isolation_forest+feature_contribution,True,2026-07-01T06:59:30.053381
f8ee232d-7b32-4849-9d6e-a581d5d39e76,I272897,shopping_mall,anomaly,Cevahir AVM,Emaar Square Mall,0.0449,high,0.5,Column 'shopping_mall' deviates from similar normal records.,isolation_forest+feature_contribution,True,2026-07-01T06:59:30.104593
459a51f5-9445-4a3e-b124-00305090873d,I183215,category,anomaly,Souvenir,Souvenir,0.0077,high,0.5,Column 'category' deviates from similar normal records.,isolation_forest+feature_contribution,True,2026-07-01T06:59:30.651889
9926e468-fc57-4ecd-8530-cfc2a65089d3,I490089,payment_method,anomaly,Debit Card,Cash,0.0241,high,0.5,Column 'payment_method' deviates from similar normal records.,isolation_forest+feature_contribution,True,2026-07-01T06:59:31.288805
898630a4-e4de-40ff-b61d-bba96eb11823,I202554,shopping_mall,anomaly,Forum Istanbul,Mall of Istanbul,0.0027,high,0.5,Column 'shopping_mall' deviates from similar normal records.,isolation_forest+feature_contribution,True,2026-07-01T06:59:31.443032
f0be7ce6-6f3f-41b8-b8f8-29bf5740bd21,I672598,category,anomaly,Souvenir,Books,0.0162,high,0.5,Column 'category' deviates from similar normal records.,isolation_forest+feature_contribution,True,2026-07-01T06:59:31.611667
76742d3f-d4d3-4adf-9ab2-9ff19c606c87,I809156,shopping_mall,anomaly,Metropol AVM,Mall of Istanbul,0.0249,high,0.5,Column 'shopping_mall' deviates from similar normal records.,isolation_forest+feature_contribution,True,2026-07-01T06:59:31.687993
ad61a8e3-cd3c-4740-af16-845c2612079f,I209934,shopping_mall,anomaly,Cevahir AVM,Cevahir AVM,0.0186,high,0.5,Column 'shopping_mall' deviates from similar normal records.,isolation_forest+feature_contribution,True,2026-07-01T06:59:31.760442
1c51eb10-ee2d-4197-a308-d451d5068c05,I320807,shopping_mall,anomaly,Viaport Outlet,Viaport Outlet,0.0034,high,0.5,Column 'shopping_mall' deviates from similar normal records.,isolation_forest+feature_contribution,True,2026-07-01T06:59:32.389071
b00b1dc0-614a-481f-bf35-cefdc8280e5e,I457739,shopping_mall,anomaly,Metropol AVM,Mall of Istanbul,0.1264,high,0.5,Column 'shopping_mall' deviates from similar normal records.,isolation_forest+feature_contribution,True,2026-07-01T06:59:32.783952
0dc7b162-b5c2-444d-ae82-2d40e2904a07,I112458,payment_method,anomaly,Debit Card,Cash,0.0331,high,0.5,Column 'payment_method' deviates from similar normal records.,isolation_forest+feature_contribution,True,2026-07-01T06:59:33.060572
6dbce360-b14e-45c2-8459-9308e21752c7,I164362,shopping_mall,anomaly,Forum Istanbul,Cevahir AVM,0.0781,high,0.5,Column 'shopping_mall' deviates from similar normal records.,isolation_forest+feature_contribution,True,2026-07-01T06:59:33.462854
43c1405c-aaff-4026-84e6-ea09c53d3264,I237323,shopping_mall,anomaly,Viaport Outlet,Mall of Istanbul,0.0126,high,0.5,Column 'shopping_mall' deviates from similar normal records.,isolation_forest+feature_contribution,True,2026-07-01T06:59:33.628685
fc79dcba-c32c-40d2-93a3-283f82ff5543,I305791,category,anomaly,Souvenir,Food & Beverage,0.02,high,0.5,Column 'category' deviates from similar normal records.,isolation_forest+feature_contribution,True,2026-07-01T06:59:34.430989
56c8bfb7-733d-4f45-bcbf-c8e5eba3523a,I137151,payment_method,anomaly,Credit Card,Cash,0.0566,high,0.5,Column 'payment_method' deviates from similar normal records.,isolation_forest+feature_contribution,True,2026-07-01T06:59:34.617614
5f96c4fb-46fa-4d2d-bb7f-258c040785cb,I734843,payment_method,anomaly,Debit Card,Cash,0.0424,high,0.5,Column 'payment_method' deviates from similar normal records.,isolation_forest+feature_contribution,True,2026-07-01T06:59:35.073871
04285685-0731-4f25-8a01-730da32ee1e5,I818720,shopping_mall,anomaly,Viaport Outlet,Metrocity,0.0515,high,0.5,Column 'shopping_mall' deviates from similar normal records.,isolation_forest+feature_contribution,True,2026-07-01T06:59:35.759845
7026bacd-7ece-46e0-886c-08441f6e2a93,I209586,payment_method,anomaly,Debit Card,Cash,0.1133,high,0.5,Column 'payment_method' deviates from similar normal records.,isolation_forest+feature_contribution,True,2026-07-01T06:59:35.867682
73d57d3c-d5d6-4e8b-961a-919bfcaee77a,I201878,shopping_mall,anomaly,Emaar Square Mall,Cevahir AVM,0.0456,high,0.5,Column 'shopping_mall' deviates from similar normal records.,isolation_forest+feature_contribution,True,2026-07-01T06:59:35.979939
15623a4e-f309-449f-9a30-a880f1e9b8c8,I188576,shopping_mall,anomaly,Cevahir AVM,Cevahir AVM,0.2035,high,0.5,Column 'shopping_mall' deviates from similar normal records.,isolation_forest+feature_contribution,True,2026-07-01T06:59:36.150889
6c3d2669-9f2b-4c63-8637-5a4665adf637,I335099,shopping_mall,anomaly,Emaar Square Mall,Kanyon,0.0762,high,0.5,Column 'shopping_mall' deviates from similar normal records.,isolation_forest+feature_contribution,True,2026-07-01T06:59:36.203078
a0195119-329c-4959-a6d0-5b5d4afff64c,I280373,shopping_mall,anomaly,Viaport Outlet,Mall of Istanbul,0.0322,high,0.5,Column 'shopping_mall' deviates from similar normal records.,isolation_forest+feature_contribution,True,2026-07-01T06:59:36.369511
c696b8f0-ce75-4cb6-a38d-d519326a6ce9,I125020,shopping_mall,anomaly,Metropol AVM,Kanyon,0.0002,high,0.5,Column 'shopping_mall' deviates from similar normal records.,isolation_forest+feature_contribution,True,2026-07-01T06:59:36.916137
c69bd4dd-b438-46c6-a5f6-79eeac972e66,I434211,shopping_mall,anomaly,Kanyon,Metrocity,0.1252,high,0.5,Column 'shopping_mall' deviates from similar normal records.,isolation_forest+feature_contribution,True,2026-07-01T06:59:37.008753
259ee02f-57ac-4ca0-a53e-5599683c691a,I466828,shopping_mall,anomaly,Forum Istanbul,Forum Istanbul,0.1093,high,0.5,Column 'shopping_mall' deviates from similar normal records.,isolation_forest+feature_contribution,True,2026-07-01T06:59:37.756328
1a63d064-4dc8-432b-b327-76fe893522b2,I580531,shopping_mall,anomaly,Cevahir AVM,Cevahir AVM,0.0895,high,0.5,Column 'shopping_mall' deviates from similar normal records.,isolation_forest+feature_contribution,True,2026-07-01T06:59:37.907651
5104352c-a142-4d5f-ba97-5311a39a5303,I888205,shopping_mall,anomaly,Viaport Outlet,Kanyon,0.0489,high,0.5,Column 'shopping_mall' deviates from similar normal records.,isolation_forest+feature_contribution,True,2026-07-01T06:59:38.194613
f727555f-6304-4c1a-bacf-0c14b2d587a8,I163570,payment_method,anomaly,Credit Card,Cash,0.0624,high,0.5,Column 'payment_method' deviates from similar normal records.,isolation_forest+feature_contribution,True,2026-07-01T06:59:38.248983
f1adc47e-097b-4d15-8745-392e9846f6cd,I107433,shopping_mall,anomaly,Forum Istanbul,Mall of Istanbul,0.1001,high,0.5,Column 'shopping_mall' deviates from similar normal records.,isolation_forest+feature_contribution,True,2026-07-01T06:59:38.687935
166b1c8c-347a-4fb7-9d65-e7ac0856cbed,I148535,shopping_mall,anomaly,Emaar Square Mall,Metropol AVM,0.0174,high,0.5,Column 'shopping_mall' deviates from similar normal records.,isolation_forest+feature_contribution,True,2026-07-01T06:59:38.760992
59ea80b0-4124-47c4-ac7e-c929915ad62f,I121798,shopping_mall,anomaly,Cevahir AVM,Mall of Istanbul,0.089,high,0.5,Column 'shopping_mall' deviates from similar normal records.,isolation_forest+feature_contribution,True,2026-07-01T06:59:38.818000
964a1c03-eccd-413a-9bb0-823fddb24f11,I904576,shopping_mall,anomaly,Emaar Square Mall,Kanyon,0.0603,high,0.5,Column 'shopping_mall' deviates from similar normal records.,isolation_forest+feature_contribution,True,2026-07-01T06:59:38.874971
15403da5-7824-4cf9-8353-a01b24a87199,I117641,payment_method,anomaly,Debit Card,Cash,0.0483,high,0.5,Column 'payment_method' deviates from similar normal records.,isolation_forest+feature_contribution,True,2026-07-01T06:59:39.351484
f92300e2-79e8-4f89-9eed-1d79ff909f2c,I203002,payment_method,anomaly,Debit Card,Cash,0.0764,high,0.5,Column 'payment_method' deviates from similar normal records.,isolation_forest+feature_contribution,True,2026-07-01T06:59:39.928015
710fffed-54c6-42d0-bed9-86717cc81c1c,I259234,payment_method,anomaly,Debit Card,Cash,0.0686,high,0.5,Column 'payment_method' deviates from similar normal records.,isolation_forest+feature_contribution,True,2026-07-01T06:59:40.834823
6647432b-ac2c-4302-b602-8efbff170a79,I146665,shopping_mall,anomaly,Cevahir AVM,Kanyon,0.0457,high,0.5,Column 'shopping_mall' deviates from similar normal records.,isolation_forest+feature_contribution,True,2026-07-01T06:59:40.945217
f59710fd-4b04-42a7-8e7c-62a163bba4e4,I824836,shopping_mall,anomaly,Metropol AVM,Metropol AVM,0.0298,high,0.5,Column 'shopping_mall' deviates from similar normal records.,isolation_forest+feature_contribution,True,2026-07-01T06:59:41.047744
e9870223-81f6-4053-ac9f-ae7c3a6d2fdb,I122581,payment_method,anomaly,Debit Card,Cash,0.0654,high,0.5,Column 'payment_method' deviates from similar normal records.,isolation_forest+feature_contribution,True,2026-07-01T06:59:41.204593
f2bd5fbb-89ce-41cf-9394-852cb6f4584d,I163478,category,anomaly,Toys,Toys,0.1392,high,0.5,Column 'category' deviates from similar normal records.,isolation_forest+feature_contribution,True,2026-07-01T06:59:41.574603
c3b1e35e-04a7-4d2d-9fa5-e2d6c39bd165,I278996,payment_method,anomaly,Debit Card,Cash,0.0736,high,0.5,Column 'payment_method' deviates from similar normal records.,isolation_forest+feature_contribution,True,2026-07-01T06:59:41.736291
5bd5c518-1a47-4402-b9a5-384d4f9fa0fa,I141617,shopping_mall,anomaly,Zorlu Center,Cevahir AVM,0.0225,high,0.5,Column 'shopping_mall' deviates from similar normal records.,isolation_forest+feature_contribution,True,2026-07-01T06:59:41.950022
c957d163-1031-46b5-bc4e-b3289b95dcc7,I289265,shopping_mall,anomaly,Metropol AVM,Kanyon,0.0155,high,0.5,Column 'shopping_mall' deviates from similar normal records.,isolation_forest+feature_contribution,True,2026-07-01T06:59:42.216281
00924159-ade0-4afe-bf30-2fec0aaaddbb,I194102,shopping_mall,anomaly,Zorlu Center,Forum Istanbul,0.0096,high,0.5,Column 'shopping_mall' deviates from similar normal records.,isolation_forest+feature_contribution,True,2026-07-01T06:59:42.695008
340704a3-86ea-4c57-b575-c0e049e84501,I101146,shopping_mall,anomaly,Viaport Outlet,Mall of Istanbul,0.0621,high,0.5,Column 'shopping_mall' deviates from similar normal records.,isolation_forest+feature_contribution,True,2026-07-01T06:59:43.116366
d83b542c-7eee-4881-b70e-ef7d8b3b6a9a,I339822,payment_method,anomaly,Debit Card,Cash,0.1154,high,0.5,Column 'payment_method' deviates from similar normal records.,isolation_forest+feature_contribution,True,2026-07-01T06:59:43.184860
0d413a69-59a6-458f-a18e-de00bf45c3d1,I237396,shopping_mall,anomaly,Viaport Outlet,Metrocity,0.0373,high,0.5,Column 'shopping_mall' deviates from similar normal records.,isolation_forest+feature_contribution,True,2026-07-01T06:59:43.322463
9e79ea01-57d9-4bd5-b5ef-2b097510d13f,I333923,shopping_mall,anomaly,Viaport Outlet,Istinye Park,0.0933,high,0.5,Column 'shopping_mall' deviates from similar normal records.,isolation_forest+feature_contribution,True,2026-07-01T06:59:43.678737
1dc23953-bc33-4979-adca-10dfc81ea616,I150581,shopping_mall,anomaly,Viaport Outlet,Kanyon,0.0821,high,0.5,Column 'shopping_mall' deviates from similar normal records.,isolation_forest+feature_contribution,True,2026-07-01T06:59:43.737896
7d806a7b-0e6e-44b0-b799-2791ed51663b,I278590,payment_method,anomaly,Debit Card,Credit Card,0.0839,high,0.5,Column 'payment_method' deviates from similar normal records.,isolation_forest+feature_contribution,True,2026-07-01T06:59:43.912723
930d4af3-e485-4211-8fac-55f0902968b7,I101852,gender,anomaly,Male,Male,0.0304,high,0.5,Column 'gender' deviates from similar normal records.,isolation_forest+feature_contribution,True,2026-07-01T06:59:44.312017
d4d63c15-4818-4cab-9147-9b84711fb1bb,I238384,category,anomaly,Books,Books,0.0071,high,0.5,Column 'category' deviates from similar normal records.,isolation_forest+feature_contribution,True,2026-07-01T06:59:44.393250
e0319d88-47ed-409d-a635-9d4365cf3816,I250504,shopping_mall,anomaly,Zorlu Center,Metrocity,0.0183,high,0.5,Column 'shopping_mall' deviates from similar normal records.,isolation_forest+feature_contribution,True,2026-07-01T06:59:44.462941
68155bd1-c052-4104-9211-4b50a720d30e,I251164,shopping_mall,anomaly,Viaport Outlet,Mall of Istanbul,0.0907,high,0.5,Column 'shopping_mall' deviates from similar normal records.,isolation_forest+feature_contribution,True,2026-07-01T06:59:44.675937
9c158aaf-2a36-40a9-a9fa-af0eabdc19c9,I226605,shopping_mall,anomaly,Emaar Square Mall,Cevahir AVM,0.0907,high,0.5,Column 'shopping_mall' deviates from similar normal records.,isolation_forest+feature_contribution,True,2026-07-01T06:59:44.928891
c8ae93bf-c00e-4afc-a6cc-9b7dba88efba,I312511,payment_method,anomaly,Debit Card,Credit Card,0.1027,high,0.5,Column 'payment_method' deviates from similar normal records.,isolation_forest+feature_contribution,True,2026-07-01T06:59:45.341756
a24b85e0-c75c-4a54-bcc7-ff9a5a37e3b2,I234125,shopping_mall,anomaly,Metropol AVM,Mall of Istanbul,0.0014,high,0.5,Column 'shopping_mall' deviates from similar normal records.,isolation_forest+feature_contribution,True,2026-07-01T06:59:45.543572
8fffc63c-b559-4d2e-85f7-b20723a901e6,I337780,payment_method,anomaly,Credit Card,Cash,0.0289,high,0.5,Column 'payment_method' deviates from similar normal records.,isolation_forest+feature_contribution,True,2026-07-01T06:59:45.697899
108b6aa7-bfe8-41bb-8fab-450ab6a03df7,I273779,shopping_mall,anomaly,Metropol AVM,Metrocity,0.0393,high,0.5,Column 'shopping_mall' deviates from similar normal records.,isolation_forest+feature_contribution,True,2026-07-01T06:59:45.954700
30c4dbf5-ef98-4fdf-bba3-aecaba005c8b,I313906,shopping_mall,anomaly,Metropol AVM,Kanyon,0.0348,high,0.5,Column 'shopping_mall' deviates from similar normal records.,isolation_forest+feature_contribution,True,2026-07-01T06:59:46.332662
a0c54828-ce2c-4260-ab9a-efd07dd2d08b,I168944,shopping_mall,anomaly,Forum Istanbul,Kanyon,0.026,high,0.5,Column 'shopping_mall' deviates from similar normal records.,isolation_forest+feature_contribution,True,2026-07-01T06:59:47.124637
ff61b241-8100-43c9-8624-13e05e52a92e,I191031,shopping_mall,anomaly,Viaport Outlet,Forum Istanbul,0.0224,high,0.5,Column 'shopping_mall' deviates from similar normal records.,isolation_forest+feature_contribution,True,2026-07-01T06:59:47.526396
a61470e7-ef2d-411b-93ed-0671107c2b64,I218639,shopping_mall,anomaly,Metropol AVM,Metropol AVM,0.0947,high,0.5,Column 'shopping_mall' deviates from similar normal records.,isolation_forest+feature_contribution,True,2026-07-01T06:59:47.637872
39227a8c-0af7-409c-8aca-5a857014041c,I230856,shopping_mall,anomaly,Emaar Square Mall,Istinye Park,0.004,high,0.5,Column 'shopping_mall' deviates from similar normal records.,isolation_forest+feature_contribution,True,2026-07-01T06:59:47.706873
4e3ccde1-ab89-45c8-8ef3-9feaedcb094f,I138096,shopping_mall,anomaly,Metrocity,Forum Istanbul,0.0215,high,0.5,Column 'shopping_mall' deviates from similar normal records.,isolation_forest+feature_contribution,True,2026-07-01T06:59:47.785994
3644071e-bedd-4e42-b7ee-f056b2554bf8,I735552,gender,anomaly,Male,Female,0.0288,high,0.5,Column 'gender' deviates from similar normal records.,isolation_forest+feature_contribution,True,2026-07-01T06:59:48.136206
cf314b90-d322-43d3-9a1a-bf642eaa8143,I288942,payment_method,anomaly,Debit Card,Cash,0.055,high,0.5,Column 'payment_method' deviates from similar normal records.,isolation_forest+feature_contribution,True,2026-07-01T06:59:48.190704
410b74df-836a-440e-ad9c-3ee25a7e94d6,I134197,shopping_mall,anomaly,Viaport Outlet,Metrocity,0.0021,high,0.5,Column 'shopping_mall' deviates from similar normal records.,isolation_forest+feature_contribution,True,2026-07-01T06:59:48.310343
41ed7d85-25ff-4e6c-9473-3c2aa899bf42,I154640,shopping_mall,anomaly,Metropol AVM,Forum Istanbul,0.1391,high,0.5,Column 'shopping_mall' deviates from similar normal records.,isolation_forest+feature_contribution,True,2026-07-01T06:59:48.674667
cd080e04-4eca-41e0-b351-b07138b53030,I291280,payment_method,anomaly,Debit Card,Debit Card,0.0314,high,0.5,Column 'payment_method' deviates from similar normal records.,isolation_forest+feature_contribution,True,2026-07-01T06:59:48.741941
a629ed4f-f40e-451f-8915-59c9cfdf9bc5,I205957,shopping_mall,anomaly,Istinye Park,Kanyon,0.038,high,0.5,Column 'shopping_mall' deviates from similar normal records.,isolation_forest+feature_contribution,True,2026-07-01T06:59:48.810172
bb7ab151-2872-4568-ac24-2cd70e4391f2,I609140,shopping_mall,anomaly,Emaar Square Mall,Istinye Park,0.1012,high,0.5,Column 'shopping_mall' deviates from similar normal records.,isolation_forest+feature_contribution,True,2026-07-01T06:59:49.499788
a773fd9e-6909-4d02-8ade-f61a35c8364a,I293761,shopping_mall,anomaly,Viaport Outlet,Metrocity,0.0931,high,0.5,Column 'shopping_mall' deviates from similar normal records.,isolation_forest+feature_contribution,True,2026-07-01T06:59:49.611125
10def4f6-39ac-4858-887d-a161c621dc25,I309514,payment_method,anomaly,Debit Card,Cash,0.0665,high,0.5,Column 'payment_method' deviates from similar normal records.,isolation_forest+feature_contribution,True,2026-07-01T06:59:49.957685
5efaf02f-ae91-486f-95f6-05bc6bbd76a5,I186818,shopping_mall,anomaly,Viaport Outlet,Kanyon,0.0008,high,0.5,Column 'shopping_mall' deviates from similar normal records.,isolation_forest+feature_contribution,True,2026-07-01T06:59:51.198625
aa59181b-d476-4f60-9a5f-0768fe08e725,I182126,shopping_mall,anomaly,Cevahir AVM,Cevahir AVM,0.0576,high,0.5,Column 'shopping_mall' deviates from similar normal records.,isolation_forest+feature_contribution,True,2026-07-01T06:59:52.078774
e6973cbc-f7bf-4bd5-a39b-599c56aeb5ff,I279063,shopping_mall,anomaly,Viaport Outlet,Cevahir AVM,0.0296,high,0.5,Column 'shopping_mall' deviates from similar normal records.,isolation_forest+feature_contribution,True,2026-07-01T06:59:52.531627
f192075a-d94d-4805-b789-1ea858b0b032,I189225,category,anomaly,Food & Beverage,Food & Beverage,0.0058,high,0.5,Column 'category' deviates from similar normal records.,isolation_forest+feature_contribution,True,2026-07-01T06:59:52.715832
d47d76a4-6814-4f79-8965-8e3cad65cf04,I297918,shopping_mall,anomaly,Cevahir AVM,Kanyon,0.0536,high,0.5,Column 'shopping_mall' deviates from similar normal records.,isolation_forest+feature_contribution,True,2026-07-01T06:59:52.766312
122191c7-7497-4687-9fe8-ff07977d19c8,I195379,shopping_mall,anomaly,Metropol AVM,Kanyon,0.0622,high,0.5,Column 'shopping_mall' deviates from similar normal records.,isolation_forest+feature_contribution,True,2026-07-01T06:59:52.989791
ab1e247b-84dd-4e65-9768-e6dcd437f2a5,I257038,payment_method,anomaly,Debit Card,Credit Card,0.0633,high,0.5,Column 'payment_method' deviates from similar normal records.,isolation_forest+feature_contribution,True,2026-07-01T06:59:53.475352
6250c690-040d-4d2e-ba61-b4c48876e71a,I143207,gender,anomaly,Male,Female,0.0059,high,0.5,Column 'gender' deviates from similar normal records.,isolation_forest+feature_contribution,True,2026-07-01T06:59:53.674766
d93b5b8b-3220-42ed-84fb-172e1237f037,I229363,shopping_mall,anomaly,Viaport Outlet,Mall of Istanbul,0.0807,high,0.5,Column 'shopping_mall' deviates from similar normal records.,isolation_forest+feature_contribution,True,2026-07-01T06:59:54.128829
48eac77a-f5f5-4041-8ba7-7c86136f36e9,I218046,shopping_mall,anomaly,Istinye Park,Metropol AVM,0.0736,high,0.5,Column 'shopping_mall' deviates from similar normal records.,isolation_forest+feature_contribution,True,2026-07-01T06:59:54.381499
e297a612-87d7-472d-9d7f-4df394edaeb9,I815884,category,anomaly,Souvenir,Food & Beverage,0.023,high,0.5,Column 'category' deviates from similar normal records.,isolation_forest+feature_contribution,True,2026-07-01T06:59:55.393158
7fbd39e5-513e-4556-b7da-8903a86216bf,I815884,shopping_mall,anomaly,Mall of Istanbul,Cevahir AVM,0.023,high,0.5,Column 'shopping_mall' deviates from similar normal records.,isolation_forest+feature_contribution,True,2026-07-01T06:59:55.393158
99797721-4371-4c07-8416-186eb5355f28,I280122,shopping_mall,anomaly,Kanyon,Mall of Istanbul,0.0928,high,0.5,Column 'shopping_mall' deviates from similar normal records.,isolation_forest+feature_contribution,True,2026-07-01T06:59:55.627576
07bac8a4-7f7e-4c60-8a77-8e7bb8a296a0,I321546,payment_method,anomaly,Credit Card,Cash,0.0011,high,0.5,Column 'payment_method' deviates from similar normal records.,isolation_forest+feature_contribution,True,2026-07-01T06:59:55.903668
73f6e515-54f3-4ece-ba98-758d8d295a0b,I114957,category,anomaly,Souvenir,Food & Beverage,0.0632,high,0.5,Column 'category' deviates from similar normal records.,isolation_forest+feature_contribution,True,2026-07-01T06:59:56.122812
ad0008c3-aafb-4e95-9e24-e2f1ac978d64,I658582,shopping_mall,anomaly,Zorlu Center,Kanyon,0.0816,high,0.5,Column 'shopping_mall' deviates from similar normal records.,isolation_forest+feature_contribution,True,2026-07-01T06:59:56.343664
82066b87-0ca0-4839-a16e-1c42a12b19ff,I407808,shopping_mall,anomaly,Emaar Square Mall,Kanyon,0.0163,high,0.5,Column 'shopping_mall' deviates from similar normal records.,isolation_forest+feature_contribution,True,2026-07-01T06:59:56.471489
374ca957-7f12-4192-ab19-6f4e7bdb5fff,I138602,shopping_mall,anomaly,Forum Istanbul,Metrocity,0.0621,high,0.5,Column 'shopping_mall' deviates from similar normal records.,isolation_forest+feature_contribution,True,2026-07-01T06:59:56.567608
cd4723d7-2d5a-4679-9d90-d38b7abe37bf,I119313,category,anomaly,Souvenir,Books,0.0223,high,0.5,Column 'category' deviates from similar normal records.,isolation_forest+feature_contribution,True,2026-07-01T06:59:56.895250
30628649-c61a-4143-a83c-2bee4bed30e9,I309542,category,anomaly,Souvenir,Books,0.015,high,0.5,Column 'category' deviates from similar normal records.,isolation_forest+feature_contribution,True,2026-07-01T06:59:57.542720
c6933491-23af-4307-9ce4-8b840c7cca21,I223506,shopping_mall,anomaly,Metrocity,Forum Istanbul,0.1071,high,0.5,Column 'shopping_mall' deviates from similar normal records.,isolation_forest+feature_contribution,True,2026-07-01T06:59:57.847708
d3241d89-bacf-4a87-ac6f-a0091ab1b8d3,I260883,shopping_mall,anomaly,Istinye Park,Mall of Istanbul,0.0293,high,0.5,Column 'shopping_mall' deviates from similar normal records.,isolation_forest+feature_contribution,True,2026-07-01T06:59:58.577652
c174d64b-6f92-4a1c-a7fc-0489421417cf,I294250,shopping_mall,anomaly,Emaar Square Mall,Emaar Square Mall,0.0948,high,0.5,Column 'shopping_mall' deviates from similar normal records.,isolation_forest+feature_contribution,True,2026-07-01T06:59:58.943926
0be52046-e574-4efc-8e1a-8a61253f344d,I811074,shopping_mall,anomaly,Istinye Park,Istinye Park,0.0042,high,0.5,Column 'shopping_mall' deviates from similar normal records.,isolation_forest+feature_contribution,True,2026-07-01T06:59:59.083445
51ee59f2-7276-4d1f-a1e1-54efde8d30bb,I193466,category,anomaly,Books,Books,0.0949,high,0.5,Column 'category' deviates from similar normal records.,isolation_forest+feature_contribution,True,2026-07-01T06:59:59.425369
a8011b7c-86b1-41d4-9835-c2ccbc24e263,I125803,shopping_mall,anomaly,Viaport Outlet,Mall of Istanbul,0.0932,high,0.5,Column 'shopping_mall' deviates from similar normal records.,isolation_forest+feature_contribution,True,2026-07-01T06:59:59.474005
aa99d9ef-2f2b-4535-892c-d477dcf35e38,I181188,shopping_mall,anomaly,Viaport Outlet,Kanyon,0.0394,high,0.5,Column 'shopping_mall' deviates from similar normal records.,isolation_forest+feature_contribution,True,2026-07-01T06:59:59.591071
e4db3a29-4ccf-42e1-b281-369a771db3fd,I241394,shopping_mall,anomaly,Metropol AVM,Mall of Istanbul,0.0688,high,0.5,Column 'shopping_mall' deviates from similar normal records.,isolation_forest+feature_contribution,True,2026-07-01T06:59:59.750791
827874e7-7558-4520-adb6-711b8b09d67b,I194587,payment_method,anomaly,Debit Card,Credit Card,0.1474,high,0.5,Column 'payment_method' deviates from similar normal records.,isolation_forest+feature_contribution,True,2026-07-01T06:59:59.802218
e4fd0311-25f0-4899-82e4-a2c826b27f5d,I130518,shopping_mall,anomaly,Forum Istanbul,Kanyon,0.0419,high,0.5,Column 'shopping_mall' deviates from similar normal records.,isolation_forest+feature_contribution,True,2026-07-01T06:59:59.862885
b1195e6c-3737-4796-9644-a8c61ca981ed,I999973,shopping_mall,anomaly,Mall of Istanbul,Mall of Istanbul,0.0322,high,0.5,Column 'shopping_mall' deviates from similar normal records.,isolation_forest+feature_contribution,True,2026-07-01T06:59:59.922906
1f99b1c6-9fa8-4318-a357-866820bcac56,I155165,shopping_mall,anomaly,Emaar Square Mall,Mall of Istanbul,0.008,high,0.5,Column 'shopping_mall' deviates from similar normal records.,isolation_forest+feature_contribution,True,2026-07-01T07:00:00.093480
7aa5b655-ddca-431e-b463-6167f993e7d7,I214149,payment_method,anomaly,Debit Card,Cash,0.0346,high,0.5,Column 'payment_method' deviates from similar normal records.,isolation_forest+feature_contribution,True,2026-07-01T07:00:00.141928
87846a8a-17eb-41b3-89f8-82865833c30e,I170706,category,anomaly,Souvenir,Food & Beverage,0.0454,high,0.5,Column 'category' deviates from similar normal records.,isolation_forest+feature_contribution,True,2026-07-01T07:00:00.373315
9775295a-6a26-455d-a1f7-ac90daae563b,I251652,shopping_mall,anomaly,Emaar Square Mall,Mall of Istanbul,0.051,high,0.5,Column 'shopping_mall' deviates from similar normal records.,isolation_forest+feature_contribution,True,2026-07-01T07:00:00.748831
03b52ada-aa7e-4f65-a76c-ad079dd87167,I510813,shopping_mall,anomaly,Viaport Outlet,Metrocity,0.0057,high,0.5,Column 'shopping_mall' deviates from similar normal records.,isolation_forest+feature_contribution,True,2026-07-01T07:00:00.893632
2070b007-20dc-48fb-b614-2daf145601ee,I361409,gender,anomaly,Male,Female,0.0238,high,0.5,Column 'gender' deviates from similar normal records.,isolation_forest+feature_contribution,True,2026-07-01T07:00:01.139273
1cd93d8a-8b9a-4f1f-b233-81b912ba67e9,I244846,payment_method,anomaly,Debit Card,Cash,0.1464,high,0.5,Column 'payment_method' deviates from similar normal records.,isolation_forest+feature_contribution,True,2026-07-01T07:00:01.591812
ebb4451e-bcbe-4780-9687-cbe0a6dd0263,I220393,shopping_mall,anomaly,Metropol AVM,Istinye Park,0.0675,high,0.5,Column 'shopping_mall' deviates from similar normal records.,isolation_forest+feature_contribution,True,2026-07-01T07:00:02.662062
82399d0c-dfe8-49a9-b60f-330f42c8d31e,I248240,shopping_mall,anomaly,Forum Istanbul,Forum Istanbul,0.0358,high,0.5,Column 'shopping_mall' deviates from similar normal records.,isolation_forest+feature_contribution,True,2026-07-01T07:00:03.000772
b6e3d356-a3ef-4cfc-951c-83dd37935634,I248240,age_group,anomaly,26_35,18_25,0.0358,medium,0.44359255202628695,Column 'age_group' deviates from similar normal records.,isolation_forest+feature_contribution,True,2026-07-01T07:00:03.000772
9e9e8b2f-005f-46f7-b259-153a1a758407,I210096,shopping_mall,anomaly,Mall of Istanbul,Metrocity,0.0475,high,0.5,Column 'shopping_mall' deviates from similar normal records.,isolation_forest+feature_contribution,True,2026-07-01T07:00:03.099319
baec2458-091a-431a-83ae-23f48956d0a4,I141250,shopping_mall,anomaly,Zorlu Center,Zorlu Center,0.0161,high,0.5,Column 'shopping_mall' deviates from similar normal records.,isolation_forest+feature_contribution,True,2026-07-01T07:00:03.629698
67f8b24d-51f4-4e73-a65b-4dd04454e3c5,I197618,shopping_mall,anomaly,Metropol AVM,Metropol AVM,0.0278,high,0.5,Column 'shopping_mall' deviates from similar normal records.,isolation_forest+feature_contribution,True,2026-07-01T07:00:03.737854
8c82dbab-046b-4bd6-a686-88f10359135d,I762777,payment_method,anomaly,Debit Card,Credit Card,0.08,high,0.5,Column 'payment_method' deviates from similar normal records.,isolation_forest+feature_contribution,True,2026-07-01T07:00:03.886362
3099f1c5-b4bf-4a10-b1f5-cab2ffced424,I951962,shopping_mall,anomaly,Emaar Square Mall,Forum Istanbul,0.0257,high,0.5,Column 'shopping_mall' deviates from similar normal records.,isolation_forest+feature_contribution,True,2026-07-01T07:00:04.523249
3c801e2c-67f5-4ac5-b6b5-b12e5008667f,I177370,shopping_mall,anomaly,Viaport Outlet,Istinye Park,0.0022,high,0.5,Column 'shopping_mall' deviates from similar normal records.,isolation_forest+feature_contribution,True,2026-07-01T07:00:04.713285
220a5b3d-2f2d-47b8-8bd6-7a939c84d5df,I940071,shopping_mall,anomaly,Metropol AVM,Emaar Square Mall,0.0205,high,0.5,Column 'shopping_mall' deviates from similar normal records.,isolation_forest+feature_contribution,True,2026-07-01T07:00:04.756602
80e0da44-9af4-4944-a6d2-3bb538059237,I348027,shopping_mall,anomaly,Metropol AVM,Emaar Square Mall,0.0341,high,0.5,Column 'shopping_mall' deviates from similar normal records.,isolation_forest+feature_contribution,True,2026-07-01T07:00:04.803693
6d80680e-6fb1-49b7-8b6a-43b9e67fef5b,I272654,shopping_mall,anomaly,Istinye Park,Metrocity,0.0012,high,0.5,Column 'shopping_mall' deviates from similar normal records.,isolation_forest+feature_contribution,True,2026-07-01T07:00:04.853106
2749e72a-7859-4504-a85f-1422eb012339,I253787,shopping_mall,anomaly,Forum Istanbul,Metrocity,0.1057,high,0.5,Column 'shopping_mall' deviates from similar normal records.,isolation_forest+feature_contribution,True,2026-07-01T07:00:04.901128
de7ea8b6-0e04-4bf2-82e6-c4428aef39fb,I269157,payment_method,anomaly,Debit Card,Cash,0.1185,high,0.5,Column 'payment_method' deviates from similar normal records.,isolation_forest+feature_contribution,True,2026-07-01T07:00:05.329194
781a3e1e-4303-439e-9be5-9c4540f6765d,I133048,shopping_mall,anomaly,Zorlu Center,Istinye Park,0.0697,high,0.5,Column 'shopping_mall' deviates from similar normal records.,isolation_forest+feature_contribution,True,2026-07-01T07:00:05.424053
0f311590-2899-4316-8930-7155c7b159d9,I534276,shopping_mall,anomaly,Viaport Outlet,Cevahir AVM,0.0628,high,0.5,Column 'shopping_mall' deviates from similar normal records.,isolation_forest+feature_contribution,True,2026-07-01T07:00:05.519218
a96df557-aa35-4013-871c-46ad9fe93abb,I953148,category,anomaly,Books,Books,0.0361,high,0.5,Column 'category' deviates from similar normal records.,isolation_forest+feature_contribution,True,2026-07-01T07:00:06.142129
d3285c59-cb34-4a0d-9cd9-b75159e8a198,I167444,shopping_mall,anomaly,Viaport Outlet,Forum Istanbul,0.041,high,0.5,Column 'shopping_mall' deviates from similar normal records.,isolation_forest+feature_contribution,True,2026-07-01T07:00:06.194150
7e68423b-5a1a-415b-b39f-505021a0c719,I625749,shopping_mall,anomaly,Viaport Outlet,Mall of Istanbul,0.0649,high,0.5,Column 'shopping_mall' deviates from similar normal records.,isolation_forest+feature_contribution,True,2026-07-01T07:00:06.432718
8b2219e1-df49-4b59-a687-8f5e1cba2bdb,I303884,payment_method,anomaly,Debit Card,Credit Card,0.0169,high,0.5,Column 'payment_method' deviates from similar normal records.,isolation_forest+feature_contribution,True,2026-07-01T07:00:06.618684
b9735bb9-2192-43d6-adce-01923c2bf386,I174773,shopping_mall,anomaly,Zorlu Center,Mall of Istanbul,0.0142,high,0.5,Column 'shopping_mall' deviates from similar normal records.,isolation_forest+feature_contribution,True,2026-07-01T07:00:06.718959
8d4038e8-b9f1-4322-adeb-073652be3d19,I333238,payment_method,anomaly,Debit Card,Cash,0.0908,high,0.5,Column 'payment_method' deviates from similar normal records.,isolation_forest+feature_contribution,True,2026-07-01T07:00:06.769057
313ff3f4-291a-473f-b0fa-733b89ffc925,I280994,shopping_mall,anomaly,Zorlu Center,Kanyon,0.032,high,0.5,Column 'shopping_mall' deviates from similar normal records.,isolation_forest+feature_contribution,True,2026-07-01T07:00:07.192157
07c2f406-c01d-4e81-8880-76140ae3fab1,I213716,shopping_mall,anomaly,Metropol AVM,Mall of Istanbul,0.0176,high,0.5,Column 'shopping_mall' deviates from similar normal records.,isolation_forest+feature_contribution,True,2026-07-01T07:00:08.709957
6948dfdb-1783-469c-829a-65ad948e68a6,I270813,shopping_mall,anomaly,Emaar Square Mall,Kanyon,0.137,high,0.5,Column 'shopping_mall' deviates from similar normal records.,isolation_forest+feature_contribution,True,2026-07-01T07:00:08.946257
42a8fd7d-2e57-47a4-9eb7-6501f48249a0,I168471,shopping_mall,anomaly,Metrocity,Cevahir AVM,0.0257,high,0.5,Column 'shopping_mall' deviates from similar normal records.,isolation_forest+feature_contribution,True,2026-07-01T07:00:09.092769
8ad7b86b-51b0-466f-8498-f6e629efb8f8,I365264,shopping_mall,anomaly,Metropol AVM,Emaar Square Mall,0.0049,high,0.5,Column 'shopping_mall' deviates from similar normal records.,isolation_forest+feature_contribution,True,2026-07-01T07:00:09.249748
9312015b-4af6-45af-802a-9e3beae60c49,I141563,payment_method,anomaly,Debit Card,Credit Card,0.0499,high,0.5,Column 'payment_method' deviates from similar normal records.,isolation_forest+feature_contribution,True,2026-07-01T07:00:09.538669
b28c97a1-c0c8-40ff-abae-d0ec5882b890,I197591,shopping_mall,anomaly,Istinye Park,Metrocity,0.0129,high,0.5,Column 'shopping_mall' deviates from similar normal records.,isolation_forest+feature_contribution,True,2026-07-01T07:00:09.660593
94bbf609-a8af-46d3-883b-59dd24f0f20d,I207786,shopping_mall,anomaly,Metropol AVM,Mall of Istanbul,0.1321,high,0.5,Column 'shopping_mall' deviates from similar normal records.,isolation_forest+feature_contribution,True,2026-07-01T07:00:09.773814
1d249ee2-4742-4843-99a8-f065a162739f,I185125,shopping_mall,anomaly,Metropol AVM,Emaar Square Mall,0.0712,high,0.5,Column 'shopping_mall' deviates from similar normal records.,isolation_forest+feature_contribution,True,2026-07-01T07:00:10.640746
9aaadfce-3dc4-469c-95c8-89489b77b812,I120831,shopping_mall,anomaly,Zorlu Center,Mall of Istanbul,0.0944,high,0.5,Column 'shopping_mall' deviates from similar normal records.,isolation_forest+feature_contribution,True,2026-07-01T07:00:11.095408
a321dd53-c71f-42df-aab0-86e44253c422,I684363,shopping_mall,anomaly,Zorlu Center,Kanyon,0.0214,high,0.5,Column 'shopping_mall' deviates from similar normal records.,isolation_forest+feature_contribution,True,2026-07-01T07:00:11.886897
34d1ab1f-15f1-4216-99b1-cff63866207e,I179345,shopping_mall,anomaly,Zorlu Center,Forum Istanbul,0.0038,high,0.5,Column 'shopping_mall' deviates from similar normal records.,isolation_forest+feature_contribution,True,2026-07-01T07:00:11.955398
016e14d0-d44a-40ca-9d49-e0fa199716c5,I303739,shopping_mall,anomaly,Cevahir AVM,Metropol AVM,0.0607,high,0.5,Column 'shopping_mall' deviates from similar normal records.,isolation_forest+feature_contribution,True,2026-07-01T07:00:12.393135
ae8b4ac8-a4b7-41d1-9379-061c28da8008,I330974,shopping_mall,anomaly,Metropol AVM,Kanyon,0.0598,high,0.5,Column 'shopping_mall' deviates from similar normal records.,isolation_forest+feature_contribution,True,2026-07-01T07:00:13.237737
4a34f5f4-0a7a-4b65-84db-1359a4695cf8,I153699,payment_method,anomaly,Debit Card,Cash,0.0514,high,0.5,Column 'payment_method' deviates from similar normal records.,isolation_forest+feature_contribution,True,2026-07-01T07:00:13.795307
ecb41b2b-2999-4540-bb60-882869d53eb6,I153699,shopping_mall,anomaly,Viaport Outlet,Cevahir AVM,0.0514,high,0.5,Column 'shopping_mall' deviates from similar normal records.,isolation_forest+feature_contribution,True,2026-07-01T07:00:13.795307
b65c7f72-6ba0-4636-b190-a30af60da4cf,I220937,category,anomaly,Toys,Toys,0.0089,high,0.5,Column 'category' deviates from similar normal records.,isolation_forest+feature_contribution,True,2026-07-01T07:00:14.133226
9c64188b-25f4-4100-9905-ebaedf707e0e,I320104,shopping_mall,anomaly,Zorlu Center,Cevahir AVM,0.0109,high,0.5,Column 'shopping_mall' deviates from similar normal records.,isolation_forest+feature_contribution,True,2026-07-01T07:00:14.380980
72f6878c-9c67-4f81-9afc-ddecad1eab48,I946235,shopping_mall,anomaly,Forum Istanbul,Kanyon,0.0199,high,0.5,Column 'shopping_mall' deviates from similar normal records.,isolation_forest+feature_contribution,True,2026-07-01T07:00:14.748953
c901fc62-97cf-40cc-be80-79d2a1f7256f,I312404,shopping_mall,anomaly,Metropol AVM,Kanyon,0.1098,high,0.5,Column 'shopping_mall' deviates from similar normal records.,isolation_forest+feature_contribution,True,2026-07-01T07:00:15.013489
96968c51-6fa9-40f5-baf2-ec291abd469a,I197141,shopping_mall,anomaly,Viaport Outlet,Metrocity,0.0029,high,0.5,Column 'shopping_mall' deviates from similar normal records.,isolation_forest+feature_contribution,True,2026-07-01T07:00:15.358683
4e036d12-a111-424d-a2de-c07901c6cd64,I301045,shopping_mall,anomaly,Mall of Istanbul,Istinye Park,0.0593,high,0.5,Column 'shopping_mall' deviates from similar normal records.,isolation_forest+feature_contribution,True,2026-07-01T07:00:15.547992
e4bcb68e-d68c-4910-b251-35aec86be818,I208397,shopping_mall,anomaly,Viaport Outlet,Mall of Istanbul,0.1057,high,0.5,Column 'shopping_mall' deviates from similar normal records.,isolation_forest+feature_contribution,True,2026-07-01T07:00:15.680663
43cdc7a9-6f57-4659-8493-43945621cbbd,I185455,shopping_mall,anomaly,Zorlu Center,Cevahir AVM,0.0811,high,0.5,Column 'shopping_mall' deviates from similar normal records.,isolation_forest+feature_contribution,True,2026-07-01T07:00:16.400682
89ca5512-e11e-4c95-8c33-0de8e2e06fb1,I290621,shopping_mall,anomaly,Metropol AVM,Kanyon,0.0875,high,0.5,Column 'shopping_mall' deviates from similar normal records.,isolation_forest+feature_contribution,True,2026-07-01T07:00:16.633469
96f9db6d-a93e-41a0-90d0-5223a69315bf,I153276,payment_method,anomaly,Debit Card,Cash,0.0075,high,0.5,Column 'payment_method' deviates from similar normal records.,isolation_forest+feature_contribution,True,2026-07-01T07:00:16.894507
53b78cbd-608b-441e-8cce-f95bbb774fa3,I244159,shopping_mall,anomaly,Istinye Park,Mall of Istanbul,0.0092,high,0.5,Column 'shopping_mall' deviates from similar normal records.,isolation_forest+feature_contribution,True,2026-07-01T07:00:17.768902
95645ff3-4690-4232-94eb-e5271e09e5dc,I266249,shopping_mall,anomaly,Istinye Park,Emaar Square Mall,0.0425,high,0.5,Column 'shopping_mall' deviates from similar normal records.,isolation_forest+feature_contribution,True,2026-07-01T07:00:18.887816
27cb1ec7-1391-4299-b2cf-ff9c0e8d4123,I210802,category,anomaly,Shoes,Shoes,0.2011,high,0.5,Column 'category' deviates from similar normal records.,isolation_forest+feature_contribution,True,2026-07-01T07:00:18.925981
b0e9f7c5-b6fa-4265-88f5-5a64cf60495b,I233159,shopping_mall,anomaly,Viaport Outlet,Kanyon,0.0266,high,0.5,Column 'shopping_mall' deviates from similar normal records.,isolation_forest+feature_contribution,True,2026-07-01T07:00:19.010943
6f755df1-def3-42f2-b73a-a3472dcdd093,I687023,shopping_mall,anomaly,Forum Istanbul,Forum Istanbul,0.0049,high,0.5,Column 'shopping_mall' deviates from similar normal records.,isolation_forest+feature_contribution,True,2026-07-01T07:00:19.192388
2007f84a-06a2-4ff8-9807-21be6c56d3c4,I210986,shopping_mall,anomaly,Metrocity,Istinye Park,0.0456,high,0.5,Column 'shopping_mall' deviates from similar normal records.,isolation_forest+feature_contribution,True,2026-07-01T07:00:19.227724
7b90bc69-df52-47a5-8f59-cd4a940bd764,I189708,shopping_mall,anomaly,Istinye Park,Mall of Istanbul,0.0396,high,0.5,Column 'shopping_mall' deviates from similar normal records.,isolation_forest+feature_contribution,True,2026-07-01T07:00:19.634573
3edcf61f-be61-4ee1-8c7d-8aa07baab83e,I462357,category,anomaly,Souvenir,Books,0.0953,high,0.5,Column 'category' deviates from similar normal records.,isolation_forest+feature_contribution,True,2026-07-01T07:00:20.046260
baa18b23-dba9-4a48-beca-9e9584081e8a,I190385,shopping_mall,anomaly,Cevahir AVM,Kanyon,0.1332,high,0.5,Column 'shopping_mall' deviates from similar normal records.,isolation_forest+feature_contribution,True,2026-07-01T07:00:20.500770
c0c30e09-59e6-452c-a9d2-0ad3cec4aac3,I199806,payment_method,anomaly,Debit Card,Cash,0.1171,high,0.5,Column 'payment_method' deviates from similar normal records.,isolation_forest+feature_contribution,True,2026-07-01T07:00:20.903404
6abebe32-df06-4132-b35a-537fb4e80734,I116795,shopping_mall,anomaly,Istinye Park,Istinye Park,0.0766,high,0.5,Column 'shopping_mall' deviates from similar normal records.,isolation_forest+feature_contribution,True,2026-07-01T07:00:21.336901
8ab0952f-522a-491a-ad9b-4652a0b72231,I820068,shopping_mall,anomaly,Cevahir AVM,Kanyon,0.0954,high,0.5,Column 'shopping_mall' deviates from similar normal records.,isolation_forest+feature_contribution,True,2026-07-01T07:00:21.639897
0c7ab362-1ab8-47b8-92f4-18e7297f9ba6,I185022,shopping_mall,anomaly,Zorlu Center,Metrocity,0.0152,high,0.5,Column 'shopping_mall' deviates from similar normal records.,isolation_forest+feature_contribution,True,2026-07-01T07:00:21.844686
b2daf56d-d0f3-42be-b00a-321c6bcf024c,I108908,shopping_mall,anomaly,Viaport Outlet,Metrocity,0.021,high,0.5,Column 'shopping_mall' deviates from similar normal records.,isolation_forest+feature_contribution,True,2026-07-01T07:00:21.942915
2dbed257-bfba-45af-9eff-181d4b8eaece,I245013,payment_method,anomaly,Debit Card,Credit Card,0.0557,high,0.5,Column 'payment_method' deviates from similar normal records.,isolation_forest+feature_contribution,True,2026-07-01T07:00:22.092753
a4773b2b-b025-4d25-8019-96b482eb0774,I198592,shopping_mall,anomaly,Metropol AVM,Mall of Istanbul,0.0259,high,0.5,Column 'shopping_mall' deviates from similar normal records.,isolation_forest+feature_contribution,True,2026-07-01T07:00:22.873021
9bb903e3-e84d-4952-8c0a-b5340aa697a6,I543808,shopping_mall,anomaly,Viaport Outlet,Cevahir AVM,0.0403,high,0.5,Column 'shopping_mall' deviates from similar normal records.,isolation_forest+feature_contribution,True,2026-07-01T07:00:23.176138
9fa1e021-395d-4bb5-a766-0302167b66b2,I302719,shopping_mall,anomaly,Metropol AVM,Forum Istanbul,0.015,high,0.5,Column 'shopping_mall' deviates from similar normal records.,isolation_forest+feature_contribution,True,2026-07-01T07:00:23.326260
eca67266-506d-4c24-a3c6-f4e9431fd222,I614046,shopping_mall,anomaly,Viaport Outlet,Viaport Outlet,0.0107,high,0.5,Column 'shopping_mall' deviates from similar normal records.,isolation_forest+feature_contribution,True,2026-07-01T07:00:23.566301
b4e3ef5a-9bf5-426f-97fd-a34d9463b3ef,I958091,payment_method,anomaly,Debit Card,Cash,0.0192,high,0.5,Column 'payment_method' deviates from similar normal records.,isolation_forest+feature_contribution,True,2026-07-01T07:00:24.169859
32fa9e41-4876-4931-93cd-49f6aea4d274,I279575,category,anomaly,Souvenir,Souvenir,0.0265,high,0.5,Column 'category' deviates from similar normal records.,isolation_forest+feature_contribution,True,2026-07-01T07:00:24.259974
5a85c328-dfd5-4f76-8ebd-3ffef10786da,I200024,shopping_mall,anomaly,Mall of Istanbul,Mall of Istanbul,0.0515,high,0.5,Column 'shopping_mall' deviates from similar normal records.,isolation_forest+feature_contribution,True,2026-07-01T07:00:24.309866
30b9a4c5-57ca-4f87-b541-2bc0c9adc746,I151224,shopping_mall,anomaly,Metropol AVM,Kanyon,0.0816,high,0.5,Column 'shopping_mall' deviates from similar normal records.,isolation_forest+feature_contribution,True,2026-07-01T07:00:24.896168
4a8f7a23-3085-47bf-af1b-f98f260f8479,I235094,shopping_mall,anomaly,Viaport Outlet,Cevahir AVM,0.0481,high,0.5,Column 'shopping_mall' deviates from similar normal records.,isolation_forest+feature_contribution,True,2026-07-01T07:00:25.046413
c0c6f7e2-01ed-445b-b637-2237adb5c823,I293770,shopping_mall,anomaly,Emaar Square Mall,Cevahir AVM,0.0529,high,0.5,Column 'shopping_mall' deviates from similar normal records.,isolation_forest+feature_contribution,True,2026-07-01T07:00:25.331533
62248230-994d-4641-843f-6313e85adfd9,I688741,shopping_mall,anomaly,Cevahir AVM,Mall of Istanbul,0.0262,high,0.5,Column 'shopping_mall' deviates from similar normal records.,isolation_forest+feature_contribution,True,2026-07-01T07:00:25.955268
bcd4dda2-95c8-45d8-b92d-305cb2843e2e,I506170,payment_method,anomaly,Debit Card,Cash,0.0853,high,0.5,Column 'payment_method' deviates from similar normal records.,isolation_forest+feature_contribution,True,2026-07-01T07:00:26.048415
78decd51-5d06-4722-99d6-f2d1c6f91e10,I506170,shopping_mall,anomaly,Cevahir AVM,Cevahir AVM,0.0853,high,0.5,Column 'shopping_mall' deviates from similar normal records.,isolation_forest+feature_contribution,True,2026-07-01T07:00:26.048415
719c3dc6-b5d1-4115-a546-17bd5b86a7c4,I110807,shopping_mall,anomaly,Emaar Square Mall,Cevahir AVM,0.0078,high,0.5,Column 'shopping_mall' deviates from similar normal records.,isolation_forest+feature_contribution,True,2026-07-01T07:00:26.608974
336375cc-7ef9-4df8-a96a-0a52cf476750,I139034,shopping_mall,anomaly,Istinye Park,Kanyon,0.0524,high,0.5,Column 'shopping_mall' deviates from similar normal records.,isolation_forest+feature_contribution,True,2026-07-01T07:00:26.783485
56eb7893-cc04-4549-8365-9ce593737ca8,I283822,shopping_mall,anomaly,Forum Istanbul,Kanyon,0.0831,high,0.5,Column 'shopping_mall' deviates from similar normal records.,isolation_forest+feature_contribution,True,2026-07-01T07:00:27.073228
ad72ddba-630b-4d4b-ad52-4c6e856637e4,I715518,payment_method,anomaly,Debit Card,Cash,0.1028,high,0.5,Column 'payment_method' deviates from similar normal records.,isolation_forest+feature_contribution,True,2026-07-01T07:00:27.189292
04b12dc4-522c-4906-a7d5-1fdba5124e3d,I175448,category,anomaly,Souvenir,Food & Beverage,0.0495,high,0.5,Column 'category' deviates from similar normal records.,isolation_forest+feature_contribution,True,2026-07-01T07:00:27.478830
918a0b3b-4c4f-462c-b234-793aa2c837f8,I175448,shopping_mall,anomaly,Istinye Park,Cevahir AVM,0.0495,high,0.5,Column 'shopping_mall' deviates from similar normal records.,isolation_forest+feature_contribution,True,2026-07-01T07:00:27.478830
75b7284a-97d2-4410-b49b-75c26845f6aa,I279416,shopping_mall,anomaly,Viaport Outlet,Mall of Istanbul,0.0091,high,0.5,Column 'shopping_mall' deviates from similar normal records.,isolation_forest+feature_contribution,True,2026-07-01T07:00:27.752113
e2db73a8-fd95-4db1-8066-79d8608bf638,I181261,shopping_mall,anomaly,Metropol AVM,Metropol AVM,0.0629,high,0.5,Column 'shopping_mall' deviates from similar normal records.,isolation_forest+feature_contribution,True,2026-07-01T07:00:27.801476
adcb2798-31b8-4bff-a2ba-a6b7355e291d,I320885,shopping_mall,anomaly,Viaport Outlet,Viaport Outlet,0.149,high,0.5,Column 'shopping_mall' deviates from similar normal records.,isolation_forest+feature_contribution,True,2026-07-01T07:00:27.962705
d8be260e-43f9-416d-9d98-beb66ac0e048,I312324,category,anomaly,Books,Cosmetics,0.0632,high,0.5,Column 'category' deviates from similar normal records.,isolation_forest+feature_contribution,True,2026-07-01T07:00:28.456030
df9001cf-4eed-45d7-b39a-e48a92832917,I312324,shopping_mall,anomaly,Metrocity,Viaport Outlet,0.0632,high,0.5,Column 'shopping_mall' deviates from similar normal records.,isolation_forest+feature_contribution,True,2026-07-01T07:00:28.457019
6b5829e0-156a-4000-a6be-34bbdc7c3a01,I106861,payment_method,anomaly,Debit Card,Cash,0.0289,high,0.5,Column 'payment_method' deviates from similar normal records.,isolation_forest+feature_contribution,True,2026-07-01T07:00:28.596478
bf410a8e-b4bf-44c8-8d82-97cdb3e37cae,I165096,shopping_mall,anomaly,Mall of Istanbul,Mall of Istanbul,0.0541,high,0.5,Column 'shopping_mall' deviates from similar normal records.,isolation_forest+feature_contribution,True,2026-07-01T07:00:28.743923
fef49e4a-e85f-4a0d-b9f5-b3f82fef2382,I127347,shopping_mall,anomaly,Emaar Square Mall,Emaar Square Mall,0.0105,high,0.5,Column 'shopping_mall' deviates from similar normal records.,isolation_forest+feature_contribution,True,2026-07-01T07:00:29.513880
b8d4b05b-1e78-4876-9e91-e3b997dace75,I198089,shopping_mall,anomaly,Metropol AVM,Forum Istanbul,0.0588,high,0.5,Column 'shopping_mall' deviates from similar normal records.,isolation_forest+feature_contribution,True,2026-07-01T07:00:29.718084
cd60c918-f6c2-46df-a8da-6d0175706ab8,I251740,payment_method,anomaly,Debit Card,Cash,0.0152,high,0.5,Column 'payment_method' deviates from similar normal records.,isolation_forest+feature_contribution,True,2026-07-01T07:00:29.759892
7bcf2f5d-9dc9-4249-9686-7961cff0d74e,I284226,category,anomaly,Souvenir,Books,0.0016,high,0.5,Column 'category' deviates from similar normal records.,isolation_forest+feature_contribution,True,2026-07-01T07:00:30.363228
2ee57786-e3c0-4ef3-94ce-dc09e0c55ce7,I284226,shopping_mall,anomaly,Metropol AVM,Istinye Park,0.0016,high,0.5,Column 'shopping_mall' deviates from similar normal records.,isolation_forest+feature_contribution,True,2026-07-01T07:00:30.363228
4c1e84a8-4812-4fbb-b2f9-0976e8e0f3f1,I283706,category,anomaly,Books,Books,0.0457,high,0.5,Column 'category' deviates from similar normal records.,isolation_forest+feature_contribution,True,2026-07-01T07:00:30.459768
7bd08cf4-599c-4456-a7e8-ad1874802943,I112058,shopping_mall,anomaly,Forum Istanbul,Mall of Istanbul,0.069,high,0.5,Column 'shopping_mall' deviates from similar normal records.,isolation_forest+feature_contribution,True,2026-07-01T07:00:30.916194
952b9c66-2d52-4dee-b564-77aea03977e1,I775481,shopping_mall,anomaly,Metropol AVM,Metrocity,0.0171,high,0.5,Column 'shopping_mall' deviates from similar normal records.,isolation_forest+feature_contribution,True,2026-07-01T07:00:31.050660
4e92691d-5bd9-4dab-aca7-786ccc30344e,I195834,gender,anomaly,Male,Female,0.0695,high,0.5,Column 'gender' deviates from similar normal records.,isolation_forest+feature_contribution,True,2026-07-01T07:00:31.376103
3e1894ee-8a4b-40f5-acae-42c5a8ccd60a,I312923,category,anomaly,Books,Food & Beverage,0.0383,high,0.5,Column 'category' deviates from similar normal records.,isolation_forest+feature_contribution,True,2026-07-01T07:00:31.718037
5827a89f-80ca-4ec3-870f-6b85ffc774f8,I209035,payment_method,anomaly,Debit Card,Cash,0.0385,high,0.5,Column 'payment_method' deviates from similar normal records.,isolation_forest+feature_contribution,True,2026-07-01T07:00:32.044886
c887c58f-dfa1-4da8-8007-0cbb30fa594c,I205884,shopping_mall,anomaly,Viaport Outlet,Metropol AVM,0.0843,high,0.5,Column 'shopping_mall' deviates from similar normal records.,isolation_forest+feature_contribution,True,2026-07-01T07:00:32.284829
995fd3c4-77d6-4141-933c-50945c6f1abb,I135620,shopping_mall,anomaly,Metrocity,Mall of Istanbul,0.0492,high,0.5,Column 'shopping_mall' deviates from similar normal records.,isolation_forest+feature_contribution,True,2026-07-01T07:00:32.526265
1c2965e9-802d-43e7-8be6-d7d41aac2496,I493545,shopping_mall,anomaly,Istinye Park,Metrocity,0.0154,high,0.5,Column 'shopping_mall' deviates from similar normal records.,isolation_forest+feature_contribution,True,2026-07-01T07:00:32.573838
06143fbf-3d23-4a2d-8266-c68eb360f8bd,I207014,shopping_mall,anomaly,Forum Istanbul,Kanyon,0.0299,high,0.5,Column 'shopping_mall' deviates from similar normal records.,isolation_forest+feature_contribution,True,2026-07-01T07:00:32.717046
76febb8f-8e2f-4d60-a1f2-1dce8eef82dd,I194577,shopping_mall,anomaly,Metropol AVM,Mall of Istanbul,0.1339,high,0.5,Column 'shopping_mall' deviates from similar normal records.,isolation_forest+feature_contribution,True,2026-07-01T07:00:33.051755
d49e7dd8-1b61-4cb7-9d77-d62bbf5433c2,I163212,shopping_mall,anomaly,Emaar Square Mall,Emaar Square Mall,0.0311,high,0.5,Column 'shopping_mall' deviates from similar normal records.,isolation_forest+feature_contribution,True,2026-07-01T07:00:33.338799
cca1c16c-f116-46ed-82c6-ef1528ef3b8d,I328257,payment_method,anomaly,Debit Card,Cash,0.0834,high,0.5,Column 'payment_method' deviates from similar normal records.,isolation_forest+feature_contribution,True,2026-07-01T07:00:33.529014
69031d31-e0f5-4100-bf8b-afc96daf4d7a,I268887,shopping_mall,anomaly,Viaport Outlet,Cevahir AVM,0.0062,high,0.5,Column 'shopping_mall' deviates from similar normal records.,isolation_forest+feature_contribution,True,2026-07-01T07:00:33.666272
add9d1ac-e28b-41d1-a0d4-b138e107a1d3,I460943,shopping_mall,anomaly,Mall of Istanbul,Metrocity,0.0461,high,0.5,Column 'shopping_mall' deviates from similar normal records.,isolation_forest+feature_contribution,True,2026-07-01T07:00:34.069898
5d4da4e3-365c-4651-ac44-7056cae92b22,I295221,shopping_mall,anomaly,Metropol AVM,Mall of Istanbul,0.0908,high,0.5,Column 'shopping_mall' deviates from similar normal records.,isolation_forest+feature_contribution,True,2026-07-01T07:00:34.298857
50a75a48-ceff-4cdf-baae-cd5851bb311f,I265867,shopping_mall,anomaly,Metropol AVM,Mall of Istanbul,0.122,high,0.5,Column 'shopping_mall' deviates from similar normal records.,isolation_forest+feature_contribution,True,2026-07-01T07:00:35.030857
48eff5db-6cd1-453b-b8b3-fa01a6dce206,I226264,shopping_mall,anomaly,Viaport Outlet,Mall of Istanbul,0.0566,high,0.5,Column 'shopping_mall' deviates from similar normal records.,isolation_forest+feature_contribution,True,2026-07-01T07:00:35.121931
e8ac2580-e9f5-49b3-bb62-32d3d4faaa34,I289778,shopping_mall,anomaly,Metropol AVM,Istinye Park,0.0354,high,0.5,Column 'shopping_mall' deviates from similar normal records.,isolation_forest+feature_contribution,True,2026-07-01T07:00:35.724713
76dbe2a5-e662-4c4f-9088-7cfbd6212ed7,I316146,shopping_mall,anomaly,Viaport Outlet,Kanyon,0.0087,high,0.5,Column 'shopping_mall' deviates from similar normal records.,isolation_forest+feature_contribution,True,2026-07-01T07:00:36.557976
4a04d66b-40bd-4947-9bb6-986e71b5a7f8,I684949,shopping_mall,anomaly,Forum Istanbul,Mall of Istanbul,0.0076,high,0.5,Column 'shopping_mall' deviates from similar normal records.,isolation_forest+feature_contribution,True,2026-07-01T07:00:37.201791
46f83656-c09e-4148-9c9a-76566a8df4f5,I253182,shopping_mall,anomaly,Viaport Outlet,Kanyon,0.0528,high,0.5,Column 'shopping_mall' deviates from similar normal records.,isolation_forest+feature_contribution,True,2026-07-01T07:00:37.684779
ed21d06b-8c97-421d-b3ee-23639408eaaf,I290098,shopping_mall,anomaly,Metropol AVM,Metrocity,0.0086,high,0.5,Column 'shopping_mall' deviates from similar normal records.,isolation_forest+feature_contribution,True,2026-07-01T07:00:37.875214
ebe2381f-42d1-4df3-b3ae-d18412cbcf7c,I328028,shopping_mall,anomaly,Istinye Park,Cevahir AVM,0.0596,high,0.5,Column 'shopping_mall' deviates from similar normal records.,isolation_forest+feature_contribution,True,2026-07-01T07:00:38.431892
c12998df-6d92-4a19-b9de-ea3bd08668e3,I102115,payment_method,anomaly,Debit Card,Cash,0.0247,high,0.5,Column 'payment_method' deviates from similar normal records.,isolation_forest+feature_contribution,True,2026-07-01T07:00:38.875033
35f154b5-026b-4715-baa7-b3cb8f77f4a2,I224468,shopping_mall,anomaly,Viaport Outlet,Istinye Park,0.0563,high,0.5,Column 'shopping_mall' deviates from similar normal records.,isolation_forest+feature_contribution,True,2026-07-01T07:00:39.120425
838000ee-db73-4c67-a101-52568fe0cec5,I314684,payment_method,anomaly,Debit Card,Cash,0.0022,high,0.5,Column 'payment_method' deviates from similar normal records.,isolation_forest+feature_contribution,True,2026-07-01T07:00:39.591463
1f8e94e7-6ff5-4193-8707-fcefb4f3a81f,I221294,payment_method,anomaly,Debit Card,Cash,0.0113,high,0.5,Column 'payment_method' deviates from similar normal records.,isolation_forest+feature_contribution,True,2026-07-01T07:00:39.789537
92adda37-4638-4ca8-ad20-be4c4de9d73c,I338573,shopping_mall,anomaly,Emaar Square Mall,Metrocity,0.1048,high,0.5,Column 'shopping_mall' deviates from similar normal records.,isolation_forest+feature_contribution,True,2026-07-01T07:00:40.072653
5c9c1bdb-49a3-40dc-aeaf-d3b09219fc4a,I293016,shopping_mall,anomaly,Emaar Square Mall,Cevahir AVM,0.035,high,0.5,Column 'shopping_mall' deviates from similar normal records.,isolation_forest+feature_contribution,True,2026-07-01T07:00:40.126894
df9b2a91-054f-4c67-9896-75e55a033b1a,I471357,shopping_mall,anomaly,Emaar Square Mall,Emaar Square Mall,0.0109,high,0.5,Column 'shopping_mall' deviates from similar normal records.,isolation_forest+feature_contribution,True,2026-07-01T07:00:40.181442
96b41275-788d-44b0-8857-e641f66a62a2,I237994,shopping_mall,anomaly,Viaport Outlet,Cevahir AVM,0.0411,high,0.5,Column 'shopping_mall' deviates from similar normal records.,isolation_forest+feature_contribution,True,2026-07-01T07:00:40.335964
54ea9c9b-9bc1-4a1f-a297-efd9ab1ae9d6,I157830,shopping_mall,anomaly,Metropol AVM,Kanyon,0.0476,high,0.5,Column 'shopping_mall' deviates from similar normal records.,isolation_forest+feature_contribution,True,2026-07-01T07:00:40.672911
ed4a87e1-420a-4e11-ba5a-a282a7a368af,I288842,payment_method,anomaly,Debit Card,Debit Card,0.0464,high,0.5,Column 'payment_method' deviates from similar normal records.,isolation_forest+feature_contribution,True,2026-07-01T07:00:40.776257
9eb739dd-f9e8-40ed-9b09-6a3c19e40517,I306615,shopping_mall,anomaly,Zorlu Center,Mall of Istanbul,0.0331,high,0.5,Column 'shopping_mall' deviates from similar normal records.,isolation_forest+feature_contribution,True,2026-07-01T07:00:40.922933
8b5223b0-12a7-4fe2-9fc0-e839b005d8ba,I639493,shopping_mall,anomaly,Metropol AVM,Istinye Park,0.1233,high,0.5,Column 'shopping_mall' deviates from similar normal records.,isolation_forest+feature_contribution,True,2026-07-01T07:00:41.216294
8d6fa03c-47cb-416a-a937-334995e8525c,I232791,shopping_mall,anomaly,Metropol AVM,Kanyon,0.0193,high,0.5,Column 'shopping_mall' deviates from similar normal records.,isolation_forest+feature_contribution,True,2026-07-01T07:00:41.266357
c9e2cf80-62d9-4e57-8eab-8dea69a153cc,I141748,payment_method,anomaly,Debit Card,Cash,0.0577,high,0.5,Column 'payment_method' deviates from similar normal records.,isolation_forest+feature_contribution,True,2026-07-01T07:00:41.310287
811ea6b3-e455-4f6f-93ea-93d2943b4b8c,I101934,shopping_mall,anomaly,Emaar Square Mall,Kanyon,0.0476,high,0.5,Column 'shopping_mall' deviates from similar normal records.,isolation_forest+feature_contribution,True,2026-07-01T07:00:41.362419
17389a59-e980-462f-8133-61ac5026d00a,I348593,shopping_mall,anomaly,Istinye Park,Kanyon,0.042,high,0.5,Column 'shopping_mall' deviates from similar normal records.,isolation_forest+feature_contribution,True,2026-07-01T07:00:41.508940
38cfe033-468a-49b7-8578-47e042fcd617,I305703,age_group,anomaly,36_45,36_45,0.0468,low,0.0,Column 'age_group' deviates from similar normal records.,isolation_forest+feature_contribution,True,2026-07-01T07:00:41.653767
0eca9b17-31d3-4525-9a3c-08b7502210ad,I601755,shopping_mall,anomaly,Metrocity,Mall of Istanbul,0.1696,high,0.5,Column 'shopping_mall' deviates from similar normal records.,isolation_forest+feature_contribution,True,2026-07-01T07:00:41.971067
2f093d28-7259-4398-9e17-933d1b41df20,I344727,gender,anomaly,Male,Male,0.1286,high,0.5,Column 'gender' deviates from similar normal records.,isolation_forest+feature_contribution,True,2026-07-01T07:00:42.642533
5a79426f-4ae6-4012-ac73-daf19a3f22f5,I327427,shopping_mall,anomaly,Zorlu Center,Cevahir AVM,0.0639,high,0.5,Column 'shopping_mall' deviates from similar normal records.,isolation_forest+feature_contribution,True,2026-07-01T07:00:42.734099
850fddf0-99f6-42ab-87c2-a44ea22c0db4,I119362,category,anomaly,Toys,Cosmetics,0.1474,high,0.5,Column 'category' deviates from similar normal records.,isolation_forest+feature_contribution,True,2026-07-01T07:00:42.832690
97fa6b29-6491-43e4-8c59-240e16c3a6a9,I136523,category,anomaly,Food & Beverage,Food & Beverage,0.0525,high,0.5,Column 'category' deviates from similar normal records.,isolation_forest+feature_contribution,True,2026-07-01T07:00:43.109476
d42a5b11-e705-4967-808c-c9e37c1cf456,I136523,shopping_mall,anomaly,Istinye Park,Metrocity,0.0525,high,0.5,Column 'shopping_mall' deviates from similar normal records.,isolation_forest+feature_contribution,True,2026-07-01T07:00:43.109476
c8e0d2b2-b232-4e82-8097-8afbfe3f341a,I314648,category,anomaly,Books,Cosmetics,0.1833,high,0.5,Column 'category' deviates from similar normal records.,isolation_forest+feature_contribution,True,2026-07-01T07:00:43.209436
477fb76e-5431-4cb9-9dcb-782fc6963f56,I248554,payment_method,anomaly,Debit Card,Cash,0.1174,high,0.5,Column 'payment_method' deviates from similar normal records.,isolation_forest+feature_contribution,True,2026-07-01T07:00:43.693515
fb8c82d4-cb30-4a7a-95e7-f4736051ac48,I417454,shopping_mall,anomaly,Emaar Square Mall,Emaar Square Mall,0.0571,high,0.5,Column 'shopping_mall' deviates from similar normal records.,isolation_forest+feature_contribution,True,2026-07-01T07:00:43.788812
7e3aadbb-8fe8-4aa1-b4ad-30910226f472,I603244,shopping_mall,anomaly,Emaar Square Mall,Cevahir AVM,0.1152,high,0.5,Column 'shopping_mall' deviates from similar normal records.,isolation_forest+feature_contribution,True,2026-07-01T07:00:44.220712
c4c9e50b-ae09-41be-86fb-f6c9a56b74dc,I929227,category,anomaly,Cosmetics,Cosmetics,0.0451,high,0.5,Column 'category' deviates from similar normal records.,isolation_forest+feature_contribution,True,2026-07-01T07:00:44.267803
95f46605-0394-466f-8e38-7733439927a0,I121602,shopping_mall,anomaly,Metropol AVM,Istinye Park,0.0078,high,0.5,Column 'shopping_mall' deviates from similar normal records.,isolation_forest+feature_contribution,True,2026-07-01T07:00:44.503011
4c3d3a54-ced5-4518-aea8-be77a66cbfb0,I784231,shopping_mall,anomaly,Metropol AVM,Viaport Outlet,0.0492,high,0.5,Column 'shopping_mall' deviates from similar normal records.,isolation_forest+feature_contribution,True,2026-07-01T07:00:44.546404
11f36547-b1f1-4929-953c-ccdcb0171f0a,I871712,shopping_mall,anomaly,Forum Istanbul,Forum Istanbul,0.0484,high,0.5,Column 'shopping_mall' deviates from similar normal records.,isolation_forest+feature_contribution,True,2026-07-01T07:00:44.996132
344fee03-dd12-4f44-b65a-e9a96def3cba,I203988,shopping_mall,anomaly,Metropol AVM,Kanyon,0.0021,high,0.5,Column 'shopping_mall' deviates from similar normal records.,isolation_forest+feature_contribution,True,2026-07-01T07:00:45.523881
0d92fcd0-407b-4af5-9026-b77caf76d8be,I162154,category,anomaly,Toys,Toys,0.0088,high,0.5,Column 'category' deviates from similar normal records.,isolation_forest+feature_contribution,True,2026-07-01T07:00:45.606364
4bf42a6c-c474-42b4-8bc8-1313b1e26f6a,I162154,shopping_mall,anomaly,Forum Istanbul,Forum Istanbul,0.0088,high,0.5,Column 'shopping_mall' deviates from similar normal records.,isolation_forest+feature_contribution,True,2026-07-01T07:00:45.606364
a6190707-16a7-4647-8170-e49d3d79debf,I212206,shopping_mall,anomaly,Cevahir AVM,Cevahir AVM,0.0808,high,0.5,Column 'shopping_mall' deviates from similar normal records.,isolation_forest+feature_contribution,True,2026-07-01T07:00:45.645987
29a908e0-9d8e-4270-8265-c8f7cf571d42,I151192,shopping_mall,anomaly,Metropol AVM,Kanyon,0.0574,high,0.5,Column 'shopping_mall' deviates from similar normal records.,isolation_forest+feature_contribution,True,2026-07-01T07:00:46.249817
774838dc-e909-4e07-8c15-2f8a3ce769ae,I963727,category,anomaly,Toys,Toys,0.0071,high,0.5,Column 'category' deviates from similar normal records.,isolation_forest+feature_contribution,True,2026-07-01T07:00:46.447797
223381a3-ff98-4d76-ae03-3080ce1145ea,I175376,category,anomaly,Souvenir,Souvenir,0.0131,high,0.5,Column 'category' deviates from similar normal records.,isolation_forest+feature_contribution,True,2026-07-01T07:00:46.837689
99b457b5-6d4d-41d5-9ea0-1738685370c3,I274110,shopping_mall,anomaly,Istinye Park,Emaar Square Mall,0.0729,high,0.5,Column 'shopping_mall' deviates from similar normal records.,isolation_forest+feature_contribution,True,2026-07-01T07:00:46.912406
1cd2d8d7-0d02-4a64-b302-e124bb82a375,I116290,payment_method,anomaly,Debit Card,Debit Card,0.076,high,0.5,Column 'payment_method' deviates from similar normal records.,isolation_forest+feature_contribution,True,2026-07-01T07:00:46.941533
088785d5-1493-4d01-823e-445d41f4d4cb,I116290,shopping_mall,anomaly,Metropol AVM,Zorlu Center,0.076,high,0.5,Column 'shopping_mall' deviates from similar normal records.,isolation_forest+feature_contribution,True,2026-07-01T07:00:46.942536
3e4c6fbd-f381-437f-9768-d3a8f45e7495,I664043,shopping_mall,anomaly,Forum Istanbul,Forum Istanbul,0.0153,high,0.5,Column 'shopping_mall' deviates from similar normal records.,isolation_forest+feature_contribution,True,2026-07-01T07:00:47.095343
4d2271f7-8b02-49d8-970f-ddb330182603,I249172,shopping_mall,anomaly,Istinye Park,Mall of Istanbul,0.0039,high,0.5,Column 'shopping_mall' deviates from similar normal records.,isolation_forest+feature_contribution,True,2026-07-01T07:00:47.129466
730202a9-d949-4d0b-b963-2f6e8abcb6b2,I143153,shopping_mall,anomaly,Emaar Square Mall,Metropol AVM,0.0092,high,0.5,Column 'shopping_mall' deviates from similar normal records.,isolation_forest+feature_contribution,True,2026-07-01T07:00:47.162593
c3b81ef8-2e67-4d44-8feb-da113b223e5e,I114206,shopping_mall,anomaly,Viaport Outlet,Metropol AVM,0.0197,high,0.5,Column 'shopping_mall' deviates from similar normal records.,isolation_forest+feature_contribution,True,2026-07-01T07:00:47.407862
5a236bf4-f5af-4956-9e60-bea17d82bd67,I206704,shopping_mall,anomaly,Istinye Park,Metrocity,0.0211,high,0.5,Column 'shopping_mall' deviates from similar normal records.,isolation_forest+feature_contribution,True,2026-07-01T07:00:47.542158
b55b72c7-79b1-4c8f-a5d1-a79682e13038,I317061,shopping_mall,anomaly,Viaport Outlet,Istinye Park,0.0502,high,0.5,Column 'shopping_mall' deviates from similar normal records.,isolation_forest+feature_contribution,True,2026-07-01T07:00:47.711294
b10ec0c3-eb6d-4366-bb9d-2c31fae30600,I175289,category,anomaly,Souvenir,Books,0.0255,high,0.5,Column 'category' deviates from similar normal records.,isolation_forest+feature_contribution,True,2026-07-01T07:00:48.371291
17b56754-2af9-4c60-bb2e-256b6a127a5e,I175289,shopping_mall,anomaly,Forum Istanbul,Metrocity,0.0255,high,0.5,Column 'shopping_mall' deviates from similar normal records.,isolation_forest+feature_contribution,True,2026-07-01T07:00:48.371291
20969993-6eea-48e0-9ab9-d90e9f79709e,I163317,shopping_mall,anomaly,Zorlu Center,Kanyon,0.063,high,0.5,Column 'shopping_mall' deviates from similar normal records.,isolation_forest+feature_contribution,True,2026-07-01T07:00:48.561092
15abcd75-646a-4f23-8ae7-7f937536a6f2,I870084,shopping_mall,anomaly,Mall of Istanbul,Mall of Istanbul,0.0038,high,0.5,Column 'shopping_mall' deviates from similar normal records.,isolation_forest+feature_contribution,True,2026-07-01T07:00:48.814535
9e98ae2b-84f8-4c55-91ed-7ef10f162cf9,I348913,shopping_mall,anomaly,Cevahir AVM,Kanyon,0.0119,high,0.5,Column 'shopping_mall' deviates from similar normal records.,isolation_forest+feature_contribution,True,2026-07-01T07:00:48.883339
be276d27-dd29-496e-bb8f-db0340ac9214,I436198,shopping_mall,anomaly,Metropol AVM,Forum Istanbul,0.0332,high,0.5,Column 'shopping_mall' deviates from similar normal records.,isolation_forest+feature_contribution,True,2026-07-01T07:00:49.130953
0634689a-e8d5-4214-9e8d-fa13d119befe,I319864,shopping_mall,anomaly,Metropol AVM,Cevahir AVM,0.1251,high,0.5,Column 'shopping_mall' deviates from similar normal records.,isolation_forest+feature_contribution,True,2026-07-01T07:00:49.437047
4f34f715-8aba-4f9c-800c-1c18d9152cdd,I223514,shopping_mall,anomaly,Cevahir AVM,Mall of Istanbul,0.1229,high,0.5,Column 'shopping_mall' deviates from similar normal records.,isolation_forest+feature_contribution,True,2026-07-01T07:00:49.851860
521e3545-a4ba-47a6-ab1d-af359d5ca076,I125299,category,anomaly,Toys,Cosmetics,0.0055,high,0.5,Column 'category' deviates from similar normal records.,isolation_forest+feature_contribution,True,2026-07-01T07:00:49.913956
db0cf890-e10c-4927-883c-cfa60513ffc1,I164712,shopping_mall,anomaly,Emaar Square Mall,Emaar Square Mall,0.0016,high,0.5,Column 'shopping_mall' deviates from similar normal records.,isolation_forest+feature_contribution,True,2026-07-01T07:00:49.977687
a6bc5195-8619-40bb-bbb1-926b85f086ca,I787564,shopping_mall,anomaly,Viaport Outlet,Kanyon,0.05,high,0.5,Column 'shopping_mall' deviates from similar normal records.,isolation_forest+feature_contribution,True,2026-07-01T07:00:50.013281
f0327819-2813-4348-aa5c-d590f7bbd2a4,I396308,shopping_mall,anomaly,Emaar Square Mall,Emaar Square Mall,0.0918,high,0.5,Column 'shopping_mall' deviates from similar normal records.,isolation_forest+feature_contribution,True,2026-07-01T07:00:50.734808
b4bb0b98-6fda-4e4d-99bf-0aaf1cf17204,I171126,shopping_mall,anomaly,Viaport Outlet,Mall of Istanbul,0.2198,high,0.5,Column 'shopping_mall' deviates from similar normal records.,isolation_forest+feature_contribution,True,2026-07-01T07:00:50.878831
6d03817a-39c6-48d8-b639-1d9a02f713ab,I111617,payment_method,anomaly,Debit Card,Cash,0.0267,high,0.5,Column 'payment_method' deviates from similar normal records.,isolation_forest+feature_contribution,True,2026-07-01T07:00:51.584685
f3a40b0b-1f26-40af-941d-db1891eed1a6,I261182,shopping_mall,anomaly,Viaport Outlet,Cevahir AVM,0.1233,high,0.5,Column 'shopping_mall' deviates from similar normal records.,isolation_forest+feature_contribution,True,2026-07-01T07:00:51.803080
80876252-fd9f-42a7-82af-734eb27d95d4,I139709,shopping_mall,anomaly,Viaport Outlet,Metrocity,0.0147,high,0.5,Column 'shopping_mall' deviates from similar normal records.,isolation_forest+feature_contribution,True,2026-07-01T07:00:51.833232
ac445a16-d6ae-4bfe-984e-439c67067494,I473003,shopping_mall,anomaly,Metropol AVM,Kanyon,0.0169,high,0.5,Column 'shopping_mall' deviates from similar normal records.,isolation_forest+feature_contribution,True,2026-07-01T07:00:51.937565
838b919e-5f32-4fb7-a34b-d2e9a01e23a4,I180813,shopping_mall,anomaly,Zorlu Center,Metropol AVM,0.0263,high,0.5,Column 'shopping_mall' deviates from similar normal records.,isolation_forest+feature_contribution,True,2026-07-01T07:00:52.014811
e611b1b1-2e6a-438c-9d14-c91cd1b45ed2,I335068,shopping_mall,anomaly,Metropol AVM,Istinye Park,0.0454,high,0.5,Column 'shopping_mall' deviates from similar normal records.,isolation_forest+feature_contribution,True,2026-07-01T07:00:52.186370
cc1c0fd7-19c1-462d-a44a-2c6fcf83c94a,I247958,shopping_mall,anomaly,Zorlu Center,Cevahir AVM,0.0167,high,0.5,Column 'shopping_mall' deviates from similar normal records.,isolation_forest+feature_contribution,True,2026-07-01T07:00:52.303006
5fb3df4a-d3dd-445d-8c67-0c69212d0365,I164533,shopping_mall,anomaly,Cevahir AVM,Kanyon,0.0075,high,0.5,Column 'shopping_mall' deviates from similar normal records.,isolation_forest+feature_contribution,True,2026-07-01T07:00:52.772879
03dd48d9-2164-40e9-955e-e277591ef1b2,I879955,payment_method,anomaly,Debit Card,Cash,0.1477,high,0.5,Column 'payment_method' deviates from similar normal records.,isolation_forest+feature_contribution,True,2026-07-01T07:00:53.137790
4179a445-984d-4824-a6f9-f11f7a47cad5,I879955,shopping_mall,anomaly,Viaport Outlet,Kanyon,0.1477,high,0.5,Column 'shopping_mall' deviates from similar normal records.,isolation_forest+feature_contribution,True,2026-07-01T07:00:53.137790
58052ece-46f2-455f-a785-0269c266a576,I520022,shopping_mall,anomaly,Forum Istanbul,Kanyon,0.0089,high,0.5,Column 'shopping_mall' deviates from similar normal records.,isolation_forest+feature_contribution,True,2026-07-01T07:00:53.207777
4b1c79d9-870c-4f34-b5ee-6a190b662eab,I149010,shopping_mall,anomaly,Mall of Istanbul,Mall of Istanbul,0.0255,high,0.5,Column 'shopping_mall' deviates from similar normal records.,isolation_forest+feature_contribution,True,2026-07-01T07:00:53.695372
34513d14-fad7-4b6b-bd0c-73618a05fe57,I580869,payment_method,anomaly,Debit Card,Cash,0.1066,high,0.5,Column 'payment_method' deviates from similar normal records.,isolation_forest+feature_contribution,True,2026-07-01T07:00:53.794890
33ef9546-77b1-421f-befe-5eac5acc2243,I247216,shopping_mall,anomaly,Metrocity,Metrocity,0.0254,high,0.5,Column 'shopping_mall' deviates from similar normal records.,isolation_forest+feature_contribution,True,2026-07-01T07:00:53.898261
cc7db29a-4633-46d8-894a-8d87cfcea591,I160376,shopping_mall,anomaly,Viaport Outlet,Cevahir AVM,0.0229,high,0.5,Column 'shopping_mall' deviates from similar normal records.,isolation_forest+feature_contribution,True,2026-07-01T07:00:54.127010
b209b689-fe5a-4ab6-8df4-57edf22d685f,I103637,payment_method,anomaly,Debit Card,Cash,0.0697,high,0.5,Column 'payment_method' deviates from similar normal records.,isolation_forest+feature_contribution,True,2026-07-01T07:00:54.255818
e91c1142-18aa-4594-93da-c723f8f60a84,I667057,shopping_mall,anomaly,Zorlu Center,Kanyon,0.0201,high,0.5,Column 'shopping_mall' deviates from similar normal records.,isolation_forest+feature_contribution,True,2026-07-01T07:00:54.470919
2a9e695a-a07e-4241-adf0-d49ca318e8a1,I851862,shopping_mall,anomaly,Emaar Square Mall,Cevahir AVM,0.005,high,0.5,Column 'shopping_mall' deviates from similar normal records.,isolation_forest+feature_contribution,True,2026-07-01T07:00:54.573270
a744b57d-b1dc-4853-a70f-99569b164595,I304147,shopping_mall,anomaly,Cevahir AVM,Kanyon,0.0981,high,0.5,Column 'shopping_mall' deviates from similar normal records.,isolation_forest+feature_contribution,True,2026-07-01T07:00:54.787873
8e340ad2-8742-49d9-b9a2-61a75bc55afc,I112922,shopping_mall,anomaly,Metropol AVM,Mall of Istanbul,0.0078,high,0.5,Column 'shopping_mall' deviates from similar normal records.,isolation_forest+feature_contribution,True,2026-07-01T07:00:55.048462
f91bcc9a-118a-4aaf-83a9-f2a62dedd180,I206675,payment_method,anomaly,Debit Card,Credit Card,0.099,high,0.5,Column 'payment_method' deviates from similar normal records.,isolation_forest+feature_contribution,True,2026-07-01T07:00:55.679970
775424cf-b089-44ff-b966-7ad814424964,I888125,shopping_mall,anomaly,Cevahir AVM,Kanyon,0.0305,high,0.5,Column 'shopping_mall' deviates from similar normal records.,isolation_forest+feature_contribution,True,2026-07-01T07:00:55.746734
9b0029d8-b132-4be8-885d-5a09d8c510e1,I268349,category,anomaly,Toys,Books,0.06,high,0.5,Column 'category' deviates from similar normal records.,isolation_forest+feature_contribution,True,2026-07-01T07:00:56.292708
6cf1398e-eb0a-4c18-95db-67d70b257435,I333415,shopping_mall,anomaly,Metropol AVM,Cevahir AVM,0.0434,high,0.5,Column 'shopping_mall' deviates from similar normal records.,isolation_forest+feature_contribution,True,2026-07-01T07:00:56.927703
1cc685ee-934a-4c95-b6c8-d55b71876e23,I310185,shopping_mall,anomaly,Emaar Square Mall,Mall of Istanbul,0.0463,high,0.5,Column 'shopping_mall' deviates from similar normal records.,isolation_forest+feature_contribution,True,2026-07-01T07:00:57.002494
6f605880-aec5-4da0-b717-9146f53aee56,I211532,payment_method,anomaly,Debit Card,Cash,0.0455,high,0.5,Column 'payment_method' deviates from similar normal records.,isolation_forest+feature_contribution,True,2026-07-01T07:00:57.034620
402758c5-af03-4960-9f31-d43c67dfd10f,I527291,shopping_mall,anomaly,Viaport Outlet,Mall of Istanbul,0.0229,high,0.5,Column 'shopping_mall' deviates from similar normal records.,isolation_forest+feature_contribution,True,2026-07-01T07:00:57.166035
a3abd6b6-e560-4879-87ac-2da6d0a41f8c,I803455,category,anomaly,Books,Food & Beverage,0.0459,high,0.5,Column 'category' deviates from similar normal records.,isolation_forest+feature_contribution,True,2026-07-01T07:00:57.229576
8aaafe23-70e1-407e-af98-c091f013e17c,I271515,payment_method,anomaly,Debit Card,Cash,0.0484,high,0.5,Column 'payment_method' deviates from similar normal records.,isolation_forest+feature_contribution,True,2026-07-01T07:00:57.583039
824d9972-b061-4d40-8f6b-a1dd376658d2,I172168,shopping_mall,anomaly,Metropol AVM,Kanyon,0.0371,high,0.5,Column 'shopping_mall' deviates from similar normal records.,isolation_forest+feature_contribution,True,2026-07-01T07:00:57.648771
68d98d7f-3275-4bb7-ae4a-09a10e3b655e,I457905,shopping_mall,anomaly,Emaar Square Mall,Istinye Park,0.1278,high,0.5,Column 'shopping_mall' deviates from similar normal records.,isolation_forest+feature_contribution,True,2026-07-01T07:00:58.130983
ead07154-400f-48f7-8cfb-9aab24c39988,I369550,payment_method,anomaly,Debit Card,Credit Card,0.0952,high,0.5,Column 'payment_method' deviates from similar normal records.,isolation_forest+feature_contribution,True,2026-07-01T07:00:58.238888
626b8c9c-6519-4ced-bf05-e9f1f518525d,I185869,shopping_mall,anomaly,Viaport Outlet,Emaar Square Mall,0.13,high,0.5,Column 'shopping_mall' deviates from similar normal records.,isolation_forest+feature_contribution,True,2026-07-01T07:00:58.486141
48d4988c-b144-49e8-8ed1-55d1545d03d9,I373133,shopping_mall,anomaly,Metropol AVM,Kanyon,0.0581,high,0.5,Column 'shopping_mall' deviates from similar normal records.,isolation_forest+feature_contribution,True,2026-07-01T07:00:58.528887
0b79981a-05e1-41f6-9e1b-5e88c83e6cff,I129728,payment_method,anomaly,Debit Card,Debit Card,0.2412,high,0.5,Column 'payment_method' deviates from similar normal records.,isolation_forest+feature_contribution,True,2026-07-01T07:00:58.659012
e1197bc7-3c7e-4e45-bbd7-bc75affb93dd,I849925,shopping_mall,anomaly,Emaar Square Mall,Emaar Square Mall,0.0282,high,0.5,Column 'shopping_mall' deviates from similar normal records.,isolation_forest+feature_contribution,True,2026-07-01T07:00:58.827693
74205f4f-f487-4c0e-b076-a0ff4adb34f0,I198818,shopping_mall,anomaly,Cevahir AVM,Emaar Square Mall,0.0259,high,0.5,Column 'shopping_mall' deviates from similar normal records.,isolation_forest+feature_contribution,True,2026-07-01T07:00:59.145688
d9e88834-84b0-4fc8-9d95-abfe5ba542e1,I243409,shopping_mall,anomaly,Zorlu Center,Mall of Istanbul,0.058,high,0.5,Column 'shopping_mall' deviates from similar normal records.,isolation_forest+feature_contribution,True,2026-07-01T07:00:59.919472
0130e397-ff34-43ea-9832-0a68e496603c,I251437,category,anomaly,Souvenir,Books,0.0859,high,0.5,Column 'category' deviates from similar normal records.,isolation_forest+feature_contribution,True,2026-07-01T07:01:00.346943
6f7b49d6-eea3-49da-b9f0-c57289fd3035,I332726,shopping_mall,anomaly,Viaport Outlet,Cevahir AVM,0.0182,high,0.5,Column 'shopping_mall' deviates from similar normal records.,isolation_forest+feature_contribution,True,2026-07-01T07:01:00.404516
796df01b-199f-4a8e-9f17-977bf336932b,I146658,shopping_mall,anomaly,Metropol AVM,Kanyon,0.0048,high,0.5,Column 'shopping_mall' deviates from similar normal records.,isolation_forest+feature_contribution,True,2026-07-01T07:01:00.653142
0cd55435-251b-4999-be82-d029d6f656f5,I148777,shopping_mall,anomaly,Istinye Park,Kanyon,0.0131,high,0.5,Column 'shopping_mall' deviates from similar normal records.,isolation_forest+feature_contribution,True,2026-07-01T07:01:00.762492
3735a4c3-8760-40d4-a2d5-ec1c4dfc5512,I309630,payment_method,anomaly,Debit Card,Cash,0.19,high,0.5,Column 'payment_method' deviates from similar normal records.,isolation_forest+feature_contribution,True,2026-07-01T07:01:01.067966
316512f8-0c73-4fc1-98a0-dbd601535a5d,I356430,shopping_mall,anomaly,Metropol AVM,Cevahir AVM,0.0326,high,0.5,Column 'shopping_mall' deviates from similar normal records.,isolation_forest+feature_contribution,True,2026-07-01T07:01:02.183900
219d8775-6230-4e5b-a8cd-34db0b06686a,I155932,shopping_mall,anomaly,Metropol AVM,Metrocity,0.0193,high,0.5,Column 'shopping_mall' deviates from similar normal records.,isolation_forest+feature_contribution,True,2026-07-01T07:01:02.427731
11b2ba03-dff3-418f-a188-a7abd38cb88f,I275484,shopping_mall,anomaly,Forum Istanbul,Mall of Istanbul,0.1048,high,0.5,Column 'shopping_mall' deviates from similar normal records.,isolation_forest+feature_contribution,True,2026-07-01T07:01:02.474595
fd244b28-1072-40ba-ab9b-b9205a4362d2,I203322,category,anomaly,Books,Books,0.0472,high,0.5,Column 'category' deviates from similar normal records.,isolation_forest+feature_contribution,True,2026-07-01T07:01:02.869974
bfda0cc3-8e6b-4697-86e7-c347ae005414,I107300,shopping_mall,anomaly,Forum Istanbul,Kanyon,0.0871,high,0.5,Column 'shopping_mall' deviates from similar normal records.,isolation_forest+feature_contribution,True,2026-07-01T07:01:03.421902
fb8ce9bb-c72e-4f0a-918c-00bff117e135,I162002,shopping_mall,anomaly,Emaar Square Mall,Forum Istanbul,0.2034,high,0.5,Column 'shopping_mall' deviates from similar normal records.,isolation_forest+feature_contribution,True,2026-07-01T07:01:03.476307
b56c283a-e5a1-471a-91b2-76f901422c72,I331187,shopping_mall,anomaly,Viaport Outlet,Istinye Park,0.0168,high,0.5,Column 'shopping_mall' deviates from similar normal records.,isolation_forest+feature_contribution,True,2026-07-01T07:01:04.274791
c89b4e4b-194e-48d3-a1f9-221eeabab3c1,I276252,shopping_mall,anomaly,Forum Istanbul,Mall of Istanbul,0.0459,high,0.5,Column 'shopping_mall' deviates from similar normal records.,isolation_forest+feature_contribution,True,2026-07-01T07:01:04.330735
d487fb84-bde4-4255-9fb9-edfc8f837845,I444153,payment_method,anomaly,Debit Card,Cash,0.0685,high,0.5,Column 'payment_method' deviates from similar normal records.,isolation_forest+feature_contribution,True,2026-07-01T07:01:04.698022
f5ad0ef9-e7cd-4a74-9871-d23cb5268fd7,I250864,age_group,anomaly,18_25,18_25,0.146,low,0.0,Column 'age_group' deviates from similar normal records.,isolation_forest+feature_contribution,True,2026-07-01T07:01:04.794932
45a45dab-ac4e-47da-9a4f-d55d73222d00,I225856,shopping_mall,anomaly,Viaport Outlet,Emaar Square Mall,0.0703,high,0.5,Column 'shopping_mall' deviates from similar normal records.,isolation_forest+feature_contribution,True,2026-07-01T07:01:04.994790
fb88c653-5281-4597-820a-d5fdeeaca1a1,I309583,shopping_mall,anomaly,Viaport Outlet,Mall of Istanbul,0.0621,high,0.5,Column 'shopping_mall' deviates from similar normal records.,isolation_forest+feature_contribution,True,2026-07-01T07:01:05.047954
76e4b0a3-45e0-4fdd-af42-873d3f68e75e,I307250,shopping_mall,anomaly,Mall of Istanbul,Istinye Park,0.0769,high,0.5,Column 'shopping_mall' deviates from similar normal records.,isolation_forest+feature_contribution,True,2026-07-01T07:01:05.289740
476508b4-4c80-4fe1-bbbf-0a650132d68c,I279299,shopping_mall,anomaly,Forum Istanbul,Forum Istanbul,0.099,high,0.5,Column 'shopping_mall' deviates from similar normal records.,isolation_forest+feature_contribution,True,2026-07-01T07:01:05.395562
356eba16-3d5b-4fbc-a243-16c89f01e432,I193576,shopping_mall,anomaly,Emaar Square Mall,Mall of Istanbul,0.0399,high,0.5,Column 'shopping_mall' deviates from similar normal records.,isolation_forest+feature_contribution,True,2026-07-01T07:01:05.543882
f60912b8-937d-4434-bf1a-8f891c62f6ba,I696954,shopping_mall,anomaly,Metropol AVM,Istinye Park,0.0067,high,0.5,Column 'shopping_mall' deviates from similar normal records.,isolation_forest+feature_contribution,True,2026-07-01T07:01:05.752165
be6d055b-bdea-49b3-b189-b6ce0d36a388,I331678,category,anomaly,Souvenir,Food & Beverage,0.0596,high,0.5,Column 'category' deviates from similar normal records.,isolation_forest+feature_contribution,True,2026-07-01T07:01:06.231772
188b4444-3909-4e2f-acc6-8b7e5a8df09d,I798728,payment_method,anomaly,Debit Card,Cash,0.1569,high,0.5,Column 'payment_method' deviates from similar normal records.,isolation_forest+feature_contribution,True,2026-07-01T07:01:07.092638
21386edd-89e8-4ccd-9f93-9a4d32153a6d,I152350,shopping_mall,anomaly,Emaar Square Mall,Mall of Istanbul,0.0138,high,0.5,Column 'shopping_mall' deviates from similar normal records.,isolation_forest+feature_contribution,True,2026-07-01T07:01:07.486082
3b691c1b-920c-411a-8710-890575551e3c,I559598,shopping_mall,anomaly,Forum Istanbul,Istinye Park,0.0188,high,0.5,Column 'shopping_mall' deviates from similar normal records.,isolation_forest+feature_contribution,True,2026-07-01T07:01:07.600625
24198d57-d4ab-4b8c-8c99-00745bb5d861,I218501,shopping_mall,anomaly,Forum Istanbul,Kanyon,0.0163,high,0.5,Column 'shopping_mall' deviates from similar normal records.,isolation_forest+feature_contribution,True,2026-07-01T07:01:08.204597
ea43ecb3-45a8-464d-b27d-45f107f1c5be,I883337,shopping_mall,anomaly,Viaport Outlet,Istinye Park,0.1159,high,0.5,Column 'shopping_mall' deviates from similar normal records.,isolation_forest+feature_contribution,True,2026-07-01T07:01:09.344658
776ad3db-2728-4b87-80e3-0082b052803e,I370039,category,anomaly,Toys,Cosmetics,0.0219,high,0.5,Column 'category' deviates from similar normal records.,isolation_forest+feature_contribution,True,2026-07-01T07:01:09.484866
6156f1d5-233c-44ce-a38a-ef41671240ea,I176411,shopping_mall,anomaly,Emaar Square Mall,Mall of Istanbul,0.1596,high,0.5,Column 'shopping_mall' deviates from similar normal records.,isolation_forest+feature_contribution,True,2026-07-01T07:01:09.536321
136d73e9-94d2-45f5-8b03-234303f404f7,I728871,shopping_mall,anomaly,Emaar Square Mall,Kanyon,0.1889,high,0.5,Column 'shopping_mall' deviates from similar normal records.,isolation_forest+feature_contribution,True,2026-07-01T07:01:10.063000
ab00076f-58ab-4b95-bfc2-0772b7120af5,I132698,shopping_mall,anomaly,Emaar Square Mall,Istinye Park,0.0461,high,0.5,Column 'shopping_mall' deviates from similar normal records.,isolation_forest+feature_contribution,True,2026-07-01T07:01:11.158646
07750ceb-d9b1-4114-bddf-d67dd9bb11d3,I153248,shopping_mall,anomaly,Metropol AVM,Kanyon,0.0112,high,0.5,Column 'shopping_mall' deviates from similar normal records.,isolation_forest+feature_contribution,True,2026-07-01T07:01:11.306619
f4212fc6-e587-45d8-b9c0-219f05170e93,I188177,shopping_mall,anomaly,Metropol AVM,Forum Istanbul,0.0955,high,0.5,Column 'shopping_mall' deviates from similar normal records.,isolation_forest+feature_contribution,True,2026-07-01T07:01:11.556301
24daa347-73fe-4337-a613-d8b852d0ed2a,I196731,payment_method,anomaly,Debit Card,Credit Card,0.0373,high,0.5,Column 'payment_method' deviates from similar normal records.,isolation_forest+feature_contribution,True,2026-07-01T07:01:12.045924
ef4d3601-0c88-4243-b9be-2b24b14b0c3a,I239877,shopping_mall,anomaly,Viaport Outlet,Mall of Istanbul,0.0086,high,0.5,Column 'shopping_mall' deviates from similar normal records.,isolation_forest+feature_contribution,True,2026-07-01T07:01:12.910623
04fedc82-d2dd-4f78-9044-1a4c2d90c87a,I149858,shopping_mall,anomaly,Viaport Outlet,Viaport Outlet,0.0142,high,0.5,Column 'shopping_mall' deviates from similar normal records.,isolation_forest+feature_contribution,True,2026-07-01T07:01:13.392761
bb7dba66-222f-4ce3-9875-cc7da284697d,I242412,gender,anomaly,Male,Male,0.0622,high,0.5,Column 'gender' deviates from similar normal records.,isolation_forest+feature_contribution,True,2026-07-01T07:01:13.633960
26e2736e-8ab0-4903-b7c7-50d55df64846,I369874,payment_method,anomaly,Debit Card,Debit Card,0.0478,high,0.5,Column 'payment_method' deviates from similar normal records.,isolation_forest+feature_contribution,True,2026-07-01T07:01:13.727873
004f8dd3-3f95-4eed-a95c-68d293ea6829,I160531,category,anomaly,Souvenir,Cosmetics,0.0195,high,0.5,Column 'category' deviates from similar normal records.,isolation_forest+feature_contribution,True,2026-07-01T07:01:14.069117
3b0ecc65-9a3f-48a7-a4cb-3527b20c67ca,I257574,category,anomaly,Books,Books,0.0753,high,0.5,Column 'category' deviates from similar normal records.,isolation_forest+feature_contribution,True,2026-07-01T07:01:14.212724
545d80bc-5b1d-4748-b989-538d1636bf1b,I176629,shopping_mall,anomaly,Zorlu Center,Istinye Park,0.016,high,0.5,Column 'shopping_mall' deviates from similar normal records.,isolation_forest+feature_contribution,True,2026-07-01T07:01:14.397749
1a631b13-be97-410a-8b78-620a399b080d,I269854,shopping_mall,anomaly,Forum Istanbul,Cevahir AVM,0.0255,high,0.5,Column 'shopping_mall' deviates from similar normal records.,isolation_forest+feature_contribution,True,2026-07-01T07:01:15.179824
d14cd573-6123-4469-ae35-68ab460ec16b,I133530,shopping_mall,anomaly,Viaport Outlet,Kanyon,0.0287,high,0.5,Column 'shopping_mall' deviates from similar normal records.,isolation_forest+feature_contribution,True,2026-07-01T07:01:15.283728
fd15b82d-3478-4964-945f-565b448de405,I117041,shopping_mall,anomaly,Viaport Outlet,Mall of Istanbul,0.0505,high,0.5,Column 'shopping_mall' deviates from similar normal records.,isolation_forest+feature_contribution,True,2026-07-01T07:01:15.669933
b6634589-5372-4067-bf35-424e17a0230f,I102244,shopping_mall,anomaly,Viaport Outlet,Metrocity,0.0531,high,0.5,Column 'shopping_mall' deviates from similar normal records.,isolation_forest+feature_contribution,True,2026-07-01T07:01:16.130907
0dad3a81-c436-418c-8e3f-c108a4db0acd,I378202,payment_method,anomaly,Debit Card,Credit Card,0.0499,high,0.5,Column 'payment_method' deviates from similar normal records.,isolation_forest+feature_contribution,True,2026-07-01T07:01:16.322717
c73b3190-8e7f-461c-a750-69af9f9de153,I129317,shopping_mall,anomaly,Viaport Outlet,Kanyon,0.0045,high,0.5,Column 'shopping_mall' deviates from similar normal records.,isolation_forest+feature_contribution,True,2026-07-01T07:01:16.842670
443fba98-9f9d-4a10-9e6c-4a1165f8163d,I664361,shopping_mall,anomaly,Viaport Outlet,Kanyon,0.0292,high,0.5,Column 'shopping_mall' deviates from similar normal records.,isolation_forest+feature_contribution,True,2026-07-01T07:01:16.946277
e96af5d2-f3ad-4f12-aa9e-08e0b1ed1794,I216364,category,anomaly,Toys,Toys,0.0097,high,0.5,Column 'category' deviates from similar normal records.,isolation_forest+feature_contribution,True,2026-07-01T07:01:17.241241
22128a80-bf29-43e3-b9c0-ca0a86759b55,I106800,shopping_mall,anomaly,Istinye Park,Istinye Park,0.1586,high,0.5,Column 'shopping_mall' deviates from similar normal records.,isolation_forest+feature_contribution,True,2026-07-01T07:01:17.359768
cae99dc5-df22-4fab-9411-497d4305f556,I142592,shopping_mall,anomaly,Emaar Square Mall,Metropol AVM,0.1133,high,0.5,Column 'shopping_mall' deviates from similar normal records.,isolation_forest+feature_contribution,True,2026-07-01T07:01:17.740778
8ad3b1a0-75da-4fb4-b919-745f9fae03d4,I366422,payment_method,anomaly,Debit Card,Debit Card,0.0256,high,0.5,Column 'payment_method' deviates from similar normal records.,isolation_forest+feature_contribution,True,2026-07-01T07:01:17.800485
afcbad4d-4341-48b9-a6cd-9444b278aed2,I366422,shopping_mall,anomaly,Cevahir AVM,Metrocity,0.0256,high,0.5,Column 'shopping_mall' deviates from similar normal records.,isolation_forest+feature_contribution,True,2026-07-01T07:01:17.800485
6476900f-8a3f-4860-b0d8-4e4a56462e31,I142539,payment_method,anomaly,Debit Card,Cash,0.0291,high,0.5,Column 'payment_method' deviates from similar normal records.,isolation_forest+feature_contribution,True,2026-07-01T07:01:18.045444
62e658f6-30b1-499f-bc2d-aaba7f845626,I319155,shopping_mall,anomaly,Zorlu Center,Kanyon,0.0029,high,0.5,Column 'shopping_mall' deviates from similar normal records.,isolation_forest+feature_contribution,True,2026-07-01T07:01:18.384002
421dc783-fbe1-4fe5-8020-5cd2c1b5070e,I332438,shopping_mall,anomaly,Viaport Outlet,Mall of Istanbul,0.0399,high,0.5,Column 'shopping_mall' deviates from similar normal records.,isolation_forest+feature_contribution,True,2026-07-01T07:01:18.481828
67b6aa2c-1808-4e0b-9262-1c0ea918c32a,I174030,shopping_mall,anomaly,Viaport Outlet,Cevahir AVM,0.0041,high,0.5,Column 'shopping_mall' deviates from similar normal records.,isolation_forest+feature_contribution,True,2026-07-01T07:01:18.640867
1799e693-0d0d-4958-82b7-7aba06de4369,I164716,shopping_mall,anomaly,Forum Istanbul,Mall of Istanbul,0.005,high,0.5,Column 'shopping_mall' deviates from similar normal records.,isolation_forest+feature_contribution,True,2026-07-01T07:01:19.120060
28697d20-cc7c-4c1a-9da4-971a6db1583f,I303857,shopping_mall,anomaly,Cevahir AVM,Forum Istanbul,0.0224,high,0.5,Column 'shopping_mall' deviates from similar normal records.,isolation_forest+feature_contribution,True,2026-07-01T07:01:19.269764
af37a59e-fbde-49dc-b162-314a15e15373,I861119,shopping_mall,anomaly,Metropol AVM,Emaar Square Mall,0.0663,high,0.5,Column 'shopping_mall' deviates from similar normal records.,isolation_forest+feature_contribution,True,2026-07-01T07:01:19.353477
87a6365c-5233-4a0a-bc7c-850c5b2b81a6,I574226,shopping_mall,anomaly,Cevahir AVM,Viaport Outlet,0.0876,high,0.5,Column 'shopping_mall' deviates from similar normal records.,isolation_forest+feature_contribution,True,2026-07-01T07:01:19.447034
e7efa845-5b6f-448b-9583-0e86f882256a,I321609,category,anomaly,Souvenir,Souvenir,0.0321,high,0.5,Column 'category' deviates from similar normal records.,isolation_forest+feature_contribution,True,2026-07-01T07:01:19.567903
567d7288-8974-40cc-aad0-9f91fb26e718,I921729,shopping_mall,anomaly,Mall of Istanbul,Metrocity,0.0356,high,0.5,Column 'shopping_mall' deviates from similar normal records.,isolation_forest+feature_contribution,True,2026-07-01T07:01:19.816302
bcb81f97-b901-4826-9507-943a2a21fdcb,I335799,shopping_mall,anomaly,Metropol AVM,Kanyon,0.0926,high,0.5,Column 'shopping_mall' deviates from similar normal records.,isolation_forest+feature_contribution,True,2026-07-01T07:01:20.340030
5ba6b9ea-6d8b-4133-8e7f-3a2f5cec502a,I663837,payment_method,anomaly,Debit Card,Cash,0.0673,high,0.5,Column 'payment_method' deviates from similar normal records.,isolation_forest+feature_contribution,True,2026-07-01T07:01:20.633630
ba72614a-3dac-44eb-a9ab-662753e51589,I663837,shopping_mall,anomaly,Viaport Outlet,Istinye Park,0.0673,high,0.5,Column 'shopping_mall' deviates from similar normal records.,isolation_forest+feature_contribution,True,2026-07-01T07:01:20.633630
7aa00ba6-feee-4177-96c2-42a04abf3e05,I258183,shopping_mall,anomaly,Cevahir AVM,Cevahir AVM,0.0112,high,0.5,Column 'shopping_mall' deviates from similar normal records.,isolation_forest+feature_contribution,True,2026-07-01T07:01:21.333887
b7e712d2-8e82-4443-869b-f461000a4884,I147262,shopping_mall,anomaly,Viaport Outlet,Metrocity,0.1221,high,0.5,Column 'shopping_mall' deviates from similar normal records.,isolation_forest+feature_contribution,True,2026-07-01T07:01:21.579741
c87c252f-623d-4e52-a498-aeea3350e34a,I246717,shopping_mall,anomaly,Metrocity,Metrocity,0.0283,high,0.5,Column 'shopping_mall' deviates from similar normal records.,isolation_forest+feature_contribution,True,2026-07-01T07:01:21.670824
8fbe2553-bb96-46d2-8f2a-823301b863ae,I239116,payment_method,anomaly,Debit Card,Debit Card,0.0283,high,0.5,Column 'payment_method' deviates from similar normal records.,isolation_forest+feature_contribution,True,2026-07-01T07:01:21.914520
2de88b9a-0d67-46c6-abc5-432f6c7b098c,I237241,category,anomaly,Souvenir,Food & Beverage,0.0101,high,0.5,Column 'category' deviates from similar normal records.,isolation_forest+feature_contribution,True,2026-07-01T07:01:22.111840
18074d6e-971d-49ee-85b5-150edbe1d4de,I316736,shopping_mall,anomaly,Forum Istanbul,Mall of Istanbul,0.0079,high,0.5,Column 'shopping_mall' deviates from similar normal records.,isolation_forest+feature_contribution,True,2026-07-01T07:01:24.224653
416483c9-7f19-4af0-be25-d347df362e6e,I880465,shopping_mall,anomaly,Zorlu Center,Forum Istanbul,0.0228,high,0.5,Column 'shopping_mall' deviates from similar normal records.,isolation_forest+feature_contribution,True,2026-07-01T07:01:24.649763
e66758dd-5068-44a2-a338-61888b3b5c06,I276207,shopping_mall,anomaly,Viaport Outlet,Kanyon,0.0577,high,0.5,Column 'shopping_mall' deviates from similar normal records.,isolation_forest+feature_contribution,True,2026-07-01T07:01:25.456906
3bc17e04-71fa-42da-8a42-89cbd0d2d9a5,I408144,shopping_mall,anomaly,Mall of Istanbul,Kanyon,0.0244,high,0.5,Column 'shopping_mall' deviates from similar normal records.,isolation_forest+feature_contribution,True,2026-07-01T07:01:25.510256
a93e9a43-5895-4646-9e97-e0bdff7e7004,I565410,shopping_mall,anomaly,Viaport Outlet,Kanyon,0.0117,high,0.5,Column 'shopping_mall' deviates from similar normal records.,isolation_forest+feature_contribution,True,2026-07-01T07:01:26.009527
dd6e413d-d664-4ab7-b94c-976841b3a2de,I170649,shopping_mall,anomaly,Emaar Square Mall,Emaar Square Mall,0.0602,high,0.5,Column 'shopping_mall' deviates from similar normal records.,isolation_forest+feature_contribution,True,2026-07-01T07:01:26.110694
fd4059cf-509a-47db-ab43-02ec42838428,I104894,shopping_mall,anomaly,Cevahir AVM,Metrocity,0.1031,high,0.5,Column 'shopping_mall' deviates from similar normal records.,isolation_forest+feature_contribution,True,2026-07-01T07:01:26.720034
872453b1-6dc5-467c-81c2-355721e700c3,I678156,payment_method,anomaly,Debit Card,Cash,0.1075,high,0.5,Column 'payment_method' deviates from similar normal records.,isolation_forest+feature_contribution,True,2026-07-01T07:01:27.163894
fb2b52a2-db07-46a1-9cb0-78ea712a31a3,I563387,payment_method,anomaly,Debit Card,Cash,0.0774,high,0.5,Column 'payment_method' deviates from similar normal records.,isolation_forest+feature_contribution,True,2026-07-01T07:01:27.293303
161ca317-8f2d-41e9-a3ce-78978b9f5e26,I152561,category,anomaly,Souvenir,Food & Beverage,0.0409,high,0.5,Column 'category' deviates from similar normal records.,isolation_forest+feature_contribution,True,2026-07-01T07:01:27.803692
2add246c-6ef6-441a-a387-4fe4eb35fa21,I195098,shopping_mall,anomaly,Viaport Outlet,Istinye Park,0.0374,high,0.5,Column 'shopping_mall' deviates from similar normal records.,isolation_forest+feature_contribution,True,2026-07-01T07:01:27.998969
e1eab610-14b0-4b58-80ff-c99f0e8f9c50,I839134,shopping_mall,anomaly,Emaar Square Mall,Emaar Square Mall,0.0891,high,0.5,Column 'shopping_mall' deviates from similar normal records.,isolation_forest+feature_contribution,True,2026-07-01T07:01:29.147928
c80939c0-caa8-469c-a194-98b170d4d6f5,I659986,shopping_mall,anomaly,Zorlu Center,Cevahir AVM,0.0348,high,0.5,Column 'shopping_mall' deviates from similar normal records.,isolation_forest+feature_contribution,True,2026-07-01T07:01:29.626361
87556f3c-fd35-4dcb-9f1b-9dd4ebc20397,I257661,shopping_mall,anomaly,Viaport Outlet,Mall of Istanbul,0.0893,high,0.5,Column 'shopping_mall' deviates from similar normal records.,isolation_forest+feature_contribution,True,2026-07-01T07:01:29.854467
5a9d94a5-688f-4357-b380-0c3926464931,I738620,category,anomaly,Souvenir,Souvenir,0.0087,high,0.5,Column 'category' deviates from similar normal records.,isolation_forest+feature_contribution,True,2026-07-01T07:01:29.904993
851b6a79-23a2-4b99-8286-c79d979b2bc8,I949689,shopping_mall,anomaly,Forum Istanbul,Cevahir AVM,0.0228,high,0.5,Column 'shopping_mall' deviates from similar normal records.,isolation_forest+feature_contribution,True,2026-07-01T07:01:29.947771
19073820-82e7-48a1-87e0-3585a348e646,I571248,payment_method,anomaly,Debit Card,Cash,0.1034,high,0.5,Column 'payment_method' deviates from similar normal records.,isolation_forest+feature_contribution,True,2026-07-01T07:01:30.052996
5291c05b-ffa5-45ff-95a6-4a12329d4b88,I318264,shopping_mall,anomaly,Kanyon,Mall of Istanbul,0.0341,high,0.5,Column 'shopping_mall' deviates from similar normal records.,isolation_forest+feature_contribution,True,2026-07-01T07:01:30.462786
917c2d2d-b4ab-4b34-95ac-9412005846b1,I100145,payment_method,anomaly,Debit Card,Credit Card,0.1094,high,0.5,Column 'payment_method' deviates from similar normal records.,isolation_forest+feature_contribution,True,2026-07-01T07:01:30.680703
64d2154b-3299-4c79-82d7-23b9f652e93e,I310128,payment_method,anomaly,Debit Card,Cash,0.0612,high,0.5,Column 'payment_method' deviates from similar normal records.,isolation_forest+feature_contribution,True,2026-07-01T07:01:31.006009
421b9f25-29c1-4555-9123-2acaf38d51c6,I310128,shopping_mall,anomaly,Metropol AVM,Metrocity,0.0612,high,0.5,Column 'shopping_mall' deviates from similar normal records.,isolation_forest+feature_contribution,True,2026-07-01T07:01:31.007009
698d7e6c-9b45-4b01-8379-b3350c9e9543,I136673,quantity_band,anomaly,single,single,0.0539,high,0.5,Column 'quantity_band' deviates from similar normal records.,isolation_forest+feature_contribution,True,2026-07-01T07:01:31.102102
5b0ff97f-d769-46b1-9945-f9239c8c1e69,I238841,shopping_mall,anomaly,Metropol AVM,Mall of Istanbul,0.1241,high,0.5,Column 'shopping_mall' deviates from similar normal records.,isolation_forest+feature_contribution,True,2026-07-01T07:01:31.318741
2b717f7c-9938-4f57-856c-b644366da44b,I100484,payment_method,anomaly,Debit Card,Cash,0.0225,high,0.5,Column 'payment_method' deviates from similar normal records.,isolation_forest+feature_contribution,True,2026-07-01T07:01:31.566242
6a588306-dc2d-44e1-ad1a-c2bdca3c1826,I543064,payment_method,anomaly,Debit Card,Cash,0.0436,high,0.5,Column 'payment_method' deviates from similar normal records.,isolation_forest+feature_contribution,True,2026-07-01T07:01:31.602827
c39ddad8-d375-48ac-9fd1-7da2209efbb0,I219695,shopping_mall,anomaly,Emaar Square Mall,Emaar Square Mall,0.0864,high,0.5,Column 'shopping_mall' deviates from similar normal records.,isolation_forest+feature_contribution,True,2026-07-01T07:01:31.741393
b65d4774-b32a-4264-af75-a253b2e40a25,I743732,shopping_mall,anomaly,Viaport Outlet,Kanyon,0.1173,high,0.5,Column 'shopping_mall' deviates from similar normal records.,isolation_forest+feature_contribution,True,2026-07-01T07:01:32.576179
ecb694f7-6b7f-4eb1-970c-52f29a78c7cd,I418942,gender,anomaly,Male,Female,0.0441,high,0.5,Column 'gender' deviates from similar normal records.,isolation_forest+feature_contribution,True,2026-07-01T07:01:33.016416
98f53f1d-b923-4623-9941-a0bcd8506c57,I281968,shopping_mall,anomaly,Viaport Outlet,Cevahir AVM,0.0646,high,0.5,Column 'shopping_mall' deviates from similar normal records.,isolation_forest+feature_contribution,True,2026-07-01T07:01:33.178693
b74c48fc-f98e-4672-9a99-704c98050f45,I239833,payment_method,anomaly,Cash,Cash,0.0906,high,0.5,Column 'payment_method' deviates from similar normal records.,isolation_forest+feature_contribution,True,2026-07-01T07:01:33.712880
ac526975-d7e2-4f52-8b20-7abebb2296be,I239833,shopping_mall,anomaly,Metropol AVM,Forum Istanbul,0.0906,high,0.5,Column 'shopping_mall' deviates from similar normal records.,isolation_forest+feature_contribution,True,2026-07-01T07:01:33.712880
fa2b7e85-9df2-42b5-8cee-44c428bc65b0,I133401,shopping_mall,anomaly,Forum Istanbul,Forum Istanbul,0.0171,high,0.5,Column 'shopping_mall' deviates from similar normal records.,isolation_forest+feature_contribution,True,2026-07-01T07:01:33.783648
a363d451-f1cc-4ef3-a7ae-f5f7df252451,I204616,shopping_mall,anomaly,Metropol AVM,Mall of Istanbul,0.062,high,0.5,Column 'shopping_mall' deviates from similar normal records.,isolation_forest+feature_contribution,True,2026-07-01T07:01:34.069961
e6e13525-ef1f-4324-8117-873d9da934de,I518454,payment_method,anomaly,Debit Card,Cash,0.0641,high,0.5,Column 'payment_method' deviates from similar normal records.,isolation_forest+feature_contribution,True,2026-07-01T07:01:34.336395
7b4c8b31-6606-499b-8379-e80f78ec6ed6,I137226,category,anomaly,Souvenir,Food & Beverage,0.0498,high,0.5,Column 'category' deviates from similar normal records.,isolation_forest+feature_contribution,True,2026-07-01T07:01:34.609917
e6247071-cca2-437e-aa05-7c0310005075,I100186,payment_method,anomaly,Debit Card,Credit Card,0.0986,high,0.5,Column 'payment_method' deviates from similar normal records.,isolation_forest+feature_contribution,True,2026-07-01T07:01:34.891287
a1c6c9e2-90ce-4e04-9a35-939cc6199c48,I100186,shopping_mall,anomaly,Zorlu Center,Cevahir AVM,0.0986,high,0.5,Column 'shopping_mall' deviates from similar normal records.,isolation_forest+feature_contribution,True,2026-07-01T07:01:34.892291
12a6c79a-6a58-44b4-b593-be6e601a188f,I305676,shopping_mall,anomaly,Viaport Outlet,Viaport Outlet,0.0873,high,0.5,Column 'shopping_mall' deviates from similar normal records.,isolation_forest+feature_contribution,True,2026-07-01T07:01:36.307733
c0e5a7f7-b563-49ea-80bf-5c6c1e8d3240,I224144,shopping_mall,anomaly,Emaar Square Mall,Mall of Istanbul,0.0628,high,0.5,Column 'shopping_mall' deviates from similar normal records.,isolation_forest+feature_contribution,True,2026-07-01T07:01:36.839877
606540dc-999f-4113-8ac0-cd57d563d44e,I154860,shopping_mall,anomaly,Viaport Outlet,Mall of Istanbul,0.102,high,0.5,Column 'shopping_mall' deviates from similar normal records.,isolation_forest+feature_contribution,True,2026-07-01T07:01:37.179440
0174875e-d12d-4b24-9bc0-cf2a239628ce,I128677,shopping_mall,anomaly,Emaar Square Mall,Cevahir AVM,0.0043,high,0.5,Column 'shopping_mall' deviates from similar normal records.,isolation_forest+feature_contribution,True,2026-07-01T07:01:37.238432
6caa8b33-837b-47e9-ab7a-0ccd8325cf7c,I694091,payment_method,anomaly,Debit Card,Cash,0.0036,high,0.5,Column 'payment_method' deviates from similar normal records.,isolation_forest+feature_contribution,True,2026-07-01T07:01:37.606857
86bdf441-0b9e-4e28-b5ec-487928397052,I874729,payment_method,anomaly,Debit Card,Credit Card,0.0847,high,0.5,Column 'payment_method' deviates from similar normal records.,isolation_forest+feature_contribution,True,2026-07-01T07:01:37.653104
b9cf2ed7-f434-4564-9cc7-37269ff5a51e,I307924,shopping_mall,anomaly,Viaport Outlet,Metrocity,0.0103,high,0.5,Column 'shopping_mall' deviates from similar normal records.,isolation_forest+feature_contribution,True,2026-07-01T07:01:37.758804
353da461-5aa9-4aa2-a067-41d9c300ef9b,I179846,shopping_mall,anomaly,Emaar Square Mall,Mall of Istanbul,0.0353,high,0.5,Column 'shopping_mall' deviates from similar normal records.,isolation_forest+feature_contribution,True,2026-07-01T07:01:38.006303
ff900d41-bc3c-447c-b9c7-e268f655f360,I124685,payment_method,anomaly,Debit Card,Debit Card,0.0266,high,0.5,Column 'payment_method' deviates from similar normal records.,isolation_forest+feature_contribution,True,2026-07-01T07:01:38.309034
32ba934f-f261-4434-afaa-456bdf99cdc0,I285003,gender,anomaly,Female,Male,0.0099,high,0.5,Column 'gender' deviates from similar normal records.,isolation_forest+feature_contribution,True,2026-07-01T07:01:38.644581
c365e52d-0f78-4c7c-9c82-ad16b55ed8de,I899450,shopping_mall,anomaly,Emaar Square Mall,Cevahir AVM,0.1006,high,0.5,Column 'shopping_mall' deviates from similar normal records.,isolation_forest+feature_contribution,True,2026-07-01T07:01:38.689359
2478bf6e-bc1c-4550-a457-00669a883237,I120168,shopping_mall,anomaly,Cevahir AVM,Metrocity,0.0626,high,0.5,Column 'shopping_mall' deviates from similar normal records.,isolation_forest+feature_contribution,True,2026-07-01T07:01:38.814826
1b8d210b-c277-469d-80d7-d4f4d76053e1,I325760,shopping_mall,anomaly,Metrocity,Forum Istanbul,0.1525,high,0.5,Column 'shopping_mall' deviates from similar normal records.,isolation_forest+feature_contribution,True,2026-07-01T07:01:38.922906
afbc042a-ce16-435e-98f0-bd5ea1ffb724,I119541,shopping_mall,anomaly,Metropol AVM,Mall of Istanbul,0.0788,high,0.5,Column 'shopping_mall' deviates from similar normal records.,isolation_forest+feature_contribution,True,2026-07-01T07:01:39.218978
3bebbcc0-ecea-406a-bf83-08d6c7b1f4e2,I129783,payment_method,anomaly,Debit Card,Cash,0.0716,high,0.5,Column 'payment_method' deviates from similar normal records.,isolation_forest+feature_contribution,True,2026-07-01T07:01:39.270625
b52ed763-9979-4139-b772-62ca54e42479,I191025,shopping_mall,anomaly,Zorlu Center,Istinye Park,0.0735,high,0.5,Column 'shopping_mall' deviates from similar normal records.,isolation_forest+feature_contribution,True,2026-07-01T07:01:39.349920
39b2180d-06da-4c6d-8a8a-0c532653e732,I381790,shopping_mall,anomaly,Metropol AVM,Zorlu Center,0.0436,high,0.5,Column 'shopping_mall' deviates from similar normal records.,isolation_forest+feature_contribution,True,2026-07-01T07:01:39.477745
5c6cc843-534d-4777-9c55-d57771a63aba,I205617,shopping_mall,anomaly,Emaar Square Mall,Cevahir AVM,0.2,high,0.5,Column 'shopping_mall' deviates from similar normal records.,isolation_forest+feature_contribution,True,2026-07-01T07:01:39.626824
844ccafb-c993-4e89-a4db-91dbc581931a,I166101,shopping_mall,anomaly,Forum Istanbul,Mall of Istanbul,0.0189,high,0.5,Column 'shopping_mall' deviates from similar normal records.,isolation_forest+feature_contribution,True,2026-07-01T07:01:39.918894
2ab4b5a4-c9a8-4bf5-9c76-05390dda37cd,I185918,shopping_mall,anomaly,Viaport Outlet,Cevahir AVM,0.0035,high,0.5,Column 'shopping_mall' deviates from similar normal records.,isolation_forest+feature_contribution,True,2026-07-01T07:01:40.249511
e53cb4be-8913-4535-a5ff-38d0f3d3104b,I143576,shopping_mall,anomaly,Cevahir AVM,Cevahir AVM,0.1116,high,0.5,Column 'shopping_mall' deviates from similar normal records.,isolation_forest+feature_contribution,True,2026-07-01T07:01:40.634589
65de2f38-d7a7-4ad5-ade6-2035049edbce,I172099,shopping_mall,anomaly,Zorlu Center,Istinye Park,0.029,high,0.5,Column 'shopping_mall' deviates from similar normal records.,isolation_forest+feature_contribution,True,2026-07-01T07:01:40.999518
e0e25004-6840-41a7-a70e-d39d2df701be,I140783,payment_method,anomaly,Debit Card,Debit Card,0.0553,high,0.5,Column 'payment_method' deviates from similar normal records.,isolation_forest+feature_contribution,True,2026-07-01T07:01:41.923258
589c80e8-9480-4abb-b67a-1e0b893e3189,I116858,shopping_mall,anomaly,Cevahir AVM,Mall of Istanbul,0.0229,high,0.5,Column 'shopping_mall' deviates from similar normal records.,isolation_forest+feature_contribution,True,2026-07-01T07:01:42.002331
ba22a223-f266-4d22-8eb1-79bb154f3f1e,I136119,shopping_mall,anomaly,Metropol AVM,Viaport Outlet,0.0851,high,0.5,Column 'shopping_mall' deviates from similar normal records.,isolation_forest+feature_contribution,True,2026-07-01T07:01:42.036434
2836f9dc-8a6a-495f-b8e4-bf3fca0f25ea,I235267,shopping_mall,anomaly,Viaport Outlet,Kanyon,0.0089,high,0.5,Column 'shopping_mall' deviates from similar normal records.,isolation_forest+feature_contribution,True,2026-07-01T07:01:42.078601
62d9e194-cb9b-4715-aa34-882d3d856b37,I863376,shopping_mall,anomaly,Forum Istanbul,Istinye Park,0.0324,high,0.5,Column 'shopping_mall' deviates from similar normal records.,isolation_forest+feature_contribution,True,2026-07-01T07:01:42.259033
a49b13be-4342-4224-91aa-de48ad4c3e4b,I270701,shopping_mall,anomaly,Emaar Square Mall,Metrocity,0.0785,high,0.5,Column 'shopping_mall' deviates from similar normal records.,isolation_forest+feature_contribution,True,2026-07-01T07:01:42.376837
2f50e47a-544e-420b-8069-ec4cfe1ca090,I167243,shopping_mall,anomaly,Emaar Square Mall,Mall of Istanbul,0.0104,high,0.5,Column 'shopping_mall' deviates from similar normal records.,isolation_forest+feature_contribution,True,2026-07-01T07:01:42.594836
dc86762a-3e6d-4bdc-ba9e-268e820495c0,I210027,payment_method,anomaly,Debit Card,Debit Card,0.0532,high,0.5,Column 'payment_method' deviates from similar normal records.,isolation_forest+feature_contribution,True,2026-07-01T07:01:43.743195
8cf4edfd-214c-4f56-b435-072194653077,I174987,shopping_mall,anomaly,Metropol AVM,Kanyon,0.0865,high,0.5,Column 'shopping_mall' deviates from similar normal records.,isolation_forest+feature_contribution,True,2026-07-01T07:01:43.851953
ce178c3d-edd2-4622-b818-a86c613f828c,I161372,payment_method,anomaly,Debit Card,Credit Card,0.1788,high,0.5,Column 'payment_method' deviates from similar normal records.,isolation_forest+feature_contribution,True,2026-07-01T07:01:43.933475
e2858fa5-bfc4-4fd7-a41d-b19bd085b243,I912659,category,anomaly,Books,Cosmetics,0.108,high,0.5,Column 'category' deviates from similar normal records.,isolation_forest+feature_contribution,True,2026-07-01T07:01:44.460951
fde574b1-d752-40bf-8344-fa4fa7df3e90,I290920,payment_method,anomaly,Debit Card,Debit Card,0.04,high,0.5,Column 'payment_method' deviates from similar normal records.,isolation_forest+feature_contribution,True,2026-07-01T07:01:45.281267
9ba023cb-44b3-4049-9f7f-15eaf1526dc9,I290920,shopping_mall,anomaly,Viaport Outlet,Forum Istanbul,0.04,high,0.5,Column 'shopping_mall' deviates from similar normal records.,isolation_forest+feature_contribution,True,2026-07-01T07:01:45.281267
41928520-7928-47d0-948b-71ea16f6c223,I273368,shopping_mall,anomaly,Metropol AVM,Metrocity,0.0286,high,0.5,Column 'shopping_mall' deviates from similar normal records.,isolation_forest+feature_contribution,True,2026-07-01T07:01:45.435367
1d3ea751-5c51-47d3-9958-4c1979de30d1,I303714,shopping_mall,anomaly,Viaport Outlet,Mall of Istanbul,0.0197,high,0.5,Column 'shopping_mall' deviates from similar normal records.,isolation_forest+feature_contribution,True,2026-07-01T07:01:45.654551
19ea045c-b954-4ce6-aaaf-169a61537949,I470519,shopping_mall,anomaly,Kanyon,Istinye Park,0.048,high,0.5,Column 'shopping_mall' deviates from similar normal records.,isolation_forest+feature_contribution,True,2026-07-01T07:01:46.300031
dbe4cf42-2b3d-4d2e-82a3-e2e33bb729f4,I220395,payment_method,anomaly,Debit Card,Cash,0.129,high,0.5,Column 'payment_method' deviates from similar normal records.,isolation_forest+feature_contribution,True,2026-07-01T07:01:46.611688
80749285-ca71-48da-832d-ec4a35d3a009,I281898,shopping_mall,anomaly,Emaar Square Mall,Mall of Istanbul,0.0626,high,0.5,Column 'shopping_mall' deviates from similar normal records.,isolation_forest+feature_contribution,True,2026-07-01T07:01:46.997704
e7f009bd-7662-49c8-8fff-d6a92939e754,I637022,shopping_mall,anomaly,Cevahir AVM,Cevahir AVM,0.0777,high,0.5,Column 'shopping_mall' deviates from similar normal records.,isolation_forest+feature_contribution,True,2026-07-01T07:01:47.028815
f7d1d3a1-1e64-4509-93b6-296e9c54b5cc,I649638,shopping_mall,anomaly,Cevahir AVM,Istinye Park,0.0504,high,0.5,Column 'shopping_mall' deviates from similar normal records.,isolation_forest+feature_contribution,True,2026-07-01T07:01:47.322512
a696e31b-647b-42e2-9056-a5bc874151b0,I123430,payment_method,anomaly,Debit Card,Cash,0.0211,high,0.5,Column 'payment_method' deviates from similar normal records.,isolation_forest+feature_contribution,True,2026-07-01T07:01:47.479432
4307072e-0d53-4f8d-99fb-4febba6ba436,I257704,shopping_mall,anomaly,Cevahir AVM,Viaport Outlet,0.0968,high,0.5,Column 'shopping_mall' deviates from similar normal records.,isolation_forest+feature_contribution,True,2026-07-01T07:01:48.258911
8450c3d7-927c-4a59-83c7-9da8d1106722,I317265,shopping_mall,anomaly,Cevahir AVM,Kanyon,0.0753,high,0.5,Column 'shopping_mall' deviates from similar normal records.,isolation_forest+feature_contribution,True,2026-07-01T07:01:48.530487
6d7d02e5-1b91-4c49-880b-ece8703289fb,I807687,payment_method,anomaly,Debit Card,Cash,0.0262,high,0.5,Column 'payment_method' deviates from similar normal records.,isolation_forest+feature_contribution,True,2026-07-01T07:01:48.629595
4cbd2558-961f-489e-ba78-d96ef39b8316,I809066,shopping_mall,anomaly,Kanyon,Emaar Square Mall,0.0211,high,0.5,Column 'shopping_mall' deviates from similar normal records.,isolation_forest+feature_contribution,True,2026-07-01T07:01:48.950860
430fff46-2a5f-4ec0-84c2-716b67c52306,I223874,shopping_mall,anomaly,Zorlu Center,Cevahir AVM,0.0051,high,0.5,Column 'shopping_mall' deviates from similar normal records.,isolation_forest+feature_contribution,True,2026-07-01T07:01:49.062635
0e6c44d0-453d-4006-8a83-2b488de98ee7,I291781,payment_method,anomaly,Debit Card,Credit Card,0.0311,high,0.5,Column 'payment_method' deviates from similar normal records.,isolation_forest+feature_contribution,True,2026-07-01T07:01:49.676314
bcf97381-ce57-411c-a2c1-a0fbd7dc0863,I192851,payment_method,anomaly,Debit Card,Debit Card,0.0406,high,0.5,Column 'payment_method' deviates from similar normal records.,isolation_forest+feature_contribution,True,2026-07-01T07:01:49.710909
c0bd955b-3f4d-4982-9397-3efbb984b1cb,I192851,shopping_mall,anomaly,Emaar Square Mall,Kanyon,0.0406,high,0.5,Column 'shopping_mall' deviates from similar normal records.,isolation_forest+feature_contribution,True,2026-07-01T07:01:49.711910
e56c9246-296a-446d-b384-c2492aa2a71d,I160951,shopping_mall,anomaly,Viaport Outlet,Mall of Istanbul,0.0238,high,0.5,Column 'shopping_mall' deviates from similar normal records.,isolation_forest+feature_contribution,True,2026-07-01T07:01:49.869984
36d3b976-bdcc-4a14-81af-51d8d4159230,I769180,shopping_mall,anomaly,Viaport Outlet,Kanyon,0.0503,high,0.5,Column 'shopping_mall' deviates from similar normal records.,isolation_forest+feature_contribution,True,2026-07-01T07:01:50.087991
0eb45aa9-2010-4aae-9784-409c12b086f9,I283760,shopping_mall,anomaly,Viaport Outlet,Cevahir AVM,0.0819,high,0.5,Column 'shopping_mall' deviates from similar normal records.,isolation_forest+feature_contribution,True,2026-07-01T07:01:50.129852
d4d2bc45-6039-4ca3-b971-0ffc24b4a9fb,I411874,shopping_mall,anomaly,Viaport Outlet,Kanyon,0.0782,high,0.5,Column 'shopping_mall' deviates from similar normal records.,isolation_forest+feature_contribution,True,2026-07-01T07:01:50.478766
d49dc1b5-10db-4a64-b136-a1ac68a868a9,I155043,shopping_mall,anomaly,Metropol AVM,Metropol AVM,0.016,high,0.5,Column 'shopping_mall' deviates from similar normal records.,isolation_forest+feature_contribution,True,2026-07-01T07:01:51.245961
a0fe9d8f-3092-4d92-a715-c69d68592c44,I195325,shopping_mall,anomaly,Metropol AVM,Kanyon,0.0013,high,0.5,Column 'shopping_mall' deviates from similar normal records.,isolation_forest+feature_contribution,True,2026-07-01T07:01:51.340768
bac6ab00-f05b-45bc-be56-e689c24026bd,I277831,shopping_mall,anomaly,Zorlu Center,Kanyon,0.0027,high,0.5,Column 'shopping_mall' deviates from similar normal records.,isolation_forest+feature_contribution,True,2026-07-01T07:01:51.704671
25ed3364-4676-4ca9-ad07-74bd5d7f7655,I265832,payment_method,anomaly,Credit Card,Debit Card,0.0239,high,0.5,Column 'payment_method' deviates from similar normal records.,isolation_forest+feature_contribution,True,2026-07-01T07:01:52.078852
659a3bbc-d0e7-407b-91b8-e946d99ae425,I314859,shopping_mall,anomaly,Emaar Square Mall,Kanyon,0.0749,high,0.5,Column 'shopping_mall' deviates from similar normal records.,isolation_forest+feature_contribution,True,2026-07-01T07:01:52.249991
a67ddbe2-2d96-479d-93e6-d0899f4245a2,I235804,shopping_mall,anomaly,Viaport Outlet,Mall of Istanbul,0.0875,high,0.5,Column 'shopping_mall' deviates from similar normal records.,isolation_forest+feature_contribution,True,2026-07-01T07:01:52.443920
72309c25-c006-46a0-a9b6-59e8e6d6f3a0,I141550,category,anomaly,Souvenir,Food & Beverage,0.0762,high,0.5,Column 'category' deviates from similar normal records.,isolation_forest+feature_contribution,True,2026-07-01T07:01:52.480633
088dd919-aad9-4394-be59-c1007f1e74d4,I207880,shopping_mall,anomaly,Viaport Outlet,Mall of Istanbul,0.0623,high,0.5,Column 'shopping_mall' deviates from similar normal records.,isolation_forest+feature_contribution,True,2026-07-01T07:01:52.719278
88713d31-3d9f-43ce-a3c5-591ea72a81e5,I170820,payment_method,anomaly,Debit Card,Cash,0.1255,high,0.5,Column 'payment_method' deviates from similar normal records.,isolation_forest+feature_contribution,True,2026-07-01T07:01:52.989341
d0c5ff9b-3d04-4a0d-82c9-8b004c9d82e3,I170820,shopping_mall,anomaly,Metropol AVM,Metrocity,0.1255,high,0.5,Column 'shopping_mall' deviates from similar normal records.,isolation_forest+feature_contribution,True,2026-07-01T07:01:52.989341
a3be7527-aab2-4998-bedd-1372be561e25,I266007,shopping_mall,anomaly,Metropol AVM,Kanyon,0.0564,high,0.5,Column 'shopping_mall' deviates from similar normal records.,isolation_forest+feature_contribution,True,2026-07-01T07:01:53.275136
1263a04a-0afc-4b50-9402-c033740a4a25,I853133,shopping_mall,anomaly,Emaar Square Mall,Mall of Istanbul,0.042,high,0.5,Column 'shopping_mall' deviates from similar normal records.,isolation_forest+feature_contribution,True,2026-07-01T07:01:53.380021
1f485d7c-b944-492e-b5de-4b5f30dcc74d,I302399,payment_method,anomaly,Debit Card,Credit Card,0.1017,high,0.5,Column 'payment_method' deviates from similar normal records.,isolation_forest+feature_contribution,True,2026-07-01T07:01:53.425707
6f84a50f-0b4d-4471-bf0b-11b5d93c1a3d,I152994,shopping_mall,anomaly,Viaport Outlet,Kanyon,0.0396,high,0.5,Column 'shopping_mall' deviates from similar normal records.,isolation_forest+feature_contribution,True,2026-07-01T07:01:53.466753
34e87d79-3aeb-43b7-b3a8-35378f6972b3,I299510,shopping_mall,anomaly,Metropol AVM,Cevahir AVM,0.0767,high,0.5,Column 'shopping_mall' deviates from similar normal records.,isolation_forest+feature_contribution,True,2026-07-01T07:01:53.548699
c5247ab9-da0d-40d7-9c7d-6dbe8b9dfe5b,I195974,payment_method,anomaly,Debit Card,Cash,0.1036,high,0.5,Column 'payment_method' deviates from similar normal records.,isolation_forest+feature_contribution,True,2026-07-01T07:01:53.628935
35ed4bb4-4803-40dc-bca9-d1edd33f64a8,I198479,shopping_mall,anomaly,Kanyon,Kanyon,0.0256,high,0.5,Column 'shopping_mall' deviates from similar normal records.,isolation_forest+feature_contribution,True,2026-07-01T07:01:53.979948
25e9df9a-5aba-4ce6-9c53-65fbddd951db,I140040,shopping_mall,anomaly,Emaar Square Mall,Emaar Square Mall,0.0877,high,0.5,Column 'shopping_mall' deviates from similar normal records.,isolation_forest+feature_contribution,True,2026-07-01T07:01:54.296068
dad67d1a-00ad-4257-8589-7805aa5551e4,I172741,category,anomaly,Souvenir,Books,0.0595,high,0.5,Column 'category' deviates from similar normal records.,isolation_forest+feature_contribution,True,2026-07-01T07:01:54.364531
7ac97aa7-2e62-4c31-8e2b-8fcc1285508d,I249531,payment_method,anomaly,Debit Card,Debit Card,0.0415,high,0.5,Column 'payment_method' deviates from similar normal records.,isolation_forest+feature_contribution,True,2026-07-01T07:01:54.398927
b6a4e881-c2a0-4409-ad21-fb8d00344d6e,I310759,category,anomaly,Souvenir,Souvenir,0.0525,high,0.5,Column 'category' deviates from similar normal records.,isolation_forest+feature_contribution,True,2026-07-01T07:01:54.523180
887a2141-0432-49c5-84e9-850cb8fcccf1,I627544,shopping_mall,anomaly,Emaar Square Mall,Kanyon,0.2175,high,0.5,Column 'shopping_mall' deviates from similar normal records.,isolation_forest+feature_contribution,True,2026-07-01T07:01:54.619573
1b5214f4-f075-45d9-aa7e-0977ef44783c,I559284,category,anomaly,Souvenir,Books,0.1065,high,0.5,Column 'category' deviates from similar normal records.,isolation_forest+feature_contribution,True,2026-07-01T07:01:55.202641
26c55afe-ab96-4ad1-8862-17f35183e849,I262110,shopping_mall,anomaly,Metropol AVM,Kanyon,0.0599,high,0.5,Column 'shopping_mall' deviates from similar normal records.,isolation_forest+feature_contribution,True,2026-07-01T07:01:55.424859
a3a010be-257b-4e45-b793-73060b3bc558,I319350,gender,anomaly,Male,Male,0.0656,high,0.5,Column 'gender' deviates from similar normal records.,isolation_forest+feature_contribution,True,2026-07-01T07:01:55.562984
16f13b8f-1d2f-46c5-8fe7-eaa3c023dbe2,I190436,shopping_mall,anomaly,Viaport Outlet,Emaar Square Mall,0.0923,high,0.5,Column 'shopping_mall' deviates from similar normal records.,isolation_forest+feature_contribution,True,2026-07-01T07:01:55.916109
46d7bddd-c2a9-4838-9c21-2eeaafe89cf4,I420944,payment_method,anomaly,Debit Card,Cash,0.0398,high,0.5,Column 'payment_method' deviates from similar normal records.,isolation_forest+feature_contribution,True,2026-07-01T07:01:56.180330
67dc518e-19b0-4b48-9dd0-481bf35a8379,I695998,shopping_mall,anomaly,Emaar Square Mall,Kanyon,0.0969,high,0.5,Column 'shopping_mall' deviates from similar normal records.,isolation_forest+feature_contribution,True,2026-07-01T07:01:56.655912
84b428f0-5591-4f2c-acd1-4080502c4152,I112615,shopping_mall,anomaly,Metrocity,Mall of Istanbul,0.0399,high,0.5,Column 'shopping_mall' deviates from similar normal records.,isolation_forest+feature_contribution,True,2026-07-01T07:01:56.857782
cb30ab60-689e-4750-9727-7ca75f6fefe8,I437255,shopping_mall,anomaly,Istinye Park,Istinye Park,0.0247,high,0.5,Column 'shopping_mall' deviates from similar normal records.,isolation_forest+feature_contribution,True,2026-07-01T07:01:57.284585
ac9a4103-a778-41d6-80b8-e7069c0eb0bb,I868506,shopping_mall,anomaly,Metropol AVM,Emaar Square Mall,0.0449,high,0.5,Column 'shopping_mall' deviates from similar normal records.,isolation_forest+feature_contribution,True,2026-07-01T07:01:57.323169
6aaa671b-cd42-465b-b6aa-6bc43ba27508,I284946,shopping_mall,anomaly,Metropol AVM,Mall of Istanbul,0.0196,high,0.5,Column 'shopping_mall' deviates from similar normal records.,isolation_forest+feature_contribution,True,2026-07-01T07:01:57.535337
0cb1b06c-509c-4414-ae10-ea76ac8dfccd,I119569,shopping_mall,anomaly,Emaar Square Mall,Kanyon,0.1267,high,0.5,Column 'shopping_mall' deviates from similar normal records.,isolation_forest+feature_contribution,True,2026-07-01T07:01:57.622635
e957b018-592e-4d61-a574-77ce9034918b,I277775,payment_method,anomaly,Debit Card,Cash,0.1829,high,0.5,Column 'payment_method' deviates from similar normal records.,isolation_forest+feature_contribution,True,2026-07-01T07:01:57.701365
62205874-1ec9-4e4b-b84e-0a8383804bab,I297472,category,anomaly,Souvenir,Books,0.0915,high,0.5,Column 'category' deviates from similar normal records.,isolation_forest+feature_contribution,True,2026-07-01T07:01:58.442929
719d6020-39f0-4aae-9357-5edf9bf903dd,I120996,shopping_mall,anomaly,Zorlu Center,Mall of Istanbul,0.0252,high,0.5,Column 'shopping_mall' deviates from similar normal records.,isolation_forest+feature_contribution,True,2026-07-01T07:01:58.494731
9281f09e-8e76-4102-9f6e-5311167fd863,I679737,shopping_mall,anomaly,Zorlu Center,Kanyon,0.0222,high,0.5,Column 'shopping_mall' deviates from similar normal records.,isolation_forest+feature_contribution,True,2026-07-01T07:01:58.541864
3256e4b5-824a-4447-9606-605b9cdc79e8,I597971,shopping_mall,anomaly,Emaar Square Mall,Emaar Square Mall,0.0235,high,0.5,Column 'shopping_mall' deviates from similar normal records.,isolation_forest+feature_contribution,True,2026-07-01T07:01:58.640011
e7dfb97a-d54f-4935-a3b5-8f574a9e3613,I636322,payment_method,anomaly,Debit Card,Cash,0.0121,high,0.5,Column 'payment_method' deviates from similar normal records.,isolation_forest+feature_contribution,True,2026-07-01T07:01:58.789819
42bfe20b-1539-4aac-ac89-6b8e63cb635b,I190703,shopping_mall,anomaly,Zorlu Center,Zorlu Center,0.081,high,0.5,Column 'shopping_mall' deviates from similar normal records.,isolation_forest+feature_contribution,True,2026-07-01T07:01:59.787914
6944a51d-e694-471d-ba96-fce8177ba3ee,I645818,shopping_mall,anomaly,Metropol AVM,Metrocity,0.1351,high,0.5,Column 'shopping_mall' deviates from similar normal records.,isolation_forest+feature_contribution,True,2026-07-01T07:02:01.612084
3f3c1fc7-7ca9-44ba-b76f-565f9bfe7364,I977124,shopping_mall,anomaly,Metrocity,Mall of Istanbul,0.0459,high,0.5,Column 'shopping_mall' deviates from similar normal records.,isolation_forest+feature_contribution,True,2026-07-01T07:02:02.380127
8311f89a-6043-43f8-8b79-072c06f231a6,I261114,shopping_mall,anomaly,Emaar Square Mall,Kanyon,0.0358,high,0.5,Column 'shopping_mall' deviates from similar normal records.,isolation_forest+feature_contribution,True,2026-07-01T07:02:02.648806
8247c461-e9fe-4352-aa81-4e94358ccb2a,I134210,category,anomaly,Food & Beverage,Food & Beverage,0.0097,high,0.5,Column 'category' deviates from similar normal records.,isolation_forest+feature_contribution,True,2026-07-01T07:02:03.031804
a74d2fc1-6949-4f9d-b985-ddd249c601bf,I959982,shopping_mall,anomaly,Viaport Outlet,Kanyon,0.1162,high,0.5,Column 'shopping_mall' deviates from similar normal records.,isolation_forest+feature_contribution,True,2026-07-01T07:02:03.133925
8d967e11-baa5-4dd8-9490-05c6733d10c7,I174950,shopping_mall,anomaly,Viaport Outlet,Mall of Istanbul,0.0962,high,0.5,Column 'shopping_mall' deviates from similar normal records.,isolation_forest+feature_contribution,True,2026-07-01T07:02:03.334501
632f809e-3b27-4ae3-88cf-b654c356e143,I506290,shopping_mall,anomaly,Metropol AVM,Mall of Istanbul,0.0757,high,0.5,Column 'shopping_mall' deviates from similar normal records.,isolation_forest+feature_contribution,True,2026-07-01T07:02:03.386238
1975d415-6383-4e77-974f-42aed1d5555d,I226164,payment_method,anomaly,Debit Card,Debit Card,0.0271,high,0.5,Column 'payment_method' deviates from similar normal records.,isolation_forest+feature_contribution,True,2026-07-01T07:02:03.443890
cf420bbf-af42-4ffd-bc83-8c6c5e351d59,I253443,payment_method,anomaly,Debit Card,Cash,0.0298,high,0.5,Column 'payment_method' deviates from similar normal records.,isolation_forest+feature_contribution,True,2026-07-01T07:02:04.871960
59e4ede1-81c1-4cec-864c-692ed344fa21,I304164,shopping_mall,anomaly,Viaport Outlet,Kanyon,0.0034,high,0.5,Column 'shopping_mall' deviates from similar normal records.,isolation_forest+feature_contribution,True,2026-07-01T07:02:05.045999
447d835b-d940-4159-883d-2680e44950dd,I138639,shopping_mall,anomaly,Viaport Outlet,Kanyon,0.0629,high,0.5,Column 'shopping_mall' deviates from similar normal records.,isolation_forest+feature_contribution,True,2026-07-01T07:02:05.150777
bf250eef-a4df-44e4-9647-3f63ad644bcf,I100699,category,anomaly,Books,Books,0.1155,high,0.5,Column 'category' deviates from similar normal records.,isolation_forest+feature_contribution,True,2026-07-01T07:02:05.231879
6183f34c-72fb-4cbf-b620-25a35405aedb,I168635,payment_method,anomaly,Debit Card,Debit Card,0.1361,high,0.5,Column 'payment_method' deviates from similar normal records.,isolation_forest+feature_contribution,True,2026-07-01T07:02:05.276341
4b248246-fdce-4898-a159-b74e0ba5559d,I892714,gender,anomaly,Male,Female,0.0337,high,0.5,Column 'gender' deviates from similar normal records.,isolation_forest+feature_contribution,True,2026-07-01T07:02:05.522637
f314bddb-e508-4115-b936-9b846c4792cd,I714676,payment_method,anomaly,Debit Card,Credit Card,0.2081,high,0.5,Column 'payment_method' deviates from similar normal records.,isolation_forest+feature_contribution,True,2026-07-01T07:02:05.616272
b75836e5-bc16-488d-8a64-c5f238c16292,I314998,payment_method,anomaly,Debit Card,Credit Card,0.1036,high,0.5,Column 'payment_method' deviates from similar normal records.,isolation_forest+feature_contribution,True,2026-07-01T07:02:05.664776
3f98a335-a848-4b25-88ce-3082513cff62,I270560,shopping_mall,anomaly,Viaport Outlet,Metrocity,0.0604,high,0.5,Column 'shopping_mall' deviates from similar normal records.,isolation_forest+feature_contribution,True,2026-07-01T07:02:05.959204
16c8f6ff-9fdb-482a-89ad-e2cc64a75fa5,I282014,payment_method,anomaly,Debit Card,Cash,0.0249,high,0.5,Column 'payment_method' deviates from similar normal records.,isolation_forest+feature_contribution,True,2026-07-01T07:02:06.058062
083958d2-5dc0-40b3-9d1b-b5762b2db2a9,I125637,shopping_mall,anomaly,Metropol AVM,Emaar Square Mall,0.0555,high,0.5,Column 'shopping_mall' deviates from similar normal records.,isolation_forest+feature_contribution,True,2026-07-01T07:02:06.107954
da2c68e6-def0-47b8-851b-193143d4ad09,I157163,shopping_mall,anomaly,Kanyon,Cevahir AVM,0.0619,high,0.5,Column 'shopping_mall' deviates from similar normal records.,isolation_forest+feature_contribution,True,2026-07-01T07:02:06.251781
f0639337-7fc0-4407-91be-f754133055e5,I270192,shopping_mall,anomaly,Viaport Outlet,Metrocity,0.1032,high,0.5,Column 'shopping_mall' deviates from similar normal records.,isolation_forest+feature_contribution,True,2026-07-01T07:02:06.444992
20c74e8b-e102-41c8-9884-9d429e7d1d14,I318126,shopping_mall,anomaly,Viaport Outlet,Forum Istanbul,0.0697,high,0.5,Column 'shopping_mall' deviates from similar normal records.,isolation_forest+feature_contribution,True,2026-07-01T07:02:06.491836
cccf5c80-9adb-46b8-92c1-b66ffba15d53,I106170,shopping_mall,anomaly,Forum Istanbul,Mall of Istanbul,0.0064,high,0.5,Column 'shopping_mall' deviates from similar normal records.,isolation_forest+feature_contribution,True,2026-07-01T07:02:06.633961
0890b03e-cc2f-4ae0-bf6f-f3d1b0758607,I257975,shopping_mall,anomaly,Istinye Park,Mall of Istanbul,0.0299,high,0.5,Column 'shopping_mall' deviates from similar normal records.,isolation_forest+feature_contribution,True,2026-07-01T07:02:06.824958
e0e13c05-8517-477d-bd91-442a0fa0db78,I178748,shopping_mall,anomaly,Zorlu Center,Istinye Park,0.0558,high,0.5,Column 'shopping_mall' deviates from similar normal records.,isolation_forest+feature_contribution,True,2026-07-01T07:02:06.970697
6c4600d7-bff6-494c-880a-d4f5e9327ce9,I841393,shopping_mall,anomaly,Metropol AVM,Cevahir AVM,0.0038,high,0.5,Column 'shopping_mall' deviates from similar normal records.,isolation_forest+feature_contribution,True,2026-07-01T07:02:07.302908
607ba57a-403d-42bd-8fee-1f6860e545c6,I254275,shopping_mall,anomaly,Emaar Square Mall,Metrocity,0.0108,high,0.5,Column 'shopping_mall' deviates from similar normal records.,isolation_forest+feature_contribution,True,2026-07-01T07:02:08.081988
35a86ce8-02a2-406f-abaf-3ca7fefab167,I238673,shopping_mall,anomaly,Metropol AVM,Kanyon,0.0012,high,0.5,Column 'shopping_mall' deviates from similar normal records.,isolation_forest+feature_contribution,True,2026-07-01T07:02:08.356195
c95cfd6e-817f-4abb-8693-58fc70a02bf7,I110006,shopping_mall,anomaly,Metropol AVM,Istinye Park,0.0476,high,0.5,Column 'shopping_mall' deviates from similar normal records.,isolation_forest+feature_contribution,True,2026-07-01T07:02:08.743905
c6ea3ab0-c003-42d5-904c-ba94b3b8658d,I133714,category,anomaly,Books,Books,0.0366,high,0.5,Column 'category' deviates from similar normal records.,isolation_forest+feature_contribution,True,2026-07-01T07:02:09.032581
29e0e22b-eb84-4e7b-80bc-4640a9da36b6,I239618,shopping_mall,anomaly,Forum Istanbul,Emaar Square Mall,0.037,high,0.5,Column 'shopping_mall' deviates from similar normal records.,isolation_forest+feature_contribution,True,2026-07-01T07:02:09.273215
772e9869-1c02-484f-b464-a2758ed25ba5,I249266,category,anomaly,Souvenir,Food & Beverage,0.0717,high,0.5,Column 'category' deviates from similar normal records.,isolation_forest+feature_contribution,True,2026-07-01T07:02:09.462759
63be47e4-f563-4e58-9266-aae84c38ecb7,I163959,payment_method,anomaly,Cash,Cash,0.1049,high,0.5,Column 'payment_method' deviates from similar normal records.,isolation_forest+feature_contribution,True,2026-07-01T07:02:09.508098
fa67741b-dd3d-47ba-acb1-b16fdecba016,I181711,shopping_mall,anomaly,Cevahir AVM,Istinye Park,0.0661,high,0.5,Column 'shopping_mall' deviates from similar normal records.,isolation_forest+feature_contribution,True,2026-07-01T07:02:09.813776
fa52023b-aab3-435d-b0e8-79eb8e47db26,I221052,shopping_mall,anomaly,Cevahir AVM,Mall of Istanbul,0.1579,high,0.5,Column 'shopping_mall' deviates from similar normal records.,isolation_forest+feature_contribution,True,2026-07-01T07:02:10.253263
548c3524-6f83-4d9a-950b-ba1e29b94e0f,I526761,shopping_mall,anomaly,Metropol AVM,Cevahir AVM,0.0976,high,0.5,Column 'shopping_mall' deviates from similar normal records.,isolation_forest+feature_contribution,True,2026-07-01T07:02:10.517049
346e2c18-3976-42e5-a0ef-95125478941d,I180946,shopping_mall,anomaly,Metrocity,Mall of Istanbul,0.03,high,0.5,Column 'shopping_mall' deviates from similar normal records.,isolation_forest+feature_contribution,True,2026-07-01T07:02:10.807647
57a22116-a00d-4eaa-831f-bd9475b90d8f,I977107,shopping_mall,anomaly,Zorlu Center,Kanyon,0.0083,high,0.5,Column 'shopping_mall' deviates from similar normal records.,isolation_forest+feature_contribution,True,2026-07-01T07:02:11.089331
92759a7e-838f-42d4-a905-e9a22a6a9df8,I119751,shopping_mall,anomaly,Mall of Istanbul,Cevahir AVM,0.1756,high,0.5,Column 'shopping_mall' deviates from similar normal records.,isolation_forest+feature_contribution,True,2026-07-01T07:02:11.179892
36665bbd-90f5-41ec-bc50-a5e845b1ec72,I206024,payment_method,anomaly,Credit Card,Cash,0.1137,high,0.5,Column 'payment_method' deviates from similar normal records.,isolation_forest+feature_contribution,True,2026-07-01T07:02:12.804706
d85cf206-2650-4cdc-86b9-fed2abd5d5b0,I288309,shopping_mall,anomaly,Emaar Square Mall,Emaar Square Mall,0.089,high,0.5,Column 'shopping_mall' deviates from similar normal records.,isolation_forest+feature_contribution,True,2026-07-01T07:02:13.241998
4742a3a3-d153-49bc-8e81-c2cf2d6beb47,I304511,shopping_mall,anomaly,Emaar Square Mall,Kanyon,0.029,high,0.5,Column 'shopping_mall' deviates from similar normal records.,isolation_forest+feature_contribution,True,2026-07-01T07:02:13.662505
8d280deb-4800-40eb-9b02-e0bc3b7ecd5c,I201092,payment_method,anomaly,Debit Card,Credit Card,0.0217,high,0.5,Column 'payment_method' deviates from similar normal records.,isolation_forest+feature_contribution,True,2026-07-01T07:02:14.214931
6f1cb2ea-818a-466c-952f-924f9d796fd6,I283608,shopping_mall,anomaly,Forum Istanbul,Kanyon,0.0136,high,0.5,Column 'shopping_mall' deviates from similar normal records.,isolation_forest+feature_contribution,True,2026-07-01T07:02:14.406927
2f42ec3e-c79e-4b3d-951a-c3be3673c915,I135168,category,anomaly,Toys,Toys,0.0271,high,0.5,Column 'category' deviates from similar normal records.,isolation_forest+feature_contribution,True,2026-07-01T07:02:14.599910
89668035-f9d2-4399-9ef4-ccba87fb8a24,I191044,shopping_mall,anomaly,Forum Istanbul,Metrocity,0.0387,high,0.5,Column 'shopping_mall' deviates from similar normal records.,isolation_forest+feature_contribution,True,2026-07-01T07:02:15.026845
414f8160-8a72-4288-871b-8ca19fa16295,I276919,shopping_mall,anomaly,Zorlu Center,Kanyon,0.0372,high,0.5,Column 'shopping_mall' deviates from similar normal records.,isolation_forest+feature_contribution,True,2026-07-01T07:02:15.122298
a8ba37a3-76cc-4883-a838-716eb6e3a459,I280382,shopping_mall,anomaly,Emaar Square Mall,Forum Istanbul,0.0067,high,0.5,Column 'shopping_mall' deviates from similar normal records.,isolation_forest+feature_contribution,True,2026-07-01T07:02:16.211227
914a5a86-feb7-460b-9467-897555190919,I249098,shopping_mall,anomaly,Metrocity,Metrocity,0.0892,high,0.5,Column 'shopping_mall' deviates from similar normal records.,isolation_forest+feature_contribution,True,2026-07-01T07:02:16.497010
23431473-38c6-47c7-a24f-f814aa6bdefd,I192057,shopping_mall,anomaly,Viaport Outlet,Kanyon,0.023,high,0.5,Column 'shopping_mall' deviates from similar normal records.,isolation_forest+feature_contribution,True,2026-07-01T07:02:16.686253
f767c635-04c6-4490-bbfb-cd7d9afc2182,I680092,shopping_mall,anomaly,Forum Istanbul,Metrocity,0.0312,high,0.5,Column 'shopping_mall' deviates from similar normal records.,isolation_forest+feature_contribution,True,2026-07-01T07:02:17.163392
99de91d0-2f5c-4e06-91fa-734641753787,I174201,shopping_mall,anomaly,Emaar Square Mall,Emaar Square Mall,0.0168,high,0.5,Column 'shopping_mall' deviates from similar normal records.,isolation_forest+feature_contribution,True,2026-07-01T07:02:17.772709
9d38a7e7-0557-4da5-affa-1679c28815d0,I218737,shopping_mall,anomaly,Forum Istanbul,Istinye Park,0.0935,high,0.5,Column 'shopping_mall' deviates from similar normal records.,isolation_forest+feature_contribution,True,2026-07-01T07:02:17.820598
f63a2be1-c6cc-493a-b320-f983d8aa231f,I179808,payment_method,anomaly,Debit Card,Credit Card,0.0766,high,0.5,Column 'payment_method' deviates from similar normal records.,isolation_forest+feature_contribution,True,2026-07-01T07:02:17.915053
0f1eb2f7-f42f-4c03-95cc-1045e1df6758,I190654,shopping_mall,anomaly,Viaport Outlet,Forum Istanbul,0.0234,high,0.5,Column 'shopping_mall' deviates from similar normal records.,isolation_forest+feature_contribution,True,2026-07-01T07:02:17.964533
e3c1a676-a55b-49ac-b93b-7b9f3e8c515e,I269483,shopping_mall,anomaly,Metropol AVM,Metropol AVM,0.0357,high,0.5,Column 'shopping_mall' deviates from similar normal records.,isolation_forest+feature_contribution,True,2026-07-01T07:02:18.387762
dac39d90-f64c-4f9b-aa0b-ede5f0fcf456,I280019,shopping_mall,anomaly,Cevahir AVM,Kanyon,0.0293,high,0.5,Column 'shopping_mall' deviates from similar normal records.,isolation_forest+feature_contribution,True,2026-07-01T07:02:18.667667
4b810999-1dc1-414e-9299-7878a0deaae6,I219237,shopping_mall,anomaly,Viaport Outlet,Emaar Square Mall,0.0154,high,0.5,Column 'shopping_mall' deviates from similar normal records.,isolation_forest+feature_contribution,True,2026-07-01T07:02:18.727888
02f84a3b-847d-48e1-9984-577960b036c2,I470438,payment_method,anomaly,Debit Card,Cash,0.0308,high,0.5,Column 'payment_method' deviates from similar normal records.,isolation_forest+feature_contribution,True,2026-07-01T07:02:18.776201
34e1d274-93b6-4c07-a516-7a0a2ed9f9f3,I328860,shopping_mall,anomaly,Forum Istanbul,Emaar Square Mall,0.1004,high,0.5,Column 'shopping_mall' deviates from similar normal records.,isolation_forest+feature_contribution,True,2026-07-01T07:02:18.980123
a98722b2-ce4b-4496-b599-ddfbad564041,I254596,shopping_mall,anomaly,Istinye Park,Mall of Istanbul,0.0145,high,0.5,Column 'shopping_mall' deviates from similar normal records.,isolation_forest+feature_contribution,True,2026-07-01T07:02:19.074916
6b313ad6-cef8-47fe-a3d1-282478c2cae0,I279912,shopping_mall,anomaly,Cevahir AVM,Emaar Square Mall,0.0051,high,0.5,Column 'shopping_mall' deviates from similar normal records.,isolation_forest+feature_contribution,True,2026-07-01T07:02:19.251485
58768283-d6eb-4c84-9138-128146b1e63a,I141548,shopping_mall,anomaly,Kanyon,Kanyon,0.1,high,0.5,Column 'shopping_mall' deviates from similar normal records.,isolation_forest+feature_contribution,True,2026-07-01T07:02:19.373000
af4d847e-36c0-4103-b11e-9a1fb0cbad1c,I224320,shopping_mall,anomaly,Cevahir AVM,Metrocity,0.0428,high,0.5,Column 'shopping_mall' deviates from similar normal records.,isolation_forest+feature_contribution,True,2026-07-01T07:02:19.562804
afc16a68-ea96-45bd-a3cc-8d0a29e28566,I301707,category,anomaly,Souvenir,Food & Beverage,0.0033,high,0.5,Column 'category' deviates from similar normal records.,isolation_forest+feature_contribution,True,2026-07-01T07:02:19.701991
3535f607-8b63-47d5-9d9d-4d0e86ae7d05,I645431,shopping_mall,anomaly,Viaport Outlet,Cevahir AVM,0.0758,high,0.5,Column 'shopping_mall' deviates from similar normal records.,isolation_forest+feature_contribution,True,2026-07-01T07:02:19.837136
c6d6e762-9460-4b99-ae14-6e7040d96cd6,I162596,payment_method,anomaly,Debit Card,Cash,0.1486,high,0.5,Column 'payment_method' deviates from similar normal records.,isolation_forest+feature_contribution,True,2026-07-01T07:02:19.884695
75f9e0e6-2d10-4767-8ea0-6626c080b65e,I753791,shopping_mall,anomaly,Cevahir AVM,Kanyon,0.0425,high,0.5,Column 'shopping_mall' deviates from similar normal records.,isolation_forest+feature_contribution,True,2026-07-01T07:02:19.933554
8af08651-ba39-4fe6-ae09-ecd64196f6bb,I203413,shopping_mall,anomaly,Cevahir AVM,Kanyon,0.0554,high,0.5,Column 'shopping_mall' deviates from similar normal records.,isolation_forest+feature_contribution,True,2026-07-01T07:02:20.606227
861a684c-0df6-4427-875c-e04878fa713d,I130367,payment_method,anomaly,Debit Card,Cash,0.0554,high,0.5,Column 'payment_method' deviates from similar normal records.,isolation_forest+feature_contribution,True,2026-07-01T07:02:20.954766
8084e045-1514-4955-860c-08d8448ed445,I240938,shopping_mall,anomaly,Istinye Park,Istinye Park,0.1159,high,0.5,Column 'shopping_mall' deviates from similar normal records.,isolation_forest+feature_contribution,True,2026-07-01T07:02:21.241065
102a9743-0097-47dd-89ee-679efc5d0086,I540153,payment_method,anomaly,Debit Card,Credit Card,0.0093,high,0.5,Column 'payment_method' deviates from similar normal records.,isolation_forest+feature_contribution,True,2026-07-01T07:02:21.326192
d0989091-8d35-40bd-ae68-0c19f20f47e8,I950251,gender,anomaly,Male,Female,0.008,high,0.5,Column 'gender' deviates from similar normal records.,isolation_forest+feature_contribution,True,2026-07-01T07:02:21.472669
25e38958-0e51-4e61-afc5-62948502de23,I329763,payment_method,anomaly,Debit Card,Cash,0.0267,high,0.5,Column 'payment_method' deviates from similar normal records.,isolation_forest+feature_contribution,True,2026-07-01T07:02:21.569940
c803a3a7-48db-4838-a1aa-3d087a8a614e,I111926,shopping_mall,anomaly,Zorlu Center,Mall of Istanbul,0.0087,high,0.5,Column 'shopping_mall' deviates from similar normal records.,isolation_forest+feature_contribution,True,2026-07-01T07:02:21.696353
daec5f2d-d09f-47fe-8777-619f69ffdfed,I136140,shopping_mall,anomaly,Metropol AVM,Kanyon,0.0256,high,0.5,Column 'shopping_mall' deviates from similar normal records.,isolation_forest+feature_contribution,True,2026-07-01T07:02:22.047655
c53fe3e0-c99d-43bb-b510-05765b0f91f6,I279114,shopping_mall,anomaly,Metropol AVM,Metrocity,0.0622,high,0.5,Column 'shopping_mall' deviates from similar normal records.,isolation_forest+feature_contribution,True,2026-07-01T07:02:22.134630
a2ae980d-d5db-4ffa-9e0a-3c826d0b76d5,I148611,shopping_mall,anomaly,Zorlu Center,Metropol AVM,0.0193,high,0.5,Column 'shopping_mall' deviates from similar normal records.,isolation_forest+feature_contribution,True,2026-07-01T07:02:22.314892
7b56140c-5ed7-47e9-8b40-ab70284578cc,I240575,shopping_mall,anomaly,Metropol AVM,Mall of Istanbul,0.0231,high,0.5,Column 'shopping_mall' deviates from similar normal records.,isolation_forest+feature_contribution,True,2026-07-01T07:02:22.407855
b27fcd4c-8744-438d-be70-6f093c6e250b,I230678,shopping_mall,anomaly,Emaar Square Mall,Kanyon,0.0997,high,0.5,Column 'shopping_mall' deviates from similar normal records.,isolation_forest+feature_contribution,True,2026-07-01T07:02:22.608399
008833f8-fdba-440d-80e3-15e47ee11aac,I490787,shopping_mall,anomaly,Istinye Park,Kanyon,0.0498,high,0.5,Column 'shopping_mall' deviates from similar normal records.,isolation_forest+feature_contribution,True,2026-07-01T07:02:23.263056
fa539d04-854f-4cde-963c-dafe47fa279b,I180351,shopping_mall,anomaly,Forum Istanbul,Metrocity,0.0548,high,0.5,Column 'shopping_mall' deviates from similar normal records.,isolation_forest+feature_contribution,True,2026-07-01T07:02:23.311802
bdb28918-aec1-46e9-bb7c-749e1f9828fa,I307139,shopping_mall,anomaly,Viaport Outlet,Kanyon,0.0073,high,0.5,Column 'shopping_mall' deviates from similar normal records.,isolation_forest+feature_contribution,True,2026-07-01T07:02:23.860963
3e592931-a93a-471c-9271-adc5ae3b0b3b,I107286,payment_method,anomaly,Debit Card,Debit Card,0.1346,high,0.5,Column 'payment_method' deviates from similar normal records.,isolation_forest+feature_contribution,True,2026-07-01T07:02:23.901127
256f2e7d-125b-4a6e-8756-3a4b773eaa5d,I846132,shopping_mall,anomaly,Viaport Outlet,Mall of Istanbul,0.2082,high,0.5,Column 'shopping_mall' deviates from similar normal records.,isolation_forest+feature_contribution,True,2026-07-01T07:02:23.983718
a8edd0b8-78bb-41da-8099-5dc8155c0490,I209017,category,anomaly,Souvenir,Books,0.0324,high,0.5,Column 'category' deviates from similar normal records.,isolation_forest+feature_contribution,True,2026-07-01T07:02:24.156523
8804ae82-5855-432e-861b-61b7485237ba,I173392,shopping_mall,anomaly,Zorlu Center,Cevahir AVM,0.0002,high,0.5,Column 'shopping_mall' deviates from similar normal records.,isolation_forest+feature_contribution,True,2026-07-01T07:02:24.611608
c04306c8-1a60-4340-a783-93d6e54fa438,I146008,category,anomaly,Souvenir,Food & Beverage,0.1461,high,0.5,Column 'category' deviates from similar normal records.,isolation_forest+feature_contribution,True,2026-07-01T07:02:24.703816
564b7c7b-7e34-4a52-b3f7-b6168af22bc7,I100756,shopping_mall,anomaly,Mall of Istanbul,Forum Istanbul,0.0044,high,0.5,Column 'shopping_mall' deviates from similar normal records.,isolation_forest+feature_contribution,True,2026-07-01T07:02:24.840897
ad156993-fe6c-4ea6-9d0a-c47c2b3bd458,I275786,shopping_mall,anomaly,Viaport Outlet,Mall of Istanbul,0.0556,high,0.5,Column 'shopping_mall' deviates from similar normal records.,isolation_forest+feature_contribution,True,2026-07-01T07:02:25.023095
99802e5a-7ef8-4032-8a6f-cf8703186d34,I430635,gender,anomaly,Male,Male,0.0466,high,0.5,Column 'gender' deviates from similar normal records.,isolation_forest+feature_contribution,True,2026-07-01T07:02:25.164001
557c5f98-925a-4dac-bd75-19804816119e,I268278,category,anomaly,Books,Books,0.0315,high,0.5,Column 'category' deviates from similar normal records.,isolation_forest+feature_contribution,True,2026-07-01T07:02:25.214906
9b341403-ba08-46dc-ba61-b2030769bba1,I106916,shopping_mall,anomaly,Cevahir AVM,Kanyon,0.0164,high,0.5,Column 'shopping_mall' deviates from similar normal records.,isolation_forest+feature_contribution,True,2026-07-01T07:02:25.834762
ca2b1e27-60fb-4d3b-ae1d-b3c4a37a7cf6,I261729,shopping_mall,anomaly,Mall of Istanbul,Mall of Istanbul,0.0267,high,0.5,Column 'shopping_mall' deviates from similar normal records.,isolation_forest+feature_contribution,True,2026-07-01T07:02:25.883016
7e1e837d-9fc9-4c57-893b-e23773dae968,I191299,shopping_mall,anomaly,Metropol AVM,Emaar Square Mall,0.0228,high,0.5,Column 'shopping_mall' deviates from similar normal records.,isolation_forest+feature_contribution,True,2026-07-01T07:02:26.484906
ceb97b24-db9b-4546-9e30-4ee75fa6c550,I687704,shopping_mall,anomaly,Metropol AVM,Kanyon,0.0839,high,0.5,Column 'shopping_mall' deviates from similar normal records.,isolation_forest+feature_contribution,True,2026-07-01T07:02:26.687004
e038639d-cc61-4c6f-a2d1-f6f55448c0b1,I327581,shopping_mall,anomaly,Istinye Park,Cevahir AVM,0.0266,high,0.5,Column 'shopping_mall' deviates from similar normal records.,isolation_forest+feature_contribution,True,2026-07-01T07:02:26.830901
8dbc6421-86db-4b58-af59-18cbee61f61d,I572338,shopping_mall,anomaly,Zorlu Center,Mall of Istanbul,0.0569,high,0.5,Column 'shopping_mall' deviates from similar normal records.,isolation_forest+feature_contribution,True,2026-07-01T07:02:26.880749
801ed23b-1f04-4000-a2f8-2f0b330f0d40,I278495,shopping_mall,anomaly,Istinye Park,Mall of Istanbul,0.027,high,0.5,Column 'shopping_mall' deviates from similar normal records.,isolation_forest+feature_contribution,True,2026-07-01T07:02:27.263210
49a69dda-993d-47d6-9f90-29fa42553b77,I146012,payment_method,anomaly,Debit Card,Credit Card,0.0598,high,0.5,Column 'payment_method' deviates from similar normal records.,isolation_forest+feature_contribution,True,2026-07-01T07:02:27.740632
80902d66-664b-424b-af33-c972aee8220e,I786287,payment_method,anomaly,Debit Card,Cash,0.1553,high,0.5,Column 'payment_method' deviates from similar normal records.,isolation_forest+feature_contribution,True,2026-07-01T07:02:28.080027
3914b898-4946-448e-a5c0-d3d36b510380,I323304,shopping_mall,anomaly,Viaport Outlet,Mall of Istanbul,0.0105,high,0.5,Column 'shopping_mall' deviates from similar normal records.,isolation_forest+feature_contribution,True,2026-07-01T07:02:28.219808
7ebc5ab8-9b7d-45be-a708-7d36f9ffa6f9,I166102,shopping_mall,anomaly,Emaar Square Mall,Emaar Square Mall,0.0784,high,0.5,Column 'shopping_mall' deviates from similar normal records.,isolation_forest+feature_contribution,True,2026-07-01T07:02:28.374951
7343ed5d-60da-42bd-ac0d-acf4862f00fd,I159692,shopping_mall,anomaly,Forum Istanbul,Mall of Istanbul,0.0216,high,0.5,Column 'shopping_mall' deviates from similar normal records.,isolation_forest+feature_contribution,True,2026-07-01T07:02:28.736087
b459c33b-f851-46be-b76c-46be2c370ea5,I244475,shopping_mall,anomaly,Istinye Park,Cevahir AVM,0.1338,high,0.5,Column 'shopping_mall' deviates from similar normal records.,isolation_forest+feature_contribution,True,2026-07-01T07:02:28.777913
124407d2-877b-406c-beb2-6e3a6c60a739,I454500,shopping_mall,anomaly,Metropol AVM,Mall of Istanbul,0.0547,high,0.5,Column 'shopping_mall' deviates from similar normal records.,isolation_forest+feature_contribution,True,2026-07-01T07:02:29.115952
34971302-287b-474a-823f-219c2d0a77fb,I275500,shopping_mall,anomaly,Metropol AVM,Kanyon,0.0201,high,0.5,Column 'shopping_mall' deviates from similar normal records.,isolation_forest+feature_contribution,True,2026-07-01T07:02:29.388897
0b67c506-83a0-4125-9a53-d817dbb5c500,I262696,gender,anomaly,Male,Female,0.0277,high,0.5,Column 'gender' deviates from similar normal records.,isolation_forest+feature_contribution,True,2026-07-01T07:02:29.518702
8a178dac-aa22-4313-9323-1b50fa92ea82,I224495,category,anomaly,Souvenir,Food & Beverage,0.0686,high,0.5,Column 'category' deviates from similar normal records.,isolation_forest+feature_contribution,True,2026-07-01T07:02:29.851436
bc0424db-90d3-4844-9fb7-3667ab025c4b,I224495,shopping_mall,anomaly,Viaport Outlet,Mall of Istanbul,0.0686,high,0.5,Column 'shopping_mall' deviates from similar normal records.,isolation_forest+feature_contribution,True,2026-07-01T07:02:29.851436
f397f279-63c1-4770-a4cb-50002d84aa9c,I246186,shopping_mall,anomaly,Metropol AVM,Kanyon,0.0019,high,0.5,Column 'shopping_mall' deviates from similar normal records.,isolation_forest+feature_contribution,True,2026-07-01T07:02:29.900746
da11414f-854e-4e2d-8d02-e59a45868278,I535620,shopping_mall,anomaly,Viaport Outlet,Mall of Istanbul,0.0542,high,0.5,Column 'shopping_mall' deviates from similar normal records.,isolation_forest+feature_contribution,True,2026-07-01T07:02:29.995285
6b0d66ec-6056-4a21-a534-44e2bf03cc8b,I259421,shopping_mall,anomaly,Viaport Outlet,Mall of Istanbul,0.0516,high,0.5,Column 'shopping_mall' deviates from similar normal records.,isolation_forest+feature_contribution,True,2026-07-01T07:02:30.142616
419321df-1a3c-4aab-bc37-a0384a68507d,I625810,shopping_mall,anomaly,Viaport Outlet,Cevahir AVM,0.0012,high,0.5,Column 'shopping_mall' deviates from similar normal records.,isolation_forest+feature_contribution,True,2026-07-01T07:02:30.298176
55b6d9c4-cdb6-44d7-900f-dd8e1127ecc9,I142063,shopping_mall,anomaly,Emaar Square Mall,Zorlu Center,0.044,high,0.5,Column 'shopping_mall' deviates from similar normal records.,isolation_forest+feature_contribution,True,2026-07-01T07:02:30.430632
c6c2b0d0-de70-4d2a-afac-65623e5c9489,I167222,payment_method,anomaly,Debit Card,Cash,0.065,high,0.5,Column 'payment_method' deviates from similar normal records.,isolation_forest+feature_contribution,True,2026-07-01T07:02:30.741979
85ddc343-b18f-4bf1-aa76-39347d24ae23,I279926,payment_method,anomaly,Debit Card,Cash,0.0366,high,0.5,Column 'payment_method' deviates from similar normal records.,isolation_forest+feature_contribution,True,2026-07-01T07:02:30.958744
a3fb9f95-95bc-451f-b05b-08eac3977390,I723226,category,anomaly,Souvenir,Books,0.011,high,0.5,Column 'category' deviates from similar normal records.,isolation_forest+feature_contribution,True,2026-07-01T07:02:31.440040
51d4b990-517c-4a33-8f05-21e60cca8756,I119902,payment_method,anomaly,Debit Card,Cash,0.0112,high,0.5,Column 'payment_method' deviates from similar normal records.,isolation_forest+feature_contribution,True,2026-07-01T07:02:32.475601
af93f0ac-8da9-4716-8b73-878b4494ef34,I119902,shopping_mall,anomaly,Forum Istanbul,Emaar Square Mall,0.0112,high,0.5,Column 'shopping_mall' deviates from similar normal records.,isolation_forest+feature_contribution,True,2026-07-01T07:02:32.476600
8be3f43e-868b-4849-ad55-a147066a154f,I635964,shopping_mall,anomaly,Viaport Outlet,Mall of Istanbul,0.0125,high,0.5,Column 'shopping_mall' deviates from similar normal records.,isolation_forest+feature_contribution,True,2026-07-01T07:02:32.523579
9a4fbea2-11b0-40a7-9549-3f377b246e16,I574021,shopping_mall,anomaly,Viaport Outlet,Kanyon,0.0349,high,0.5,Column 'shopping_mall' deviates from similar normal records.,isolation_forest+feature_contribution,True,2026-07-01T07:02:32.619992
46f39d1c-c507-43d3-ab75-e527d006e1b9,I321277,payment_method,anomaly,Debit Card,Cash,0.0293,high,0.5,Column 'payment_method' deviates from similar normal records.,isolation_forest+feature_contribution,True,2026-07-01T07:02:32.712478
ded0d9ab-7b59-4819-92b4-9c47e7425283,I188494,shopping_mall,anomaly,Viaport Outlet,Kanyon,0.0219,high,0.5,Column 'shopping_mall' deviates from similar normal records.,isolation_forest+feature_contribution,True,2026-07-01T07:02:32.850708
cc198e1e-82fb-47e7-80fa-7c0834080660,I220105,shopping_mall,anomaly,Metropol AVM,Cevahir AVM,0.0152,high,0.5,Column 'shopping_mall' deviates from similar normal records.,isolation_forest+feature_contribution,True,2026-07-01T07:02:33.507985
1d5e353b-d82a-45e5-b408-c9c8c81168f0,I120508,category,anomaly,Toys,Toys,0.0634,high,0.5,Column 'category' deviates from similar normal records.,isolation_forest+feature_contribution,True,2026-07-01T07:02:33.653034
4845e981-1886-4b0f-b489-4d1919a201ec,I499976,shopping_mall,anomaly,Metropol AVM,Kanyon,0.1694,high,0.5,Column 'shopping_mall' deviates from similar normal records.,isolation_forest+feature_contribution,True,2026-07-01T07:02:33.747842
2ba433ec-752f-4e43-ab3c-16411ce04566,I110635,payment_method,anomaly,Credit Card,Cash,0.1364,high,0.5,Column 'payment_method' deviates from similar normal records.,isolation_forest+feature_contribution,True,2026-07-01T07:02:34.155284
b248886e-adac-41ed-84bc-752279c80c99,I119094,shopping_mall,anomaly,Zorlu Center,Kanyon,0.0235,high,0.5,Column 'shopping_mall' deviates from similar normal records.,isolation_forest+feature_contribution,True,2026-07-01T07:02:34.733117
012d9882-e21f-44c5-a831-558fc782aa4f,I197695,shopping_mall,anomaly,Metropol AVM,Mall of Istanbul,0.0864,high,0.5,Column 'shopping_mall' deviates from similar normal records.,isolation_forest+feature_contribution,True,2026-07-01T07:02:35.103517
be86ade1-e661-4dd0-a341-028f2d2b0496,I132480,shopping_mall,anomaly,Forum Istanbul,Emaar Square Mall,0.0207,high,0.5,Column 'shopping_mall' deviates from similar normal records.,isolation_forest+feature_contribution,True,2026-07-01T07:02:35.146307
d3ae91cf-d88d-4495-a367-ac77666ffc27,I208876,category,anomaly,Toys,Food & Beverage,0.0701,high,0.5,Column 'category' deviates from similar normal records.,isolation_forest+feature_contribution,True,2026-07-01T07:02:35.907616
acce21f2-c740-48c7-a75e-31cd45a1a886,I125561,shopping_mall,anomaly,Emaar Square Mall,Mall of Istanbul,0.0113,high,0.5,Column 'shopping_mall' deviates from similar normal records.,isolation_forest+feature_contribution,True,2026-07-01T07:02:35.993975
6868f164-5ef2-44a2-b10b-991afacaeb56,I659377,shopping_mall,anomaly,Forum Istanbul,Istinye Park,0.0484,high,0.5,Column 'shopping_mall' deviates from similar normal records.,isolation_forest+feature_contribution,True,2026-07-01T07:02:36.041387
58c29f27-1a75-4942-bc0e-bfc70d098f2f,I123464,category,anomaly,Books,Books,0.0141,high,0.5,Column 'category' deviates from similar normal records.,isolation_forest+feature_contribution,True,2026-07-01T07:02:36.310056
6c67bdae-2e96-4fbb-9d22-6d8a08c4abd2,I330870,shopping_mall,anomaly,Metrocity,Mall of Istanbul,0.0598,high,0.5,Column 'shopping_mall' deviates from similar normal records.,isolation_forest+feature_contribution,True,2026-07-01T07:02:36.507089
f5ae8708-af8e-4fdd-be6d-4af46f0badf9,I659200,category,anomaly,Cosmetics,Books,0.1377,high,0.5,Column 'category' deviates from similar normal records.,isolation_forest+feature_contribution,True,2026-07-01T07:02:37.120821
1805f0de-ac78-459d-bb67-b98a82c2c910,I659200,shopping_mall,anomaly,Emaar Square Mall,Istinye Park,0.1377,high,0.5,Column 'shopping_mall' deviates from similar normal records.,isolation_forest+feature_contribution,True,2026-07-01T07:02:37.120821
ff17a27a-08fb-4583-89b1-b1db3a17f8d8,I328648,shopping_mall,anomaly,Metropol AVM,Kanyon,0.0477,high,0.5,Column 'shopping_mall' deviates from similar normal records.,isolation_forest+feature_contribution,True,2026-07-01T07:02:37.649872
77c3d4aa-1733-4d07-8ef8-1397ba2819d3,I122920,shopping_mall,anomaly,Cevahir AVM,Metrocity,0.0151,high,0.5,Column 'shopping_mall' deviates from similar normal records.,isolation_forest+feature_contribution,True,2026-07-01T07:02:38.550912
b8fa62a9-3dfa-4c00-b085-bf1d3f3181db,I152865,payment_method,anomaly,Debit Card,Cash,0.0484,high,0.5,Column 'payment_method' deviates from similar normal records.,isolation_forest+feature_contribution,True,2026-07-01T07:02:38.693920
00189c01-4615-455a-ad0e-cbf7400c55b8,I108890,shopping_mall,anomaly,Viaport Outlet,Cevahir AVM,0.1098,high,0.5,Column 'shopping_mall' deviates from similar normal records.,isolation_forest+feature_contribution,True,2026-07-01T07:02:39.570956
158e0927-3127-41ab-8839-c52a10193ea0,I162576,payment_method,anomaly,Debit Card,Credit Card,0.0311,high,0.5,Column 'payment_method' deviates from similar normal records.,isolation_forest+feature_contribution,True,2026-07-01T07:02:39.863120
66e9bb50-0574-4f0c-9502-ab43f27e66db,I212897,shopping_mall,anomaly,Metropol AVM,Mall of Istanbul,0.0486,high,0.5,Column 'shopping_mall' deviates from similar normal records.,isolation_forest+feature_contribution,True,2026-07-01T07:02:40.193155
dae79044-4ff6-4632-b7c3-e734249d3a33,I241370,shopping_mall,anomaly,Metropol AVM,Metropol AVM,0.1099,high,0.5,Column 'shopping_mall' deviates from similar normal records.,isolation_forest+feature_contribution,True,2026-07-01T07:02:41.763780
1f6b9cb1-a71e-4a38-bc3b-eba4b51039d2,I329681,gender,anomaly,Male,Female,0.07,high,0.5,Column 'gender' deviates from similar normal records.,isolation_forest+feature_contribution,True,2026-07-01T07:02:41.909403
102dd06e-b484-4860-ad3f-be25e01330eb,I237564,category,anomaly,Books,Books,0.007,high,0.5,Column 'category' deviates from similar normal records.,isolation_forest+feature_contribution,True,2026-07-01T07:02:42.005498
1b456a3c-a52c-451e-83ca-a04e38f14030,I175454,shopping_mall,anomaly,Metropol AVM,Forum Istanbul,0.0292,high,0.5,Column 'shopping_mall' deviates from similar normal records.,isolation_forest+feature_contribution,True,2026-07-01T07:02:42.152120
68768dc4-b85c-4baf-b99f-d74c1d0c700b,I254292,category,anomaly,Souvenir,Souvenir,0.0098,high,0.5,Column 'category' deviates from similar normal records.,isolation_forest+feature_contribution,True,2026-07-01T07:02:42.721178
d21d7429-0630-4b52-ba38-9dbc7e963221,I526451,payment_method,anomaly,Debit Card,Debit Card,0.0062,high,0.5,Column 'payment_method' deviates from similar normal records.,isolation_forest+feature_contribution,True,2026-07-01T07:02:42.958014
431507bf-0978-462a-8a62-53992a5d685c,I268082,shopping_mall,anomaly,Forum Istanbul,Kanyon,0.0181,high,0.5,Column 'shopping_mall' deviates from similar normal records.,isolation_forest+feature_contribution,True,2026-07-01T07:02:43.769406
522687f0-63a3-461d-adcc-0c853ae6b955,I255422,shopping_mall,anomaly,Viaport Outlet,Metrocity,0.1755,high,0.5,Column 'shopping_mall' deviates from similar normal records.,isolation_forest+feature_contribution,True,2026-07-01T07:02:44.437054
fbc7e9b2-91db-4b79-9256-b5cb2f03e715,I149676,shopping_mall,anomaly,Zorlu Center,Mall of Istanbul,0.0252,high,0.5,Column 'shopping_mall' deviates from similar normal records.,isolation_forest+feature_contribution,True,2026-07-01T07:02:44.579847
c95bd8b6-506a-49cc-ad13-42df053f8e67,I157576,shopping_mall,anomaly,Forum Istanbul,Istinye Park,0.0048,high,0.5,Column 'shopping_mall' deviates from similar normal records.,isolation_forest+feature_contribution,True,2026-07-01T07:02:44.629191
1936aed8-fb42-44c4-8474-a78e4941f7d6,I336425,shopping_mall,anomaly,Forum Istanbul,Forum Istanbul,0.0643,high,0.5,Column 'shopping_mall' deviates from similar normal records.,isolation_forest+feature_contribution,True,2026-07-01T07:02:44.676423
3e5afb8a-baf0-4c0f-bba9-c2a291f4c79e,I172844,category,anomaly,Cosmetics,Cosmetics,0.0724,high,0.5,Column 'category' deviates from similar normal records.,isolation_forest+feature_contribution,True,2026-07-01T07:02:45.103808
99bd541b-f846-4ee5-9bbd-eaa6def4f61d,I989851,payment_method,anomaly,Debit Card,Credit Card,0.0334,high,0.5,Column 'payment_method' deviates from similar normal records.,isolation_forest+feature_contribution,True,2026-07-01T07:02:45.197025
92190fb4-1992-4c78-b946-b7289a128f41,I946881,shopping_mall,anomaly,Metropol AVM,Forum Istanbul,0.0263,high,0.5,Column 'shopping_mall' deviates from similar normal records.,isolation_forest+feature_contribution,True,2026-07-01T07:02:45.384856
b8fc6aae-db56-43b6-8bdf-79418778ff0d,I764494,category,anomaly,Souvenir,Cosmetics,0.0487,high,0.5,Column 'category' deviates from similar normal records.,isolation_forest+feature_contribution,True,2026-07-01T07:02:45.483279
01ef8d1f-768a-4258-8933-dccbe73156bc,I276739,payment_method,anomaly,Credit Card,Credit Card,0.0105,high,0.5,Column 'payment_method' deviates from similar normal records.,isolation_forest+feature_contribution,True,2026-07-01T07:02:45.725289
92969212-15d5-467a-a25c-21f2bab838b1,I265850,shopping_mall,anomaly,Metropol AVM,Metropol AVM,0.0199,high,0.5,Column 'shopping_mall' deviates from similar normal records.,isolation_forest+feature_contribution,True,2026-07-01T07:02:45.820069
f55ce7f4-11a9-4cde-a19b-f7587e71943c,I383710,payment_method,anomaly,Debit Card,Cash,0.0235,high,0.5,Column 'payment_method' deviates from similar normal records.,isolation_forest+feature_contribution,True,2026-07-01T07:02:45.968151
201ece26-02da-463d-b2d7-42b77c9f255c,I192341,shopping_mall,anomaly,Cevahir AVM,Kanyon,0.0034,high,0.5,Column 'shopping_mall' deviates from similar normal records.,isolation_forest+feature_contribution,True,2026-07-01T07:02:46.063686
2d3e8773-936d-4aab-9f76-768ef9bcd5fb,I232214,shopping_mall,anomaly,Metrocity,Cevahir AVM,0.1405,high,0.5,Column 'shopping_mall' deviates from similar normal records.,isolation_forest+feature_contribution,True,2026-07-01T07:02:46.257881
c4b02c6c-cbb8-4007-8284-6aae13343cc2,I235031,shopping_mall,anomaly,Metropol AVM,Forum Istanbul,0.0969,high,0.5,Column 'shopping_mall' deviates from similar normal records.,isolation_forest+feature_contribution,True,2026-07-01T07:02:46.308166
ae498654-6a6e-40f8-be50-ef55ccad3020,I192151,shopping_mall,anomaly,Emaar Square Mall,Emaar Square Mall,0.1513,high,0.5,Column 'shopping_mall' deviates from similar normal records.,isolation_forest+feature_contribution,True,2026-07-01T07:02:46.500390
0193f8cc-3ced-4223-8353-cd169f32cdaa,I187032,category,anomaly,Souvenir,Souvenir,0.0319,high,0.5,Column 'category' deviates from similar normal records.,isolation_forest+feature_contribution,True,2026-07-01T07:02:46.744686
6dba94f3-605c-4303-86f6-5ea0082c5a33,I200515,shopping_mall,anomaly,Metrocity,Istinye Park,0.0274,high,0.5,Column 'shopping_mall' deviates from similar normal records.,isolation_forest+feature_contribution,True,2026-07-01T07:02:46.793643
06723af2-1538-4070-9bcd-3833a2bdb92a,I264610,shopping_mall,anomaly,Cevahir AVM,Istinye Park,0.1465,high,0.5,Column 'shopping_mall' deviates from similar normal records.,isolation_forest+feature_contribution,True,2026-07-01T07:02:47.125572
84fd9721-66b4-4b93-a285-2fea6beabb81,I262761,category,anomaly,Souvenir,Books,0.096,high,0.5,Column 'category' deviates from similar normal records.,isolation_forest+feature_contribution,True,2026-07-01T07:02:47.223813
e7e99c34-4318-4312-be83-a36ba8381b5f,I309214,shopping_mall,anomaly,Zorlu Center,Cevahir AVM,0.0861,high,0.5,Column 'shopping_mall' deviates from similar normal records.,isolation_forest+feature_contribution,True,2026-07-01T07:02:47.371979
57b87ef6-8c6b-447a-99e2-2cbe48bc9687,I764086,shopping_mall,anomaly,Metropol AVM,Cevahir AVM,0.1112,high,0.5,Column 'shopping_mall' deviates from similar normal records.,isolation_forest+feature_contribution,True,2026-07-01T07:02:47.564725
68b64392-8f36-4c8c-80c1-b05957c3794d,I242703,shopping_mall,anomaly,Istinye Park,Mall of Istanbul,0.0348,high,0.5,Column 'shopping_mall' deviates from similar normal records.,isolation_forest+feature_contribution,True,2026-07-01T07:02:47.718620
f0688917-1de4-4b93-9f4a-f3ca571490a4,I877180,payment_method,anomaly,Debit Card,Cash,0.1053,high,0.5,Column 'payment_method' deviates from similar normal records.,isolation_forest+feature_contribution,True,2026-07-01T07:02:47.868895
4f2c3fca-c35c-4541-a83c-39efe3658491,I173681,shopping_mall,anomaly,Forum Istanbul,Metropol AVM,0.0144,high,0.5,Column 'shopping_mall' deviates from similar normal records.,isolation_forest+feature_contribution,True,2026-07-01T07:02:48.257968
a5c61c73-62ff-4370-86a4-3c79230e423d,I118884,shopping_mall,anomaly,Emaar Square Mall,Kanyon,0.0519,high,0.5,Column 'shopping_mall' deviates from similar normal records.,isolation_forest+feature_contribution,True,2026-07-01T07:02:48.730661
a268db80-8860-4058-b73e-04345e0e802e,I199647,shopping_mall,anomaly,Metrocity,Kanyon,0.0559,high,0.5,Column 'shopping_mall' deviates from similar normal records.,isolation_forest+feature_contribution,True,2026-07-01T07:02:48.891035
3469a73b-36a2-4577-b42c-5fbf0f323e56,I276072,shopping_mall,anomaly,Metrocity,Kanyon,0.0025,high,0.5,Column 'shopping_mall' deviates from similar normal records.,isolation_forest+feature_contribution,True,2026-07-01T07:02:48.987820
c76da26d-24a8-4fc1-be72-81ccca3bba79,I959913,shopping_mall,anomaly,Cevahir AVM,Cevahir AVM,0.13,high,0.5,Column 'shopping_mall' deviates from similar normal records.,isolation_forest+feature_contribution,True,2026-07-01T07:02:49.390004
188b4c6f-49a6-46c9-96ab-ff54070ba03a,I169579,shopping_mall,anomaly,Cevahir AVM,Cevahir AVM,0.1243,high,0.5,Column 'shopping_mall' deviates from similar normal records.,isolation_forest+feature_contribution,True,2026-07-01T07:02:49.442283
4b0acb68-a286-4e6f-8ca8-ab2a89e11110,I140002,payment_method,anomaly,Debit Card,Credit Card,0.0746,high,0.5,Column 'payment_method' deviates from similar normal records.,isolation_forest+feature_contribution,True,2026-07-01T07:02:49.544884
ea1d6358-4504-42a3-81c1-762f8fe2d45e,I308711,shopping_mall,anomaly,Cevahir AVM,Mall of Istanbul,0.0446,high,0.5,Column 'shopping_mall' deviates from similar normal records.,isolation_forest+feature_contribution,True,2026-07-01T07:02:49.834747
64fb8db6-36b8-4837-84c0-f71962bc24f1,I140206,category,anomaly,Books,Food & Beverage,0.0678,high,0.5,Column 'category' deviates from similar normal records.,isolation_forest+feature_contribution,True,2026-07-01T07:02:50.069687
8c1253ce-ec64-49b4-a722-c46bb9c83f55,I309831,shopping_mall,anomaly,Viaport Outlet,Cevahir AVM,0.0202,high,0.5,Column 'shopping_mall' deviates from similar normal records.,isolation_forest+feature_contribution,True,2026-07-01T07:02:50.169028
c87b1d31-dd12-4a81-92a9-2d407d7c1868,I233765,shopping_mall,anomaly,Zorlu Center,Mall of Istanbul,0.063,high,0.5,Column 'shopping_mall' deviates from similar normal records.,isolation_forest+feature_contribution,True,2026-07-01T07:02:50.217972
7fdf7a54-85d9-441c-adda-a49af6122e68,I168552,payment_method,anomaly,Debit Card,Credit Card,0.1093,high,0.5,Column 'payment_method' deviates from similar normal records.,isolation_forest+feature_contribution,True,2026-07-01T07:02:50.266559
27cde2bc-b309-4bad-85db-a38e8cd24206,I174635,shopping_mall,anomaly,Forum Istanbul,Kanyon,0.0174,high,0.5,Column 'shopping_mall' deviates from similar normal records.,isolation_forest+feature_contribution,True,2026-07-01T07:02:50.410401
e4166f92-978c-423b-b53c-25504f9011ca,I258633,shopping_mall,anomaly,Cevahir AVM,Kanyon,0.086,high,0.5,Column 'shopping_mall' deviates from similar normal records.,isolation_forest+feature_contribution,True,2026-07-01T07:02:50.553188
108823cc-a238-41e6-b776-08c35d85dc5d,I312658,category,anomaly,Souvenir,Food & Beverage,0.0042,high,0.5,Column 'category' deviates from similar normal records.,isolation_forest+feature_contribution,True,2026-07-01T07:02:50.600408
cb1df294-083e-4cfb-a48f-878d6df52fe8,I138302,shopping_mall,anomaly,Forum Istanbul,Emaar Square Mall,0.1477,high,0.5,Column 'shopping_mall' deviates from similar normal records.,isolation_forest+feature_contribution,True,2026-07-01T07:02:50.853141
23adb5b2-10c2-442e-8773-09992522fee5,I293040,shopping_mall,anomaly,Istinye Park,Kanyon,0.0103,high,0.5,Column 'shopping_mall' deviates from similar normal records.,isolation_forest+feature_contribution,True,2026-07-01T07:02:50.952528
d834fcbc-9bb0-49e0-b502-40862b75cf96,I249536,payment_method,anomaly,Debit Card,Debit Card,0.0232,high,0.5,Column 'payment_method' deviates from similar normal records.,isolation_forest+feature_contribution,True,2026-07-01T07:02:51.309472
5e9688bf-b2b2-4574-8a8e-7156f9cd9f06,I260384,shopping_mall,anomaly,Zorlu Center,Istinye Park,0.028,high,0.5,Column 'shopping_mall' deviates from similar normal records.,isolation_forest+feature_contribution,True,2026-07-01T07:02:51.997676
898ccf1c-a0e7-47ce-b84e-16d7f5d80add,I294837,shopping_mall,anomaly,Viaport Outlet,Cevahir AVM,0.0053,high,0.5,Column 'shopping_mall' deviates from similar normal records.,isolation_forest+feature_contribution,True,2026-07-01T07:02:52.329019
bc714361-d02b-4c54-9e41-ddc48f58aa02,I244226,shopping_mall,anomaly,Zorlu Center,Cevahir AVM,0.0901,high,0.5,Column 'shopping_mall' deviates from similar normal records.,isolation_forest+feature_contribution,True,2026-07-01T07:02:52.603255
3f9f2f75-af5e-4a39-8145-881c083d30a5,I260237,shopping_mall,anomaly,Istinye Park,Kanyon,0.1477,high,0.5,Column 'shopping_mall' deviates from similar normal records.,isolation_forest+feature_contribution,True,2026-07-01T07:02:52.986079
af254178-1702-41b7-83f7-9a5ce16fbf41,I276524,shopping_mall,anomaly,Metropol AVM,Metropol AVM,0.0544,high,0.5,Column 'shopping_mall' deviates from similar normal records.,isolation_forest+feature_contribution,True,2026-07-01T07:02:53.036294
cbbdc121-d456-4c1b-8bb7-1c905a67529d,I988517,payment_method,anomaly,Debit Card,Cash,0.0536,high,0.5,Column 'payment_method' deviates from similar normal records.,isolation_forest+feature_contribution,True,2026-07-01T07:02:53.222896
eca3b6f4-392b-423f-b026-0924f7377a36,I277175,category,anomaly,Souvenir,Food & Beverage,0.0729,high,0.5,Column 'category' deviates from similar normal records.,isolation_forest+feature_contribution,True,2026-07-01T07:02:53.658890
824d40d5-aacc-4fc6-b08e-64ead514c3e0,I304188,shopping_mall,anomaly,Forum Istanbul,Kanyon,0.0966,high,0.5,Column 'shopping_mall' deviates from similar normal records.,isolation_forest+feature_contribution,True,2026-07-01T07:02:53.892763
ebdbab73-0dec-419d-a4f0-4c55d70c268f,I225487,shopping_mall,anomaly,Metropol AVM,Forum Istanbul,0.144,high,0.5,Column 'shopping_mall' deviates from similar normal records.,isolation_forest+feature_contribution,True,2026-07-01T07:02:53.990093
20fc59cc-e448-44b2-b44f-b43d06c9ad14,I163708,category,anomaly,Souvenir,Food & Beverage,0.0364,high,0.5,Column 'category' deviates from similar normal records.,isolation_forest+feature_contribution,True,2026-07-01T07:02:54.467968
facc7bb5-b54e-4ac1-8927-ce9421f7b2be,I263901,shopping_mall,anomaly,Emaar Square Mall,Mall of Istanbul,0.077,high,0.5,Column 'shopping_mall' deviates from similar normal records.,isolation_forest+feature_contribution,True,2026-07-01T07:02:54.705182
4e203c84-1aba-4d12-a9a4-f33a14d09032,I592635,category,anomaly,Toys,Cosmetics,0.0821,high,0.5,Column 'category' deviates from similar normal records.,isolation_forest+feature_contribution,True,2026-07-01T07:02:54.800001
a65820cb-2d3a-4152-9ede-cebccc74a7ae,I119850,shopping_mall,anomaly,Kanyon,Istinye Park,0.0929,high,0.5,Column 'shopping_mall' deviates from similar normal records.,isolation_forest+feature_contribution,True,2026-07-01T07:02:55.131814
4fdfe2bf-ffc6-48d3-afed-fae7adfa0e8f,I223293,shopping_mall,anomaly,Metropol AVM,Metropol AVM,0.0002,high,0.5,Column 'shopping_mall' deviates from similar normal records.,isolation_forest+feature_contribution,True,2026-07-01T07:02:55.419877
9e1d1af1-e948-4a21-bc1e-1225cbb56dca,I287157,payment_method,anomaly,Debit Card,Cash,0.1128,high,0.5,Column 'payment_method' deviates from similar normal records.,isolation_forest+feature_contribution,True,2026-07-01T07:02:55.730053
b268dc47-9c6d-4de3-a5f5-7e963d68a384,I662829,shopping_mall,anomaly,Emaar Square Mall,Istinye Park,0.0569,high,0.5,Column 'shopping_mall' deviates from similar normal records.,isolation_forest+feature_contribution,True,2026-07-01T07:02:56.096297
e2147f1b-7177-475e-be50-cdc3d1962154,I256473,payment_method,anomaly,Debit Card,Cash,0.0461,high,0.5,Column 'payment_method' deviates from similar normal records.,isolation_forest+feature_contribution,True,2026-07-01T07:02:56.337660
1eb72fc4-3548-45f0-b2b8-f26064c2e707,I298983,payment_method,anomaly,Debit Card,Debit Card,0.0729,high,0.5,Column 'payment_method' deviates from similar normal records.,isolation_forest+feature_contribution,True,2026-07-01T07:02:56.427655
0be1105e-db20-4d15-b3f2-0749afbfb792,I298983,shopping_mall,anomaly,Zorlu Center,Metrocity,0.0729,high,0.5,Column 'shopping_mall' deviates from similar normal records.,isolation_forest+feature_contribution,True,2026-07-01T07:02:56.427655
dc875179-d117-402d-8f31-7e2f8898ae83,I383598,shopping_mall,anomaly,Metrocity,Mall of Istanbul,0.0085,high,0.5,Column 'shopping_mall' deviates from similar normal records.,isolation_forest+feature_contribution,True,2026-07-01T07:02:56.560975
7af90dbb-df99-493c-a726-afa495486550,I180246,shopping_mall,anomaly,Metropol AVM,Metropol AVM,0.0882,high,0.5,Column 'shopping_mall' deviates from similar normal records.,isolation_forest+feature_contribution,True,2026-07-01T07:02:56.610962
ad700101-d669-4508-a808-eebb518107ad,I132094,shopping_mall,anomaly,Istinye Park,Istinye Park,0.0307,high,0.5,Column 'shopping_mall' deviates from similar normal records.,isolation_forest+feature_contribution,True,2026-07-01T07:02:57.371014
1f1897ea-688d-4e52-a663-d2004becda63,I267177,payment_method,anomaly,Debit Card,Cash,0.0131,high,0.5,Column 'payment_method' deviates from similar normal records.,isolation_forest+feature_contribution,True,2026-07-01T07:02:57.456459
4c0e97e3-b1a2-417a-9c92-ec1dae8e3e34,I863394,shopping_mall,anomaly,Metropol AVM,Metropol AVM,0.0202,high,0.5,Column 'shopping_mall' deviates from similar normal records.,isolation_forest+feature_contribution,True,2026-07-01T07:02:57.769985
570538c8-6a28-4018-9142-ee7b6f9ff561,I628911,category,anomaly,Toys,Toys,0.0197,high,0.5,Column 'category' deviates from similar normal records.,isolation_forest+feature_contribution,True,2026-07-01T07:02:58.055601
87777775-8c48-4e61-b258-a46194aa82fd,I305724,shopping_mall,anomaly,Zorlu Center,Kanyon,0.046,high,0.5,Column 'shopping_mall' deviates from similar normal records.,isolation_forest+feature_contribution,True,2026-07-01T07:02:58.192959
19d0fa36-6bcd-4131-844a-85cb79bfc8a8,I937398,payment_method,anomaly,Debit Card,Cash,0.0548,high,0.5,Column 'payment_method' deviates from similar normal records.,isolation_forest+feature_contribution,True,2026-07-01T07:02:58.335924
9b47cc06-fcbd-48a5-9a5a-afe1dbd44b64,I213103,shopping_mall,anomaly,Cevahir AVM,Cevahir AVM,0.0711,high,0.5,Column 'shopping_mall' deviates from similar normal records.,isolation_forest+feature_contribution,True,2026-07-01T07:02:58.476567
cb7a13c3-a2d8-4869-99ab-e11ec5b67312,I882479,shopping_mall,anomaly,Forum Istanbul,Mall of Istanbul,0.0117,high,0.5,Column 'shopping_mall' deviates from similar normal records.,isolation_forest+feature_contribution,True,2026-07-01T07:02:58.523811
a6a0e7d1-1856-4d7b-80c6-5ed8ed3a65f6,I212142,shopping_mall,anomaly,Emaar Square Mall,Kanyon,0.0081,high,0.5,Column 'shopping_mall' deviates from similar normal records.,isolation_forest+feature_contribution,True,2026-07-01T07:02:58.666712
29ead3c3-a075-45dd-a3c2-42778b8c890c,I119669,shopping_mall,anomaly,Metropol AVM,Kanyon,0.1456,high,0.5,Column 'shopping_mall' deviates from similar normal records.,isolation_forest+feature_contribution,True,2026-07-01T07:02:58.763257
6ba4ba68-036a-455f-a56f-056d6cc800b9,I614328,category,anomaly,Souvenir,Food & Beverage,0.1721,high,0.5,Column 'category' deviates from similar normal records.,isolation_forest+feature_contribution,True,2026-07-01T07:02:58.813269
dd38dac8-1a54-463d-87e8-94b8230c075a,I214652,shopping_mall,anomaly,Cevahir AVM,Istinye Park,0.0951,high,0.5,Column 'shopping_mall' deviates from similar normal records.,isolation_forest+feature_contribution,True,2026-07-01T07:02:59.193118
d62a30fe-a378-4d52-b3bc-a57364a06d81,I216701,shopping_mall,anomaly,Metrocity,Cevahir AVM,0.0155,high,0.5,Column 'shopping_mall' deviates from similar normal records.,isolation_forest+feature_contribution,True,2026-07-01T07:02:59.338970
69c2aa2c-082b-4463-8fa2-5dc548e1fa78,I448052,shopping_mall,anomaly,Metrocity,Metrocity,0.0356,high,0.5,Column 'shopping_mall' deviates from similar normal records.,isolation_forest+feature_contribution,True,2026-07-01T07:02:59.479008
55680db2-d26b-4703-9695-6a13a119cdc7,I149083,shopping_mall,anomaly,Metrocity,Emaar Square Mall,0.0844,high,0.5,Column 'shopping_mall' deviates from similar normal records.,isolation_forest+feature_contribution,True,2026-07-01T07:02:59.624139
4e0b905e-dfb1-4775-876d-8650ac2516b2,I209633,gender,anomaly,Male,Male,0.0633,high,0.5,Column 'gender' deviates from similar normal records.,isolation_forest+feature_contribution,True,2026-07-01T07:02:59.719664
97e219fc-9b61-47ae-8081-d423d9f7b382,I310838,shopping_mall,anomaly,Cevahir AVM,Metrocity,0.0559,high,0.5,Column 'shopping_mall' deviates from similar normal records.,isolation_forest+feature_contribution,True,2026-07-01T07:03:00.191031
12f9f3f2-da76-4ce8-b75e-0529d11e0a9b,I269285,shopping_mall,anomaly,Zorlu Center,Kanyon,0.0049,high,0.5,Column 'shopping_mall' deviates from similar normal records.,isolation_forest+feature_contribution,True,2026-07-01T07:03:00.531838
cda3c6a8-fbc1-4e37-b28a-e68b9d5d9d1a,I258503,payment_method,anomaly,Debit Card,Cash,0.0088,high,0.5,Column 'payment_method' deviates from similar normal records.,isolation_forest+feature_contribution,True,2026-07-01T07:03:00.632876
3638e5d5-047b-4953-9e57-ecffbf4d6e9a,I916317,payment_method,anomaly,Debit Card,Credit Card,0.0884,high,0.5,Column 'payment_method' deviates from similar normal records.,isolation_forest+feature_contribution,True,2026-07-01T07:03:00.832950
235cda91-d840-4b97-8688-7474d7b987b7,I852099,gender,anomaly,Male,Female,0.1007,high,0.5,Column 'gender' deviates from similar normal records.,isolation_forest+feature_contribution,True,2026-07-01T07:03:01.077835
fb6296b7-9174-4937-9bdc-1bf0f7be32dc,I324316,shopping_mall,anomaly,Metropol AVM,Kanyon,0.1267,high,0.5,Column 'shopping_mall' deviates from similar normal records.,isolation_forest+feature_contribution,True,2026-07-01T07:03:01.125091
eac4271d-2270-4e41-85d6-ae94d2fdf1ec,I202315,shopping_mall,anomaly,Forum Istanbul,Emaar Square Mall,0.0201,high,0.5,Column 'shopping_mall' deviates from similar normal records.,isolation_forest+feature_contribution,True,2026-07-01T07:03:01.173988
f01244d4-fb5b-4ec8-ab99-b0ded35a1740,I667649,shopping_mall,anomaly,Metropol AVM,Metrocity,0.0834,high,0.5,Column 'shopping_mall' deviates from similar normal records.,isolation_forest+feature_contribution,True,2026-07-01T07:03:01.603674
ee22ffaa-ca5a-454b-aa09-c2fb9718d838,I414598,shopping_mall,anomaly,Zorlu Center,Mall of Istanbul,0.0254,high,0.5,Column 'shopping_mall' deviates from similar normal records.,isolation_forest+feature_contribution,True,2026-07-01T07:03:02.218016
be454d95-55e7-4053-8dfb-f833580c1c59,I200654,shopping_mall,anomaly,Metropol AVM,Metrocity,0.0123,high,0.5,Column 'shopping_mall' deviates from similar normal records.,isolation_forest+feature_contribution,True,2026-07-01T07:03:02.264114
62fa161a-b91a-4eaf-8e95-bcfd99926c58,I293702,shopping_mall,anomaly,Istinye Park,Kanyon,0.016,high,0.5,Column 'shopping_mall' deviates from similar normal records.,isolation_forest+feature_contribution,True,2026-07-01T07:03:02.786822
280ca594-9813-4db5-88d2-74d863ba38e5,I880582,shopping_mall,anomaly,Viaport Outlet,Istinye Park,0.0131,high,0.5,Column 'shopping_mall' deviates from similar normal records.,isolation_forest+feature_contribution,True,2026-07-01T07:03:02.880394
13e75ffc-11e1-4b9e-9287-108896d37abb,I160434,shopping_mall,anomaly,Cevahir AVM,Cevahir AVM,0.2325,high,0.5,Column 'shopping_mall' deviates from similar normal records.,isolation_forest+feature_contribution,True,2026-07-01T07:03:02.927698
660c83eb-0722-4b74-99f7-46e2ecef5649,I159120,payment_method,anomaly,Debit Card,Debit Card,0.079,high,0.5,Column 'payment_method' deviates from similar normal records.,isolation_forest+feature_contribution,True,2026-07-01T07:03:02.978834
1ab5b226-2622-4c16-a3c7-9af5e8f38ffa,I324083,payment_method,anomaly,Credit Card,Cash,0.058,high,0.5,Column 'payment_method' deviates from similar normal records.,isolation_forest+feature_contribution,True,2026-07-01T07:03:03.074138
375c3dd4-909d-4d6e-81c6-70c8f69cfa0d,I153237,shopping_mall,anomaly,Metropol AVM,Kanyon,0.2483,high,0.5,Column 'shopping_mall' deviates from similar normal records.,isolation_forest+feature_contribution,True,2026-07-01T07:03:03.213047
1f8f4f49-4379-43c8-924e-226f2cb4b587,I216051,shopping_mall,anomaly,Metropol AVM,Kanyon,0.0626,high,0.5,Column 'shopping_mall' deviates from similar normal records.,isolation_forest+feature_contribution,True,2026-07-01T07:03:03.359787
155d3c40-99c9-4567-b0ab-09940f021f44,I390909,payment_method,anomaly,Debit Card,Cash,0.0112,high,0.5,Column 'payment_method' deviates from similar normal records.,isolation_forest+feature_contribution,True,2026-07-01T07:03:03.553099
2a0ead25-c332-44cf-b598-e154a385b950,I175396,shopping_mall,anomaly,Mall of Istanbul,Kanyon,0.0314,high,0.5,Column 'shopping_mall' deviates from similar normal records.,isolation_forest+feature_contribution,True,2026-07-01T07:03:03.948865
64abf543-0f7c-453b-b13a-be59ca76df9b,I737333,shopping_mall,anomaly,Zorlu Center,Metrocity,0.0938,high,0.5,Column 'shopping_mall' deviates from similar normal records.,isolation_forest+feature_contribution,True,2026-07-01T07:03:04.093918
e0e36245-da1d-410a-a015-a557ac8aa350,I291308,shopping_mall,anomaly,Metropol AVM,Mall of Istanbul,0.0765,high,0.5,Column 'shopping_mall' deviates from similar normal records.,isolation_forest+feature_contribution,True,2026-07-01T07:03:04.422918
c163a674-133d-4351-8037-5b5c1be47a86,I303484,shopping_mall,anomaly,Metropol AVM,Metrocity,0.0017,high,0.5,Column 'shopping_mall' deviates from similar normal records.,isolation_forest+feature_contribution,True,2026-07-01T07:03:04.621740
e3524cde-4043-4bb8-880b-22efb8802333,I139814,payment_method,anomaly,Debit Card,Cash,0.1404,high,0.5,Column 'payment_method' deviates from similar normal records.,isolation_forest+feature_contribution,True,2026-07-01T07:03:04.712638
3f55cffd-fa9c-4302-98ad-53abfe310fca,I286512,shopping_mall,anomaly,Emaar Square Mall,Kanyon,0.0385,high,0.5,Column 'shopping_mall' deviates from similar normal records.,isolation_forest+feature_contribution,True,2026-07-01T07:03:04.803044
0d9b4c34-8b72-4e8f-b9f6-ec2060204b83,I324326,category,anomaly,Toys,Cosmetics,0.0236,high,0.5,Column 'category' deviates from similar normal records.,isolation_forest+feature_contribution,True,2026-07-01T07:03:04.897939
63bcba40-6f67-4685-834c-87be6defb6e1,I236309,shopping_mall,anomaly,Cevahir AVM,Emaar Square Mall,0.0137,high,0.5,Column 'shopping_mall' deviates from similar normal records.,isolation_forest+feature_contribution,True,2026-07-01T07:03:05.047008
765cb57f-a695-4074-8679-cebe89c73327,I800173,shopping_mall,anomaly,Cevahir AVM,Cevahir AVM,0.091,high,0.5,Column 'shopping_mall' deviates from similar normal records.,isolation_forest+feature_contribution,True,2026-07-01T07:03:05.340803
d4756c36-e0d3-42f7-bebe-c4e8f1f6d113,I229453,shopping_mall,anomaly,Viaport Outlet,Viaport Outlet,0.0036,high,0.5,Column 'shopping_mall' deviates from similar normal records.,isolation_forest+feature_contribution,True,2026-07-01T07:03:05.590662
1e345fd7-7421-4c85-a760-e54a75857e48,I310172,shopping_mall,anomaly,Viaport Outlet,Cevahir AVM,0.0062,high,0.5,Column 'shopping_mall' deviates from similar normal records.,isolation_forest+feature_contribution,True,2026-07-01T07:03:06.893689
08bfbc0c-dbb4-43bc-8dc7-70589fca42e1,I310172,age_group,anomaly,26_35,26_35,0.0062,low,0.0,Column 'age_group' deviates from similar normal records.,isolation_forest+feature_contribution,True,2026-07-01T07:03:06.894689
59eaca27-0977-4bc2-af71-8452404204fd,I233819,shopping_mall,anomaly,Forum Istanbul,Mall of Istanbul,0.0243,high,0.5,Column 'shopping_mall' deviates from similar normal records.,isolation_forest+feature_contribution,True,2026-07-01T07:03:07.033701
f7bfb664-639b-4661-a84a-78e413dde285,I609535,payment_method,anomaly,Debit Card,Cash,0.0034,high,0.5,Column 'payment_method' deviates from similar normal records.,isolation_forest+feature_contribution,True,2026-07-01T07:03:07.081137
3f254481-c481-4761-98a1-ebdc48538709,I358987,payment_method,anomaly,Credit Card,Credit Card,0.0803,high,0.5,Column 'payment_method' deviates from similar normal records.,isolation_forest+feature_contribution,True,2026-07-01T07:03:07.656877
f845555d-741f-412e-8a2a-32f5849ebf09,I265029,shopping_mall,anomaly,Cevahir AVM,Istinye Park,0.061,high,0.5,Column 'shopping_mall' deviates from similar normal records.,isolation_forest+feature_contribution,True,2026-07-01T07:03:07.707693
79a12587-fa04-4036-bb19-f155943d323e,I269615,shopping_mall,anomaly,Metrocity,Forum Istanbul,0.0416,high,0.5,Column 'shopping_mall' deviates from similar normal records.,isolation_forest+feature_contribution,True,2026-07-01T07:03:07.751821
b350fd03-b184-446c-bf30-6be00b74dca3,I622846,shopping_mall,anomaly,Metropol AVM,Mall of Istanbul,0.146,high,0.5,Column 'shopping_mall' deviates from similar normal records.,isolation_forest+feature_contribution,True,2026-07-01T07:03:07.887962
36b29fc4-8040-418b-833b-40bc51dd8136,I286019,gender,anomaly,Male,Female,0.052,high,0.5,Column 'gender' deviates from similar normal records.,isolation_forest+feature_contribution,True,2026-07-01T07:03:07.983735
adf720cc-0196-4211-80bd-0ae951f7c729,I364134,payment_method,anomaly,Debit Card,Cash,0.0868,high,0.5,Column 'payment_method' deviates from similar normal records.,isolation_forest+feature_contribution,True,2026-07-01T07:03:08.308606
a8cc5127-d3f7-406c-a9b6-25821ab50efb,I213056,category,anomaly,Souvenir,Food & Beverage,0.0303,high,0.5,Column 'category' deviates from similar normal records.,isolation_forest+feature_contribution,True,2026-07-01T07:03:08.743698
e08768e4-2674-4798-97ec-2fc7a5d92832,I319410,shopping_mall,anomaly,Zorlu Center,Kanyon,0.0374,high,0.5,Column 'shopping_mall' deviates from similar normal records.,isolation_forest+feature_contribution,True,2026-07-01T07:03:08.791099
f82753ba-7864-4b49-b6d8-7433f16f19fa,I304427,shopping_mall,anomaly,Emaar Square Mall,Cevahir AVM,0.0013,high,0.5,Column 'shopping_mall' deviates from similar normal records.,isolation_forest+feature_contribution,True,2026-07-01T07:03:08.932828
56c73fef-52db-400a-b0c6-5de1651c2fe0,I839253,payment_method,anomaly,Debit Card,Cash,0.0329,high,0.5,Column 'payment_method' deviates from similar normal records.,isolation_forest+feature_contribution,True,2026-07-01T07:03:08.980798
223be6de-e6c3-42e5-90f6-87375629bbb3,I241792,shopping_mall,anomaly,Istinye Park,Kanyon,0.1061,high,0.5,Column 'shopping_mall' deviates from similar normal records.,isolation_forest+feature_contribution,True,2026-07-01T07:03:09.118702
05336f97-b16f-4d47-b90a-60e337846069,I185363,shopping_mall,anomaly,Viaport Outlet,Emaar Square Mall,0.2,high,0.5,Column 'shopping_mall' deviates from similar normal records.,isolation_forest+feature_contribution,True,2026-07-01T07:03:09.263253
2c88c105-73f0-432e-b14a-e94c42103610,I976953,shopping_mall,anomaly,Cevahir AVM,Cevahir AVM,0.0579,high,0.5,Column 'shopping_mall' deviates from similar normal records.,isolation_forest+feature_contribution,True,2026-07-01T07:03:09.316949
5351480e-f893-4f45-93a1-a65d3353bf53,I837919,shopping_mall,anomaly,Cevahir AVM,Mall of Istanbul,0.0102,high,0.5,Column 'shopping_mall' deviates from similar normal records.,isolation_forest+feature_contribution,True,2026-07-01T07:03:09.860387
a524d604-d76f-42e9-b010-b7d79df05be4,I175079,shopping_mall,anomaly,Metrocity,Cevahir AVM,0.0762,high,0.5,Column 'shopping_mall' deviates from similar normal records.,isolation_forest+feature_contribution,True,2026-07-01T07:03:10.684591
6e4e6fb0-8500-49d3-80fc-986345f1d4a8,I262636,shopping_mall,anomaly,Zorlu Center,Kanyon,0.0045,high,0.5,Column 'shopping_mall' deviates from similar normal records.,isolation_forest+feature_contribution,True,2026-07-01T07:03:11.733240
b536604a-c5d1-486c-9d23-0b33dd081059,I337343,shopping_mall,anomaly,Metrocity,Metrocity,0.031,high,0.5,Column 'shopping_mall' deviates from similar normal records.,isolation_forest+feature_contribution,True,2026-07-01T07:03:11.791045
d61955ee-9b4b-46ef-85c7-c5ea19ffb0cb,I208718,shopping_mall,anomaly,Viaport Outlet,Mall of Istanbul,0.0082,high,0.5,Column 'shopping_mall' deviates from similar normal records.,isolation_forest+feature_contribution,True,2026-07-01T07:03:11.838776
eb3ba133-ca2e-43b5-8acd-2450272d96d9,I109517,shopping_mall,anomaly,Forum Istanbul,Metropol AVM,0.0433,high,0.5,Column 'shopping_mall' deviates from similar normal records.,isolation_forest+feature_contribution,True,2026-07-01T07:03:12.024486
180d43a1-9095-449b-8ee2-8958e08df7f8,I172594,shopping_mall,anomaly,Zorlu Center,Kanyon,0.0752,high,0.5,Column 'shopping_mall' deviates from similar normal records.,isolation_forest+feature_contribution,True,2026-07-01T07:03:12.953048
bd39912f-438a-4adf-a923-b4877012f7f6,I164487,shopping_mall,anomaly,Emaar Square Mall,Emaar Square Mall,0.0684,high,0.5,Column 'shopping_mall' deviates from similar normal records.,isolation_forest+feature_contribution,True,2026-07-01T07:03:13.033563
cc3460d6-be5a-4075-a8c3-92005599d5e5,I137619,shopping_mall,anomaly,Viaport Outlet,Cevahir AVM,0.0843,high,0.5,Column 'shopping_mall' deviates from similar normal records.,isolation_forest+feature_contribution,True,2026-07-01T07:03:13.559573
a398633b-8508-43b7-88dd-48707e5963b6,I309398,shopping_mall,anomaly,Metropol AVM,Metrocity,0.0074,high,0.5,Column 'shopping_mall' deviates from similar normal records.,isolation_forest+feature_contribution,True,2026-07-01T07:03:13.703758
d03b4f3a-14ff-4b10-a43e-51ce7787fd66,I288487,shopping_mall,anomaly,Forum Istanbul,Istinye Park,0.0414,high,0.5,Column 'shopping_mall' deviates from similar normal records.,isolation_forest+feature_contribution,True,2026-07-01T07:03:14.219910
7ab80ac0-6d63-404b-9016-424e45724ac6,I290473,shopping_mall,anomaly,Emaar Square Mall,Cevahir AVM,0.0245,high,0.5,Column 'shopping_mall' deviates from similar normal records.,isolation_forest+feature_contribution,True,2026-07-01T07:03:15.441881
199e0e49-de83-4b91-9aa4-f5f1233bc798,I254418,payment_method,anomaly,Credit Card,Cash,0.0619,high,0.5,Column 'payment_method' deviates from similar normal records.,isolation_forest+feature_contribution,True,2026-07-01T07:03:15.718506
d6f32005-b429-41eb-ae1b-2f3c57dae11e,I435010,shopping_mall,anomaly,Zorlu Center,Emaar Square Mall,0.0889,high,0.5,Column 'shopping_mall' deviates from similar normal records.,isolation_forest+feature_contribution,True,2026-07-01T07:03:16.280630
ceabda22-a99e-45bc-ae0e-46ab9bd5293b,I929717,payment_method,anomaly,Debit Card,Credit Card,0.2039,high,0.5,Column 'payment_method' deviates from similar normal records.,isolation_forest+feature_contribution,True,2026-07-01T07:03:16.327934
5d282125-7905-4df3-9dbf-336bf1fde315,I530942,payment_method,anomaly,Cash,Cash,0.0133,high,0.5,Column 'payment_method' deviates from similar normal records.,isolation_forest+feature_contribution,True,2026-07-01T07:03:16.743444
6e5a7878-afdd-4916-93f0-1bd7e5f4d373,I845612,shopping_mall,anomaly,Metropol AVM,Istinye Park,0.0767,high,0.5,Column 'shopping_mall' deviates from similar normal records.,isolation_forest+feature_contribution,True,2026-07-01T07:03:17.161254
b650d055-bb91-4daa-bf8d-e1b3b8df3cc9,I299166,shopping_mall,anomaly,Cevahir AVM,Kanyon,0.0452,high,0.5,Column 'shopping_mall' deviates from similar normal records.,isolation_forest+feature_contribution,True,2026-07-01T07:03:17.272279
26c78453-586e-4ff3-a0de-b6745cbdfb1f,I209878,shopping_mall,anomaly,Viaport Outlet,Mall of Istanbul,0.1198,high,0.5,Column 'shopping_mall' deviates from similar normal records.,isolation_forest+feature_contribution,True,2026-07-01T07:03:17.318279
2de57663-ed01-4fad-be43-1bad72bc4161,I503383,shopping_mall,anomaly,Metropol AVM,Istinye Park,0.0008,high,0.5,Column 'shopping_mall' deviates from similar normal records.,isolation_forest+feature_contribution,True,2026-07-01T07:03:17.363287
1c3cbc60-30df-4ec5-b471-8337bf20b212,I417064,shopping_mall,anomaly,Emaar Square Mall,Kanyon,0.1136,high,0.5,Column 'shopping_mall' deviates from similar normal records.,isolation_forest+feature_contribution,True,2026-07-01T07:03:17.661871
49017289-a9c1-4199-8042-a8d21bf7a585,I825735,shopping_mall,anomaly,Metrocity,Cevahir AVM,0.0189,high,0.5,Column 'shopping_mall' deviates from similar normal records.,isolation_forest+feature_contribution,True,2026-07-01T07:03:18.143003
d928c9ef-418c-4c74-9b76-bae2b95a261a,I449781,shopping_mall,anomaly,Viaport Outlet,Forum Istanbul,0.0944,high,0.5,Column 'shopping_mall' deviates from similar normal records.,isolation_forest+feature_contribution,True,2026-07-01T07:03:18.275414
81405904-497e-4a8a-bafb-c3b166c1981e,I269312,payment_method,anomaly,Debit Card,Credit Card,0.0068,high,0.5,Column 'payment_method' deviates from similar normal records.,isolation_forest+feature_contribution,True,2026-07-01T07:03:18.307560
56da9acf-81c4-4a99-8171-eb9435f52174,I198960,shopping_mall,anomaly,Viaport Outlet,Kanyon,0.0353,high,0.5,Column 'shopping_mall' deviates from similar normal records.,isolation_forest+feature_contribution,True,2026-07-01T07:03:18.435195
f23cd9cf-59dd-4d55-b388-07c78999bea5,I304560,shopping_mall,anomaly,Viaport Outlet,Mall of Istanbul,0.0155,high,0.5,Column 'shopping_mall' deviates from similar normal records.,isolation_forest+feature_contribution,True,2026-07-01T07:03:18.466193
12cbb1f5-bf8f-420d-bc1d-691bd94c7476,I218807,payment_method,anomaly,Debit Card,Cash,0.1085,high,0.5,Column 'payment_method' deviates from similar normal records.,isolation_forest+feature_contribution,True,2026-07-01T07:03:18.879484
3d178996-4d4c-4af3-b1c9-220d5527ac2f,I384747,category,anomaly,Toys,Books,0.0228,high,0.5,Column 'category' deviates from similar normal records.,isolation_forest+feature_contribution,True,2026-07-01T07:03:18.911722
3a4d5fd2-c9bb-4e19-97de-9a3402149f2d,I169069,category,anomaly,Toys,Toys,0.0186,high,0.5,Column 'category' deviates from similar normal records.,isolation_forest+feature_contribution,True,2026-07-01T07:03:18.974628
e54c3fe1-ad28-4ea4-ab11-4b22c0fc752c,I176144,shopping_mall,anomaly,Viaport Outlet,Kanyon,0.1147,high,0.5,Column 'shopping_mall' deviates from similar normal records.,isolation_forest+feature_contribution,True,2026-07-01T07:03:19.101666
9aec8a17-48c2-413e-8eb3-db5734774ef9,I876385,shopping_mall,anomaly,Forum Istanbul,Metrocity,0.0509,high,0.5,Column 'shopping_mall' deviates from similar normal records.,isolation_forest+feature_contribution,True,2026-07-01T07:03:19.141665
c4f28ebb-2bac-4365-baac-f30f5092f4a2,I182867,shopping_mall,anomaly,Viaport Outlet,Mall of Istanbul,0.0049,high,0.5,Column 'shopping_mall' deviates from similar normal records.,isolation_forest+feature_contribution,True,2026-07-01T07:03:19.424359
54148459-c7f9-4ed0-8093-7b354e168d99,I280787,shopping_mall,anomaly,Metropol AVM,Kanyon,0.095,high,0.5,Column 'shopping_mall' deviates from similar normal records.,isolation_forest+feature_contribution,True,2026-07-01T07:03:19.471875
8147ed88-bc19-4201-9445-31060e6a4115,I259107,shopping_mall,anomaly,Viaport Outlet,Kanyon,0.0615,high,0.5,Column 'shopping_mall' deviates from similar normal records.,isolation_forest+feature_contribution,True,2026-07-01T07:03:19.617714
47ab073e-cfc8-4e5b-8aa3-45214c209642,I193837,shopping_mall,anomaly,Viaport Outlet,Istinye Park,0.0065,high,0.5,Column 'shopping_mall' deviates from similar normal records.,isolation_forest+feature_contribution,True,2026-07-01T07:03:20.049873
a5defc8f-a7b4-44dd-bd4c-5534e804b2db,I301999,payment_method,anomaly,Debit Card,Cash,0.0841,high,0.5,Column 'payment_method' deviates from similar normal records.,isolation_forest+feature_contribution,True,2026-07-01T07:03:20.099266
deaa5a7e-6149-4376-9b6d-e5eae4b5ea9f,I749747,payment_method,anomaly,Debit Card,Cash,0.0306,high,0.5,Column 'payment_method' deviates from similar normal records.,isolation_forest+feature_contribution,True,2026-07-01T07:03:20.150276
b0d05ecc-bc66-4651-86f9-57f253a9c415,I309108,shopping_mall,anomaly,Cevahir AVM,Cevahir AVM,0.102,high,0.5,Column 'shopping_mall' deviates from similar normal records.,isolation_forest+feature_contribution,True,2026-07-01T07:03:20.455144
17730415-eb92-4f92-9711-ac47e642c132,I330409,shopping_mall,anomaly,Metropol AVM,Kanyon,0.097,high,0.5,Column 'shopping_mall' deviates from similar normal records.,isolation_forest+feature_contribution,True,2026-07-01T07:03:20.786643
03ef0d62-e075-4859-b2f5-ac28ff9c8167,I109619,category,anomaly,Souvenir,Food & Beverage,0.003,high,0.5,Column 'category' deviates from similar normal records.,isolation_forest+feature_contribution,True,2026-07-01T07:03:20.888156
8e049bd5-4afb-40c9-a20f-39631cae7dcc,I248006,shopping_mall,anomaly,Zorlu Center,Metropol AVM,0.0239,high,0.5,Column 'shopping_mall' deviates from similar normal records.,isolation_forest+feature_contribution,True,2026-07-01T07:03:21.420936
bad473ac-b11e-4b11-aa09-43418e5dc5cc,I465240,shopping_mall,anomaly,Viaport Outlet,Metrocity,0.0755,high,0.5,Column 'shopping_mall' deviates from similar normal records.,isolation_forest+feature_contribution,True,2026-07-01T07:03:21.582502
786b7582-6865-4bef-9ac9-c4f5c3e7ea40,I904438,shopping_mall,anomaly,Metropol AVM,Mall of Istanbul,0.0746,high,0.5,Column 'shopping_mall' deviates from similar normal records.,isolation_forest+feature_contribution,True,2026-07-01T07:03:21.696711
c5b51b9a-5516-4098-bfec-982e93803869,I916855,shopping_mall,anomaly,Metropol AVM,Cevahir AVM,0.0326,high,0.5,Column 'shopping_mall' deviates from similar normal records.,isolation_forest+feature_contribution,True,2026-07-01T07:03:21.898286
113e75ef-e018-469c-8f91-c3a03a788ca6,I727811,shopping_mall,anomaly,Emaar Square Mall,Mall of Istanbul,0.0004,high,0.5,Column 'shopping_mall' deviates from similar normal records.,isolation_forest+feature_contribution,True,2026-07-01T07:03:22.509465
ccab4f34-f431-41cd-a6e4-982a6dd9fd2f,I359741,payment_method,anomaly,Debit Card,Cash,0.09,high,0.5,Column 'payment_method' deviates from similar normal records.,isolation_forest+feature_contribution,True,2026-07-01T07:03:22.558059
d1e684af-228f-4918-be3e-c02b2f2c6ec6,I125611,shopping_mall,anomaly,Viaport Outlet,Mall of Istanbul,0.0106,high,0.5,Column 'shopping_mall' deviates from similar normal records.,isolation_forest+feature_contribution,True,2026-07-01T07:03:23.044076
267a90d7-5f03-4c7e-89e5-5768a011bb80,I735611,shopping_mall,anomaly,Zorlu Center,Kanyon,0.0344,high,0.5,Column 'shopping_mall' deviates from similar normal records.,isolation_forest+feature_contribution,True,2026-07-01T07:03:23.324826
0c1b6fa3-d487-472f-a72c-fdeb8d1f05f9,I122701,shopping_mall,anomaly,Viaport Outlet,Cevahir AVM,0.0622,high,0.5,Column 'shopping_mall' deviates from similar normal records.,isolation_forest+feature_contribution,True,2026-07-01T07:03:23.864833
0c1ee0c2-62ac-465d-ac02-7aa0efcfb724,I971755,shopping_mall,anomaly,Istinye Park,Kanyon,0.0366,high,0.5,Column 'shopping_mall' deviates from similar normal records.,isolation_forest+feature_contribution,True,2026-07-01T07:03:23.912355
26b5fa3c-559d-4adf-ba70-d10ab7bd6d8f,I268103,shopping_mall,anomaly,Cevahir AVM,Mall of Istanbul,0.0317,high,0.5,Column 'shopping_mall' deviates from similar normal records.,isolation_forest+feature_contribution,True,2026-07-01T07:03:24.007836
6af00842-1cdb-4105-8ec6-d1326c56ae2a,I141385,shopping_mall,anomaly,Viaport Outlet,Kanyon,0.0384,high,0.5,Column 'shopping_mall' deviates from similar normal records.,isolation_forest+feature_contribution,True,2026-07-01T07:03:24.293671
b8f3cb0a-6bf3-4e64-926f-966e2baa33a8,I273268,shopping_mall,anomaly,Viaport Outlet,Forum Istanbul,0.0396,high,0.5,Column 'shopping_mall' deviates from similar normal records.,isolation_forest+feature_contribution,True,2026-07-01T07:03:24.385192
b2d86649-d6e0-40e5-bed9-cd526e017af2,I254544,payment_method,anomaly,Debit Card,Cash,0.0274,high,0.5,Column 'payment_method' deviates from similar normal records.,isolation_forest+feature_contribution,True,2026-07-01T07:03:24.477506
ba6d8f79-7168-4c38-8d66-0dd8dab5e0d1,I340031,shopping_mall,anomaly,Cevahir AVM,Mall of Istanbul,0.0164,high,0.5,Column 'shopping_mall' deviates from similar normal records.,isolation_forest+feature_contribution,True,2026-07-01T07:03:24.661399
d0de80d3-bbd6-4353-9151-4ca9e6d0a26b,I719442,shopping_mall,anomaly,Emaar Square Mall,Istinye Park,0.0074,high,0.5,Column 'shopping_mall' deviates from similar normal records.,isolation_forest+feature_contribution,True,2026-07-01T07:03:24.749187
dca71491-cf57-48e9-aebf-13b8b16324d7,I433647,shopping_mall,anomaly,Forum Istanbul,Mall of Istanbul,0.1038,high,0.5,Column 'shopping_mall' deviates from similar normal records.,isolation_forest+feature_contribution,True,2026-07-01T07:03:25.545209
e39380c6-94cc-4054-b944-163c75672080,I859280,shopping_mall,anomaly,Viaport Outlet,Kanyon,0.0195,high,0.5,Column 'shopping_mall' deviates from similar normal records.,isolation_forest+feature_contribution,True,2026-07-01T07:03:26.055766
891bf24b-de00-460e-bec5-9f5367c22c48,I127209,shopping_mall,anomaly,Metropol AVM,Forum Istanbul,0.0928,high,0.5,Column 'shopping_mall' deviates from similar normal records.,isolation_forest+feature_contribution,True,2026-07-01T07:03:26.151374
cb480c45-dcab-4071-a3a0-120b5e87c3a0,I258108,shopping_mall,anomaly,Cevahir AVM,Emaar Square Mall,0.0237,high,0.5,Column 'shopping_mall' deviates from similar normal records.,isolation_forest+feature_contribution,True,2026-07-01T07:03:26.766282
688d413e-1f66-43c0-81dc-7664352c4a68,I100571,payment_method,anomaly,Debit Card,Cash,0.1137,high,0.5,Column 'payment_method' deviates from similar normal records.,isolation_forest+feature_contribution,True,2026-07-01T07:03:27.051124
ccc94878-b0f9-4ccc-a1ce-4e7cc646c8b6,I100571,shopping_mall,anomaly,Zorlu Center,Mall of Istanbul,0.1137,high,0.5,Column 'shopping_mall' deviates from similar normal records.,isolation_forest+feature_contribution,True,2026-07-01T07:03:27.051124
81ba360a-54b1-47eb-89da-e8767f7c2438,I664883,payment_method,anomaly,Debit Card,Cash,0.013,high,0.5,Column 'payment_method' deviates from similar normal records.,isolation_forest+feature_contribution,True,2026-07-01T07:03:27.573922
4855c07c-ff3c-4ef4-8c3b-bc40c0b4c7ee,I206450,category,anomaly,Books,Books,0.1736,high,0.5,Column 'category' deviates from similar normal records.,isolation_forest+feature_contribution,True,2026-07-01T07:03:27.942441
1d07f148-ce8d-4c2e-9bc9-84a998f618b3,I328245,payment_method,anomaly,Debit Card,Cash,0.0493,high,0.5,Column 'payment_method' deviates from similar normal records.,isolation_forest+feature_contribution,True,2026-07-01T07:03:28.769319
5c56ef34-05de-4d0f-94b4-e6dddc2b47d0,I622681,shopping_mall,anomaly,Forum Istanbul,Viaport Outlet,0.0051,high,0.5,Column 'shopping_mall' deviates from similar normal records.,isolation_forest+feature_contribution,True,2026-07-01T07:03:28.913165
41595d44-2d7b-4076-826c-c96e8f522185,I235045,shopping_mall,anomaly,Viaport Outlet,Kanyon,0.0445,high,0.5,Column 'shopping_mall' deviates from similar normal records.,isolation_forest+feature_contribution,True,2026-07-01T07:03:29.009682
bc12dda4-2610-489d-b2ec-0e2b9ce7579b,I195542,payment_method,anomaly,Debit Card,Cash,0.0445,high,0.5,Column 'payment_method' deviates from similar normal records.,isolation_forest+feature_contribution,True,2026-07-01T07:03:29.057850
335e4a5c-10ba-470e-8dd3-f0d89c115050,I195542,shopping_mall,anomaly,Zorlu Center,Cevahir AVM,0.0445,high,0.5,Column 'shopping_mall' deviates from similar normal records.,isolation_forest+feature_contribution,True,2026-07-01T07:03:29.057850
b2527510-82f5-4710-93bf-ab96f639fd4f,I720582,shopping_mall,anomaly,Viaport Outlet,Viaport Outlet,0.0556,high,0.5,Column 'shopping_mall' deviates from similar normal records.,isolation_forest+feature_contribution,True,2026-07-01T07:03:29.290161
b6a2293b-fe7f-4f28-b014-6c5498c11f50,I596811,shopping_mall,anomaly,Forum Istanbul,Kanyon,0.037,high,0.5,Column 'shopping_mall' deviates from similar normal records.,isolation_forest+feature_contribution,True,2026-07-01T07:03:29.499509
7010035a-0ebf-43ac-ae40-bf5ed7272a2f,I260022,shopping_mall,anomaly,Viaport Outlet,Mall of Istanbul,0.1024,high,0.5,Column 'shopping_mall' deviates from similar normal records.,isolation_forest+feature_contribution,True,2026-07-01T07:03:29.969784
69224512-fc82-4bc8-b2bd-5285609804c3,I303561,shopping_mall,anomaly,Zorlu Center,Kanyon,0.0019,high,0.5,Column 'shopping_mall' deviates from similar normal records.,isolation_forest+feature_contribution,True,2026-07-01T07:03:30.017299
1e23aa63-c590-47c2-9a9c-c66047df8338,I402114,shopping_mall,anomaly,Metropol AVM,Kanyon,0.1136,high,0.5,Column 'shopping_mall' deviates from similar normal records.,isolation_forest+feature_contribution,True,2026-07-01T07:03:30.150549
96c2077b-5d03-4ff8-9c6d-b20814cdfe34,I239505,payment_method,anomaly,Debit Card,Cash,0.0163,high,0.5,Column 'payment_method' deviates from similar normal records.,isolation_forest+feature_contribution,True,2026-07-01T07:03:30.244088
ce6066d3-0d96-49c6-aba7-0944acf013cd,I239505,shopping_mall,anomaly,Forum Istanbul,Kanyon,0.0163,high,0.5,Column 'shopping_mall' deviates from similar normal records.,isolation_forest+feature_contribution,True,2026-07-01T07:03:30.245084
b3e2fffa-4b29-4abd-9f1d-309d63cd0cac,I214085,shopping_mall,anomaly,Zorlu Center,Kanyon,0.0085,high,0.5,Column 'shopping_mall' deviates from similar normal records.,isolation_forest+feature_contribution,True,2026-07-01T07:03:30.721193
e02f7ccf-95c3-4bb9-b319-97c5470af8f7,I207262,shopping_mall,anomaly,Forum Istanbul,Cevahir AVM,0.0128,high,0.5,Column 'shopping_mall' deviates from similar normal records.,isolation_forest+feature_contribution,True,2026-07-01T07:03:30.861960
5094b9a0-839c-419b-a4d4-b5bf7fa80c59,I383624,shopping_mall,anomaly,Cevahir AVM,Emaar Square Mall,0.0622,high,0.5,Column 'shopping_mall' deviates from similar normal records.,isolation_forest+feature_contribution,True,2026-07-01T07:03:31.132118
3f7aa6f3-4192-4315-8ba1-2e871480669a,I970205,payment_method,anomaly,Debit Card,Credit Card,0.023,high,0.5,Column 'payment_method' deviates from similar normal records.,isolation_forest+feature_contribution,True,2026-07-01T07:03:31.228624
670689c8-37e1-4262-8eee-164d951df9ec,I970205,shopping_mall,anomaly,Istinye Park,Emaar Square Mall,0.023,high,0.5,Column 'shopping_mall' deviates from similar normal records.,isolation_forest+feature_contribution,True,2026-07-01T07:03:31.228624
5c03bb2a-f082-41b1-a5ab-f43bc4ee864d,I317486,shopping_mall,anomaly,Emaar Square Mall,Emaar Square Mall,0.0673,high,0.5,Column 'shopping_mall' deviates from similar normal records.,isolation_forest+feature_contribution,True,2026-07-01T07:03:31.276814
7e7d01e4-eceb-4ddd-8881-79bd9f0e72de,I125358,shopping_mall,anomaly,Forum Istanbul,Zorlu Center,0.0541,high,0.5,Column 'shopping_mall' deviates from similar normal records.,isolation_forest+feature_contribution,True,2026-07-01T07:03:31.592487
08cd7e32-65d9-4ada-8743-e57559554c4a,I216263,category,anomaly,Food & Beverage,Food & Beverage,0.0052,high,0.5,Column 'category' deviates from similar normal records.,isolation_forest+feature_contribution,True,2026-07-01T07:03:31.634238
a905c259-ad4a-44ff-b0ca-72bad5e27a71,I222210,shopping_mall,anomaly,Forum Istanbul,Kanyon,0.0254,high,0.5,Column 'shopping_mall' deviates from similar normal records.,isolation_forest+feature_contribution,True,2026-07-01T07:03:31.903275
ccd9fe33-acc0-429e-9e42-bf5d5201f4a6,I108552,shopping_mall,anomaly,Metropol AVM,Metrocity,0.1419,high,0.5,Column 'shopping_mall' deviates from similar normal records.,isolation_forest+feature_contribution,True,2026-07-01T07:03:31.953417
ec759486-92c3-4f46-ac84-a98a95eb3a1a,I179786,shopping_mall,anomaly,Cevahir AVM,Mall of Istanbul,0.0401,high,0.5,Column 'shopping_mall' deviates from similar normal records.,isolation_forest+feature_contribution,True,2026-07-01T07:03:32.238500
c1739c73-ff54-40fb-bbc3-6cea18b36d5c,I117711,gender,anomaly,Male,Female,0.1259,high,0.5,Column 'gender' deviates from similar normal records.,isolation_forest+feature_contribution,True,2026-07-01T07:03:32.545991
438b0761-38f4-46f2-aae2-e8e6750b70f6,I100008,shopping_mall,anomaly,Emaar Square Mall,Forum Istanbul,0.0237,high,0.5,Column 'shopping_mall' deviates from similar normal records.,isolation_forest+feature_contribution,True,2026-07-01T07:03:32.580814
82d19c97-a9ed-46bd-a9f5-9251ae76e434,I901138,shopping_mall,anomaly,Istinye Park,Cevahir AVM,0.1201,high,0.5,Column 'shopping_mall' deviates from similar normal records.,isolation_forest+feature_contribution,True,2026-07-01T07:03:32.839654
566a1c63-cb1a-4014-868b-d3df8fe4b971,I288316,shopping_mall,anomaly,Emaar Square Mall,Forum Istanbul,0.0118,high,0.5,Column 'shopping_mall' deviates from similar normal records.,isolation_forest+feature_contribution,True,2026-07-01T07:03:32.998840
a204757d-ebbd-4383-9e58-9167f5d7a119,I226004,shopping_mall,anomaly,Istinye Park,Metrocity,0.0076,high,0.5,Column 'shopping_mall' deviates from similar normal records.,isolation_forest+feature_contribution,True,2026-07-01T07:03:33.030479
9e20e034-9c4d-40c4-9e35-1e2b1da47ab9,I242783,shopping_mall,anomaly,Metropol AVM,Forum Istanbul,0.0367,high,0.5,Column 'shopping_mall' deviates from similar normal records.,isolation_forest+feature_contribution,True,2026-07-01T07:03:33.094077
17282d61-81ab-4cbf-9347-c9ffa6685be0,I295535,shopping_mall,anomaly,Emaar Square Mall,Istinye Park,0.0359,high,0.5,Column 'shopping_mall' deviates from similar normal records.,isolation_forest+feature_contribution,True,2026-07-01T07:03:33.347579
4b005230-0ea7-4ba0-9270-06c005c41f5d,I580668,shopping_mall,anomaly,Viaport Outlet,Mall of Istanbul,0.0333,high,0.5,Column 'shopping_mall' deviates from similar normal records.,isolation_forest+feature_contribution,True,2026-07-01T07:03:33.539507
8bfe84d3-ad79-4982-beee-58b5a706bbb6,I418405,payment_method,anomaly,Credit Card,Cash,0.0952,high,0.5,Column 'payment_method' deviates from similar normal records.,isolation_forest+feature_contribution,True,2026-07-01T07:03:33.655062
4351533b-9e87-443a-bb87-3f4ec5e4b893,I418405,shopping_mall,anomaly,Metrocity,Kanyon,0.0952,high,0.5,Column 'shopping_mall' deviates from similar normal records.,isolation_forest+feature_contribution,True,2026-07-01T07:03:33.655062
7a0c9c70-516c-4084-876d-8173dbed9b80,I262488,shopping_mall,anomaly,Metropol AVM,Mall of Istanbul,0.0082,high,0.5,Column 'shopping_mall' deviates from similar normal records.,isolation_forest+feature_contribution,True,2026-07-01T07:03:33.889287
4f1bb3f9-87a8-4da9-9391-242c1aeecf00,I289616,payment_method,anomaly,Debit Card,Cash,0.0987,high,0.5,Column 'payment_method' deviates from similar normal records.,isolation_forest+feature_contribution,True,2026-07-01T07:03:34.492148
7580ea02-42b6-41f1-a2c0-cdd48b7ccc42,I126160,payment_method,anomaly,Debit Card,Cash,0.1478,high,0.5,Column 'payment_method' deviates from similar normal records.,isolation_forest+feature_contribution,True,2026-07-01T07:03:34.587409
98ce383f-ce4f-434d-ab76-01b998235cc1,I170504,shopping_mall,anomaly,Zorlu Center,Cevahir AVM,0.0067,high,0.5,Column 'shopping_mall' deviates from similar normal records.,isolation_forest+feature_contribution,True,2026-07-01T07:03:34.730407
