issue_id,row_id,column_name,issue_type,current_value,suggested_value,confidence,severity,severity_score,reason,source_method,can_auto_fix,created_at
50e290c5-36da-4c98-a01c-efc93d772e53,I121056,gender,missing,,,1.0,medium,0.4,Required column 'gender' is missing.,rule_missing_detector,False,2026-07-26T11:36:13.272881
ac02da8d-d329-4410-9ec3-33ad1458daf1,I139207,gender,missing,,,1.0,medium,0.4,Required column 'gender' is missing.,rule_missing_detector,False,2026-07-26T11:36:13.288532
4620ede8-2b61-432b-869c-10d1f4c3c189,I688768,gender,missing,,,1.0,medium,0.4,Required column 'gender' is missing.,rule_missing_detector,False,2026-07-26T11:36:13.288532
d23c7df1-5edd-46bd-b0fc-245223dedb3f,I252275,gender,missing,,,1.0,medium,0.4,Required column 'gender' is missing.,rule_missing_detector,False,2026-07-26T11:36:13.288532
28b36f05-5b9c-4e4a-9bd2-f3204e4bc7c1,I106674,gender,missing,,,1.0,medium,0.4,Required column 'gender' is missing.,rule_missing_detector,False,2026-07-26T11:36:13.288532
8af646c4-b037-442c-b568-cbedd0269991,I138674,gender,missing,,,1.0,medium,0.4,Required column 'gender' is missing.,rule_missing_detector,False,2026-07-26T11:36:13.288532
d13f25c8-e0fd-4e79-beab-68f0063216ae,I313645,gender,missing,,,1.0,medium,0.4,Required column 'gender' is missing.,rule_missing_detector,False,2026-07-26T11:36:13.288532
07a4b313-47c8-4d2a-8670-dcec0e9cd147,I938217,gender,missing,,,1.0,medium,0.4,Required column 'gender' is missing.,rule_missing_detector,False,2026-07-26T11:36:13.288532
4f846faf-e8b5-429b-9e12-54722f2c7172,I337046,age,missing,,,1.0,high,0.7,Required column 'age' is missing.,rule_missing_detector,False,2026-07-26T11:36:13.323317
6e48238e-02c3-4392-afa7-855fb01bc918,I294687,age,missing,,,1.0,high,0.7,Required column 'age' is missing.,rule_missing_detector,False,2026-07-26T11:36:13.323317
3d552f34-c2d2-410e-ba56-e4a5a0fa81af,I993048,age,missing,,,1.0,high,0.7,Required column 'age' is missing.,rule_missing_detector,False,2026-07-26T11:36:13.323317
c768455e-5c5d-4adb-bfdc-98541a39c69d,I183746,age,missing,,,1.0,high,0.7,Required column 'age' is missing.,rule_missing_detector,False,2026-07-26T11:36:13.323317
bde9b700-582e-4fae-a9f1-62a43fdc7fc9,I412481,age,missing,,,1.0,high,0.7,Required column 'age' is missing.,rule_missing_detector,False,2026-07-26T11:36:13.323317
7163c3e5-5272-4266-ba82-82677e19806a,I217053,age,missing,,,1.0,high,0.7,Required column 'age' is missing.,rule_missing_detector,False,2026-07-26T11:36:13.323317
5964f530-3845-4443-939b-488a1b738aac,I209744,age,missing,,,1.0,high,0.7,Required column 'age' is missing.,rule_missing_detector,False,2026-07-26T11:36:13.323317
a06ef880-8c22-4fe7-b0b8-04542f91d226,I466086,category,missing,,,1.0,medium,0.4,Required column 'category' is missing.,rule_missing_detector,False,2026-07-26T11:36:13.323317
42feaf32-5f89-42cd-a1e2-79af1b1582bb,I823067,quantity,missing,,,1.0,high,0.7,Required column 'quantity' is missing.,rule_missing_detector,False,2026-07-26T11:36:13.363050
dd2abe5e-7c32-4e57-a720-7574685aaf5b,I293455,price,missing,,,1.0,high,0.7,Required column 'price' is missing.,rule_missing_detector,False,2026-07-26T11:36:13.402868
c3d3a24f-0bf8-4312-a894-b1be1df03e89,I167211,price,missing,,,1.0,high,0.7,Required column 'price' is missing.,rule_missing_detector,False,2026-07-26T11:36:13.402868
c0463d6c-e1db-4513-aa6c-b4c43ef1db65,I412481,payment_method,missing,,,1.0,medium,0.4,Required column 'payment_method' is missing.,rule_missing_detector,False,2026-07-26T11:36:13.402868
fccf5b05-7f6e-4185-9d24-79f994c48df0,I106674,payment_method,missing,,,1.0,medium,0.4,Required column 'payment_method' is missing.,rule_missing_detector,False,2026-07-26T11:36:13.402868
d24fc6e7-f642-4f37-a50e-0c709034e7bf,I134399,shopping_mall,missing,,,1.0,medium,0.4,Required column 'shopping_mall' is missing.,rule_missing_detector,False,2026-07-26T11:36:13.448145
d5c9b0d8-1d7d-430f-a282-f51da66cf6d3,I675411,shopping_mall,missing,,,1.0,medium,0.4,Required column 'shopping_mall' is missing.,rule_missing_detector,False,2026-07-26T11:36:13.448145
50ad959b-c183-4c71-89c5-11a917109023,I336189,gender,invalid,Fem,Female,0.8316,medium,0.4,"Value is not in allowed values: ['Female', 'Male'].",rule_invalid_detector,True,2026-07-26T11:36:13.509792
fdfef1cc-74ab-4ce7-ac01-cf3b6610e2c6,I992454,gender,invalid,Mle,Male,0.6567,medium,0.4,"Value is not in allowed values: ['Female', 'Male'].",rule_invalid_detector,True,2026-07-26T11:36:13.509792
49033731-50fe-4392-a813-745ff2cab452,I412481,gender,invalid,Fmale,Male,0.7189,medium,0.4,"Value is not in allowed values: ['Female', 'Male'].",rule_invalid_detector,True,2026-07-26T11:36:13.509792
a2b05ff4-db7e-41a2-b757-09ac65c2ada9,I339732,gender,invalid,Mle,Male,0.6567,medium,0.4,"Value is not in allowed values: ['Female', 'Male'].",rule_invalid_detector,True,2026-07-26T11:36:13.509792
94f7e65f-b624-4f06-83b8-0414059a0cf4,I317333,category,invalid,Soes,Shoes,0.6646,medium,0.4,"Value is not in allowed values: ['Books', 'Clothing', 'Cosmetics', 'Food & Beverage', 'Shoes', 'Souvenir', 'Technology', 'Toys'].",rule_invalid_detector,True,2026-07-26T11:36:13.572997
d72a6d3f-d75d-43e6-85a2-f54738d8f818,I227836,category,invalid,Slothing,Clothing,1.0,medium,0.4,"Value is not in allowed values: ['Books', 'Clothing', 'Cosmetics', 'Food & Beverage', 'Shoes', 'Souvenir', 'Technology', 'Toys'].",rule_invalid_detector,True,2026-07-26T11:36:13.572997
ec51bede-dff8-490c-af41-1376ebd34a8f,I293455,category,invalid,Clothi,Clothing,0.9716,medium,0.4,"Value is not in allowed values: ['Books', 'Clothing', 'Cosmetics', 'Food & Beverage', 'Shoes', 'Souvenir', 'Technology', 'Toys'].",rule_invalid_detector,True,2026-07-26T11:36:13.572997
1c8383f1-ba68-49b5-9767-4ec7ae379bc6,I326945,category,invalid,Cloth,Clothing,0.8624,medium,0.4,"Value is not in allowed values: ['Books', 'Clothing', 'Cosmetics', 'Food & Beverage', 'Shoes', 'Souvenir', 'Technology', 'Toys'].",rule_invalid_detector,True,2026-07-26T11:36:13.572997
a6030fdf-22d9-4da5-8cc6-7335a8ec8adf,I306368,category,invalid,Beverage,Food & Beverage,0.9699,medium,0.4,"Value is not in allowed values: ['Books', 'Clothing', 'Cosmetics', 'Food & Beverage', 'Shoes', 'Souvenir', 'Technology', 'Toys'].",rule_invalid_detector,True,2026-07-26T11:36:13.572997
08bf88c1-65c7-4ed9-b74b-ffb91fec730f,I640508,category,invalid,toy,Toys,0.7959,medium,0.4,"Value is not in allowed values: ['Books', 'Clothing', 'Cosmetics', 'Food & Beverage', 'Shoes', 'Souvenir', 'Technology', 'Toys'].",rule_invalid_detector,True,2026-07-26T11:36:13.572997
289e81ba-75f6-4365-9a1a-9e6799aa4267,I339732,category,invalid,Food,Food & Beverage,0.6789,medium,0.4,"Value is not in allowed values: ['Books', 'Clothing', 'Cosmetics', 'Food & Beverage', 'Shoes', 'Souvenir', 'Technology', 'Toys'].",rule_invalid_detector,True,2026-07-26T11:36:13.572997
45afe875-94b2-466a-a95f-fa4b4f646a7c,I106674,category,invalid,clothin,Clothing,1.0,medium,0.4,"Value is not in allowed values: ['Books', 'Clothing', 'Cosmetics', 'Food & Beverage', 'Shoes', 'Souvenir', 'Technology', 'Toys'].",rule_invalid_detector,True,2026-07-26T11:36:13.572997
dd04ed36-9dce-44f2-8e06-e0c1db707560,I138674,category,invalid,Cosmetic,Cosmetics,1.0,medium,0.4,"Value is not in allowed values: ['Books', 'Clothing', 'Cosmetics', 'Food & Beverage', 'Shoes', 'Souvenir', 'Technology', 'Toys'].",rule_invalid_detector,True,2026-07-26T11:36:13.572997
887ebb50-d0fc-43f6-a2c1-b174cfadc00c,I296025,category,invalid,Shes,Shoes,0.7359,medium,0.4,"Value is not in allowed values: ['Books', 'Clothing', 'Cosmetics', 'Food & Beverage', 'Shoes', 'Souvenir', 'Technology', 'Toys'].",rule_invalid_detector,True,2026-07-26T11:36:13.572997
b79a8563-201f-4892-b09c-b3f10412a0ef,I267193,category,invalid,Csmetics,Cosmetics,1.0,medium,0.4,"Value is not in allowed values: ['Books', 'Clothing', 'Cosmetics', 'Food & Beverage', 'Shoes', 'Souvenir', 'Technology', 'Toys'].",rule_invalid_detector,True,2026-07-26T11:36:13.572997
00e36ab8-2f1b-49e4-94fc-33ddd9930159,I160777,category,invalid,Techno,Technology,0.8701,medium,0.4,"Value is not in allowed values: ['Books', 'Clothing', 'Cosmetics', 'Food & Beverage', 'Shoes', 'Souvenir', 'Technology', 'Toys'].",rule_invalid_detector,True,2026-07-26T11:36:13.572997
497025db-6909-4c8f-8eec-108d83ee815d,I258195,category,invalid,Tos,Toys,0.5409,medium,0.4,"Value is not in allowed values: ['Books', 'Clothing', 'Cosmetics', 'Food & Beverage', 'Shoes', 'Souvenir', 'Technology', 'Toys'].",rule_invalid_detector,True,2026-07-26T11:36:13.572997
1789c47e-14fa-4f84-bc45-36a947053864,I157285,category,invalid,Clothi,Clothing,0.9716,medium,0.4,"Value is not in allowed values: ['Books', 'Clothing', 'Cosmetics', 'Food & Beverage', 'Shoes', 'Souvenir', 'Technology', 'Toys'].",rule_invalid_detector,True,2026-07-26T11:36:13.572997
5506ba13-c34e-4f71-ace5-534f1a7a093f,I306368,price,invalid,-10.46,0,1.0,high,0.7,Value is smaller than minimum allowed: 0.,rule_invalid_detector,True,2026-07-26T11:36:13.652473
6069df52-4742-4bb1-971e-1eb09f6f9b9c,I640508,price,invalid,-143.36,0,1.0,high,0.7,Value is smaller than minimum allowed: 0.,rule_invalid_detector,True,2026-07-26T11:36:13.652473
8c27a584-4cb9-47e6-b9bf-b51633ec0d1d,I294687,price,invalid,-30.3,0,1.0,high,0.7,Value is smaller than minimum allowed: 0.,rule_invalid_detector,True,2026-07-26T11:36:13.652473
4264a2fd-fd14-4f18-845a-4a94d8125beb,I317333,payment_method,invalid,Bit Card,Debit Card,0.7958,medium,0.4,"Value is not in allowed values: ['Cash', 'Credit Card', 'Debit Card'].",rule_invalid_detector,True,2026-07-26T11:36:13.677312
4e7823ed-7fe6-42f6-9916-af120e316661,I337046,payment_method,invalid,Cas,Cash,0.7572,medium,0.4,"Value is not in allowed values: ['Cash', 'Credit Card', 'Debit Card'].",rule_invalid_detector,True,2026-07-26T11:36:13.677312
6199662a-9b60-4de7-bca7-474cecf5cecb,I227836,payment_method,invalid,Dit Card,Credit Card,0.7076,medium,0.4,"Value is not in allowed values: ['Cash', 'Credit Card', 'Debit Card'].",rule_invalid_detector,True,2026-07-26T11:36:13.677312
8689010e-4ca4-4b3e-bbb9-b83e6c713f2a,I293112,payment_method,invalid,Card,Debit Card,0.5616,medium,0.4,"Value is not in allowed values: ['Cash', 'Credit Card', 'Debit Card'].",rule_invalid_detector,True,2026-07-26T11:36:13.677312
6f3cc2d6-f411-4aa0-a6ca-c6ac2dd3860b,I326945,payment_method,invalid,Crit Card,Credit Card,0.7248,medium,0.4,"Value is not in allowed values: ['Cash', 'Credit Card', 'Debit Card'].",rule_invalid_detector,True,2026-07-26T11:36:13.677312
4ebf3c47-f388-4a37-b5bc-9f9834b32f74,I139207,payment_method,invalid,Credit Car,Credit Card,1.0,medium,0.4,"Value is not in allowed values: ['Cash', 'Credit Card', 'Debit Card'].",rule_invalid_detector,True,2026-07-26T11:36:13.677312
cdedc8cb-0c08-4ce9-8168-02477da4cc5e,I109053,payment_method,invalid,Debit,Debit Card,1.0,medium,0.4,"Value is not in allowed values: ['Cash', 'Credit Card', 'Debit Card'].",rule_invalid_detector,True,2026-07-26T11:36:13.677312
905bb347-e14a-46c2-b9c3-13c84f79ff84,I339732,payment_method,invalid,Credit,Credit Card,1.0,medium,0.4,"Value is not in allowed values: ['Cash', 'Credit Card', 'Debit Card'].",rule_invalid_detector,True,2026-07-26T11:36:13.677312
01b39f91-a5ac-4ebb-9290-09656757d26d,I147062,payment_method,invalid,Credit Ca,Credit Card,1.0,medium,0.4,"Value is not in allowed values: ['Cash', 'Credit Card', 'Debit Card'].",rule_invalid_detector,True,2026-07-26T11:36:13.677312
8e8e4479-e66e-4c52-b83b-fbc62eb1faae,I187519,payment_method,invalid,Dit Card,Credit Card,0.7076,medium,0.4,"Value is not in allowed values: ['Cash', 'Credit Card', 'Debit Card'].",rule_invalid_detector,True,2026-07-26T11:36:13.677312
16c2bc6c-167b-403c-9250-015e8b4da832,I117291,payment_method,invalid,Ca,,0.0,medium,0.4,"Value is not in allowed values: ['Cash', 'Credit Card', 'Debit Card'].",rule_invalid_detector,False,2026-07-26T11:36:13.677312
e84c7b49-64b3-4ba4-bfbe-2fe44760e3de,I196704,shopping_mall,invalid,MALL,Mall of Istanbul,0.5592,medium,0.4,"Value is not in allowed values: ['Cevahir AVM', 'Emaar Square Mall', 'Forum Istanbul', 'Istinye Park', 'Kanyon', 'Mall of Istanbul', 'Metrocity', 'Metropol AVM', 'Viaport Outlet', 'Zorlu Center'].",rule_invalid_detector,True,2026-07-26T11:36:13.711348
c9f16ca6-b3e2-42ff-8104-2a124890d7a7,I331891,shopping_mall,invalid,Emaar  Mall,Emaar Square Mall,0.8734,medium,0.4,"Value is not in allowed values: ['Cevahir AVM', 'Emaar Square Mall', 'Forum Istanbul', 'Istinye Park', 'Kanyon', 'Mall of Istanbul', 'Metrocity', 'Metropol AVM', 'Viaport Outlet', 'Zorlu Center'].",rule_invalid_detector,True,2026-07-26T11:36:13.711348
da5409ba-3139-44ef-aa13-675077843846,I339732,shopping_mall,invalid,Emaar_Square-Mall,Emaar Square Mall,1.0,medium,0.4,"Value is not in allowed values: ['Cevahir AVM', 'Emaar Square Mall', 'Forum Istanbul', 'Istinye Park', 'Kanyon', 'Mall of Istanbul', 'Metrocity', 'Metropol AVM', 'Viaport Outlet', 'Zorlu Center'].",rule_invalid_detector,True,2026-07-26T11:36:13.711348
75ec0612-9923-463e-8056-d238d4ed7156,I887161,shopping_mall,invalid,Kanyones,Kanyon,1.0,medium,0.4,"Value is not in allowed values: ['Cevahir AVM', 'Emaar Square Mall', 'Forum Istanbul', 'Istinye Park', 'Kanyon', 'Mall of Istanbul', 'Metrocity', 'Metropol AVM', 'Viaport Outlet', 'Zorlu Center'].",rule_invalid_detector,True,2026-07-26T11:36:13.711348
95d28674-e6a7-4fe9-9fd3-090b6fdc87b0,I203187,shopping_mall,invalid,Zorlu,Zorlu Center,0.8461,medium,0.4,"Value is not in allowed values: ['Cevahir AVM', 'Emaar Square Mall', 'Forum Istanbul', 'Istinye Park', 'Kanyon', 'Mall of Istanbul', 'Metrocity', 'Metropol AVM', 'Viaport Outlet', 'Zorlu Center'].",rule_invalid_detector,True,2026-07-26T11:36:13.711348
9d99e9c6-f59c-43a9-8538-8712c245fcd4,I306368,unit_price,invalid,-5.23,0,1.0,high,0.7,Value is smaller than minimum allowed: 0.,rule_invalid_detector,True,2026-07-26T11:36:13.746161
91fe5006-02db-4987-a351-73ac38f48d27,I640508,unit_price,invalid,-35.84,0,1.0,high,0.7,Value is smaller than minimum allowed: 0.,rule_invalid_detector,True,2026-07-26T11:36:13.746161
44af63e6-1681-4c2a-a5f1-e339487aa874,I294687,unit_price,invalid,-15.15,0,1.0,high,0.7,Value is smaller than minimum allowed: 0.,rule_invalid_detector,True,2026-07-26T11:36:13.746161
18382f1e-6eb4-42b1-b860-9445baf06e1c,I688768,shopping_mall,anomaly,Viaport Outlet,Forum Istanbul,0.057,high,0.5,Column 'shopping_mall' deviates from similar normal records.,isolation_forest+feature_contribution,True,2026-07-26T11:36:45.962261
6c8195cc-1e00-4b3d-9b17-331fc9c13dc2,I294687,category,anomaly,Books,Food & Beverage,0.0195,high,0.5,Column 'category' deviates from similar normal records.,isolation_forest+feature_contribution,True,2026-07-26T11:36:45.985539
368cc577-9071-4ef8-ae9e-74a3c7b33298,I294687,shopping_mall,anomaly,Metrocity,Istinye Park,0.0195,high,0.5,Column 'shopping_mall' deviates from similar normal records.,isolation_forest+feature_contribution,True,2026-07-26T11:36:45.985539
9feaea71-bea6-4375-8d74-089284b6a1ee,I294687,age_group,anomaly,,56_plus,0.0195,high,0.5,Column 'age_group' deviates from similar normal records.,isolation_forest+feature_contribution,True,2026-07-26T11:36:45.985539
f8dc670b-2a1e-487e-8f8b-ae5722e8b7d4,I294687,price_deviation_from_category,anomaly,-30.3,,0.0195,medium,0.5,Column 'price_deviation_from_category' deviates from similar normal records.,isolation_forest+feature_contribution,False,2026-07-26T11:36:45.985539
8fe1d831-9589-4d97-b2bc-7dbb4501516d,I183746,shopping_mall,anomaly,Emaar Square Mall,Istinye Park,0.0754,high,0.5,Column 'shopping_mall' deviates from similar normal records.,isolation_forest+feature_contribution,True,2026-07-26T11:36:46.024174
040b6453-c252-4a4d-8f86-1c8c567f8446,I183746,age_group,anomaly,,46_55,0.0754,low,,Column 'age_group' deviates from similar normal records.,isolation_forest+feature_contribution,True,2026-07-26T11:36:46.024174
e17b16ce-999f-4e74-9c7a-1a6cca551d89,I269690,shopping_mall,anomaly,Zorlu Center,Mall of Istanbul,0.1172,high,0.5,Column 'shopping_mall' deviates from similar normal records.,isolation_forest+feature_contribution,True,2026-07-26T11:36:46.046490
d32b4441-c2bc-4676-8bc1-0e9c8f750ca4,I170160,payment_method,anomaly,Debit Card,Credit Card,0.0707,high,0.5,Column 'payment_method' deviates from similar normal records.,isolation_forest+feature_contribution,True,2026-07-26T11:36:47.272634
f09880d3-77f0-490d-92ee-bc049a2214fd,I402966,shopping_mall,anomaly,Viaport Outlet,Viaport Outlet,0.0083,high,0.5,Column 'shopping_mall' deviates from similar normal records.,isolation_forest+feature_contribution,True,2026-07-26T11:36:47.306160
d62f19f0-e645-49c5-917f-a5985cfd9b66,I119809,shopping_mall,anomaly,Zorlu Center,Emaar Square Mall,0.0438,high,0.5,Column 'shopping_mall' deviates from similar normal records.,isolation_forest+feature_contribution,True,2026-07-26T11:36:47.491257
7d9dcca1-0c00-4695-aab7-144a75ae1aff,I337094,shopping_mall,anomaly,Zorlu Center,Mall of Istanbul,0.0459,high,0.5,Column 'shopping_mall' deviates from similar normal records.,isolation_forest+feature_contribution,True,2026-07-26T11:36:47.551315
1364e7d0-0f44-4bb8-9765-80e83d6824a4,I337094,age_group,anomaly,46_55,46_55,0.0459,low,0.0,Column 'age_group' deviates from similar normal records.,isolation_forest+feature_contribution,True,2026-07-26T11:36:47.551315
42805cd4-a0d2-456c-b284-f4b0bce059f4,I258204,shopping_mall,anomaly,Emaar Square Mall,Emaar Square Mall,0.0244,high,0.5,Column 'shopping_mall' deviates from similar normal records.,isolation_forest+feature_contribution,True,2026-07-26T11:36:47.622225
1c3f4ba2-ff0d-4669-b5e3-55c081b8c77a,I283774,payment_method,anomaly,Debit Card,Credit Card,0.1447,high,0.5,Column 'payment_method' deviates from similar normal records.,isolation_forest+feature_contribution,True,2026-07-26T11:36:47.808729
c196d369-832e-429a-ad35-aeeea8910fd6,I251779,shopping_mall,anomaly,Zorlu Center,Kanyon,0.1085,high,0.5,Column 'shopping_mall' deviates from similar normal records.,isolation_forest+feature_contribution,True,2026-07-26T11:36:47.900375
d968c18d-cdfe-44e7-b97d-d52e721a9e7a,I334155,shopping_mall,anomaly,Viaport Outlet,Mall of Istanbul,0.0404,high,0.5,Column 'shopping_mall' deviates from similar normal records.,isolation_forest+feature_contribution,True,2026-07-26T11:36:47.917753
67fbaecc-2f97-44f2-930e-46c8e7912307,I289516,shopping_mall,anomaly,Zorlu Center,Kanyon,0.0626,high,0.5,Column 'shopping_mall' deviates from similar normal records.,isolation_forest+feature_contribution,True,2026-07-26T11:36:48.167654
5dace8b2-75a6-4d2c-8b95-c05fe62b9aec,I188382,shopping_mall,anomaly,Emaar Square Mall,Metrocity,0.0039,high,0.5,Column 'shopping_mall' deviates from similar normal records.,isolation_forest+feature_contribution,True,2026-07-26T11:36:48.184631
f961a003-4550-4a77-a335-ef198424a9dc,I178637,shopping_mall,anomaly,Emaar Square Mall,Emaar Square Mall,0.0098,high,0.5,Column 'shopping_mall' deviates from similar normal records.,isolation_forest+feature_contribution,True,2026-07-26T11:36:48.200327
c78f7524-1f94-4fe0-8592-8489f6646380,I929854,payment_method,anomaly,Debit Card,Credit Card,0.1179,high,0.5,Column 'payment_method' deviates from similar normal records.,isolation_forest+feature_contribution,True,2026-07-26T11:36:48.224734
c107f355-5dc7-4b15-8a7d-494995c9d9e4,I268823,shopping_mall,anomaly,Istinye Park,Forum Istanbul,0.1351,high,0.5,Column 'shopping_mall' deviates from similar normal records.,isolation_forest+feature_contribution,True,2026-07-26T11:36:48.246107
65bcdc13-b21a-4664-8bac-3507cb3f1914,I722991,shopping_mall,anomaly,Zorlu Center,Emaar Square Mall,0.0305,high,0.5,Column 'shopping_mall' deviates from similar normal records.,isolation_forest+feature_contribution,True,2026-07-26T11:36:48.357630
db7b536a-50cc-4b47-94c1-67954be210ea,I713320,shopping_mall,anomaly,Zorlu Center,Metrocity,0.0005,high,0.5,Column 'shopping_mall' deviates from similar normal records.,isolation_forest+feature_contribution,True,2026-07-26T11:36:48.428898
1d6f6624-a85a-4de8-9c99-3484550b0d03,I275001,shopping_mall,anomaly,Cevahir AVM,Mall of Istanbul,0.0243,high,0.5,Column 'shopping_mall' deviates from similar normal records.,isolation_forest+feature_contribution,True,2026-07-26T11:36:48.458265
fe60d442-97c2-4080-8a83-612255d899d2,I300065,gender,anomaly,Male,Female,0.0359,high,0.5,Column 'gender' deviates from similar normal records.,isolation_forest+feature_contribution,True,2026-07-26T11:36:48.481062
924ccbbc-5474-4393-a9c3-f0f32721be9d,I300065,shopping_mall,anomaly,Viaport Outlet,Mall of Istanbul,0.0359,high,0.5,Column 'shopping_mall' deviates from similar normal records.,isolation_forest+feature_contribution,True,2026-07-26T11:36:48.482066
9bb2bdda-42cf-4710-a7a6-b23b4352ba98,I846448,payment_method,anomaly,Debit Card,Cash,0.154,high,0.5,Column 'payment_method' deviates from similar normal records.,isolation_forest+feature_contribution,True,2026-07-26T11:36:48.517442
16016b89-7cbe-478b-bc14-0afb02c87fa2,I701994,shopping_mall,anomaly,Forum Istanbul,Cevahir AVM,0.1373,high,0.5,Column 'shopping_mall' deviates from similar normal records.,isolation_forest+feature_contribution,True,2026-07-26T11:36:48.540864
3a0c2fdb-5786-4af4-ab0b-4e12775b9bcc,I165932,shopping_mall,anomaly,Cevahir AVM,Metrocity,0.0469,high,0.5,Column 'shopping_mall' deviates from similar normal records.,isolation_forest+feature_contribution,True,2026-07-26T11:36:48.560651
419f2213-24fb-4864-85f2-bc61bd53cc57,I127144,shopping_mall,anomaly,Mall of Istanbul,Kanyon,0.0024,high,0.5,Column 'shopping_mall' deviates from similar normal records.,isolation_forest+feature_contribution,True,2026-07-26T11:36:48.631309
11fa4985-4028-48cd-8cbd-66bf9a3f09c0,I209913,category,anomaly,Books,Books,0.0129,high,0.5,Column 'category' deviates from similar normal records.,isolation_forest+feature_contribution,True,2026-07-26T11:36:48.718002
fdad143c-08a2-4fe7-a75b-b847586ec1b6,I255891,payment_method,anomaly,Debit Card,Cash,0.0266,high,0.5,Column 'payment_method' deviates from similar normal records.,isolation_forest+feature_contribution,True,2026-07-26T11:36:48.861921
c064159d-7751-4148-9837-e77492aa4c87,I255891,shopping_mall,anomaly,Istinye Park,Mall of Istanbul,0.0266,high,0.5,Column 'shopping_mall' deviates from similar normal records.,isolation_forest+feature_contribution,True,2026-07-26T11:36:48.861921
322c6333-626d-41b2-9ea9-84fe9ccf96d5,I133527,shopping_mall,anomaly,Mall of Istanbul,Mall of Istanbul,0.096,high,0.5,Column 'shopping_mall' deviates from similar normal records.,isolation_forest+feature_contribution,True,2026-07-26T11:36:49.124940
9a2170d0-0927-4b54-9a47-1a48c15a0b6c,I252825,shopping_mall,anomaly,Metropol AVM,Metrocity,0.0435,high,0.5,Column 'shopping_mall' deviates from similar normal records.,isolation_forest+feature_contribution,True,2026-07-26T11:36:49.241829
32d3e062-9fc1-4a39-9c36-8152fdfdff42,I284202,shopping_mall,anomaly,Istinye Park,Istinye Park,0.0239,high,0.5,Column 'shopping_mall' deviates from similar normal records.,isolation_forest+feature_contribution,True,2026-07-26T11:36:49.361225
9a909c72-3ecd-448a-a52b-36773312d4cb,I818342,shopping_mall,anomaly,Zorlu Center,Kanyon,0.0091,high,0.5,Column 'shopping_mall' deviates from similar normal records.,isolation_forest+feature_contribution,True,2026-07-26T11:36:49.424018
6c442266-18a9-4f91-af71-fafa63d99f07,I139026,shopping_mall,anomaly,Zorlu Center,Mall of Istanbul,0.0012,high,0.5,Column 'shopping_mall' deviates from similar normal records.,isolation_forest+feature_contribution,True,2026-07-26T11:36:49.463611
2d566012-87b5-4c12-8acf-eb0eebb0deb0,I216047,shopping_mall,anomaly,Cevahir AVM,Kanyon,0.0875,high,0.5,Column 'shopping_mall' deviates from similar normal records.,isolation_forest+feature_contribution,True,2026-07-26T11:36:49.483624
c2affe3b-822d-4e53-8894-608932effd84,I204418,shopping_mall,anomaly,Zorlu Center,Kanyon,0.0587,high,0.5,Column 'shopping_mall' deviates from similar normal records.,isolation_forest+feature_contribution,True,2026-07-26T11:36:49.668476
08d23dd7-429c-4951-8471-6453f6faff17,I312066,shopping_mall,anomaly,Metropol AVM,Metropol AVM,0.0027,high,0.5,Column 'shopping_mall' deviates from similar normal records.,isolation_forest+feature_contribution,True,2026-07-26T11:36:49.725481
9255a8b8-5a44-4acb-a4aa-7abaaa11ef82,I572573,shopping_mall,anomaly,Metropol AVM,Kanyon,0.0418,high,0.5,Column 'shopping_mall' deviates from similar normal records.,isolation_forest+feature_contribution,True,2026-07-26T11:36:49.860296
636a400e-596b-46ba-a19c-664a9650066a,I737951,shopping_mall,anomaly,Viaport Outlet,Istinye Park,0.0189,high,0.5,Column 'shopping_mall' deviates from similar normal records.,isolation_forest+feature_contribution,True,2026-07-26T11:36:49.905441
8517813a-a2e8-4a41-b873-658201ef88a6,I490823,shopping_mall,anomaly,Emaar Square Mall,Emaar Square Mall,0.0043,high,0.5,Column 'shopping_mall' deviates from similar normal records.,isolation_forest+feature_contribution,True,2026-07-26T11:36:50.162542
a999c200-c180-491a-b17b-0f186ba5b452,I599893,gender,anomaly,Male,Male,0.2015,high,0.5,Column 'gender' deviates from similar normal records.,isolation_forest+feature_contribution,True,2026-07-26T11:36:50.279438
81b9449b-2b0d-449c-8b39-a239eca061f5,I232062,shopping_mall,anomaly,Zorlu Center,Mall of Istanbul,0.1295,high,0.5,Column 'shopping_mall' deviates from similar normal records.,isolation_forest+feature_contribution,True,2026-07-26T11:36:50.294506
f6736728-d3ca-4dcb-a8ae-8601f66a3133,I110328,payment_method,anomaly,Debit Card,Debit Card,0.0673,high,0.5,Column 'payment_method' deviates from similar normal records.,isolation_forest+feature_contribution,True,2026-07-26T11:36:50.321991
bc818ca3-d02b-4f8f-96ed-78c88837bf8e,I210025,shopping_mall,anomaly,Metropol AVM,Cevahir AVM,0.0269,high,0.5,Column 'shopping_mall' deviates from similar normal records.,isolation_forest+feature_contribution,True,2026-07-26T11:36:50.456426
00c18617-36e2-4dc8-b7b5-1b9fb10699b2,I314442,category,anomaly,Books,Books,0.0313,high,0.5,Column 'category' deviates from similar normal records.,isolation_forest+feature_contribution,True,2026-07-26T11:36:50.501582
b52ec365-2c83-4638-82ab-19e6cde28b95,I164233,shopping_mall,anomaly,Zorlu Center,Cevahir AVM,0.0062,high,0.5,Column 'shopping_mall' deviates from similar normal records.,isolation_forest+feature_contribution,True,2026-07-26T11:36:50.759942
f639ffbb-3cd5-4fac-af39-8566738fb65a,I317873,shopping_mall,anomaly,Zorlu Center,Kanyon,0.0477,high,0.5,Column 'shopping_mall' deviates from similar normal records.,isolation_forest+feature_contribution,True,2026-07-26T11:36:50.781719
0c21fdc8-0cc9-4f93-abe6-336842f93056,I150400,shopping_mall,anomaly,Metrocity,Metrocity,0.0199,high,0.5,Column 'shopping_mall' deviates from similar normal records.,isolation_forest+feature_contribution,True,2026-07-26T11:36:50.820907
b7dd3f01-a8da-4343-a425-858645472a2c,I172841,shopping_mall,anomaly,Zorlu Center,Forum Istanbul,0.0612,high,0.5,Column 'shopping_mall' deviates from similar normal records.,isolation_forest+feature_contribution,True,2026-07-26T11:36:50.838177
f9d5f1e7-fb32-4846-9c30-e098b4964a76,I141434,shopping_mall,anomaly,Forum Istanbul,Kanyon,0.0618,high,0.5,Column 'shopping_mall' deviates from similar normal records.,isolation_forest+feature_contribution,True,2026-07-26T11:36:50.853986
b59cad22-be8b-435b-a568-605411216af5,I515685,category,anomaly,Toys,Toys,0.0301,high,0.5,Column 'category' deviates from similar normal records.,isolation_forest+feature_contribution,True,2026-07-26T11:36:50.928285
92c81ebb-7d63-4e53-839b-d4965671076f,I299435,shopping_mall,anomaly,Zorlu Center,Kanyon,0.064,high,0.5,Column 'shopping_mall' deviates from similar normal records.,isolation_forest+feature_contribution,True,2026-07-26T11:36:51.123888
d7712dd5-ec38-45c5-ac8f-5f140aafe6d7,I154426,shopping_mall,anomaly,Metropol AVM,Kanyon,0.0875,high,0.5,Column 'shopping_mall' deviates from similar normal records.,isolation_forest+feature_contribution,True,2026-07-26T11:36:51.164965
1b2b440c-dc8e-46c8-b888-7b0eff8eaf84,I273212,category,anomaly,Books,Food & Beverage,0.0763,high,0.5,Column 'category' deviates from similar normal records.,isolation_forest+feature_contribution,True,2026-07-26T11:36:51.215826
8905319b-46aa-42aa-830d-4cca75be6299,I131648,gender,anomaly,Male,Female,0.0128,high,0.5,Column 'gender' deviates from similar normal records.,isolation_forest+feature_contribution,True,2026-07-26T11:36:51.293100
b6325fb8-dcc2-4cec-b7dc-2f650b306c7b,I133741,shopping_mall,anomaly,Forum Istanbul,Cevahir AVM,0.0755,high,0.5,Column 'shopping_mall' deviates from similar normal records.,isolation_forest+feature_contribution,True,2026-07-26T11:36:51.492695
61e89ad7-a036-4126-8c50-2f339f641a39,I907971,payment_method,anomaly,Debit Card,Cash,0.0576,high,0.5,Column 'payment_method' deviates from similar normal records.,isolation_forest+feature_contribution,True,2026-07-26T11:36:51.533986
a6e8e877-228c-4677-a61a-8f4dd638546a,I103865,shopping_mall,anomaly,Viaport Outlet,Zorlu Center,0.0508,high,0.5,Column 'shopping_mall' deviates from similar normal records.,isolation_forest+feature_contribution,True,2026-07-26T11:36:51.554538
cbe4ae2f-1c4b-4e8a-b6e2-0bd48b363b5b,I125704,shopping_mall,anomaly,Zorlu Center,Kanyon,0.0224,high,0.5,Column 'shopping_mall' deviates from similar normal records.,isolation_forest+feature_contribution,True,2026-07-26T11:36:51.568458
aa48eb33-11b2-47b4-baf4-10950faaefbd,I339038,shopping_mall,anomaly,Forum Istanbul,Cevahir AVM,0.2,high,0.5,Column 'shopping_mall' deviates from similar normal records.,isolation_forest+feature_contribution,True,2026-07-26T11:36:51.624474
c9249740-4c35-4c5c-9e4c-99b6aec0df6c,I570421,shopping_mall,anomaly,Metrocity,Kanyon,0.0094,high,0.5,Column 'shopping_mall' deviates from similar normal records.,isolation_forest+feature_contribution,True,2026-07-26T11:36:51.647053
4c6e19ca-0629-4fe0-8f94-7709c2486702,I197827,shopping_mall,anomaly,Zorlu Center,Mall of Istanbul,0.0068,high,0.5,Column 'shopping_mall' deviates from similar normal records.,isolation_forest+feature_contribution,True,2026-07-26T11:36:51.679537
35e53b33-7f93-4fe6-aacc-abc3ac336e7c,I229099,shopping_mall,anomaly,Viaport Outlet,Kanyon,0.1679,high,0.5,Column 'shopping_mall' deviates from similar normal records.,isolation_forest+feature_contribution,True,2026-07-26T11:36:51.739521
d7a61be6-dc49-48d1-be6d-945482ee57fd,I220604,shopping_mall,anomaly,Viaport Outlet,Kanyon,0.0444,high,0.5,Column 'shopping_mall' deviates from similar normal records.,isolation_forest+feature_contribution,True,2026-07-26T11:36:51.791120
ec5e6d84-86ec-4f5d-993c-29dcc3a5929b,I106587,payment_method,anomaly,Debit Card,Debit Card,0.179,high,0.5,Column 'payment_method' deviates from similar normal records.,isolation_forest+feature_contribution,True,2026-07-26T11:36:51.809055
ef7868bf-44fc-4472-ad24-ec4db0b9f7cc,I309989,shopping_mall,anomaly,Forum Istanbul,Cevahir AVM,0.0715,high,0.5,Column 'shopping_mall' deviates from similar normal records.,isolation_forest+feature_contribution,True,2026-07-26T11:36:51.901301
6d958811-7cfa-438e-bf31-ae631f5f342b,I232389,shopping_mall,anomaly,Zorlu Center,Emaar Square Mall,0.0138,high,0.5,Column 'shopping_mall' deviates from similar normal records.,isolation_forest+feature_contribution,True,2026-07-26T11:36:51.933058
4abbafc8-b17f-47c3-883e-810c61fe2699,I182495,shopping_mall,anomaly,Emaar Square Mall,Forum Istanbul,0.0222,high,0.5,Column 'shopping_mall' deviates from similar normal records.,isolation_forest+feature_contribution,True,2026-07-26T11:36:52.259276
43bae2e0-0f14-42a8-95d6-1ad8a9abb808,I162614,shopping_mall,anomaly,Zorlu Center,Forum Istanbul,0.1021,high,0.5,Column 'shopping_mall' deviates from similar normal records.,isolation_forest+feature_contribution,True,2026-07-26T11:36:52.317789
d2cd8cf8-24d5-4072-be1d-b4350cd0e874,I260807,shopping_mall,anomaly,Zorlu Center,Kanyon,0.0202,high,0.5,Column 'shopping_mall' deviates from similar normal records.,isolation_forest+feature_contribution,True,2026-07-26T11:36:52.337993
e4e317af-7499-459a-a579-0ddbb62fe825,I180843,shopping_mall,anomaly,Emaar Square Mall,Istinye Park,0.0395,high,0.5,Column 'shopping_mall' deviates from similar normal records.,isolation_forest+feature_contribution,True,2026-07-26T11:36:52.377496
e1d04906-fbe0-45b4-bd1f-3b184c4294d5,I128927,payment_method,anomaly,Debit Card,Cash,0.0551,high,0.5,Column 'payment_method' deviates from similar normal records.,isolation_forest+feature_contribution,True,2026-07-26T11:36:52.474414
a9d61585-10d3-40b6-b130-885bc0e039a2,I278742,shopping_mall,anomaly,Zorlu Center,Kanyon,0.0489,high,0.5,Column 'shopping_mall' deviates from similar normal records.,isolation_forest+feature_contribution,True,2026-07-26T11:36:52.562874
53bad854-dc84-4237-abf6-ed94d4550d87,I134517,shopping_mall,anomaly,Emaar Square Mall,Kanyon,0.0213,high,0.5,Column 'shopping_mall' deviates from similar normal records.,isolation_forest+feature_contribution,True,2026-07-26T11:36:52.768108
4399779f-f0c9-4b96-9d59-6d5d8d8826d6,I200469,shopping_mall,anomaly,Zorlu Center,Kanyon,0.0471,high,0.5,Column 'shopping_mall' deviates from similar normal records.,isolation_forest+feature_contribution,True,2026-07-26T11:36:52.848988
90677433-a2a0-484c-a674-7dc496c51625,I284378,shopping_mall,anomaly,Zorlu Center,Mall of Istanbul,0.0391,high,0.5,Column 'shopping_mall' deviates from similar normal records.,isolation_forest+feature_contribution,True,2026-07-26T11:36:52.871430
3d5bf046-a6b5-4369-9de7-6467871402bd,I137063,shopping_mall,anomaly,Emaar Square Mall,Mall of Istanbul,0.0099,high,0.5,Column 'shopping_mall' deviates from similar normal records.,isolation_forest+feature_contribution,True,2026-07-26T11:36:52.946623
dbd5b39e-ca05-4894-a41b-c621753ddf5a,I460840,shopping_mall,anomaly,Emaar Square Mall,Metrocity,0.0861,high,0.5,Column 'shopping_mall' deviates from similar normal records.,isolation_forest+feature_contribution,True,2026-07-26T11:36:52.969615
998c43ad-9315-4999-93a3-8157c41cdd4c,I391615,shopping_mall,anomaly,Viaport Outlet,Istinye Park,0.0282,high,0.5,Column 'shopping_mall' deviates from similar normal records.,isolation_forest+feature_contribution,True,2026-07-26T11:36:53.192424
8f2cad0f-7925-4bf1-af8d-2e3c87d1fe63,I142003,shopping_mall,anomaly,Forum Istanbul,Cevahir AVM,0.0248,high,0.5,Column 'shopping_mall' deviates from similar normal records.,isolation_forest+feature_contribution,True,2026-07-26T11:36:53.211704
a5ff30e4-3cb7-4468-9ada-334f61081498,I273873,shopping_mall,anomaly,Zorlu Center,Zorlu Center,0.0148,high,0.5,Column 'shopping_mall' deviates from similar normal records.,isolation_forest+feature_contribution,True,2026-07-26T11:36:53.348012
64658fac-b78e-47b6-a594-f4735eb09ce8,I222910,shopping_mall,anomaly,Viaport Outlet,Istinye Park,0.0271,high,0.5,Column 'shopping_mall' deviates from similar normal records.,isolation_forest+feature_contribution,True,2026-07-26T11:36:53.404268
28784aa5-b4ca-43cf-9eae-9969a9afd663,I247300,category,anomaly,Toys,Cosmetics,0.0504,high,0.5,Column 'category' deviates from similar normal records.,isolation_forest+feature_contribution,True,2026-07-26T11:36:53.427404
162c9552-9385-496c-acf5-c8623b41f58f,I822053,shopping_mall,anomaly,Zorlu Center,Kanyon,0.0525,high,0.5,Column 'shopping_mall' deviates from similar normal records.,isolation_forest+feature_contribution,True,2026-07-26T11:36:53.465442
beff29fd-fa63-47ca-9e34-21660e535726,I132244,shopping_mall,anomaly,Metropol AVM,Kanyon,0.0009,high,0.5,Column 'shopping_mall' deviates from similar normal records.,isolation_forest+feature_contribution,True,2026-07-26T11:36:53.479912
a028c114-d37b-44ad-91b1-95e65d58ee61,I289041,shopping_mall,anomaly,Metropol AVM,Cevahir AVM,0.0748,high,0.5,Column 'shopping_mall' deviates from similar normal records.,isolation_forest+feature_contribution,True,2026-07-26T11:36:53.668395
ad524841-d0c7-4735-b1a7-db4ac64c2f1c,I231273,shopping_mall,anomaly,Viaport Outlet,Forum Istanbul,0.0752,high,0.5,Column 'shopping_mall' deviates from similar normal records.,isolation_forest+feature_contribution,True,2026-07-26T11:36:53.901495
bc4fc619-8663-42f9-a26b-0d2a540bc7bc,I272486,shopping_mall,anomaly,Zorlu Center,Istinye Park,0.0377,high,0.5,Column 'shopping_mall' deviates from similar normal records.,isolation_forest+feature_contribution,True,2026-07-26T11:36:54.016910
ac7f4bcc-f947-4931-a860-b9f935b41526,I244506,shopping_mall,anomaly,Metropol AVM,Mall of Istanbul,0.0398,high,0.5,Column 'shopping_mall' deviates from similar normal records.,isolation_forest+feature_contribution,True,2026-07-26T11:36:54.040074
90c05c58-1621-47d7-898b-6df80011f9cf,I289860,payment_method,anomaly,Debit Card,Credit Card,0.075,high,0.5,Column 'payment_method' deviates from similar normal records.,isolation_forest+feature_contribution,True,2026-07-26T11:36:54.146615
b833c5f2-4f51-4079-8402-9c6e19fc21bc,I806340,shopping_mall,anomaly,Metrocity,Kanyon,0.0361,high,0.5,Column 'shopping_mall' deviates from similar normal records.,isolation_forest+feature_contribution,True,2026-07-26T11:36:54.195767
adb15abd-8b65-4f96-a748-c6c8f7efa8b8,I566804,shopping_mall,anomaly,Metropol AVM,Mall of Istanbul,0.0125,high,0.5,Column 'shopping_mall' deviates from similar normal records.,isolation_forest+feature_contribution,True,2026-07-26T11:36:54.454853
961da04b-b2b4-42a8-a7a7-f922e63ca50d,I196757,shopping_mall,anomaly,Cevahir AVM,Cevahir AVM,0.058,high,0.5,Column 'shopping_mall' deviates from similar normal records.,isolation_forest+feature_contribution,True,2026-07-26T11:36:54.553209
2969cb96-44d2-4f98-bea3-ac0d5d23da82,I731863,shopping_mall,anomaly,Forum Istanbul,Metropol AVM,0.0776,high,0.5,Column 'shopping_mall' deviates from similar normal records.,isolation_forest+feature_contribution,True,2026-07-26T11:36:54.675108
c4b12e21-a11a-4436-9cb4-98c2c633d953,I953897,shopping_mall,anomaly,Viaport Outlet,Kanyon,0.1657,high,0.5,Column 'shopping_mall' deviates from similar normal records.,isolation_forest+feature_contribution,True,2026-07-26T11:36:54.711422
396e75e0-9999-4489-8ad3-372e55615f8e,I178134,shopping_mall,anomaly,Zorlu Center,Metropol AVM,0.0282,high,0.5,Column 'shopping_mall' deviates from similar normal records.,isolation_forest+feature_contribution,True,2026-07-26T11:36:54.732082
8c47f78e-022f-4251-be7a-c97597ff86b7,I257504,category,anomaly,Souvenir,Food & Beverage,0.0902,high,0.5,Column 'category' deviates from similar normal records.,isolation_forest+feature_contribution,True,2026-07-26T11:36:54.847711
75962cec-ef88-45ef-86b8-c58290a4fdd0,I257504,shopping_mall,anomaly,Viaport Outlet,Mall of Istanbul,0.0902,high,0.5,Column 'shopping_mall' deviates from similar normal records.,isolation_forest+feature_contribution,True,2026-07-26T11:36:54.847711
a6b85da3-c8e0-4787-81f6-ac292aa2db89,I262087,shopping_mall,anomaly,Zorlu Center,Metrocity,0.0037,high,0.5,Column 'shopping_mall' deviates from similar normal records.,isolation_forest+feature_contribution,True,2026-07-26T11:36:54.936411
32443fac-cd50-48c2-a5ab-da646c9c0f11,I580142,category,anomaly,Books,Books,0.1608,high,0.5,Column 'category' deviates from similar normal records.,isolation_forest+feature_contribution,True,2026-07-26T11:36:54.979047
49b2fd7b-bc69-4499-b66b-a6e26aced9f4,I580142,shopping_mall,anomaly,Cevahir AVM,Mall of Istanbul,0.1608,high,0.5,Column 'shopping_mall' deviates from similar normal records.,isolation_forest+feature_contribution,True,2026-07-26T11:36:54.979047
9fc006c1-a585-4115-a70b-185f799ce3d7,I209907,shopping_mall,anomaly,Istinye Park,Forum Istanbul,0.0005,high,0.5,Column 'shopping_mall' deviates from similar normal records.,isolation_forest+feature_contribution,True,2026-07-26T11:36:55.018043
f6c63f10-95b8-4be2-996e-3781c08a7e91,I177054,payment_method,anomaly,Debit Card,Cash,0.0695,high,0.5,Column 'payment_method' deviates from similar normal records.,isolation_forest+feature_contribution,True,2026-07-26T11:36:55.100844
71ad3b75-7c11-47df-8d0c-4a6088924639,I177054,shopping_mall,anomaly,Metropol AVM,Viaport Outlet,0.0695,high,0.5,Column 'shopping_mall' deviates from similar normal records.,isolation_forest+feature_contribution,True,2026-07-26T11:36:55.100844
e4e734ab-0fe5-4cde-9a12-7c10d582bf79,I785275,payment_method,anomaly,Debit Card,Cash,0.0965,high,0.5,Column 'payment_method' deviates from similar normal records.,isolation_forest+feature_contribution,True,2026-07-26T11:36:55.120111
ac78b26d-7d47-4757-86f6-f0e9688c8244,I987243,shopping_mall,anomaly,Forum Istanbul,Metropol AVM,0.0614,high,0.5,Column 'shopping_mall' deviates from similar normal records.,isolation_forest+feature_contribution,True,2026-07-26T11:36:55.164291
bc22f8ae-22cb-4839-b28b-7fbba06b307f,I307858,shopping_mall,anomaly,Viaport Outlet,Emaar Square Mall,0.0447,high,0.5,Column 'shopping_mall' deviates from similar normal records.,isolation_forest+feature_contribution,True,2026-07-26T11:36:55.255198
57002f28-1e5d-4eaa-ab17-b24c13d42d3e,I240050,shopping_mall,anomaly,Mall of Istanbul,Viaport Outlet,0.1201,high,0.5,Column 'shopping_mall' deviates from similar normal records.,isolation_forest+feature_contribution,True,2026-07-26T11:36:55.286662
b7ab06e6-8434-463f-8dfc-9829c3dfd8cb,I154304,shopping_mall,anomaly,Metropol AVM,Kanyon,0.0324,high,0.5,Column 'shopping_mall' deviates from similar normal records.,isolation_forest+feature_contribution,True,2026-07-26T11:36:55.304736
fd9341f0-e2ef-43e0-af3f-8cf3b640379e,I306230,payment_method,anomaly,Debit Card,Cash,0.0422,high,0.5,Column 'payment_method' deviates from similar normal records.,isolation_forest+feature_contribution,True,2026-07-26T11:36:55.326526
9d51af07-45ae-45f5-8e00-218a9cde6043,I106088,payment_method,anomaly,Debit Card,Cash,0.0226,high,0.5,Column 'payment_method' deviates from similar normal records.,isolation_forest+feature_contribution,True,2026-07-26T11:36:55.358851
3bfca2ec-445d-4473-a82a-ce071810345b,I106088,shopping_mall,anomaly,Istinye Park,Istinye Park,0.0226,high,0.5,Column 'shopping_mall' deviates from similar normal records.,isolation_forest+feature_contribution,True,2026-07-26T11:36:55.358851
109fb568-1b17-4a7c-a814-7021baf28f36,I258286,payment_method,anomaly,Debit Card,Cash,0.024,high,0.5,Column 'payment_method' deviates from similar normal records.,isolation_forest+feature_contribution,True,2026-07-26T11:36:55.469654
009ac43f-13f4-459e-8ecb-5a53056e2dba,I320229,shopping_mall,anomaly,Emaar Square Mall,Mall of Istanbul,0.156,high,0.5,Column 'shopping_mall' deviates from similar normal records.,isolation_forest+feature_contribution,True,2026-07-26T11:36:55.674215
c19972a0-05bd-4e26-a441-cc5b0aa8a1d8,I313739,shopping_mall,anomaly,Metropol AVM,Metropol AVM,0.0147,high,0.5,Column 'shopping_mall' deviates from similar normal records.,isolation_forest+feature_contribution,True,2026-07-26T11:36:55.775738
5c5dfc10-d57e-4bcf-bb52-7688013988ca,I294343,payment_method,anomaly,Debit Card,Debit Card,0.0512,high,0.5,Column 'payment_method' deviates from similar normal records.,isolation_forest+feature_contribution,True,2026-07-26T11:36:55.850493
67c57579-7414-462f-abd7-efb962d5d09b,I182667,shopping_mall,anomaly,Metropol AVM,Metropol AVM,0.039,high,0.5,Column 'shopping_mall' deviates from similar normal records.,isolation_forest+feature_contribution,True,2026-07-26T11:36:55.889877
45e8812e-ad4e-4866-a480-0bcb5193a3c0,I226598,shopping_mall,anomaly,Cevahir AVM,Cevahir AVM,0.0007,high,0.5,Column 'shopping_mall' deviates from similar normal records.,isolation_forest+feature_contribution,True,2026-07-26T11:36:56.032310
ee89d72a-5939-4e60-bf00-cfb95b86c99d,I144524,shopping_mall,anomaly,Zorlu Center,Cevahir AVM,0.1106,high,0.5,Column 'shopping_mall' deviates from similar normal records.,isolation_forest+feature_contribution,True,2026-07-26T11:36:56.184418
c840880d-8f73-4731-bcb3-fc1bd3c25da4,I198546,shopping_mall,anomaly,Cevahir AVM,Mall of Istanbul,0.0324,high,0.5,Column 'shopping_mall' deviates from similar normal records.,isolation_forest+feature_contribution,True,2026-07-26T11:36:56.242202
0b91f1e7-1a65-4164-9b66-6c8f068bb194,I222703,shopping_mall,anomaly,Forum Istanbul,Forum Istanbul,0.0421,high,0.5,Column 'shopping_mall' deviates from similar normal records.,isolation_forest+feature_contribution,True,2026-07-26T11:36:56.261229
e9562529-c255-46c7-b62c-ce0ef3726c93,I722915,payment_method,anomaly,Debit Card,Cash,0.0189,high,0.5,Column 'payment_method' deviates from similar normal records.,isolation_forest+feature_contribution,True,2026-07-26T11:36:56.298348
2b590813-716d-4b09-9550-46ec1a98c2dc,I241016,category,anomaly,Souvenir,Souvenir,0.0369,high,0.5,Column 'category' deviates from similar normal records.,isolation_forest+feature_contribution,True,2026-07-26T11:36:56.407922
d02fa1e1-d83b-4f43-99d2-88ca0af513f2,I241016,shopping_mall,anomaly,Metrocity,Cevahir AVM,0.0369,high,0.5,Column 'shopping_mall' deviates from similar normal records.,isolation_forest+feature_contribution,True,2026-07-26T11:36:56.407922
6315d651-f409-4103-8c79-2139dec5df46,I515486,category,anomaly,Souvenir,Food & Beverage,0.0598,high,0.5,Column 'category' deviates from similar normal records.,isolation_forest+feature_contribution,True,2026-07-26T11:36:56.425077
77df0dd1-319b-42e5-bb48-fb4fed9b6f26,I110804,shopping_mall,anomaly,Zorlu Center,Istinye Park,0.0996,high,0.5,Column 'shopping_mall' deviates from similar normal records.,isolation_forest+feature_contribution,True,2026-07-26T11:36:56.449706
8464e8be-4a43-4a37-8753-d5e0006abdd4,I793619,shopping_mall,anomaly,Viaport Outlet,Cevahir AVM,0.0555,high,0.5,Column 'shopping_mall' deviates from similar normal records.,isolation_forest+feature_contribution,True,2026-07-26T11:36:56.512454
becec09a-3155-4fa7-85ce-0d06aa3acb24,I897591,shopping_mall,anomaly,Viaport Outlet,Istinye Park,0.0936,high,0.5,Column 'shopping_mall' deviates from similar normal records.,isolation_forest+feature_contribution,True,2026-07-26T11:36:56.746816
ed455066-85b6-4c8b-9537-1089660beb1c,I288878,shopping_mall,anomaly,Zorlu Center,Mall of Istanbul,0.0918,high,0.5,Column 'shopping_mall' deviates from similar normal records.,isolation_forest+feature_contribution,True,2026-07-26T11:36:56.930149
bcd84db9-8dd6-4893-a001-fe5c64301fcd,I222934,category,anomaly,Souvenir,Books,0.0088,high,0.5,Column 'category' deviates from similar normal records.,isolation_forest+feature_contribution,True,2026-07-26T11:36:56.990223
3ee61511-6037-4865-a0d1-f3fbe30365f2,I293494,shopping_mall,anomaly,Viaport Outlet,Emaar Square Mall,0.0487,high,0.5,Column 'shopping_mall' deviates from similar normal records.,isolation_forest+feature_contribution,True,2026-07-26T11:36:57.093279
b881fbe7-c3ea-44bf-94b1-2451abcf0243,I131684,payment_method,anomaly,Debit Card,Cash,0.0586,high,0.5,Column 'payment_method' deviates from similar normal records.,isolation_forest+feature_contribution,True,2026-07-26T11:36:57.151561
8cb25b13-1729-448c-9e79-9b8f6c4b8721,I124729,shopping_mall,anomaly,Zorlu Center,Mall of Istanbul,0.0223,high,0.5,Column 'shopping_mall' deviates from similar normal records.,isolation_forest+feature_contribution,True,2026-07-26T11:36:57.170814
17921e81-1d52-4c9e-a17c-24da39284b5b,I214861,shopping_mall,anomaly,Metrocity,Metrocity,0.0537,high,0.5,Column 'shopping_mall' deviates from similar normal records.,isolation_forest+feature_contribution,True,2026-07-26T11:36:57.218616
106d8817-6689-4fad-b702-a680bd155923,I730397,shopping_mall,anomaly,Cevahir AVM,Cevahir AVM,0.0932,high,0.5,Column 'shopping_mall' deviates from similar normal records.,isolation_forest+feature_contribution,True,2026-07-26T11:36:57.431619
a6709c05-2118-474a-bd84-45cabe61e05b,I254379,payment_method,anomaly,Debit Card,Cash,0.1314,high,0.5,Column 'payment_method' deviates from similar normal records.,isolation_forest+feature_contribution,True,2026-07-26T11:36:57.446601
8099a8db-41e9-4406-a136-16e9317c61b8,I472551,category,anomaly,Souvenir,Food & Beverage,0.0515,high,0.5,Column 'category' deviates from similar normal records.,isolation_forest+feature_contribution,True,2026-07-26T11:36:57.473115
ebc0c0ba-1e3e-44ee-80d6-c89fcef0cc35,I109158,shopping_mall,anomaly,Forum Istanbul,Mall of Istanbul,0.0508,high,0.5,Column 'shopping_mall' deviates from similar normal records.,isolation_forest+feature_contribution,True,2026-07-26T11:36:57.626045
05c98955-e323-4a46-ab88-d446db54defb,I208592,shopping_mall,anomaly,Emaar Square Mall,Mall of Istanbul,0.0769,high,0.5,Column 'shopping_mall' deviates from similar normal records.,isolation_forest+feature_contribution,True,2026-07-26T11:36:57.664656
4e1c8023-6355-43f7-b93d-270593bb41ad,I278286,shopping_mall,anomaly,Metrocity,Istinye Park,0.0734,high,0.5,Column 'shopping_mall' deviates from similar normal records.,isolation_forest+feature_contribution,True,2026-07-26T11:36:57.702746
cb1b8b55-27a6-4db2-b3a5-7ac641fe69a3,I572503,shopping_mall,anomaly,Viaport Outlet,Mall of Istanbul,0.0552,high,0.5,Column 'shopping_mall' deviates from similar normal records.,isolation_forest+feature_contribution,True,2026-07-26T11:36:57.792335
71f5c6ce-f336-446c-8893-898cf3414279,I273831,shopping_mall,anomaly,Istinye Park,Mall of Istanbul,0.0138,high,0.5,Column 'shopping_mall' deviates from similar normal records.,isolation_forest+feature_contribution,True,2026-07-26T11:36:57.982180
483b8c98-5c8d-47b3-85ee-e8bedbc995bf,I572990,shopping_mall,anomaly,Viaport Outlet,Emaar Square Mall,0.0772,high,0.5,Column 'shopping_mall' deviates from similar normal records.,isolation_forest+feature_contribution,True,2026-07-26T11:36:58.017290
8f700d26-1f90-43db-a1e3-26c781fb4953,I828906,shopping_mall,anomaly,Metropol AVM,Mall of Istanbul,0.0223,high,0.5,Column 'shopping_mall' deviates from similar normal records.,isolation_forest+feature_contribution,True,2026-07-26T11:36:58.035080
a04a6379-8c22-47e2-bd90-de84e57f68cb,I513017,shopping_mall,anomaly,Metropol AVM,Kanyon,0.0114,high,0.5,Column 'shopping_mall' deviates from similar normal records.,isolation_forest+feature_contribution,True,2026-07-26T11:36:58.050914
69a08f31-953e-45ca-b9b8-e9b4e62ed64c,I291375,category,anomaly,Toys,Toys,0.0694,high,0.5,Column 'category' deviates from similar normal records.,isolation_forest+feature_contribution,True,2026-07-26T11:36:58.069426
87f90cc9-f126-4e4a-bf6e-96bd6954f258,I205581,payment_method,anomaly,Credit Card,Cash,0.1482,high,0.5,Column 'payment_method' deviates from similar normal records.,isolation_forest+feature_contribution,True,2026-07-26T11:36:58.128072
5d792283-26a4-4a08-9d24-9a62a1d718e6,I133413,shopping_mall,anomaly,Forum Istanbul,Cevahir AVM,0.0087,high,0.5,Column 'shopping_mall' deviates from similar normal records.,isolation_forest+feature_contribution,True,2026-07-26T11:36:58.152646
21923bd8-4b1b-4d3b-8165-8f820196e24b,I973744,shopping_mall,anomaly,Zorlu Center,Metropol AVM,0.0223,high,0.5,Column 'shopping_mall' deviates from similar normal records.,isolation_forest+feature_contribution,True,2026-07-26T11:36:58.193283
6fe89a3f-29ca-455c-a233-3d90ee9e6808,I350619,shopping_mall,anomaly,Zorlu Center,Mall of Istanbul,0.0105,high,0.5,Column 'shopping_mall' deviates from similar normal records.,isolation_forest+feature_contribution,True,2026-07-26T11:36:58.271884
9b80c384-908b-4835-9865-afd3babac9ce,I576966,shopping_mall,anomaly,Forum Istanbul,Cevahir AVM,0.0719,high,0.5,Column 'shopping_mall' deviates from similar normal records.,isolation_forest+feature_contribution,True,2026-07-26T11:36:58.323283
d8abe30d-9a86-4ad7-bc70-6d128c141f16,I265597,shopping_mall,anomaly,Zorlu Center,Emaar Square Mall,0.0127,high,0.5,Column 'shopping_mall' deviates from similar normal records.,isolation_forest+feature_contribution,True,2026-07-26T11:36:58.383910
a0dfc8ff-ef4d-4b05-b9c6-c86d3f746b3a,I954071,gender,anomaly,Male,Male,0.0342,high,0.5,Column 'gender' deviates from similar normal records.,isolation_forest+feature_contribution,True,2026-07-26T11:36:58.615245
ceeb8e41-6d55-4e23-84dd-981816fe79a6,I264181,payment_method,anomaly,Debit Card,Cash,0.047,high,0.5,Column 'payment_method' deviates from similar normal records.,isolation_forest+feature_contribution,True,2026-07-26T11:36:58.828082
df3bed68-6f10-4446-b543-09b635e7b467,I264181,shopping_mall,anomaly,Forum Istanbul,Mall of Istanbul,0.047,high,0.5,Column 'shopping_mall' deviates from similar normal records.,isolation_forest+feature_contribution,True,2026-07-26T11:36:58.828082
7116d207-b356-49a8-992e-84215ea1c15f,I259435,shopping_mall,anomaly,Viaport Outlet,Metrocity,0.0722,high,0.5,Column 'shopping_mall' deviates from similar normal records.,isolation_forest+feature_contribution,True,2026-07-26T11:36:58.850998
3941d195-6115-4a30-8e97-6e843488b56b,I262199,shopping_mall,anomaly,Forum Istanbul,Forum Istanbul,0.0731,high,0.5,Column 'shopping_mall' deviates from similar normal records.,isolation_forest+feature_contribution,True,2026-07-26T11:36:58.874661
1046a689-0f27-4338-a4f5-8c2da94f56ff,I193336,shopping_mall,anomaly,Viaport Outlet,Istinye Park,0.0707,high,0.5,Column 'shopping_mall' deviates from similar normal records.,isolation_forest+feature_contribution,True,2026-07-26T11:36:58.927893
8fa04243-d934-4337-bbe2-9e77906248c4,I264710,payment_method,anomaly,Debit Card,Credit Card,0.0359,high,0.5,Column 'payment_method' deviates from similar normal records.,isolation_forest+feature_contribution,True,2026-07-26T11:36:58.950669
9c2ed473-61f4-478a-be98-6fa74d4cff63,I310241,shopping_mall,anomaly,Viaport Outlet,Viaport Outlet,0.0075,high,0.5,Column 'shopping_mall' deviates from similar normal records.,isolation_forest+feature_contribution,True,2026-07-26T11:36:59.019344
2ab1889f-99ad-4259-ae2c-b42fb9a0fb7a,I351506,shopping_mall,anomaly,Forum Istanbul,Kanyon,0.0846,high,0.5,Column 'shopping_mall' deviates from similar normal records.,isolation_forest+feature_contribution,True,2026-07-26T11:36:59.144219
6059c1c0-ffc7-4c70-9e5c-7d759d5613b0,I104598,shopping_mall,anomaly,Istinye Park,Kanyon,0.0073,high,0.5,Column 'shopping_mall' deviates from similar normal records.,isolation_forest+feature_contribution,True,2026-07-26T11:36:59.205635
53c999f7-a56c-452e-8932-401cbd43902a,I602699,gender,anomaly,Male,Female,0.2014,high,0.5,Column 'gender' deviates from similar normal records.,isolation_forest+feature_contribution,True,2026-07-26T11:36:59.239413
bda7e41a-24e3-463f-b461-351eb7057db2,I135095,shopping_mall,anomaly,Viaport Outlet,Forum Istanbul,0.048,high,0.5,Column 'shopping_mall' deviates from similar normal records.,isolation_forest+feature_contribution,True,2026-07-26T11:36:59.371738
89b14e2f-b722-45b3-97df-05ea35b72dd9,I148832,payment_method,anomaly,Debit Card,Debit Card,0.0568,high,0.5,Column 'payment_method' deviates from similar normal records.,isolation_forest+feature_contribution,True,2026-07-26T11:36:59.572220
e7fb2aa2-de60-4ef6-b8a3-77af01a2fded,I285970,shopping_mall,anomaly,Viaport Outlet,Emaar Square Mall,0.1017,high,0.5,Column 'shopping_mall' deviates from similar normal records.,isolation_forest+feature_contribution,True,2026-07-26T11:36:59.702174
c119b623-ff5b-412e-8e05-fcb0b37db5bb,I335926,payment_method,anomaly,Credit Card,Cash,0.0874,high,0.5,Column 'payment_method' deviates from similar normal records.,isolation_forest+feature_contribution,True,2026-07-26T11:36:59.725426
9cdb3469-75ba-4582-bb11-a61fe81b43ee,I167048,shopping_mall,anomaly,Forum Istanbul,Emaar Square Mall,0.0,high,0.5,Column 'shopping_mall' deviates from similar normal records.,isolation_forest+feature_contribution,True,2026-07-26T11:36:59.745477
a82c786a-73d9-42a0-a79d-9fbe0c20d426,I333601,shopping_mall,anomaly,Istinye Park,Istinye Park,0.035,high,0.5,Column 'shopping_mall' deviates from similar normal records.,isolation_forest+feature_contribution,True,2026-07-26T11:36:59.787313
f2c321f3-b798-4ae5-9c8b-e5e3017ebf8d,I211775,shopping_mall,anomaly,Forum Istanbul,Kanyon,0.0145,high,0.5,Column 'shopping_mall' deviates from similar normal records.,isolation_forest+feature_contribution,True,2026-07-26T11:36:59.823328
64a1d3cb-ad5c-498e-90c6-c6a324c95ffb,I190672,shopping_mall,anomaly,Viaport Outlet,Emaar Square Mall,0.0334,high,0.5,Column 'shopping_mall' deviates from similar normal records.,isolation_forest+feature_contribution,True,2026-07-26T11:36:59.896505
6cabbb36-50c5-465c-8040-f12590751a26,I126100,payment_method,anomaly,Debit Card,Cash,0.1534,high,0.5,Column 'payment_method' deviates from similar normal records.,isolation_forest+feature_contribution,True,2026-07-26T11:36:59.925932
812d4338-b411-4bd9-b8df-adee87759a1c,I726283,shopping_mall,anomaly,Emaar Square Mall,Emaar Square Mall,0.0242,high,0.5,Column 'shopping_mall' deviates from similar normal records.,isolation_forest+feature_contribution,True,2026-07-26T11:37:00.120983
e7ae63fb-eb6f-450a-a2f4-a1f35a058442,I320267,shopping_mall,anomaly,Zorlu Center,Mall of Istanbul,0.0471,high,0.5,Column 'shopping_mall' deviates from similar normal records.,isolation_forest+feature_contribution,True,2026-07-26T11:37:00.162559
692b5a32-8545-48db-86c5-6021dc7e20f4,I162524,shopping_mall,anomaly,Forum Istanbul,Mall of Istanbul,0.0853,high,0.5,Column 'shopping_mall' deviates from similar normal records.,isolation_forest+feature_contribution,True,2026-07-26T11:37:00.181604
cfc1a582-9177-4c70-995b-b03a957860e2,I210882,shopping_mall,anomaly,Forum Istanbul,Kanyon,0.1137,high,0.5,Column 'shopping_mall' deviates from similar normal records.,isolation_forest+feature_contribution,True,2026-07-26T11:37:00.212167
558e7011-79b5-4f7e-b157-b75504036ffd,I686127,category,anomaly,Food & Beverage,Books,0.0114,high,0.5,Column 'category' deviates from similar normal records.,isolation_forest+feature_contribution,True,2026-07-26T11:37:00.335441
f892c56e-cea9-42d4-87e8-674310677956,I337739,shopping_mall,anomaly,Emaar Square Mall,Mall of Istanbul,0.0196,high,0.5,Column 'shopping_mall' deviates from similar normal records.,isolation_forest+feature_contribution,True,2026-07-26T11:37:00.474106
227eb08e-2cd7-480f-b5f7-9481f8709cb3,I250931,shopping_mall,anomaly,Metropol AVM,Cevahir AVM,0.0065,high,0.5,Column 'shopping_mall' deviates from similar normal records.,isolation_forest+feature_contribution,True,2026-07-26T11:37:00.533270
d0aa9efd-c75e-47dc-9e9d-d4c66b89d05c,I142286,shopping_mall,anomaly,Mall of Istanbul,Kanyon,0.0252,high,0.5,Column 'shopping_mall' deviates from similar normal records.,isolation_forest+feature_contribution,True,2026-07-26T11:37:00.555016
5f792f23-e212-483d-b6e2-08ad45afcee2,I229690,shopping_mall,anomaly,Metropol AVM,Zorlu Center,0.0209,high,0.5,Column 'shopping_mall' deviates from similar normal records.,isolation_forest+feature_contribution,True,2026-07-26T11:37:00.577656
6a37021f-a4fb-4580-8aaf-e2632185120c,I229187,shopping_mall,anomaly,Zorlu Center,Cevahir AVM,0.0522,high,0.5,Column 'shopping_mall' deviates from similar normal records.,isolation_forest+feature_contribution,True,2026-07-26T11:37:00.653557
ec16fdc4-6727-41a7-9c4e-686e9bd11446,I511790,shopping_mall,anomaly,Emaar Square Mall,Kanyon,0.0371,high,0.5,Column 'shopping_mall' deviates from similar normal records.,isolation_forest+feature_contribution,True,2026-07-26T11:37:00.725782
3ad6d232-c5c6-431b-9dee-d03b5f99270c,I165654,payment_method,anomaly,Credit Card,Debit Card,0.0705,high,0.5,Column 'payment_method' deviates from similar normal records.,isolation_forest+feature_contribution,True,2026-07-26T11:37:00.746510
c53cdccf-d815-40d7-9179-f7d74636adc3,I165654,shopping_mall,anomaly,Zorlu Center,Cevahir AVM,0.0705,high,0.5,Column 'shopping_mall' deviates from similar normal records.,isolation_forest+feature_contribution,True,2026-07-26T11:37:00.746510
0fb2c8fc-d9da-48fe-a208-aaeaccb1368d,I188682,shopping_mall,anomaly,Viaport Outlet,Zorlu Center,0.0056,high,0.5,Column 'shopping_mall' deviates from similar normal records.,isolation_forest+feature_contribution,True,2026-07-26T11:37:00.789801
884b737c-4755-4d7d-aca4-4d6ff84fc2a9,I245989,gender,anomaly,Male,Female,0.0889,high,0.5,Column 'gender' deviates from similar normal records.,isolation_forest+feature_contribution,True,2026-07-26T11:37:00.844120
59500e80-1ff8-4f64-a6e6-d592bc34d27d,I329514,shopping_mall,anomaly,Forum Istanbul,Istinye Park,0.0164,high,0.5,Column 'shopping_mall' deviates from similar normal records.,isolation_forest+feature_contribution,True,2026-07-26T11:37:00.877899
72f7399f-5590-4c65-a49a-cbf92f34186d,I261818,age_group,anomaly,26_35,26_35,0.0253,low,0.0,Column 'age_group' deviates from similar normal records.,isolation_forest+feature_contribution,True,2026-07-26T11:37:00.895811
a3142b09-772c-47ff-ac11-4125067c4f32,I334490,shopping_mall,anomaly,Istinye Park,Kanyon,0.0205,high,0.5,Column 'shopping_mall' deviates from similar normal records.,isolation_forest+feature_contribution,True,2026-07-26T11:37:00.911536
cecd366f-d499-44b7-b1c8-c50a258e10c7,I223193,shopping_mall,anomaly,Zorlu Center,Cevahir AVM,0.0064,high,0.5,Column 'shopping_mall' deviates from similar normal records.,isolation_forest+feature_contribution,True,2026-07-26T11:37:01.009453
cba519a3-1a3f-48aa-8de9-bf1bc73048e7,I867460,shopping_mall,anomaly,Forum Istanbul,Mall of Istanbul,0.065,high,0.5,Column 'shopping_mall' deviates from similar normal records.,isolation_forest+feature_contribution,True,2026-07-26T11:37:01.133426
fe5cf73a-d455-46bf-aa28-bc55649d27ef,I220336,shopping_mall,anomaly,Viaport Outlet,Istinye Park,0.0049,high,0.5,Column 'shopping_mall' deviates from similar normal records.,isolation_forest+feature_contribution,True,2026-07-26T11:37:01.220642
87af3ecb-360d-4066-bb70-415c778ffbcc,I215184,shopping_mall,anomaly,Emaar Square Mall,Mall of Istanbul,0.0686,high,0.5,Column 'shopping_mall' deviates from similar normal records.,isolation_forest+feature_contribution,True,2026-07-26T11:37:01.354937
3f240b9a-bf93-4c3a-8a51-36bbecb95491,I200385,category,anomaly,Souvenir,Food & Beverage,0.0033,high,0.5,Column 'category' deviates from similar normal records.,isolation_forest+feature_contribution,True,2026-07-26T11:37:01.460713
90b1b53a-3344-434c-958e-a74ee3bb2ca6,I483830,shopping_mall,anomaly,Viaport Outlet,Metropol AVM,0.0119,high,0.5,Column 'shopping_mall' deviates from similar normal records.,isolation_forest+feature_contribution,True,2026-07-26T11:37:01.558472
5c03e5b3-a18d-4c0f-ad3b-aee5a42e499e,I108621,shopping_mall,anomaly,Metropol AVM,Kanyon,0.0018,high,0.5,Column 'shopping_mall' deviates from similar normal records.,isolation_forest+feature_contribution,True,2026-07-26T11:37:01.613702
73edba18-43aa-4bbe-9a14-5195542e7afa,I200916,shopping_mall,anomaly,Emaar Square Mall,Metropol AVM,0.1928,high,0.5,Column 'shopping_mall' deviates from similar normal records.,isolation_forest+feature_contribution,True,2026-07-26T11:37:01.712065
ba5f7a77-95b6-4e5b-ae51-ae9668f2c1b4,I891558,shopping_mall,anomaly,Viaport Outlet,Istinye Park,0.0193,high,0.5,Column 'shopping_mall' deviates from similar normal records.,isolation_forest+feature_contribution,True,2026-07-26T11:37:01.759501
3dfbab72-9a9e-4fb0-8303-72b845f62329,I289284,payment_method,anomaly,Debit Card,Cash,0.039,high,0.5,Column 'payment_method' deviates from similar normal records.,isolation_forest+feature_contribution,True,2026-07-26T11:37:01.797287
a7860543-801f-48e3-bd6f-ae28068408a5,I901487,shopping_mall,anomaly,Zorlu Center,Kanyon,0.0176,high,0.5,Column 'shopping_mall' deviates from similar normal records.,isolation_forest+feature_contribution,True,2026-07-26T11:37:01.819854
bb8ead34-a750-4e7a-92e9-2f6b5532c93b,I186045,payment_method,anomaly,Debit Card,Cash,0.0603,high,0.5,Column 'payment_method' deviates from similar normal records.,isolation_forest+feature_contribution,True,2026-07-26T11:37:01.879717
61403617-c35a-4e82-9139-d6876ccee7e0,I254105,shopping_mall,anomaly,Viaport Outlet,Viaport Outlet,0.0077,high,0.5,Column 'shopping_mall' deviates from similar normal records.,isolation_forest+feature_contribution,True,2026-07-26T11:37:01.953074
bffe4ce2-79da-40dd-92d9-49b55180529c,I286319,payment_method,anomaly,Debit Card,Cash,0.1677,high,0.5,Column 'payment_method' deviates from similar normal records.,isolation_forest+feature_contribution,True,2026-07-26T11:37:01.969001
5be1f057-cb29-4ff0-9044-db39854c2d0c,I324047,payment_method,anomaly,Debit Card,Cash,0.0946,high,0.5,Column 'payment_method' deviates from similar normal records.,isolation_forest+feature_contribution,True,2026-07-26T11:37:02.051670
09512380-bc22-415a-837e-6899f61b323c,I288379,gender,anomaly,Female,Female,0.1123,high,0.5,Column 'gender' deviates from similar normal records.,isolation_forest+feature_contribution,True,2026-07-26T11:37:02.068565
660a9e2d-930c-4435-a323-a03e45f99dab,I154220,category,anomaly,Souvenir,Books,0.0164,high,0.5,Column 'category' deviates from similar normal records.,isolation_forest+feature_contribution,True,2026-07-26T11:37:02.103850
03019141-79fc-4612-beba-8ea5b4aad4a9,I314683,shopping_mall,anomaly,Zorlu Center,Kanyon,0.0473,high,0.5,Column 'shopping_mall' deviates from similar normal records.,isolation_forest+feature_contribution,True,2026-07-26T11:37:02.133475
2990e91d-a4bc-481e-ab23-f78800eb2de3,I168977,shopping_mall,anomaly,Cevahir AVM,Cevahir AVM,0.0783,high,0.5,Column 'shopping_mall' deviates from similar normal records.,isolation_forest+feature_contribution,True,2026-07-26T11:37:02.172426
af8937fa-fdea-4a39-990d-d8dac1b71139,I196930,shopping_mall,anomaly,Forum Istanbul,Mall of Istanbul,0.2024,high,0.5,Column 'shopping_mall' deviates from similar normal records.,isolation_forest+feature_contribution,True,2026-07-26T11:37:02.215843
33782c00-6f70-441a-ae64-a2b26db7f8ef,I731414,payment_method,anomaly,Debit Card,Credit Card,0.1357,high,0.5,Column 'payment_method' deviates from similar normal records.,isolation_forest+feature_contribution,True,2026-07-26T11:37:02.422476
2a34d121-29ec-4bbd-bbe3-7b3ac9b35d03,I731414,shopping_mall,anomaly,Cevahir AVM,Metropol AVM,0.1357,high,0.5,Column 'shopping_mall' deviates from similar normal records.,isolation_forest+feature_contribution,True,2026-07-26T11:37:02.422476
78277b2e-c034-4ae5-80c4-ba612bb42940,I839584,payment_method,anomaly,Debit Card,Cash,0.0135,high,0.5,Column 'payment_method' deviates from similar normal records.,isolation_forest+feature_contribution,True,2026-07-26T11:37:02.439799
725df39b-43e5-465b-b769-0140c35e3359,I117192,shopping_mall,anomaly,Viaport Outlet,Kanyon,0.0404,high,0.5,Column 'shopping_mall' deviates from similar normal records.,isolation_forest+feature_contribution,True,2026-07-26T11:37:02.455790
edb6b44c-6245-439a-a3d3-ce0c16024f4f,I114499,payment_method,anomaly,Debit Card,Cash,0.009,high,0.5,Column 'payment_method' deviates from similar normal records.,isolation_forest+feature_contribution,True,2026-07-26T11:37:02.519377
efeb4d1c-8841-42fa-bb04-036ee2f6b131,I309765,payment_method,anomaly,Credit Card,Cash,0.0077,high,0.5,Column 'payment_method' deviates from similar normal records.,isolation_forest+feature_contribution,True,2026-07-26T11:37:02.697954
d8117532-4148-43b1-b099-0377cc5e510e,I207935,shopping_mall,anomaly,Forum Istanbul,Metrocity,0.1489,high,0.5,Column 'shopping_mall' deviates from similar normal records.,isolation_forest+feature_contribution,True,2026-07-26T11:37:02.756900
6a1499dd-4eff-4e6c-b56a-71cd408f9891,I165551,shopping_mall,anomaly,Viaport Outlet,Metropol AVM,0.0047,high,0.5,Column 'shopping_mall' deviates from similar normal records.,isolation_forest+feature_contribution,True,2026-07-26T11:37:02.820093
f961a85d-8027-4a30-85f5-5948490648db,I963293,shopping_mall,anomaly,Forum Istanbul,Forum Istanbul,0.0203,high,0.5,Column 'shopping_mall' deviates from similar normal records.,isolation_forest+feature_contribution,True,2026-07-26T11:37:02.857010
bb46cf39-3ed3-44f6-85a6-a33b6fc2b158,I952489,shopping_mall,anomaly,Metrocity,Metrocity,0.0222,high,0.5,Column 'shopping_mall' deviates from similar normal records.,isolation_forest+feature_contribution,True,2026-07-26T11:37:02.879912
ff59f97f-0a7a-4a48-a3da-696daee28876,I328928,shopping_mall,anomaly,Viaport Outlet,Kanyon,0.0028,high,0.5,Column 'shopping_mall' deviates from similar normal records.,isolation_forest+feature_contribution,True,2026-07-26T11:37:02.949769
3f9f3af3-a961-43f9-861e-36d130364a8a,I218678,shopping_mall,anomaly,Emaar Square Mall,Emaar Square Mall,0.0151,high,0.5,Column 'shopping_mall' deviates from similar normal records.,isolation_forest+feature_contribution,True,2026-07-26T11:37:02.971367
696f9ac8-8b1c-44a6-a4bc-86875a6712a8,I172231,payment_method,anomaly,Debit Card,Cash,0.0483,high,0.5,Column 'payment_method' deviates from similar normal records.,isolation_forest+feature_contribution,True,2026-07-26T11:37:03.006384
58651194-df37-405d-8e5f-4b05ce301554,I340072,payment_method,anomaly,Debit Card,Cash,0.1561,high,0.5,Column 'payment_method' deviates from similar normal records.,isolation_forest+feature_contribution,True,2026-07-26T11:37:03.113698
9a4d990e-4ef3-422b-8d48-d11d291fc47a,I780426,shopping_mall,anomaly,Viaport Outlet,Forum Istanbul,0.0414,high,0.5,Column 'shopping_mall' deviates from similar normal records.,isolation_forest+feature_contribution,True,2026-07-26T11:37:03.132428
528f1e06-8331-4516-b0c9-dcba7825a354,I305541,shopping_mall,anomaly,Zorlu Center,Emaar Square Mall,0.014,high,0.5,Column 'shopping_mall' deviates from similar normal records.,isolation_forest+feature_contribution,True,2026-07-26T11:37:03.283553
dd285bbd-0050-49a3-841d-42e8117dd669,I102800,shopping_mall,anomaly,Viaport Outlet,Metrocity,0.0177,high,0.5,Column 'shopping_mall' deviates from similar normal records.,isolation_forest+feature_contribution,True,2026-07-26T11:37:03.304805
fe6ea7d6-52dd-44ad-83d4-1e61d7e04009,I335567,category,anomaly,Souvenir,Food & Beverage,0.029,high,0.5,Column 'category' deviates from similar normal records.,isolation_forest+feature_contribution,True,2026-07-26T11:37:03.404004
bd79af8d-1203-4083-a8b4-e6dbf6cc65ad,I200864,shopping_mall,anomaly,Forum Istanbul,Cevahir AVM,0.0563,high,0.5,Column 'shopping_mall' deviates from similar normal records.,isolation_forest+feature_contribution,True,2026-07-26T11:37:03.424507
b68d6c44-9b41-4b69-90c1-76594010a6aa,I260556,shopping_mall,anomaly,Viaport Outlet,Istinye Park,0.0146,high,0.5,Column 'shopping_mall' deviates from similar normal records.,isolation_forest+feature_contribution,True,2026-07-26T11:37:03.492033
475f20df-5b7c-460f-ad41-df98347ebd5f,I260157,gender,anomaly,Male,Female,0.1267,high,0.5,Column 'gender' deviates from similar normal records.,isolation_forest+feature_contribution,True,2026-07-26T11:37:03.535185
75c01e58-0b9d-4e24-9ac2-4fece6a3dd08,I242737,shopping_mall,anomaly,Zorlu Center,Zorlu Center,0.0405,high,0.5,Column 'shopping_mall' deviates from similar normal records.,isolation_forest+feature_contribution,True,2026-07-26T11:37:03.557701
e9b01114-1ccb-4927-8831-75d81d4c691e,I162481,category,anomaly,Toys,Cosmetics,0.0141,high,0.5,Column 'category' deviates from similar normal records.,isolation_forest+feature_contribution,True,2026-07-26T11:37:03.616603
84a0d65c-1386-4082-94cc-9d87babba262,I230867,payment_method,anomaly,Debit Card,Cash,0.0072,high,0.5,Column 'payment_method' deviates from similar normal records.,isolation_forest+feature_contribution,True,2026-07-26T11:37:03.640136
42640bb0-6408-4c17-94b7-292ffc0dc05c,I319881,shopping_mall,anomaly,Metrocity,Mall of Istanbul,0.0484,high,0.5,Column 'shopping_mall' deviates from similar normal records.,isolation_forest+feature_contribution,True,2026-07-26T11:37:03.659969
057c6b67-4db7-4a6f-9f9f-29af55ea42af,I894338,category,anomaly,Toys,Cosmetics,0.187,high,0.5,Column 'category' deviates from similar normal records.,isolation_forest+feature_contribution,True,2026-07-26T11:37:03.690002
9717d6d1-af8f-4aca-8cf0-d6d205cea513,I685781,shopping_mall,anomaly,Metrocity,Cevahir AVM,0.0862,high,0.5,Column 'shopping_mall' deviates from similar normal records.,isolation_forest+feature_contribution,True,2026-07-26T11:37:03.790023
9f4b12f7-16d0-453d-a5eb-edf9d05eff8c,I142647,shopping_mall,anomaly,Zorlu Center,Kanyon,0.0085,high,0.5,Column 'shopping_mall' deviates from similar normal records.,isolation_forest+feature_contribution,True,2026-07-26T11:37:03.814753
0d4822ed-4333-41f6-ad09-39cc643d7205,I246967,shopping_mall,anomaly,Viaport Outlet,Kanyon,0.0084,high,0.5,Column 'shopping_mall' deviates from similar normal records.,isolation_forest+feature_contribution,True,2026-07-26T11:37:03.943242
3ae9ae30-90d6-481a-8c4e-791338536bf1,I166814,age_group,anomaly,26_35,26_35,0.2186,low,0.0,Column 'age_group' deviates from similar normal records.,isolation_forest+feature_contribution,True,2026-07-26T11:37:04.028833
5096ea76-5810-422c-9138-ca77fc7ce3f0,I293503,gender,anomaly,Male,Female,0.0032,high,0.5,Column 'gender' deviates from similar normal records.,isolation_forest+feature_contribution,True,2026-07-26T11:37:04.144036
af21b829-3477-4117-a02d-d4b6cc520a51,I650439,shopping_mall,anomaly,Zorlu Center,Kanyon,0.0856,high,0.5,Column 'shopping_mall' deviates from similar normal records.,isolation_forest+feature_contribution,True,2026-07-26T11:37:04.188265
a8ae8293-5cec-4d9f-bc09-5efc5d1c6345,I779982,shopping_mall,anomaly,Zorlu Center,Kanyon,0.0112,high,0.5,Column 'shopping_mall' deviates from similar normal records.,isolation_forest+feature_contribution,True,2026-07-26T11:37:04.212725
4eb6a274-37de-477d-9340-7134899ac19d,I326661,shopping_mall,anomaly,Forum Istanbul,Cevahir AVM,0.0048,high,0.5,Column 'shopping_mall' deviates from similar normal records.,isolation_forest+feature_contribution,True,2026-07-26T11:37:04.297545
07b9ad6f-7443-4b00-b7d9-bb77c50d620d,I311977,shopping_mall,anomaly,Zorlu Center,Kanyon,0.0078,high,0.5,Column 'shopping_mall' deviates from similar normal records.,isolation_forest+feature_contribution,True,2026-07-26T11:37:04.374802
02458fc6-4eb7-481f-ac37-d1db4a574bc1,I149911,shopping_mall,anomaly,Zorlu Center,Mall of Istanbul,0.0127,high,0.5,Column 'shopping_mall' deviates from similar normal records.,isolation_forest+feature_contribution,True,2026-07-26T11:37:04.501470
014dd55f-565e-425f-9c71-5f21c85ea248,I126063,shopping_mall,anomaly,Zorlu Center,Metrocity,0.0068,high,0.5,Column 'shopping_mall' deviates from similar normal records.,isolation_forest+feature_contribution,True,2026-07-26T11:37:04.527271
5a1b8a94-caa2-4578-b5c6-7ebdd117851b,I208400,payment_method,anomaly,Debit Card,Debit Card,0.0702,high,0.5,Column 'payment_method' deviates from similar normal records.,isolation_forest+feature_contribution,True,2026-07-26T11:37:04.646716
7add54b3-cb66-4826-b386-5cd4eb38995e,I233565,payment_method,anomaly,Debit Card,Cash,0.2257,high,0.5,Column 'payment_method' deviates from similar normal records.,isolation_forest+feature_contribution,True,2026-07-26T11:37:04.703398
a1d4be0c-ffe7-4790-ae79-54a8ef11b22a,I233565,shopping_mall,anomaly,Zorlu Center,Istinye Park,0.2257,high,0.5,Column 'shopping_mall' deviates from similar normal records.,isolation_forest+feature_contribution,True,2026-07-26T11:37:04.703398
c9527d9e-2e87-4687-805c-439d3eb12345,I284715,shopping_mall,anomaly,Metrocity,Istinye Park,0.0625,high,0.5,Column 'shopping_mall' deviates from similar normal records.,isolation_forest+feature_contribution,True,2026-07-26T11:37:04.752891
5be7377b-7813-4f00-9936-9e8f3cebb681,I337777,shopping_mall,anomaly,Forum Istanbul,Kanyon,0.051,high,0.5,Column 'shopping_mall' deviates from similar normal records.,isolation_forest+feature_contribution,True,2026-07-26T11:37:04.767111
b03e8990-5c04-402e-8b12-ce2e9449adcb,I100911,payment_method,anomaly,Credit Card,Cash,0.0233,high,0.5,Column 'payment_method' deviates from similar normal records.,isolation_forest+feature_contribution,True,2026-07-26T11:37:04.814119
22eb68fc-f4a5-43a0-8253-657c99576cb1,I100911,shopping_mall,anomaly,Metrocity,Kanyon,0.0233,high,0.5,Column 'shopping_mall' deviates from similar normal records.,isolation_forest+feature_contribution,True,2026-07-26T11:37:04.814119
6f7e9c8d-7c0f-4a02-b9b3-3ea5227d1b34,I129625,shopping_mall,anomaly,Emaar Square Mall,Metrocity,0.0067,high,0.5,Column 'shopping_mall' deviates from similar normal records.,isolation_forest+feature_contribution,True,2026-07-26T11:37:04.975611
fe9d92c0-61f2-42cc-bf92-0dc4e0465da5,I322537,shopping_mall,anomaly,Viaport Outlet,Kanyon,0.0508,high,0.5,Column 'shopping_mall' deviates from similar normal records.,isolation_forest+feature_contribution,True,2026-07-26T11:37:05.155263
691d78a7-9c42-4c90-b477-7e867953dd84,I149369,gender,anomaly,Male,Male,0.1042,high,0.5,Column 'gender' deviates from similar normal records.,isolation_forest+feature_contribution,True,2026-07-26T11:37:05.217463
ad888902-29d0-46d8-ad44-b56cd36beda9,I133977,shopping_mall,anomaly,Zorlu Center,Kanyon,0.0348,high,0.5,Column 'shopping_mall' deviates from similar normal records.,isolation_forest+feature_contribution,True,2026-07-26T11:37:05.349015
e30d782b-fff2-45bb-8d85-6664178b4847,I105244,category,anomaly,Books,Souvenir,0.0109,high,0.5,Column 'category' deviates from similar normal records.,isolation_forest+feature_contribution,True,2026-07-26T11:37:05.384096
08a8f910-6aff-401e-9c00-b556b0383ecd,I165948,shopping_mall,anomaly,Viaport Outlet,Istinye Park,0.0436,high,0.5,Column 'shopping_mall' deviates from similar normal records.,isolation_forest+feature_contribution,True,2026-07-26T11:37:05.403882
feaa4c2e-7cf1-4145-a3d7-8c31041b3c2a,I279728,shopping_mall,anomaly,Emaar Square Mall,Mall of Istanbul,0.047,high,0.5,Column 'shopping_mall' deviates from similar normal records.,isolation_forest+feature_contribution,True,2026-07-26T11:37:05.445199
54f5c868-cae3-4df0-afb0-c2e044cabe70,I321717,shopping_mall,anomaly,Zorlu Center,Metropol AVM,0.063,high,0.5,Column 'shopping_mall' deviates from similar normal records.,isolation_forest+feature_contribution,True,2026-07-26T11:37:05.480785
69987b4a-1938-4403-b812-6f3a46c40441,I123886,shopping_mall,anomaly,Forum Istanbul,Metrocity,0.0938,high,0.5,Column 'shopping_mall' deviates from similar normal records.,isolation_forest+feature_contribution,True,2026-07-26T11:37:05.750661
299a1b8c-d26c-4e57-b900-4d11cedfec6d,I259119,shopping_mall,anomaly,Zorlu Center,Kanyon,0.0268,high,0.5,Column 'shopping_mall' deviates from similar normal records.,isolation_forest+feature_contribution,True,2026-07-26T11:37:05.839729
f0b34233-2986-44c6-8c6f-98b72be5ac55,I265406,payment_method,anomaly,Debit Card,Cash,0.0862,high,0.5,Column 'payment_method' deviates from similar normal records.,isolation_forest+feature_contribution,True,2026-07-26T11:37:05.979971
5a978274-4ba3-418b-871f-ce475761a1d0,I167265,shopping_mall,anomaly,Metrocity,Mall of Istanbul,0.0471,high,0.5,Column 'shopping_mall' deviates from similar normal records.,isolation_forest+feature_contribution,True,2026-07-26T11:37:05.991254
5f1bcff6-f0aa-4879-9bcb-a297415e4edc,I113588,shopping_mall,anomaly,Forum Istanbul,Mall of Istanbul,0.0497,high,0.5,Column 'shopping_mall' deviates from similar normal records.,isolation_forest+feature_contribution,True,2026-07-26T11:37:06.049093
3c321232-b8e5-45b5-8749-8bfb2e2931cd,I207450,shopping_mall,anomaly,Emaar Square Mall,Mall of Istanbul,0.0181,high,0.5,Column 'shopping_mall' deviates from similar normal records.,isolation_forest+feature_contribution,True,2026-07-26T11:37:06.076515
79966f6b-5834-4caa-9da2-0d8be820df93,I109261,shopping_mall,anomaly,Metropol AVM,Metrocity,0.0273,high,0.5,Column 'shopping_mall' deviates from similar normal records.,isolation_forest+feature_contribution,True,2026-07-26T11:37:06.120679
c14d5470-422d-4a6a-a679-4bbe06199c74,I209927,shopping_mall,anomaly,Forum Istanbul,Istinye Park,0.0374,high,0.5,Column 'shopping_mall' deviates from similar normal records.,isolation_forest+feature_contribution,True,2026-07-26T11:37:06.206711
a694dcd8-5e2d-447e-8283-3dfafd8d4698,I152925,shopping_mall,anomaly,Viaport Outlet,Forum Istanbul,0.0774,high,0.5,Column 'shopping_mall' deviates from similar normal records.,isolation_forest+feature_contribution,True,2026-07-26T11:37:06.298254
17b4e364-2e04-44cb-be4b-ef085e99798b,I332412,shopping_mall,anomaly,Cevahir AVM,Cevahir AVM,0.0737,high,0.5,Column 'shopping_mall' deviates from similar normal records.,isolation_forest+feature_contribution,True,2026-07-26T11:37:06.377028
8750ba71-a320-4832-a27b-b11ff828fbcc,I278649,shopping_mall,anomaly,Viaport Outlet,Metropol AVM,0.1061,high,0.5,Column 'shopping_mall' deviates from similar normal records.,isolation_forest+feature_contribution,True,2026-07-26T11:37:06.456452
6d3c8298-b35a-44de-a729-73ebcca47f05,I228698,shopping_mall,anomaly,Emaar Square Mall,Emaar Square Mall,0.0429,high,0.5,Column 'shopping_mall' deviates from similar normal records.,isolation_forest+feature_contribution,True,2026-07-26T11:37:06.472310
200d6041-d01d-4e79-827b-b2a70d19d12e,I162189,shopping_mall,anomaly,Metropol AVM,Metropol AVM,0.0387,high,0.5,Column 'shopping_mall' deviates from similar normal records.,isolation_forest+feature_contribution,True,2026-07-26T11:37:06.502507
02549d32-edde-4afc-b5fc-3ef96baa742b,I422843,shopping_mall,anomaly,Forum Istanbul,Cevahir AVM,0.0717,high,0.5,Column 'shopping_mall' deviates from similar normal records.,isolation_forest+feature_contribution,True,2026-07-26T11:37:06.681543
67f29ab3-6ac3-472f-ad64-06204495c92e,I150601,shopping_mall,anomaly,Viaport Outlet,Kanyon,0.0244,high,0.5,Column 'shopping_mall' deviates from similar normal records.,isolation_forest+feature_contribution,True,2026-07-26T11:37:06.733155
fcd030be-a950-447e-8502-f3a57785b03b,I271416,shopping_mall,anomaly,Metropol AVM,Mall of Istanbul,0.0261,high,0.5,Column 'shopping_mall' deviates from similar normal records.,isolation_forest+feature_contribution,True,2026-07-26T11:37:06.792578
9dd69873-fae8-4d65-8f7f-23cc8b0d7c74,I160925,payment_method,anomaly,Debit Card,Cash,0.1418,high,0.5,Column 'payment_method' deviates from similar normal records.,isolation_forest+feature_contribution,True,2026-07-26T11:37:06.847445
b75c904b-9e3e-402f-8c61-a7ec77341b24,I217070,shopping_mall,anomaly,Forum Istanbul,Metrocity,0.0873,high,0.5,Column 'shopping_mall' deviates from similar normal records.,isolation_forest+feature_contribution,True,2026-07-26T11:37:06.871119
7a3b0f55-1584-49c5-9507-18ac0fb7eb3d,I220308,shopping_mall,anomaly,Metropol AVM,Metrocity,0.0029,high,0.5,Column 'shopping_mall' deviates from similar normal records.,isolation_forest+feature_contribution,True,2026-07-26T11:37:07.047786
2308b6fc-c924-4cc3-a4ee-bd667767a315,I289455,shopping_mall,anomaly,Metrocity,Metrocity,0.0144,high,0.5,Column 'shopping_mall' deviates from similar normal records.,isolation_forest+feature_contribution,True,2026-07-26T11:37:07.202660
69503453-6d5f-46a4-a210-a3e35021173d,I456731,shopping_mall,anomaly,Forum Istanbul,Mall of Istanbul,0.0258,high,0.5,Column 'shopping_mall' deviates from similar normal records.,isolation_forest+feature_contribution,True,2026-07-26T11:37:07.244275
e080ddc9-4218-4d40-bee0-7f4bf0ec71f4,I811674,shopping_mall,anomaly,Emaar Square Mall,Mall of Istanbul,0.0318,high,0.5,Column 'shopping_mall' deviates from similar normal records.,isolation_forest+feature_contribution,True,2026-07-26T11:37:07.290692
e7824bd6-1501-490c-8053-0fb051116c5e,I945015,payment_method,anomaly,Debit Card,Cash,0.0794,high,0.5,Column 'payment_method' deviates from similar normal records.,isolation_forest+feature_contribution,True,2026-07-26T11:37:07.450671
0e09625b-1a8e-4580-8328-658a9d6771a7,I282873,category,anomaly,Souvenir,Cosmetics,0.0156,high,0.5,Column 'category' deviates from similar normal records.,isolation_forest+feature_contribution,True,2026-07-26T11:37:07.470319
186d9f39-1a24-4cf8-bc58-4c952fc2d79e,I313574,shopping_mall,anomaly,Forum Istanbul,Forum Istanbul,0.0637,high,0.5,Column 'shopping_mall' deviates from similar normal records.,isolation_forest+feature_contribution,True,2026-07-26T11:37:07.490471
a8033a2c-5227-499e-b2ef-358c095d7c00,I242381,shopping_mall,anomaly,Viaport Outlet,Metrocity,0.0854,high,0.5,Column 'shopping_mall' deviates from similar normal records.,isolation_forest+feature_contribution,True,2026-07-26T11:37:07.530837
697b2549-9d91-4a96-a724-3624459c8e0e,I289734,payment_method,anomaly,Debit Card,Cash,0.0063,high,0.5,Column 'payment_method' deviates from similar normal records.,isolation_forest+feature_contribution,True,2026-07-26T11:37:07.600768
10dbc378-a30c-4559-9ee1-853afa69ce83,I276905,payment_method,anomaly,Debit Card,Cash,0.1453,high,0.5,Column 'payment_method' deviates from similar normal records.,isolation_forest+feature_contribution,True,2026-07-26T11:37:07.621762
76fa41ec-a914-481e-b37f-2a28be425c44,I203816,payment_method,anomaly,Debit Card,Credit Card,0.0305,high,0.5,Column 'payment_method' deviates from similar normal records.,isolation_forest+feature_contribution,True,2026-07-26T11:37:07.638488
bb70175c-a55a-403c-847f-edb6fa795a0a,I103076,shopping_mall,anomaly,Viaport Outlet,Emaar Square Mall,0.0388,high,0.5,Column 'shopping_mall' deviates from similar normal records.,isolation_forest+feature_contribution,True,2026-07-26T11:37:07.829118
8990d7d7-1958-4943-b17e-93f823f5ec71,I297476,shopping_mall,anomaly,Metropol AVM,Mall of Istanbul,0.0598,high,0.5,Column 'shopping_mall' deviates from similar normal records.,isolation_forest+feature_contribution,True,2026-07-26T11:37:07.894679
63a3419d-3897-4627-81cd-890f9ee27232,I229321,shopping_mall,anomaly,Zorlu Center,Mall of Istanbul,0.0266,high,0.5,Column 'shopping_mall' deviates from similar normal records.,isolation_forest+feature_contribution,True,2026-07-26T11:37:08.016173
c28f514a-2452-4d25-9a88-5648cb63c399,I233690,shopping_mall,anomaly,Viaport Outlet,Istinye Park,0.024,high,0.5,Column 'shopping_mall' deviates from similar normal records.,isolation_forest+feature_contribution,True,2026-07-26T11:37:08.035351
4a8b1243-ad24-4e6e-a621-de27ac4da3d5,I219745,shopping_mall,anomaly,Emaar Square Mall,Emaar Square Mall,0.046,high,0.5,Column 'shopping_mall' deviates from similar normal records.,isolation_forest+feature_contribution,True,2026-07-26T11:37:08.097456
7f2db3be-a30b-4c82-bd93-1dc72fd98e9f,I276082,shopping_mall,anomaly,Istinye Park,Istinye Park,0.1606,high,0.5,Column 'shopping_mall' deviates from similar normal records.,isolation_forest+feature_contribution,True,2026-07-26T11:37:08.131132
f9c2aac2-70ae-47d4-8a99-dfdc5b01ba3d,I285442,shopping_mall,anomaly,Zorlu Center,Metrocity,0.0003,high,0.5,Column 'shopping_mall' deviates from similar normal records.,isolation_forest+feature_contribution,True,2026-07-26T11:37:08.163169
66fe5f40-dbb2-4029-89d9-df0f26a61da9,I283882,shopping_mall,anomaly,Metrocity,Mall of Istanbul,0.0991,high,0.5,Column 'shopping_mall' deviates from similar normal records.,isolation_forest+feature_contribution,True,2026-07-26T11:37:08.235419
995c5c18-7c01-469b-8839-06d9eccfa5df,I305569,shopping_mall,anomaly,Zorlu Center,Kanyon,0.03,high,0.5,Column 'shopping_mall' deviates from similar normal records.,isolation_forest+feature_contribution,True,2026-07-26T11:37:08.264854
66a9bdf6-07e5-4d0d-bb43-76461bb6d8af,I162816,shopping_mall,anomaly,Cevahir AVM,Mall of Istanbul,0.1844,high,0.5,Column 'shopping_mall' deviates from similar normal records.,isolation_forest+feature_contribution,True,2026-07-26T11:37:08.309441
708ad42c-0b5c-4747-a78a-79f4e6213f84,I531514,payment_method,anomaly,Debit Card,Debit Card,0.0397,high,0.5,Column 'payment_method' deviates from similar normal records.,isolation_forest+feature_contribution,True,2026-07-26T11:37:08.328402
9f4713ff-86d4-428f-b511-88768e0a322a,I120046,payment_method,anomaly,Debit Card,Credit Card,0.0628,high,0.5,Column 'payment_method' deviates from similar normal records.,isolation_forest+feature_contribution,True,2026-07-26T11:37:08.411497
7caaa8b0-b860-4659-a6da-a069e108c99b,I120046,shopping_mall,anomaly,Zorlu Center,Viaport Outlet,0.0628,high,0.5,Column 'shopping_mall' deviates from similar normal records.,isolation_forest+feature_contribution,True,2026-07-26T11:37:08.411497
a1a97f1e-6709-41ef-a864-8cc20ed9e781,I167938,shopping_mall,anomaly,Metrocity,Kanyon,0.0724,high,0.5,Column 'shopping_mall' deviates from similar normal records.,isolation_forest+feature_contribution,True,2026-07-26T11:37:08.486320
57cc00a4-2630-4a72-b524-8ee34b70c5d1,I309947,shopping_mall,anomaly,Metrocity,Kanyon,0.0143,high,0.5,Column 'shopping_mall' deviates from similar normal records.,isolation_forest+feature_contribution,True,2026-07-26T11:37:08.506155
8b833604-437b-4bdf-bca2-82ca26bbb26b,I202494,category,anomaly,Books,Books,0.1161,high,0.5,Column 'category' deviates from similar normal records.,isolation_forest+feature_contribution,True,2026-07-26T11:37:08.532309
0eefd99a-a1d6-462f-831b-88f35d9a0f8b,I202494,shopping_mall,anomaly,Cevahir AVM,Cevahir AVM,0.1161,high,0.5,Column 'shopping_mall' deviates from similar normal records.,isolation_forest+feature_contribution,True,2026-07-26T11:37:08.532309
c4d8ee62-5e32-495d-bb90-213038c74491,I339349,shopping_mall,anomaly,Emaar Square Mall,Kanyon,0.118,high,0.5,Column 'shopping_mall' deviates from similar normal records.,isolation_forest+feature_contribution,True,2026-07-26T11:37:08.595597
64eeb7c7-ed1e-412e-89ec-78a095153b40,I263515,shopping_mall,anomaly,Viaport Outlet,Kanyon,0.052,high,0.5,Column 'shopping_mall' deviates from similar normal records.,isolation_forest+feature_contribution,True,2026-07-26T11:37:08.632943
cabd2f40-86f3-4f04-9960-7bb86022c442,I133536,payment_method,anomaly,Debit Card,Cash,0.0359,high,0.5,Column 'payment_method' deviates from similar normal records.,isolation_forest+feature_contribution,True,2026-07-26T11:37:08.704708
155c9fd0-52c5-47e6-8a18-9244e581a04d,I259192,shopping_mall,anomaly,Metropol AVM,Metropol AVM,0.0464,high,0.5,Column 'shopping_mall' deviates from similar normal records.,isolation_forest+feature_contribution,True,2026-07-26T11:37:08.779449
042471fd-0542-4a0a-9d27-32c651ba4e00,I303691,shopping_mall,anomaly,Zorlu Center,Kanyon,0.0642,high,0.5,Column 'shopping_mall' deviates from similar normal records.,isolation_forest+feature_contribution,True,2026-07-26T11:37:08.795759
937539fd-ce0f-410b-8be0-d2ea78ed28cd,I186740,category,anomaly,Books,Books,0.0004,high,0.5,Column 'category' deviates from similar normal records.,isolation_forest+feature_contribution,True,2026-07-26T11:37:08.866345
984f683d-4c84-44bc-b4aa-e68b9122d956,I308587,category,anomaly,Souvenir,Books,0.0833,high,0.5,Column 'category' deviates from similar normal records.,isolation_forest+feature_contribution,True,2026-07-26T11:37:08.884359
a118c672-c450-4e7e-961f-22b458124fa5,I110201,shopping_mall,anomaly,Zorlu Center,Metropol AVM,0.0028,high,0.5,Column 'shopping_mall' deviates from similar normal records.,isolation_forest+feature_contribution,True,2026-07-26T11:37:08.902054
ef2577aa-5bc4-4684-b9ee-a8b68d20852d,I317655,shopping_mall,anomaly,Forum Istanbul,Kanyon,0.0165,high,0.5,Column 'shopping_mall' deviates from similar normal records.,isolation_forest+feature_contribution,True,2026-07-26T11:37:08.960643
83493d39-c7a8-419f-a604-4c84681309af,I170693,shopping_mall,anomaly,Emaar Square Mall,Emaar Square Mall,0.1096,high,0.5,Column 'shopping_mall' deviates from similar normal records.,isolation_forest+feature_contribution,True,2026-07-26T11:37:09.024216
1feec3be-6e8c-4402-a880-555cb53c3b00,I241609,category,anomaly,Souvenir,Food & Beverage,0.0463,high,0.5,Column 'category' deviates from similar normal records.,isolation_forest+feature_contribution,True,2026-07-26T11:37:09.072537
23b20dfd-b7c8-4e5d-a5ec-fda023b28b96,I161894,category,anomaly,Souvenir,Food & Beverage,0.0918,high,0.5,Column 'category' deviates from similar normal records.,isolation_forest+feature_contribution,True,2026-07-26T11:37:09.096259
cbe2e4f4-0baa-488d-b5e9-3ca7ffe33df6,I201982,shopping_mall,anomaly,Emaar Square Mall,Metrocity,0.0407,high,0.5,Column 'shopping_mall' deviates from similar normal records.,isolation_forest+feature_contribution,True,2026-07-26T11:37:09.411285
de6e1642-f255-4c9b-9a6d-f764a94056d6,I292060,shopping_mall,anomaly,Zorlu Center,Mall of Istanbul,0.0574,high,0.5,Column 'shopping_mall' deviates from similar normal records.,isolation_forest+feature_contribution,True,2026-07-26T11:37:09.496961
480106af-09f8-471c-8a35-256d6a469348,I225345,shopping_mall,anomaly,Zorlu Center,Mall of Istanbul,0.0058,high,0.5,Column 'shopping_mall' deviates from similar normal records.,isolation_forest+feature_contribution,True,2026-07-26T11:37:09.518185
7c4fab59-f5a5-423c-a450-16a82d716a59,I332376,payment_method,anomaly,Debit Card,Cash,0.0482,high,0.5,Column 'payment_method' deviates from similar normal records.,isolation_forest+feature_contribution,True,2026-07-26T11:37:09.549195
bc4a7189-ac6d-44dd-ac24-ddc49b009ec5,I442023,shopping_mall,anomaly,Viaport Outlet,Metropol AVM,0.0373,high,0.5,Column 'shopping_mall' deviates from similar normal records.,isolation_forest+feature_contribution,True,2026-07-26T11:37:09.568011
313c2686-06f8-42bb-94d5-d406c2a9152f,I258825,shopping_mall,anomaly,Viaport Outlet,Cevahir AVM,0.105,high,0.5,Column 'shopping_mall' deviates from similar normal records.,isolation_forest+feature_contribution,True,2026-07-26T11:37:09.649999
9c7b5475-59ab-44fb-9515-4fa71859862c,I707177,shopping_mall,anomaly,Viaport Outlet,Kanyon,0.0027,high,0.5,Column 'shopping_mall' deviates from similar normal records.,isolation_forest+feature_contribution,True,2026-07-26T11:37:09.824031
77b17a4f-e842-45a7-b404-0fb02063865a,I119056,shopping_mall,anomaly,Mall of Istanbul,Mall of Istanbul,0.0302,high,0.5,Column 'shopping_mall' deviates from similar normal records.,isolation_forest+feature_contribution,True,2026-07-26T11:37:09.872170
1671e7b5-bdfb-49e1-a9f5-8cd7ee957957,I198444,category,anomaly,Souvenir,Food & Beverage,0.0416,high,0.5,Column 'category' deviates from similar normal records.,isolation_forest+feature_contribution,True,2026-07-26T11:37:10.015144
327a91cb-7e20-4497-b3a6-0bad44e1499d,I337766,shopping_mall,anomaly,Cevahir AVM,Cevahir AVM,0.0186,high,0.5,Column 'shopping_mall' deviates from similar normal records.,isolation_forest+feature_contribution,True,2026-07-26T11:37:10.142655
c9a27d57-f79c-463f-93cd-f5ea239e1f3c,I622019,payment_method,anomaly,Debit Card,Cash,0.079,high,0.5,Column 'payment_method' deviates from similar normal records.,isolation_forest+feature_contribution,True,2026-07-26T11:37:10.186862
6c8b5be2-e1b5-4c33-a993-bb8481f3ef27,I622019,shopping_mall,anomaly,Viaport Outlet,Emaar Square Mall,0.079,high,0.5,Column 'shopping_mall' deviates from similar normal records.,isolation_forest+feature_contribution,True,2026-07-26T11:37:10.186862
edb13b88-4e88-499a-9c5a-0e193062d412,I261372,shopping_mall,anomaly,Viaport Outlet,Istinye Park,0.0415,high,0.5,Column 'shopping_mall' deviates from similar normal records.,isolation_forest+feature_contribution,True,2026-07-26T11:37:10.308689
89105d6e-6f43-4123-9bd0-ed097d5df759,I169880,shopping_mall,anomaly,Metropol AVM,Istinye Park,0.1092,high,0.5,Column 'shopping_mall' deviates from similar normal records.,isolation_forest+feature_contribution,True,2026-07-26T11:37:10.387033
843e4674-b8e5-4850-986b-e776a7076875,I128833,shopping_mall,anomaly,Viaport Outlet,Mall of Istanbul,0.003,high,0.5,Column 'shopping_mall' deviates from similar normal records.,isolation_forest+feature_contribution,True,2026-07-26T11:37:10.482944
f8091a1f-ab96-41a4-b55c-56c644ad44d3,I311448,shopping_mall,anomaly,Emaar Square Mall,Kanyon,0.2019,high,0.5,Column 'shopping_mall' deviates from similar normal records.,isolation_forest+feature_contribution,True,2026-07-26T11:37:10.500084
e97f470d-6934-4792-a0b3-0e26a7e243fe,I638469,shopping_mall,anomaly,Emaar Square Mall,Mall of Istanbul,0.0724,high,0.5,Column 'shopping_mall' deviates from similar normal records.,isolation_forest+feature_contribution,True,2026-07-26T11:37:10.613919
16a21887-58d2-41c3-86a5-28193f6eba06,I322281,shopping_mall,anomaly,Forum Istanbul,Mall of Istanbul,0.1253,high,0.5,Column 'shopping_mall' deviates from similar normal records.,isolation_forest+feature_contribution,True,2026-07-26T11:37:10.729740
cfd82f2f-71ba-4034-a80b-587098e2fa09,I806844,shopping_mall,anomaly,Istinye Park,Istinye Park,0.0087,high,0.5,Column 'shopping_mall' deviates from similar normal records.,isolation_forest+feature_contribution,True,2026-07-26T11:37:10.859705
61be00c0-1bb8-42e7-945d-e8911dfee853,I202306,shopping_mall,anomaly,Metrocity,Mall of Istanbul,0.1577,high,0.5,Column 'shopping_mall' deviates from similar normal records.,isolation_forest+feature_contribution,True,2026-07-26T11:37:10.902563
4f78a84e-8e7e-4e77-9f26-93f1e4948ec3,I745304,category,anomaly,Souvenir,Cosmetics,0.048,high,0.5,Column 'category' deviates from similar normal records.,isolation_forest+feature_contribution,True,2026-07-26T11:37:11.067454
ac8a16ec-dd27-4e2f-832d-c9124b61ef6e,I138114,shopping_mall,anomaly,Zorlu Center,Istinye Park,0.0113,high,0.5,Column 'shopping_mall' deviates from similar normal records.,isolation_forest+feature_contribution,True,2026-07-26T11:37:11.138171
95867692-9837-4586-b4e1-554d51494d3b,I289794,age_group,anomaly,46_55,46_55,0.0552,low,0.0,Column 'age_group' deviates from similar normal records.,isolation_forest+feature_contribution,True,2026-07-26T11:37:11.198881
22e93cd8-d968-4e58-bffa-89f3f8472430,I193738,shopping_mall,anomaly,Emaar Square Mall,Kanyon,0.0155,high,0.5,Column 'shopping_mall' deviates from similar normal records.,isolation_forest+feature_contribution,True,2026-07-26T11:37:11.220257
4a84a961-dbe1-402f-aff3-95594ed7c830,I150806,category,anomaly,Books,Food & Beverage,0.2239,high,0.5,Column 'category' deviates from similar normal records.,isolation_forest+feature_contribution,True,2026-07-26T11:37:11.242177
199dc975-6494-4c65-9a4a-f6242a47c845,I224276,shopping_mall,anomaly,Viaport Outlet,Kanyon,0.0382,high,0.5,Column 'shopping_mall' deviates from similar normal records.,isolation_forest+feature_contribution,True,2026-07-26T11:37:11.439446
68180c21-a105-4054-851f-5a3bad2e2698,I186816,category,anomaly,Souvenir,Cosmetics,0.0622,high,0.5,Column 'category' deviates from similar normal records.,isolation_forest+feature_contribution,True,2026-07-26T11:37:11.455561
2d46153a-7219-43a7-9b8d-e8a90b3372f8,I186816,shopping_mall,anomaly,Forum Istanbul,Forum Istanbul,0.0622,high,0.5,Column 'shopping_mall' deviates from similar normal records.,isolation_forest+feature_contribution,True,2026-07-26T11:37:11.455561
064bad90-801c-454d-be52-cd0e6fb4e963,I162108,shopping_mall,anomaly,Viaport Outlet,Istinye Park,0.1235,high,0.5,Column 'shopping_mall' deviates from similar normal records.,isolation_forest+feature_contribution,True,2026-07-26T11:37:11.533106
ed4a215a-6e8b-468f-839f-de79abe773fa,I755162,shopping_mall,anomaly,Emaar Square Mall,Emaar Square Mall,0.0659,high,0.5,Column 'shopping_mall' deviates from similar normal records.,isolation_forest+feature_contribution,True,2026-07-26T11:37:11.588679
68e568c2-7ea8-4e77-95f0-59aa1cf88902,I203065,shopping_mall,anomaly,Emaar Square Mall,Emaar Square Mall,0.0526,high,0.5,Column 'shopping_mall' deviates from similar normal records.,isolation_forest+feature_contribution,True,2026-07-26T11:37:11.668176
7ddc64c3-ba62-48a3-8484-45515bd0ed31,I108369,shopping_mall,anomaly,Viaport Outlet,Mall of Istanbul,0.0229,high,0.5,Column 'shopping_mall' deviates from similar normal records.,isolation_forest+feature_contribution,True,2026-07-26T11:37:11.735058
9e1186a5-63be-4e24-a8a5-00d9b088bf6d,I461775,shopping_mall,anomaly,Mall of Istanbul,Mall of Istanbul,0.1038,high,0.5,Column 'shopping_mall' deviates from similar normal records.,isolation_forest+feature_contribution,True,2026-07-26T11:37:11.779052
da642c5d-01eb-412b-be8a-3cc9cf538440,I164875,shopping_mall,anomaly,Emaar Square Mall,Metropol AVM,0.0276,high,0.5,Column 'shopping_mall' deviates from similar normal records.,isolation_forest+feature_contribution,True,2026-07-26T11:37:11.839248
582b3723-a7bd-4a49-8f0a-80823fc8aed2,I694287,category,anomaly,Souvenir,Souvenir,0.0681,high,0.5,Column 'category' deviates from similar normal records.,isolation_forest+feature_contribution,True,2026-07-26T11:37:11.861208
2596bbad-7c27-4058-9981-7e473a5b301e,I151807,shopping_mall,anomaly,Zorlu Center,Kanyon,0.1175,high,0.5,Column 'shopping_mall' deviates from similar normal records.,isolation_forest+feature_contribution,True,2026-07-26T11:37:11.939799
20dd6a07-3aa7-49a3-8bea-e6ef723d79f6,I189509,category,anomaly,Toys,Toys,0.107,high,0.5,Column 'category' deviates from similar normal records.,isolation_forest+feature_contribution,True,2026-07-26T11:37:12.030183
c18d7f31-8a97-4598-9264-c999e674510e,I194942,payment_method,anomaly,Debit Card,Debit Card,0.1216,high,0.5,Column 'payment_method' deviates from similar normal records.,isolation_forest+feature_contribution,True,2026-07-26T11:37:12.096009
24bf96a3-4f68-4f20-87ba-e494c62b0193,I194942,shopping_mall,anomaly,Zorlu Center,Zorlu Center,0.1216,high,0.5,Column 'shopping_mall' deviates from similar normal records.,isolation_forest+feature_contribution,True,2026-07-26T11:37:12.096009
45cab6e9-3c62-4d97-93f5-9ddc0a016b9e,I902387,shopping_mall,anomaly,Viaport Outlet,Viaport Outlet,0.0175,high,0.5,Column 'shopping_mall' deviates from similar normal records.,isolation_forest+feature_contribution,True,2026-07-26T11:37:12.248460
61324774-2b56-4a5e-9e47-6fb4b9fb1f4a,I164353,shopping_mall,anomaly,Metropol AVM,Metrocity,0.0041,high,0.5,Column 'shopping_mall' deviates from similar normal records.,isolation_forest+feature_contribution,True,2026-07-26T11:37:12.323389
ee680195-4c63-4a5e-8c1d-6b15027f0960,I473241,shopping_mall,anomaly,Cevahir AVM,Cevahir AVM,0.0214,high,0.5,Column 'shopping_mall' deviates from similar normal records.,isolation_forest+feature_contribution,True,2026-07-26T11:37:12.364586
f9acbc36-d0c7-4944-8c6d-88eecabaa624,I298598,payment_method,anomaly,Debit Card,Debit Card,0.041,high,0.5,Column 'payment_method' deviates from similar normal records.,isolation_forest+feature_contribution,True,2026-07-26T11:37:12.447979
d081d33e-3325-4503-ac0f-e04286d0667a,I690034,shopping_mall,anomaly,Emaar Square Mall,Emaar Square Mall,0.0107,high,0.5,Column 'shopping_mall' deviates from similar normal records.,isolation_forest+feature_contribution,True,2026-07-26T11:37:12.600240
b3c389fe-22d2-4d87-974b-a5d48d61c6ac,I104683,shopping_mall,anomaly,Forum Istanbul,Istinye Park,0.0285,high,0.5,Column 'shopping_mall' deviates from similar normal records.,isolation_forest+feature_contribution,True,2026-07-26T11:37:12.895196
bdd05f05-85ac-413b-b746-f9b90837a236,I297364,shopping_mall,anomaly,Emaar Square Mall,Istinye Park,0.0596,high,0.5,Column 'shopping_mall' deviates from similar normal records.,isolation_forest+feature_contribution,True,2026-07-26T11:37:12.913341
0f356b1f-e0e0-429f-8235-d9db7e1dfc45,I327309,shopping_mall,anomaly,Cevahir AVM,Cevahir AVM,0.2735,high,0.5,Column 'shopping_mall' deviates from similar normal records.,isolation_forest+feature_contribution,True,2026-07-26T11:37:12.955069
96cb69ec-3edf-4ab8-829b-15f41a71d515,I779290,category,anomaly,Souvenir,Books,0.0191,high,0.5,Column 'category' deviates from similar normal records.,isolation_forest+feature_contribution,True,2026-07-26T11:37:12.995742
dd1b9afb-3755-49dd-b773-453fb6c80980,I335995,shopping_mall,anomaly,Emaar Square Mall,Mall of Istanbul,0.0836,high,0.5,Column 'shopping_mall' deviates from similar normal records.,isolation_forest+feature_contribution,True,2026-07-26T11:37:13.042533
980d1258-5b4b-4b80-a5e2-d199b94b64e9,I347384,shopping_mall,anomaly,Metropol AVM,Mall of Istanbul,0.0483,high,0.5,Column 'shopping_mall' deviates from similar normal records.,isolation_forest+feature_contribution,True,2026-07-26T11:37:13.259525
cbbe5d16-d4bb-42c8-995b-873dae7c4584,I312000,shopping_mall,anomaly,Zorlu Center,Cevahir AVM,0.0497,high,0.5,Column 'shopping_mall' deviates from similar normal records.,isolation_forest+feature_contribution,True,2026-07-26T11:37:13.278722
16bb8b5f-fe30-4832-94e8-ec20fb12f7bb,I139376,shopping_mall,anomaly,Zorlu Center,Metropol AVM,0.0027,high,0.5,Column 'shopping_mall' deviates from similar normal records.,isolation_forest+feature_contribution,True,2026-07-26T11:37:13.399156
594c8d04-d59d-4521-abb2-965ebc627b52,I227328,shopping_mall,anomaly,Zorlu Center,Metropol AVM,0.0519,high,0.5,Column 'shopping_mall' deviates from similar normal records.,isolation_forest+feature_contribution,True,2026-07-26T11:37:13.413419
e8a11245-02c2-4102-a280-408cb4147b74,I910420,payment_method,anomaly,Credit Card,Cash,0.0469,high,0.5,Column 'payment_method' deviates from similar normal records.,isolation_forest+feature_contribution,True,2026-07-26T11:37:13.510265
bc9a6e3d-865f-4dbc-b975-f42b1b68e9a6,I314190,shopping_mall,anomaly,Cevahir AVM,Cevahir AVM,0.0443,high,0.5,Column 'shopping_mall' deviates from similar normal records.,isolation_forest+feature_contribution,True,2026-07-26T11:37:13.663268
223c576d-b7e0-4acd-8ec7-9390fece23ca,I279949,payment_method,anomaly,Debit Card,Debit Card,0.0255,high,0.5,Column 'payment_method' deviates from similar normal records.,isolation_forest+feature_contribution,True,2026-07-26T11:37:13.683376
d1a926f7-755c-4f81-a046-fd92d46bcbf4,I274021,shopping_mall,anomaly,Kanyon,Istinye Park,0.2119,high,0.5,Column 'shopping_mall' deviates from similar normal records.,isolation_forest+feature_contribution,True,2026-07-26T11:37:13.738159
2a82874f-0f08-4fdf-ae77-91307d5e02d4,I294475,shopping_mall,anomaly,Cevahir AVM,Cevahir AVM,0.0111,high,0.5,Column 'shopping_mall' deviates from similar normal records.,isolation_forest+feature_contribution,True,2026-07-26T11:37:13.780784
d473c8b9-382c-43ad-a30e-b815f3fe6ba0,I220192,shopping_mall,anomaly,Emaar Square Mall,Metrocity,0.0168,high,0.5,Column 'shopping_mall' deviates from similar normal records.,isolation_forest+feature_contribution,True,2026-07-26T11:37:13.799392
60d11a9a-46f1-4c38-b600-aab8a5a31634,I243845,shopping_mall,anomaly,Istinye Park,Forum Istanbul,0.0103,high,0.5,Column 'shopping_mall' deviates from similar normal records.,isolation_forest+feature_contribution,True,2026-07-26T11:37:13.925566
88d2fc57-486e-4e93-ada9-1119cfcd26b4,I155678,shopping_mall,anomaly,Cevahir AVM,Cevahir AVM,0.0726,high,0.5,Column 'shopping_mall' deviates from similar normal records.,isolation_forest+feature_contribution,True,2026-07-26T11:37:13.988986
3b6d12dd-4c24-442c-ab03-0cc41046f71d,I165352,shopping_mall,anomaly,Cevahir AVM,Cevahir AVM,0.0415,high,0.5,Column 'shopping_mall' deviates from similar normal records.,isolation_forest+feature_contribution,True,2026-07-26T11:37:14.105317
f9019c01-d55b-41c4-8e02-6e0c66c80cda,I291613,shopping_mall,anomaly,Viaport Outlet,Mall of Istanbul,0.0265,high,0.5,Column 'shopping_mall' deviates from similar normal records.,isolation_forest+feature_contribution,True,2026-07-26T11:37:14.186523
29fae0f8-afc3-415d-9c1b-2f3bffe84ce6,I122753,shopping_mall,anomaly,Zorlu Center,Metrocity,0.0121,high,0.5,Column 'shopping_mall' deviates from similar normal records.,isolation_forest+feature_contribution,True,2026-07-26T11:37:14.295202
8000b88e-31df-4e83-8d3a-a07ada405e48,I749332,shopping_mall,anomaly,Forum Istanbul,Forum Istanbul,0.0386,high,0.5,Column 'shopping_mall' deviates from similar normal records.,isolation_forest+feature_contribution,True,2026-07-26T11:37:14.441706
be73e733-24f2-4e36-a050-146edd0ae212,I280954,shopping_mall,anomaly,Forum Istanbul,Forum Istanbul,0.0607,high,0.5,Column 'shopping_mall' deviates from similar normal records.,isolation_forest+feature_contribution,True,2026-07-26T11:37:14.486273
e59c68fe-da27-408c-b534-01e5f5b96beb,I160099,shopping_mall,anomaly,Zorlu Center,Zorlu Center,0.0462,high,0.5,Column 'shopping_mall' deviates from similar normal records.,isolation_forest+feature_contribution,True,2026-07-26T11:37:14.567318
e670935d-5ee0-44fa-a177-ace8c5cdfcec,I337551,shopping_mall,anomaly,Metropol AVM,Mall of Istanbul,0.0853,high,0.5,Column 'shopping_mall' deviates from similar normal records.,isolation_forest+feature_contribution,True,2026-07-26T11:37:14.603030
cf0bbeb4-89b6-443e-8cc0-ba056f65cb9a,I121448,payment_method,anomaly,Debit Card,Cash,0.1343,high,0.5,Column 'payment_method' deviates from similar normal records.,isolation_forest+feature_contribution,True,2026-07-26T11:37:15.080559
1172e925-f170-4397-bd3a-8155227dd659,I198815,shopping_mall,anomaly,Zorlu Center,Istinye Park,0.1236,high,0.5,Column 'shopping_mall' deviates from similar normal records.,isolation_forest+feature_contribution,True,2026-07-26T11:37:15.149949
8faaafcb-ab91-4f4f-8d11-b66670eed02f,I285624,shopping_mall,anomaly,Viaport Outlet,Metropol AVM,0.0054,high,0.5,Column 'shopping_mall' deviates from similar normal records.,isolation_forest+feature_contribution,True,2026-07-26T11:37:15.205841
1b32e571-0437-4dba-978b-ecaf8d1d4bdd,I228645,shopping_mall,anomaly,Zorlu Center,Metrocity,0.0134,high,0.5,Column 'shopping_mall' deviates from similar normal records.,isolation_forest+feature_contribution,True,2026-07-26T11:37:15.230383
746e8bec-ea31-44ac-8c16-7e3d34e371d0,I180249,shopping_mall,anomaly,Metropol AVM,Kanyon,0.0204,high,0.5,Column 'shopping_mall' deviates from similar normal records.,isolation_forest+feature_contribution,True,2026-07-26T11:37:15.278956
5c6f2566-1a75-4df7-aadc-8bd99e2a36df,I435068,shopping_mall,anomaly,Viaport Outlet,Viaport Outlet,0.0748,high,0.5,Column 'shopping_mall' deviates from similar normal records.,isolation_forest+feature_contribution,True,2026-07-26T11:37:15.319730
0fd71f7b-70bd-4c12-b7fd-f4bd8522b799,I256915,shopping_mall,anomaly,Zorlu Center,Metropol AVM,0.0772,high,0.5,Column 'shopping_mall' deviates from similar normal records.,isolation_forest+feature_contribution,True,2026-07-26T11:37:15.341779
c24b1a82-be02-4f00-8e89-ad840415e92b,I308597,payment_method,anomaly,Debit Card,Cash,0.0084,high,0.5,Column 'payment_method' deviates from similar normal records.,isolation_forest+feature_contribution,True,2026-07-26T11:37:15.502241
8267dd5b-b132-4ec1-9355-29efaf09f992,I500748,shopping_mall,anomaly,Emaar Square Mall,Kanyon,0.0162,high,0.5,Column 'shopping_mall' deviates from similar normal records.,isolation_forest+feature_contribution,True,2026-07-26T11:37:15.922650
5c8a622e-04d4-4742-8a34-fd35b56bf489,I802857,shopping_mall,anomaly,Cevahir AVM,Metrocity,0.0944,high,0.5,Column 'shopping_mall' deviates from similar normal records.,isolation_forest+feature_contribution,True,2026-07-26T11:37:15.997583
a1f88949-bf18-4244-afc0-0a39cfc2108d,I528714,shopping_mall,anomaly,Emaar Square Mall,Kanyon,0.0821,high,0.5,Column 'shopping_mall' deviates from similar normal records.,isolation_forest+feature_contribution,True,2026-07-26T11:37:16.138345
f1799588-8d10-4405-b021-f31187a30dce,I470653,shopping_mall,anomaly,Zorlu Center,Kanyon,0.05,high,0.5,Column 'shopping_mall' deviates from similar normal records.,isolation_forest+feature_contribution,True,2026-07-26T11:37:16.319095
2894a065-4755-4e50-b523-e3e44b4e5b1e,I295649,category,anomaly,Souvenir,Books,0.0289,high,0.5,Column 'category' deviates from similar normal records.,isolation_forest+feature_contribution,True,2026-07-26T11:37:16.361196
d7a1fbce-8ffc-4633-b84a-cc94785960c6,I180498,shopping_mall,anomaly,Metropol AVM,Metropol AVM,0.0141,high,0.5,Column 'shopping_mall' deviates from similar normal records.,isolation_forest+feature_contribution,True,2026-07-26T11:37:16.395947
8ce96a4c-2402-4251-b909-290bf6113c21,I294675,shopping_mall,anomaly,Cevahir AVM,Kanyon,0.0909,high,0.5,Column 'shopping_mall' deviates from similar normal records.,isolation_forest+feature_contribution,True,2026-07-26T11:37:16.476408
8c9b95da-9f45-4f7a-8c8d-98cf9be88492,I402620,shopping_mall,anomaly,Viaport Outlet,Cevahir AVM,0.1166,high,0.5,Column 'shopping_mall' deviates from similar normal records.,isolation_forest+feature_contribution,True,2026-07-26T11:37:16.519232
41284b75-0285-4a91-bf42-4d3cebac37b8,I290935,shopping_mall,anomaly,Metropol AVM,Kanyon,0.0427,high,0.5,Column 'shopping_mall' deviates from similar normal records.,isolation_forest+feature_contribution,True,2026-07-26T11:37:16.568017
4bcbe542-2230-4ba5-9013-acb2258e4231,I329293,gender,anomaly,Male,Male,0.0681,high,0.5,Column 'gender' deviates from similar normal records.,isolation_forest+feature_contribution,True,2026-07-26T11:37:16.694706
8b332853-498d-4524-9f6b-e0c5e8b55ec0,I245974,shopping_mall,anomaly,Viaport Outlet,Istinye Park,0.0526,high,0.5,Column 'shopping_mall' deviates from similar normal records.,isolation_forest+feature_contribution,True,2026-07-26T11:37:16.714818
ab690342-77aa-40ed-bd5d-53d0a18f362f,I235901,shopping_mall,anomaly,Forum Istanbul,Forum Istanbul,0.08,high,0.5,Column 'shopping_mall' deviates from similar normal records.,isolation_forest+feature_contribution,True,2026-07-26T11:37:16.884987
0cb211d1-0442-443d-8a55-dc64b72980ce,I168087,shopping_mall,anomaly,Cevahir AVM,Forum Istanbul,0.008,high,0.5,Column 'shopping_mall' deviates from similar normal records.,isolation_forest+feature_contribution,True,2026-07-26T11:37:17.051943
fa98ba6f-d628-4278-8cfc-9f08ade95944,I269966,category,anomaly,Souvenir,Food & Beverage,0.0529,high,0.5,Column 'category' deviates from similar normal records.,isolation_forest+feature_contribution,True,2026-07-26T11:37:17.139266
bb3fd725-e7b8-46b1-82f8-4d2960ad878c,I326189,shopping_mall,anomaly,Zorlu Center,Cevahir AVM,0.0388,high,0.5,Column 'shopping_mall' deviates from similar normal records.,isolation_forest+feature_contribution,True,2026-07-26T11:37:17.193343
07bf7031-f8b6-4cbc-a86d-9ea5efd5f1b8,I279631,category,anomaly,Souvenir,Food & Beverage,0.0856,high,0.5,Column 'category' deviates from similar normal records.,isolation_forest+feature_contribution,True,2026-07-26T11:37:17.514911
fbe0eb33-e066-4553-af50-9c46c0d917ff,I256318,payment_method,anomaly,Debit Card,Credit Card,0.04,high,0.5,Column 'payment_method' deviates from similar normal records.,isolation_forest+feature_contribution,True,2026-07-26T11:37:17.534494
d7de1997-89e1-4d2a-857a-65c84506f71d,I660570,shopping_mall,anomaly,Cevahir AVM,Kanyon,0.1225,high,0.5,Column 'shopping_mall' deviates from similar normal records.,isolation_forest+feature_contribution,True,2026-07-26T11:37:17.704009
4833ec26-1935-40b3-b14f-e35ef70b159e,I406574,category,anomaly,Souvenir,Food & Beverage,0.0358,high,0.5,Column 'category' deviates from similar normal records.,isolation_forest+feature_contribution,True,2026-07-26T11:37:17.771866
10ee894d-d710-47e6-8f8a-e99ccb77eac5,I246506,shopping_mall,anomaly,Forum Istanbul,Forum Istanbul,0.1439,high,0.5,Column 'shopping_mall' deviates from similar normal records.,isolation_forest+feature_contribution,True,2026-07-26T11:37:17.792181
e6d10100-ebe9-4270-bcf4-338793d028e8,I156981,shopping_mall,anomaly,Zorlu Center,Mall of Istanbul,0.0073,high,0.5,Column 'shopping_mall' deviates from similar normal records.,isolation_forest+feature_contribution,True,2026-07-26T11:37:17.811670
10d963dc-1cfd-4f7b-b0ea-c5171915153d,I288881,shopping_mall,anomaly,Cevahir AVM,Zorlu Center,0.0105,high,0.5,Column 'shopping_mall' deviates from similar normal records.,isolation_forest+feature_contribution,True,2026-07-26T11:37:18.089821
813de3be-9fde-4363-8558-a41a1ecb39ed,I246059,shopping_mall,anomaly,Viaport Outlet,Viaport Outlet,0.039,high,0.5,Column 'shopping_mall' deviates from similar normal records.,isolation_forest+feature_contribution,True,2026-07-26T11:37:18.124911
6ffece1e-755d-4482-9183-f1436713acc4,I522392,shopping_mall,anomaly,Metropol AVM,Istinye Park,0.0921,high,0.5,Column 'shopping_mall' deviates from similar normal records.,isolation_forest+feature_contribution,True,2026-07-26T11:37:18.234612
a912c5a5-b702-432b-ae15-c18f8a13e85e,I162918,shopping_mall,anomaly,Emaar Square Mall,Mall of Istanbul,0.0436,high,0.5,Column 'shopping_mall' deviates from similar normal records.,isolation_forest+feature_contribution,True,2026-07-26T11:37:18.413050
94742658-fd1b-43d4-a4ee-c4c4c3f73173,I116933,shopping_mall,anomaly,Viaport Outlet,Kanyon,0.0629,high,0.5,Column 'shopping_mall' deviates from similar normal records.,isolation_forest+feature_contribution,True,2026-07-26T11:37:18.456267
02290cdc-356b-489b-a33a-e37ec947ba23,I103854,shopping_mall,anomaly,Emaar Square Mall,Mall of Istanbul,0.1246,high,0.5,Column 'shopping_mall' deviates from similar normal records.,isolation_forest+feature_contribution,True,2026-07-26T11:37:18.628309
ad68a5c3-b9f3-4177-b304-685f81317569,I104590,shopping_mall,anomaly,Metropol AVM,Kanyon,0.0139,high,0.5,Column 'shopping_mall' deviates from similar normal records.,isolation_forest+feature_contribution,True,2026-07-26T11:37:18.718387
ad2e434b-d2f1-44de-8d5f-2ab7b51cc00d,I285912,shopping_mall,anomaly,Forum Istanbul,Kanyon,0.0478,high,0.5,Column 'shopping_mall' deviates from similar normal records.,isolation_forest+feature_contribution,True,2026-07-26T11:37:18.820803
ed29ffcc-d358-4da9-9f74-68200dd4e7a8,I146501,shopping_mall,anomaly,Viaport Outlet,Istinye Park,0.0295,high,0.5,Column 'shopping_mall' deviates from similar normal records.,isolation_forest+feature_contribution,True,2026-07-26T11:37:19.063991
13251dc4-da56-4035-a3a9-afbabb85b972,I117899,shopping_mall,anomaly,Viaport Outlet,Mall of Istanbul,0.1555,high,0.5,Column 'shopping_mall' deviates from similar normal records.,isolation_forest+feature_contribution,True,2026-07-26T11:37:19.083529
7eda4128-d8d3-4969-96c6-2716c4d6934a,I258138,payment_method,anomaly,Debit Card,Cash,0.1035,high,0.5,Column 'payment_method' deviates from similar normal records.,isolation_forest+feature_contribution,True,2026-07-26T11:37:19.284820
8ec33e79-da48-4416-971e-f9b42e422b9a,I172903,shopping_mall,anomaly,Metropol AVM,Mall of Istanbul,0.147,high,0.5,Column 'shopping_mall' deviates from similar normal records.,isolation_forest+feature_contribution,True,2026-07-26T11:37:19.343069
2d18e996-7c1f-4ce1-863f-c13739ef28a1,I178612,shopping_mall,anomaly,Forum Istanbul,Kanyon,0.0908,high,0.5,Column 'shopping_mall' deviates from similar normal records.,isolation_forest+feature_contribution,True,2026-07-26T11:37:19.412723
98373a00-be72-4a84-aaaf-4c4b3ee37b63,I160802,shopping_mall,anomaly,Metropol AVM,Emaar Square Mall,0.0833,high,0.5,Column 'shopping_mall' deviates from similar normal records.,isolation_forest+feature_contribution,True,2026-07-26T11:37:19.436173
94f06bc9-e42e-4293-9eed-8ab71de17236,I129858,shopping_mall,anomaly,Viaport Outlet,Mall of Istanbul,0.0422,high,0.5,Column 'shopping_mall' deviates from similar normal records.,isolation_forest+feature_contribution,True,2026-07-26T11:37:19.467896
2b5f0849-ce28-4a62-b41a-e3d8407afe02,I202346,shopping_mall,anomaly,Viaport Outlet,Kanyon,0.0366,high,0.5,Column 'shopping_mall' deviates from similar normal records.,isolation_forest+feature_contribution,True,2026-07-26T11:37:19.524974
f8b5cf68-7d8e-4f0a-af56-6b1f3392c076,I302962,payment_method,anomaly,Debit Card,Cash,0.0822,high,0.5,Column 'payment_method' deviates from similar normal records.,isolation_forest+feature_contribution,True,2026-07-26T11:37:19.560936
2969c423-6835-4dff-adf4-bad0e87c330c,I302962,shopping_mall,anomaly,Metropol AVM,Metrocity,0.0822,high,0.5,Column 'shopping_mall' deviates from similar normal records.,isolation_forest+feature_contribution,True,2026-07-26T11:37:19.560936
95f60344-a319-4b6b-b2f6-e5a61eac6930,I626303,payment_method,anomaly,Debit Card,Cash,0.0634,high,0.5,Column 'payment_method' deviates from similar normal records.,isolation_forest+feature_contribution,True,2026-07-26T11:37:19.668018
084ed974-7cc1-4427-8d60-2d24e1e15b15,I626303,shopping_mall,anomaly,Metropol AVM,Forum Istanbul,0.0634,high,0.5,Column 'shopping_mall' deviates from similar normal records.,isolation_forest+feature_contribution,True,2026-07-26T11:37:19.668018
d214532e-31dc-476f-8b3b-e91f3fa3c6f8,I319507,payment_method,anomaly,Debit Card,Cash,0.1744,high,0.5,Column 'payment_method' deviates from similar normal records.,isolation_forest+feature_contribution,True,2026-07-26T11:37:19.842923
f1c71520-5b15-499d-acf9-6d93d8f17b97,I319507,shopping_mall,anomaly,Viaport Outlet,Kanyon,0.1744,high,0.5,Column 'shopping_mall' deviates from similar normal records.,isolation_forest+feature_contribution,True,2026-07-26T11:37:19.842923
8d5114e6-c2e6-4447-af9e-d105dde58dd7,I436368,payment_method,anomaly,Debit Card,Cash,0.1458,high,0.5,Column 'payment_method' deviates from similar normal records.,isolation_forest+feature_contribution,True,2026-07-26T11:37:19.975223
54361c36-f445-4a41-ac75-60bf491b5072,I270750,shopping_mall,anomaly,Zorlu Center,Mall of Istanbul,0.0301,high,0.5,Column 'shopping_mall' deviates from similar normal records.,isolation_forest+feature_contribution,True,2026-07-26T11:37:20.059564
ddec35d3-ac6d-441f-80c3-c26e72c202b8,I202093,shopping_mall,anomaly,Cevahir AVM,Cevahir AVM,0.0101,high,0.5,Column 'shopping_mall' deviates from similar normal records.,isolation_forest+feature_contribution,True,2026-07-26T11:37:20.180848
e1871026-d665-4c94-9734-39b40f6d3e70,I153230,category,anomaly,Books,Books,0.019,high,0.5,Column 'category' deviates from similar normal records.,isolation_forest+feature_contribution,True,2026-07-26T11:37:20.323517
b32a61c0-c814-480b-a6b3-d66fe14ab4f0,I287027,shopping_mall,anomaly,Viaport Outlet,Kanyon,0.0754,high,0.5,Column 'shopping_mall' deviates from similar normal records.,isolation_forest+feature_contribution,True,2026-07-26T11:37:20.385916
af87cf0e-60f4-4370-b32b-4200c47420e0,I737975,gender,anomaly,Male,Male,0.0161,high,0.5,Column 'gender' deviates from similar normal records.,isolation_forest+feature_contribution,True,2026-07-26T11:37:20.451342
25c8ac03-3e72-435b-aa33-0dc9ed05fc60,I737975,shopping_mall,anomaly,Istinye Park,Istinye Park,0.0161,high,0.5,Column 'shopping_mall' deviates from similar normal records.,isolation_forest+feature_contribution,True,2026-07-26T11:37:20.451342
c79a0dd8-832c-45bb-a605-3baa85fabe91,I160790,shopping_mall,anomaly,Emaar Square Mall,Emaar Square Mall,0.0158,high,0.5,Column 'shopping_mall' deviates from similar normal records.,isolation_forest+feature_contribution,True,2026-07-26T11:37:20.468825
2d148d80-7d34-415b-ad13-d7f6ca143e42,I172579,shopping_mall,anomaly,Istinye Park,Istinye Park,0.1846,high,0.5,Column 'shopping_mall' deviates from similar normal records.,isolation_forest+feature_contribution,True,2026-07-26T11:37:20.635379
9e3a5ddd-2c09-4e0e-a346-0fba3389310d,I328160,shopping_mall,anomaly,Cevahir AVM,Kanyon,0.008,high,0.5,Column 'shopping_mall' deviates from similar normal records.,isolation_forest+feature_contribution,True,2026-07-26T11:37:20.656271
230214c5-b2b4-4fb0-ba57-899275cb78dc,I907378,shopping_mall,anomaly,Emaar Square Mall,Metropol AVM,0.0579,high,0.5,Column 'shopping_mall' deviates from similar normal records.,isolation_forest+feature_contribution,True,2026-07-26T11:37:20.699772
b72385a4-69c8-4f4b-8db7-2d29e2d88e5f,I309109,payment_method,anomaly,Debit Card,Cash,0.0193,high,0.5,Column 'payment_method' deviates from similar normal records.,isolation_forest+feature_contribution,True,2026-07-26T11:37:20.811711
8b73a5ea-d6a1-4fbd-b567-5b3684bd9234,I586260,shopping_mall,anomaly,Istinye Park,Emaar Square Mall,0.0503,high,0.5,Column 'shopping_mall' deviates from similar normal records.,isolation_forest+feature_contribution,True,2026-07-26T11:37:20.878019
e8308dcd-5e0a-4956-adf1-7778e3d13642,I261136,category,anomaly,Souvenir,Food & Beverage,0.0312,high,0.5,Column 'category' deviates from similar normal records.,isolation_forest+feature_contribution,True,2026-07-26T11:37:20.992314
30bdd5c4-8e74-4c6c-9f0d-957b9d803db6,I307035,shopping_mall,anomaly,Cevahir AVM,Mall of Istanbul,0.0005,high,0.5,Column 'shopping_mall' deviates from similar normal records.,isolation_forest+feature_contribution,True,2026-07-26T11:37:21.225310
15673fa9-1a53-4804-901b-2a3741158138,I373981,payment_method,anomaly,Debit Card,Cash,0.0318,high,0.5,Column 'payment_method' deviates from similar normal records.,isolation_forest+feature_contribution,True,2026-07-26T11:37:21.268615
85fcb4dc-adf3-4831-a4e2-2d21e35321bf,I149828,payment_method,anomaly,Debit Card,Debit Card,0.2072,high,0.5,Column 'payment_method' deviates from similar normal records.,isolation_forest+feature_contribution,True,2026-07-26T11:37:21.496380
9e6247be-930d-4e3e-ae36-047066cd83c7,I149828,shopping_mall,anomaly,Viaport Outlet,Mall of Istanbul,0.2072,high,0.5,Column 'shopping_mall' deviates from similar normal records.,isolation_forest+feature_contribution,True,2026-07-26T11:37:21.498383
fe8e24bf-0cd3-4036-ad2d-9738a4d191eb,I888820,shopping_mall,anomaly,Zorlu Center,Istinye Park,0.0239,high,0.5,Column 'shopping_mall' deviates from similar normal records.,isolation_forest+feature_contribution,True,2026-07-26T11:37:21.514968
0b7fe04d-1ff3-4cc0-8261-0436e8ecb4d9,I287934,category,anomaly,Toys,Toys,0.0057,high,0.5,Column 'category' deviates from similar normal records.,isolation_forest+feature_contribution,True,2026-07-26T11:37:21.551575
b387e81a-27d4-47ef-b3b0-bd040a5fa400,I287934,shopping_mall,anomaly,Zorlu Center,Kanyon,0.0057,high,0.5,Column 'shopping_mall' deviates from similar normal records.,isolation_forest+feature_contribution,True,2026-07-26T11:37:21.551575
e9649ef9-b994-4439-bcdd-29566f6414c3,I287352,payment_method,anomaly,Debit Card,Credit Card,0.1285,high,0.5,Column 'payment_method' deviates from similar normal records.,isolation_forest+feature_contribution,True,2026-07-26T11:37:21.621560
f65d25cb-193c-4ef6-983a-2137eaf7581c,I287352,shopping_mall,anomaly,Viaport Outlet,Kanyon,0.1285,high,0.5,Column 'shopping_mall' deviates from similar normal records.,isolation_forest+feature_contribution,True,2026-07-26T11:37:21.621560
aacf1d2f-0629-4113-b21d-021864265803,I261980,shopping_mall,anomaly,Viaport Outlet,Kanyon,0.0435,high,0.5,Column 'shopping_mall' deviates from similar normal records.,isolation_forest+feature_contribution,True,2026-07-26T11:37:21.639802
923688d1-c349-48e5-813d-01037ec78f63,I480306,shopping_mall,anomaly,Zorlu Center,Zorlu Center,0.0272,high,0.5,Column 'shopping_mall' deviates from similar normal records.,isolation_forest+feature_contribution,True,2026-07-26T11:37:21.683167
e606765a-5b51-4b90-b47e-307d0a035991,I157804,shopping_mall,anomaly,Forum Istanbul,Metrocity,0.0383,high,0.5,Column 'shopping_mall' deviates from similar normal records.,isolation_forest+feature_contribution,True,2026-07-26T11:37:21.725123
945627ad-c8e2-445c-9561-3c7201e7f9ce,I258656,shopping_mall,anomaly,Viaport Outlet,Emaar Square Mall,0.0394,high,0.5,Column 'shopping_mall' deviates from similar normal records.,isolation_forest+feature_contribution,True,2026-07-26T11:37:21.764607
4c3529da-ef97-4eb1-93a8-2eb82bcb3990,I567719,shopping_mall,anomaly,Zorlu Center,Mall of Istanbul,0.0278,high,0.5,Column 'shopping_mall' deviates from similar normal records.,isolation_forest+feature_contribution,True,2026-07-26T11:37:21.813028
47c82f14-5eeb-442b-8cbb-182832e898b1,I674453,shopping_mall,anomaly,Viaport Outlet,Metrocity,0.0031,high,0.5,Column 'shopping_mall' deviates from similar normal records.,isolation_forest+feature_contribution,True,2026-07-26T11:37:21.857136
48428830-678e-430d-bbe6-b4eb76fbe37f,I332328,shopping_mall,anomaly,Zorlu Center,Mall of Istanbul,0.0571,high,0.5,Column 'shopping_mall' deviates from similar normal records.,isolation_forest+feature_contribution,True,2026-07-26T11:37:21.984860
120ae996-d8b4-4266-9857-858a6749307e,I333637,payment_method,anomaly,Debit Card,Cash,0.0803,high,0.5,Column 'payment_method' deviates from similar normal records.,isolation_forest+feature_contribution,True,2026-07-26T11:37:22.063646
6758ffd3-42d4-4f5a-8d12-4a857004bd0d,I325338,category,anomaly,Souvenir,Food & Beverage,0.0281,high,0.5,Column 'category' deviates from similar normal records.,isolation_forest+feature_contribution,True,2026-07-26T11:37:22.079744
c24026cd-9445-4d2a-94a5-e51cc43c4c0a,I325338,payment_method,anomaly,Debit Card,Credit Card,0.0281,high,0.5,Column 'payment_method' deviates from similar normal records.,isolation_forest+feature_contribution,True,2026-07-26T11:37:22.079744
ad802295-73d0-4a36-9e89-2d906e57ccfc,I431697,shopping_mall,anomaly,Emaar Square Mall,Emaar Square Mall,0.0753,high,0.5,Column 'shopping_mall' deviates from similar normal records.,isolation_forest+feature_contribution,True,2026-07-26T11:37:22.191662
dbba95eb-4882-406a-b21f-3cf14aef8446,I137737,shopping_mall,anomaly,Mall of Istanbul,Mall of Istanbul,0.1421,high,0.5,Column 'shopping_mall' deviates from similar normal records.,isolation_forest+feature_contribution,True,2026-07-26T11:37:22.213597
e95564b7-9356-48cb-8ae5-93701cdfafa7,I300134,shopping_mall,anomaly,Emaar Square Mall,Cevahir AVM,0.0324,high,0.5,Column 'shopping_mall' deviates from similar normal records.,isolation_forest+feature_contribution,True,2026-07-26T11:37:22.392645
92c38929-f45e-4dbc-a8c3-8aa6ea0a6f8b,I311188,shopping_mall,anomaly,Cevahir AVM,Istinye Park,0.0599,high,0.5,Column 'shopping_mall' deviates from similar normal records.,isolation_forest+feature_contribution,True,2026-07-26T11:37:22.415674
6077042e-65e3-48ee-8cf8-2c7d925f6255,I140999,shopping_mall,anomaly,Viaport Outlet,Metropol AVM,0.0331,high,0.5,Column 'shopping_mall' deviates from similar normal records.,isolation_forest+feature_contribution,True,2026-07-26T11:37:22.451226
7606bb50-bb7f-4d68-9ab6-9cab34d622d5,I118781,category,anomaly,Souvenir,Food & Beverage,0.03,high,0.5,Column 'category' deviates from similar normal records.,isolation_forest+feature_contribution,True,2026-07-26T11:37:22.467443
e749fc60-51a9-4d77-a68a-6bac33f1f3c7,I328138,category,anomaly,Souvenir,Food & Beverage,0.0252,high,0.5,Column 'category' deviates from similar normal records.,isolation_forest+feature_contribution,True,2026-07-26T11:37:22.611713
5cc15165-8235-4a92-97e0-4f23e7a61113,I151794,shopping_mall,anomaly,Forum Istanbul,Forum Istanbul,0.0839,high,0.5,Column 'shopping_mall' deviates from similar normal records.,isolation_forest+feature_contribution,True,2026-07-26T11:37:22.666905
9fff0c8f-0ce3-4acc-bc5b-7d5d69d46823,I760505,shopping_mall,anomaly,Zorlu Center,Forum Istanbul,0.0766,high,0.5,Column 'shopping_mall' deviates from similar normal records.,isolation_forest+feature_contribution,True,2026-07-26T11:37:22.713584
5d1cdd6d-9d0c-482e-a401-74f93b874ee5,I340389,category,anomaly,Souvenir,Souvenir,0.0664,high,0.5,Column 'category' deviates from similar normal records.,isolation_forest+feature_contribution,True,2026-07-26T11:37:22.778110
304ec142-514e-4771-b0e5-cd02c9718680,I328287,shopping_mall,anomaly,Viaport Outlet,Kanyon,0.0258,high,0.5,Column 'shopping_mall' deviates from similar normal records.,isolation_forest+feature_contribution,True,2026-07-26T11:37:22.880995
1c9850b0-2e78-4ee2-bd03-37130f1f2efe,I322679,shopping_mall,anomaly,Zorlu Center,Cevahir AVM,0.0848,high,0.5,Column 'shopping_mall' deviates from similar normal records.,isolation_forest+feature_contribution,True,2026-07-26T11:37:22.924591
23812530-eec8-4df0-8b9e-49371da369cc,I148945,shopping_mall,anomaly,Cevahir AVM,Kanyon,0.0073,high,0.5,Column 'shopping_mall' deviates from similar normal records.,isolation_forest+feature_contribution,True,2026-07-26T11:37:22.989324
6053d66c-55b9-4966-80b5-59dd444a2c1c,I214485,shopping_mall,anomaly,Istinye Park,Kanyon,0.0757,high,0.5,Column 'shopping_mall' deviates from similar normal records.,isolation_forest+feature_contribution,True,2026-07-26T11:37:23.306289
5284bbd7-ee93-482d-a511-c5c8f8315777,I468236,shopping_mall,anomaly,Istinye Park,Istinye Park,0.1068,high,0.5,Column 'shopping_mall' deviates from similar normal records.,isolation_forest+feature_contribution,True,2026-07-26T11:37:23.337957
33fb5653-2cbe-4ee7-8ad2-0c036f20187e,I337142,shopping_mall,anomaly,Viaport Outlet,Kanyon,0.0419,high,0.5,Column 'shopping_mall' deviates from similar normal records.,isolation_forest+feature_contribution,True,2026-07-26T11:37:23.436407
fc2148f4-5b53-4622-a66c-b939abfb70a5,I966801,shopping_mall,anomaly,Istinye Park,Istinye Park,0.0538,high,0.5,Column 'shopping_mall' deviates from similar normal records.,isolation_forest+feature_contribution,True,2026-07-26T11:37:23.457973
00b134bb-5bba-4602-b299-b06b23166cd6,I860822,shopping_mall,anomaly,Zorlu Center,Mall of Istanbul,0.0384,high,0.5,Column 'shopping_mall' deviates from similar normal records.,isolation_forest+feature_contribution,True,2026-07-26T11:37:23.626279
ea2cbc6b-0264-403d-9489-8f6eb1d90035,I570942,shopping_mall,anomaly,Metrocity,Kanyon,0.0337,high,0.5,Column 'shopping_mall' deviates from similar normal records.,isolation_forest+feature_contribution,True,2026-07-26T11:37:23.718557
6347b01e-c7ec-4bf9-88f9-44dda47a01c0,I141647,shopping_mall,anomaly,Viaport Outlet,Metrocity,0.0601,high,0.5,Column 'shopping_mall' deviates from similar normal records.,isolation_forest+feature_contribution,True,2026-07-26T11:37:23.831812
065d6e93-c5e8-4c7c-8d2a-a8ebe845e96c,I243364,shopping_mall,anomaly,Istinye Park,Istinye Park,0.0466,high,0.5,Column 'shopping_mall' deviates from similar normal records.,isolation_forest+feature_contribution,True,2026-07-26T11:37:23.892872
4846cf1e-2578-4405-9fc5-17c22c7b6a7f,I183503,gender,anomaly,Male,Female,0.1831,high,0.5,Column 'gender' deviates from similar normal records.,isolation_forest+feature_contribution,True,2026-07-26T11:37:23.978276
ff81b4bf-bc79-40d0-a9b1-37dde00d8e94,I320950,shopping_mall,anomaly,Viaport Outlet,Forum Istanbul,0.0103,high,0.5,Column 'shopping_mall' deviates from similar normal records.,isolation_forest+feature_contribution,True,2026-07-26T11:37:24.002763
173065e9-6c48-449b-aad1-41f08a08011e,I168985,shopping_mall,anomaly,Kanyon,Istinye Park,0.0639,high,0.5,Column 'shopping_mall' deviates from similar normal records.,isolation_forest+feature_contribution,True,2026-07-26T11:37:24.045940
aa7883d9-8597-485b-be11-bddc5b3a5710,I129370,payment_method,anomaly,Debit Card,Debit Card,0.0729,high,0.5,Column 'payment_method' deviates from similar normal records.,isolation_forest+feature_contribution,True,2026-07-26T11:37:24.085511
d71f80da-3d9d-4337-95b0-dca4ea63a9c1,I129370,shopping_mall,anomaly,Viaport Outlet,Emaar Square Mall,0.0729,high,0.5,Column 'shopping_mall' deviates from similar normal records.,isolation_forest+feature_contribution,True,2026-07-26T11:37:24.085511
e8239b92-fbcf-48e7-aaf0-26151796051e,I331613,shopping_mall,anomaly,Zorlu Center,Metropol AVM,0.0032,high,0.5,Column 'shopping_mall' deviates from similar normal records.,isolation_forest+feature_contribution,True,2026-07-26T11:37:24.211127
b645dff2-3c85-40b1-b3d2-6190b16ae53d,I141956,gender,anomaly,Male,Male,0.0886,high,0.5,Column 'gender' deviates from similar normal records.,isolation_forest+feature_contribution,True,2026-07-26T11:37:24.298010
8b283c3a-c1f5-42f0-a94c-830470a9cc3a,I282738,shopping_mall,anomaly,Zorlu Center,Viaport Outlet,0.0292,high,0.5,Column 'shopping_mall' deviates from similar normal records.,isolation_forest+feature_contribution,True,2026-07-26T11:37:24.368332
e3a9e157-b3fe-44cf-b240-49986764806b,I783998,shopping_mall,anomaly,Viaport Outlet,Metrocity,0.0147,high,0.5,Column 'shopping_mall' deviates from similar normal records.,isolation_forest+feature_contribution,True,2026-07-26T11:37:24.497161
f63738e2-fa20-426f-afeb-1f3590bd7a89,I149200,shopping_mall,anomaly,Emaar Square Mall,Metropol AVM,0.1731,high,0.5,Column 'shopping_mall' deviates from similar normal records.,isolation_forest+feature_contribution,True,2026-07-26T11:37:24.514284
0f5f3e7e-a081-4361-acdf-0f67f8afc4e0,I325537,payment_method,anomaly,Debit Card,Debit Card,0.0487,high,0.5,Column 'payment_method' deviates from similar normal records.,isolation_forest+feature_contribution,True,2026-07-26T11:37:24.563428
886ed4bb-9db7-4523-ae74-c0c1e01533cf,I901338,category,anomaly,Food & Beverage,Souvenir,0.0531,high,0.5,Column 'category' deviates from similar normal records.,isolation_forest+feature_contribution,True,2026-07-26T11:37:24.579881
ca42d0ee-7ddf-4d5d-b327-c7bebef8bdf5,I179817,shopping_mall,anomaly,Zorlu Center,Forum Istanbul,0.0515,high,0.5,Column 'shopping_mall' deviates from similar normal records.,isolation_forest+feature_contribution,True,2026-07-26T11:37:24.599135
f5f4a36c-d984-4686-9efa-758a6ae71510,I194327,shopping_mall,anomaly,Metropol AVM,Mall of Istanbul,0.0244,high,0.5,Column 'shopping_mall' deviates from similar normal records.,isolation_forest+feature_contribution,True,2026-07-26T11:37:24.827619
00eb0ad5-8688-404c-a978-f73e9bf7f866,I404803,shopping_mall,anomaly,Metropol AVM,Mall of Istanbul,0.036,high,0.5,Column 'shopping_mall' deviates from similar normal records.,isolation_forest+feature_contribution,True,2026-07-26T11:37:24.884742
be719099-300e-4e96-b7c7-64e8c62e4abf,I320743,shopping_mall,anomaly,Viaport Outlet,Emaar Square Mall,0.1502,high,0.5,Column 'shopping_mall' deviates from similar normal records.,isolation_forest+feature_contribution,True,2026-07-26T11:37:24.991918
ee32e358-5adb-4204-a573-fe4d9113f790,I156105,shopping_mall,anomaly,Cevahir AVM,Metrocity,0.0479,high,0.5,Column 'shopping_mall' deviates from similar normal records.,isolation_forest+feature_contribution,True,2026-07-26T11:37:25.012490
1771a105-f20d-4163-b56c-d51d5605dcee,I314022,category,anomaly,Souvenir,Cosmetics,0.0401,high,0.5,Column 'category' deviates from similar normal records.,isolation_forest+feature_contribution,True,2026-07-26T11:37:25.030654
ad3fd97a-b36e-442e-9b9f-ba80039b5beb,I247256,shopping_mall,anomaly,Cevahir AVM,Cevahir AVM,0.023,high,0.5,Column 'shopping_mall' deviates from similar normal records.,isolation_forest+feature_contribution,True,2026-07-26T11:37:25.090973
f29c31ab-02a2-41b8-9847-97412d46a7ee,I274480,shopping_mall,anomaly,Zorlu Center,Kanyon,0.0079,high,0.5,Column 'shopping_mall' deviates from similar normal records.,isolation_forest+feature_contribution,True,2026-07-26T11:37:25.247946
2cf3017a-be92-4606-bf28-7cfc03c235ba,I301824,shopping_mall,anomaly,Viaport Outlet,Istinye Park,0.0095,high,0.5,Column 'shopping_mall' deviates from similar normal records.,isolation_forest+feature_contribution,True,2026-07-26T11:37:25.271782
956a427a-7bcc-40ed-9b87-bc56e201f7cd,I158770,shopping_mall,anomaly,Zorlu Center,Mall of Istanbul,0.0227,high,0.5,Column 'shopping_mall' deviates from similar normal records.,isolation_forest+feature_contribution,True,2026-07-26T11:37:25.335360
71560904-5039-4880-9c24-11c2faecc0ed,I535656,shopping_mall,anomaly,Emaar Square Mall,Kanyon,0.0166,high,0.5,Column 'shopping_mall' deviates from similar normal records.,isolation_forest+feature_contribution,True,2026-07-26T11:37:25.375484
58281751-1986-41cb-85a4-db6b8053e1df,I330887,payment_method,anomaly,Debit Card,Cash,0.1338,high,0.5,Column 'payment_method' deviates from similar normal records.,isolation_forest+feature_contribution,True,2026-07-26T11:37:25.455795
fa882abc-cf59-487d-b935-03e2f8e6e3bb,I150596,shopping_mall,anomaly,Forum Istanbul,Cevahir AVM,0.1106,high,0.5,Column 'shopping_mall' deviates from similar normal records.,isolation_forest+feature_contribution,True,2026-07-26T11:37:25.471913
83e18bf8-d8b4-4b97-ac29-2754e91e108d,I190807,shopping_mall,anomaly,Istinye Park,Istinye Park,0.0173,high,0.5,Column 'shopping_mall' deviates from similar normal records.,isolation_forest+feature_contribution,True,2026-07-26T11:37:25.491622
e95989dd-85c7-4238-b344-4b3307ca16ae,I187368,category,anomaly,Books,Books,0.0878,high,0.5,Column 'category' deviates from similar normal records.,isolation_forest+feature_contribution,True,2026-07-26T11:37:25.664732
32dcc892-52c6-416e-8e5e-0c86ecc1eca0,I143763,payment_method,anomaly,Debit Card,Debit Card,0.1178,high,0.5,Column 'payment_method' deviates from similar normal records.,isolation_forest+feature_contribution,True,2026-07-26T11:37:25.851102
af38175d-b7d4-42de-9934-45a948a15f58,I113323,shopping_mall,anomaly,Forum Istanbul,Forum Istanbul,0.0533,high,0.5,Column 'shopping_mall' deviates from similar normal records.,isolation_forest+feature_contribution,True,2026-07-26T11:37:25.898318
6fe1c9a1-85b7-4a74-96f9-2a7f4d41bc0e,I180870,category,anomaly,Souvenir,Books,0.0256,high,0.5,Column 'category' deviates from similar normal records.,isolation_forest+feature_contribution,True,2026-07-26T11:37:25.977372
20963ce1-348a-46ef-b885-8e39439d4622,I197877,shopping_mall,anomaly,Viaport Outlet,Istinye Park,0.0261,high,0.5,Column 'shopping_mall' deviates from similar normal records.,isolation_forest+feature_contribution,True,2026-07-26T11:37:26.195437
02adaaf7-a91b-4665-8f68-a7f47398d59f,I170556,shopping_mall,anomaly,Cevahir AVM,Cevahir AVM,0.0219,high,0.5,Column 'shopping_mall' deviates from similar normal records.,isolation_forest+feature_contribution,True,2026-07-26T11:37:26.214353
97dc77dc-b1de-49d1-961f-d875fbf2d063,I240031,shopping_mall,anomaly,Viaport Outlet,Cevahir AVM,0.0534,high,0.5,Column 'shopping_mall' deviates from similar normal records.,isolation_forest+feature_contribution,True,2026-07-26T11:37:26.370641
4ff507f9-1b6c-4ddb-81fc-5945f038a91c,I280630,shopping_mall,anomaly,Forum Istanbul,Metrocity,0.0566,high,0.5,Column 'shopping_mall' deviates from similar normal records.,isolation_forest+feature_contribution,True,2026-07-26T11:37:26.561168
9547a4ac-83f7-4fb8-aa87-32148362a9ee,I262391,shopping_mall,anomaly,Zorlu Center,Emaar Square Mall,0.0442,high,0.5,Column 'shopping_mall' deviates from similar normal records.,isolation_forest+feature_contribution,True,2026-07-26T11:37:26.632844
b371e406-cd08-4d89-8b42-3fdd6a97b353,I143778,shopping_mall,anomaly,Viaport Outlet,Istinye Park,0.06,high,0.5,Column 'shopping_mall' deviates from similar normal records.,isolation_forest+feature_contribution,True,2026-07-26T11:37:26.753923
0e1dc40e-f7ee-43c7-ad6b-f7da25e7c9d6,I468302,shopping_mall,anomaly,Metrocity,Forum Istanbul,0.1077,high,0.5,Column 'shopping_mall' deviates from similar normal records.,isolation_forest+feature_contribution,True,2026-07-26T11:37:27.037973
cdce0c85-4ede-40ea-98e8-f47c13d11faf,I161550,age_group,anomaly,36_45,26_35,0.0553,medium,0.38315629742033386,Column 'age_group' deviates from similar normal records.,isolation_forest+feature_contribution,True,2026-07-26T11:37:27.059850
d9552e35-2c7a-45fa-b479-f532b7304205,I267133,shopping_mall,anomaly,Cevahir AVM,Kanyon,0.1331,high,0.5,Column 'shopping_mall' deviates from similar normal records.,isolation_forest+feature_contribution,True,2026-07-26T11:37:27.113383
38ff9124-2992-4e85-a4b3-05312fa7e52b,I310262,shopping_mall,anomaly,Metrocity,Kanyon,0.0368,high,0.5,Column 'shopping_mall' deviates from similar normal records.,isolation_forest+feature_contribution,True,2026-07-26T11:37:27.155409
189baf24-36f3-48ec-9185-91b7f24dd1c1,I180452,shopping_mall,anomaly,Forum Istanbul,Kanyon,0.0754,high,0.5,Column 'shopping_mall' deviates from similar normal records.,isolation_forest+feature_contribution,True,2026-07-26T11:37:27.195952
97076535-f4a0-43ea-a7e5-1949fcbd337e,I137423,payment_method,anomaly,Debit Card,Credit Card,0.0902,high,0.5,Column 'payment_method' deviates from similar normal records.,isolation_forest+feature_contribution,True,2026-07-26T11:37:27.229794
46e01f40-6955-4a94-bb67-403ee242c2a2,I201805,shopping_mall,anomaly,Viaport Outlet,Istinye Park,0.0798,high,0.5,Column 'shopping_mall' deviates from similar normal records.,isolation_forest+feature_contribution,True,2026-07-26T11:37:27.289103
13a8ad6c-f4b5-4d58-8e85-5d9e0e470909,I107107,shopping_mall,anomaly,Mall of Istanbul,Viaport Outlet,0.0378,high,0.5,Column 'shopping_mall' deviates from similar normal records.,isolation_forest+feature_contribution,True,2026-07-26T11:37:27.312905
96eff0bd-4df3-4701-ab4b-dd4e91517c87,I172087,shopping_mall,anomaly,Viaport Outlet,Mall of Istanbul,0.0026,high,0.5,Column 'shopping_mall' deviates from similar normal records.,isolation_forest+feature_contribution,True,2026-07-26T11:37:27.540987
c2525f67-414f-4140-9f69-f72824b58716,I103021,category,anomaly,Books,Books,0.2005,high,0.5,Column 'category' deviates from similar normal records.,isolation_forest+feature_contribution,True,2026-07-26T11:37:27.559648
2a597af0-b8b9-4235-aae7-90a363bf4370,I857843,payment_method,anomaly,Debit Card,Cash,0.1041,high,0.5,Column 'payment_method' deviates from similar normal records.,isolation_forest+feature_contribution,True,2026-07-26T11:37:27.617416
f759f6c7-424d-479c-9f29-a577cf5f80ae,I857843,shopping_mall,anomaly,Istinye Park,Viaport Outlet,0.1041,high,0.5,Column 'shopping_mall' deviates from similar normal records.,isolation_forest+feature_contribution,True,2026-07-26T11:37:27.617416
b83bca2f-59aa-4e4d-8038-8d762cba0f75,I659895,shopping_mall,anomaly,Emaar Square Mall,Emaar Square Mall,0.2,high,0.5,Column 'shopping_mall' deviates from similar normal records.,isolation_forest+feature_contribution,True,2026-07-26T11:37:27.839836
b4c35ec2-7eb4-4ab2-b18f-123c353d3f9a,I104209,shopping_mall,anomaly,Forum Istanbul,Cevahir AVM,0.1782,high,0.5,Column 'shopping_mall' deviates from similar normal records.,isolation_forest+feature_contribution,True,2026-07-26T11:37:27.904767
0d4573f2-085e-4f61-82fd-c55d4947ad64,I219899,category,anomaly,Souvenir,Food & Beverage,0.0049,high,0.5,Column 'category' deviates from similar normal records.,isolation_forest+feature_contribution,True,2026-07-26T11:37:27.922057
56cfb9d0-4445-4c5b-a48e-05e77c012ad2,I139439,shopping_mall,anomaly,Viaport Outlet,Mall of Istanbul,0.0913,high,0.5,Column 'shopping_mall' deviates from similar normal records.,isolation_forest+feature_contribution,True,2026-07-26T11:37:27.985161
7e3244d6-4ca2-41e8-9f9a-6c3df1ee4f00,I525089,shopping_mall,anomaly,Zorlu Center,Zorlu Center,0.0314,high,0.5,Column 'shopping_mall' deviates from similar normal records.,isolation_forest+feature_contribution,True,2026-07-26T11:37:28.186248
3390377b-12d2-4b6b-9c43-01ac94e9a6dc,I318472,shopping_mall,anomaly,Viaport Outlet,Istinye Park,0.0866,high,0.5,Column 'shopping_mall' deviates from similar normal records.,isolation_forest+feature_contribution,True,2026-07-26T11:37:28.269121
b9dac7da-7d93-47a7-ad3d-6f4603a0706d,I155164,category,anomaly,Books,Food & Beverage,0.2459,high,0.5,Column 'category' deviates from similar normal records.,isolation_forest+feature_contribution,True,2026-07-26T11:37:28.389238
c180983b-6507-44fa-92f2-f647b9f96266,I221113,shopping_mall,anomaly,Cevahir AVM,Cevahir AVM,0.0398,high,0.5,Column 'shopping_mall' deviates from similar normal records.,isolation_forest+feature_contribution,True,2026-07-26T11:37:28.407956
da09fa2d-283d-4cb3-8482-b7763794188e,I215780,shopping_mall,anomaly,Viaport Outlet,Emaar Square Mall,0.0732,high,0.5,Column 'shopping_mall' deviates from similar normal records.,isolation_forest+feature_contribution,True,2026-07-26T11:37:28.509803
730d9c2c-12fc-4501-8ca5-e7329ef4f15b,I279476,shopping_mall,anomaly,Viaport Outlet,Istinye Park,0.0753,high,0.5,Column 'shopping_mall' deviates from similar normal records.,isolation_forest+feature_contribution,True,2026-07-26T11:37:28.555218
43727254-c60a-4681-840e-93017932bc91,I226094,shopping_mall,anomaly,Zorlu Center,Kanyon,0.067,high,0.5,Column 'shopping_mall' deviates from similar normal records.,isolation_forest+feature_contribution,True,2026-07-26T11:37:28.574898
da67f370-83c9-495e-a726-b61d27790b35,I186328,shopping_mall,anomaly,Forum Istanbul,Forum Istanbul,0.1252,high,0.5,Column 'shopping_mall' deviates from similar normal records.,isolation_forest+feature_contribution,True,2026-07-26T11:37:28.712289
dc04c170-a87f-423b-94c1-caa9c143089b,I144356,payment_method,anomaly,Debit Card,Cash,0.0202,high,0.5,Column 'payment_method' deviates from similar normal records.,isolation_forest+feature_contribution,True,2026-07-26T11:37:28.729952
edccf73f-1930-4d58-94d3-a9beed0efbcd,I250965,shopping_mall,anomaly,Zorlu Center,Metrocity,0.0366,high,0.5,Column 'shopping_mall' deviates from similar normal records.,isolation_forest+feature_contribution,True,2026-07-26T11:37:28.747820
6edd10e2-4462-465e-9a6d-322f8beeaa2f,I484012,shopping_mall,anomaly,Metropol AVM,Kanyon,0.0276,high,0.5,Column 'shopping_mall' deviates from similar normal records.,isolation_forest+feature_contribution,True,2026-07-26T11:37:28.786135
721e98fc-2d7e-4b40-9209-720b7c6402df,I304874,category,anomaly,Books,Food & Beverage,0.0286,high,0.5,Column 'category' deviates from similar normal records.,isolation_forest+feature_contribution,True,2026-07-26T11:37:28.806505
a76b1f9a-c6d5-47c9-91d0-20106d19aa60,I315458,shopping_mall,anomaly,Metropol AVM,Kanyon,0.1171,high,0.5,Column 'shopping_mall' deviates from similar normal records.,isolation_forest+feature_contribution,True,2026-07-26T11:37:28.845494
6dfec98e-0e1b-4949-b95e-753406cec526,I185910,shopping_mall,anomaly,Zorlu Center,Istinye Park,0.0692,high,0.5,Column 'shopping_mall' deviates from similar normal records.,isolation_forest+feature_contribution,True,2026-07-26T11:37:28.901496
3f9cc47d-75f8-4438-8c9e-4a5e92d81e2b,I116387,shopping_mall,anomaly,Mall of Istanbul,Mall of Istanbul,0.0386,high,0.5,Column 'shopping_mall' deviates from similar normal records.,isolation_forest+feature_contribution,True,2026-07-26T11:37:28.920238
0d6576de-7f41-46aa-b8f2-aa68d9009464,I235303,shopping_mall,anomaly,Cevahir AVM,Metropol AVM,0.0004,high,0.5,Column 'shopping_mall' deviates from similar normal records.,isolation_forest+feature_contribution,True,2026-07-26T11:37:28.981777
375b7e96-790e-4cb6-9e84-d0a37cf4c66a,I172220,shopping_mall,anomaly,Metropol AVM,Metrocity,0.0715,high,0.5,Column 'shopping_mall' deviates from similar normal records.,isolation_forest+feature_contribution,True,2026-07-26T11:37:29.041225
42cdadb5-989c-40fa-82d2-8272201339c6,I186230,category,anomaly,Souvenir,Books,0.0187,high,0.5,Column 'category' deviates from similar normal records.,isolation_forest+feature_contribution,True,2026-07-26T11:37:29.484621
2bb91a86-756c-4524-8cde-5e320c61a834,I186230,shopping_mall,anomaly,Zorlu Center,Metrocity,0.0187,high,0.5,Column 'shopping_mall' deviates from similar normal records.,isolation_forest+feature_contribution,True,2026-07-26T11:37:29.484621
5d262b9e-fd91-483a-b76a-74c6e15c66ba,I152591,payment_method,anomaly,Debit Card,Cash,0.0359,high,0.5,Column 'payment_method' deviates from similar normal records.,isolation_forest+feature_contribution,True,2026-07-26T11:37:29.506418
c649b83c-8866-4329-9080-dc0f18719b98,I244811,shopping_mall,anomaly,Cevahir AVM,Kanyon,0.0598,high,0.5,Column 'shopping_mall' deviates from similar normal records.,isolation_forest+feature_contribution,True,2026-07-26T11:37:29.540823
30325c9b-f501-469b-b51f-38470185593f,I276244,shopping_mall,anomaly,Emaar Square Mall,Cevahir AVM,0.1259,high,0.5,Column 'shopping_mall' deviates from similar normal records.,isolation_forest+feature_contribution,True,2026-07-26T11:37:29.618544
9fbb0df6-fce3-4a22-b2e5-b9ad68c7684d,I326072,shopping_mall,anomaly,Emaar Square Mall,Kanyon,0.0104,high,0.5,Column 'shopping_mall' deviates from similar normal records.,isolation_forest+feature_contribution,True,2026-07-26T11:37:29.653185
57256748-1e04-405a-a5e7-929841008526,I330011,payment_method,anomaly,Debit Card,Cash,0.1677,high,0.5,Column 'payment_method' deviates from similar normal records.,isolation_forest+feature_contribution,True,2026-07-26T11:37:29.698528
f9c719a0-5799-4745-b17d-ee9be186260b,I253716,shopping_mall,anomaly,Viaport Outlet,Kanyon,0.0112,high,0.5,Column 'shopping_mall' deviates from similar normal records.,isolation_forest+feature_contribution,True,2026-07-26T11:37:29.774663
813f7692-1319-4653-b78f-625fd2fbc577,I226812,shopping_mall,anomaly,Cevahir AVM,Kanyon,0.0713,high,0.5,Column 'shopping_mall' deviates from similar normal records.,isolation_forest+feature_contribution,True,2026-07-26T11:37:29.849950
2d54b75b-b6a8-44cd-9ea9-567bd5856a74,I874153,shopping_mall,anomaly,Forum Istanbul,Forum Istanbul,0.1296,high,0.5,Column 'shopping_mall' deviates from similar normal records.,isolation_forest+feature_contribution,True,2026-07-26T11:37:29.967268
7a7375e9-1852-445b-a369-74599b510237,I195681,shopping_mall,anomaly,Cevahir AVM,Mall of Istanbul,0.0617,high,0.5,Column 'shopping_mall' deviates from similar normal records.,isolation_forest+feature_contribution,True,2026-07-26T11:37:30.262715
db339be4-f0d0-40a5-87bc-bf9e748a4a1b,I120767,shopping_mall,anomaly,Forum Istanbul,Kanyon,0.017,high,0.5,Column 'shopping_mall' deviates from similar normal records.,isolation_forest+feature_contribution,True,2026-07-26T11:37:30.344432
85a8cda5-b5e5-4ca3-89cc-401259af38a7,I317097,shopping_mall,anomaly,Zorlu Center,Metrocity,0.017,high,0.5,Column 'shopping_mall' deviates from similar normal records.,isolation_forest+feature_contribution,True,2026-07-26T11:37:30.432094
e1d9f532-c065-4126-a7ea-2af62f6ac10f,I109040,shopping_mall,anomaly,Emaar Square Mall,Emaar Square Mall,0.0176,high,0.5,Column 'shopping_mall' deviates from similar normal records.,isolation_forest+feature_contribution,True,2026-07-26T11:37:30.450203
83efb4a4-7321-44ec-9cd6-163400a27be9,I138685,shopping_mall,anomaly,Zorlu Center,Mall of Istanbul,0.1488,high,0.5,Column 'shopping_mall' deviates from similar normal records.,isolation_forest+feature_contribution,True,2026-07-26T11:37:30.492023
f06551c6-a1a5-4f86-86d9-dc2de8328aaa,I128186,payment_method,anomaly,Debit Card,Debit Card,0.0336,high,0.5,Column 'payment_method' deviates from similar normal records.,isolation_forest+feature_contribution,True,2026-07-26T11:37:30.552764
817b05aa-a75e-4676-b46f-0fd9a12c330f,I269599,payment_method,anomaly,Debit Card,Cash,0.0978,high,0.5,Column 'payment_method' deviates from similar normal records.,isolation_forest+feature_contribution,True,2026-07-26T11:37:30.577706
9934ed04-760b-4981-91b8-c54e9b429b55,I269599,shopping_mall,anomaly,Forum Istanbul,Forum Istanbul,0.0978,high,0.5,Column 'shopping_mall' deviates from similar normal records.,isolation_forest+feature_contribution,True,2026-07-26T11:37:30.577706
693fa9f4-1086-423d-8fea-e5ed8f9fa1d2,I183818,shopping_mall,anomaly,Zorlu Center,Istinye Park,0.0526,high,0.5,Column 'shopping_mall' deviates from similar normal records.,isolation_forest+feature_contribution,True,2026-07-26T11:37:30.595500
31b24141-5d71-4d49-91c9-30f3b0f234ac,I219134,shopping_mall,anomaly,Zorlu Center,Metropol AVM,0.0106,high,0.5,Column 'shopping_mall' deviates from similar normal records.,isolation_forest+feature_contribution,True,2026-07-26T11:37:30.616137
ce70170e-c819-4e5e-8e3b-e346871bfd17,I346990,category,anomaly,Books,Food & Beverage,0.1301,high,0.5,Column 'category' deviates from similar normal records.,isolation_forest+feature_contribution,True,2026-07-26T11:37:30.633254
905e3d8e-ab33-4133-92cc-99f254c56502,I581294,shopping_mall,anomaly,Cevahir AVM,Cevahir AVM,0.0824,high,0.5,Column 'shopping_mall' deviates from similar normal records.,isolation_forest+feature_contribution,True,2026-07-26T11:37:30.758495
684a267d-268f-47be-9fe0-c70f518394fe,I159762,shopping_mall,anomaly,Zorlu Center,Zorlu Center,0.0063,high,0.5,Column 'shopping_mall' deviates from similar normal records.,isolation_forest+feature_contribution,True,2026-07-26T11:37:30.839715
87ff64e8-9612-4587-a4c8-81f87d5d6a61,I200045,shopping_mall,anomaly,Cevahir AVM,Kanyon,0.1094,high,0.5,Column 'shopping_mall' deviates from similar normal records.,isolation_forest+feature_contribution,True,2026-07-26T11:37:30.963359
42340e1e-b00c-40bc-a8da-4947be8213cb,I253272,payment_method,anomaly,Debit Card,Cash,0.1217,high,0.5,Column 'payment_method' deviates from similar normal records.,isolation_forest+feature_contribution,True,2026-07-26T11:37:31.007984
43d978fa-36c9-4fa7-8621-429aef394ad0,I195390,payment_method,anomaly,Debit Card,Cash,0.0464,high,0.5,Column 'payment_method' deviates from similar normal records.,isolation_forest+feature_contribution,True,2026-07-26T11:37:31.029295
ad119bb1-b27b-4611-8b84-f505a5e20bd2,I317111,shopping_mall,anomaly,Viaport Outlet,Mall of Istanbul,0.0624,high,0.5,Column 'shopping_mall' deviates from similar normal records.,isolation_forest+feature_contribution,True,2026-07-26T11:37:31.132250
00f2303f-2808-4ae2-871b-85a1cd70affd,I304203,shopping_mall,anomaly,Zorlu Center,Mall of Istanbul,0.0158,high,0.5,Column 'shopping_mall' deviates from similar normal records.,isolation_forest+feature_contribution,True,2026-07-26T11:37:31.497136
c6ddae9d-4762-4ed2-a198-1d679a8de550,I610989,shopping_mall,anomaly,Emaar Square Mall,Istinye Park,0.1224,high,0.5,Column 'shopping_mall' deviates from similar normal records.,isolation_forest+feature_contribution,True,2026-07-26T11:37:31.515838
11f9046d-5165-4743-a3d9-7d79c2fccb25,I255833,shopping_mall,anomaly,Zorlu Center,Forum Istanbul,0.0375,high,0.5,Column 'shopping_mall' deviates from similar normal records.,isolation_forest+feature_contribution,True,2026-07-26T11:37:31.621262
e01b3f16-e897-4f77-9692-ec4c898d7bd9,I325554,shopping_mall,anomaly,Zorlu Center,Kanyon,0.1353,high,0.5,Column 'shopping_mall' deviates from similar normal records.,isolation_forest+feature_contribution,True,2026-07-26T11:37:31.741873
9c67c8c3-14fd-4f9e-a70d-41755f1329fb,I263649,shopping_mall,anomaly,Istinye Park,Metropol AVM,0.2608,high,0.5,Column 'shopping_mall' deviates from similar normal records.,isolation_forest+feature_contribution,True,2026-07-26T11:37:31.804166
bdc6aa41-4c8c-4af5-9d21-fbaf19f72950,I738162,shopping_mall,anomaly,Forum Istanbul,Mall of Istanbul,0.0443,high,0.5,Column 'shopping_mall' deviates from similar normal records.,isolation_forest+feature_contribution,True,2026-07-26T11:37:31.893971
cf7957f4-e5b3-4d64-aea1-798c8072ae3d,I539477,shopping_mall,anomaly,Viaport Outlet,Viaport Outlet,0.0511,high,0.5,Column 'shopping_mall' deviates from similar normal records.,isolation_forest+feature_contribution,True,2026-07-26T11:37:31.975420
2221d7af-3a32-40d7-ae83-3c4f86fa6ba0,I325472,shopping_mall,anomaly,Zorlu Center,Metropol AVM,0.045,high,0.5,Column 'shopping_mall' deviates from similar normal records.,isolation_forest+feature_contribution,True,2026-07-26T11:37:32.013125
4cc7ff47-bdc4-43dc-a410-5001ebd01bf9,I138403,shopping_mall,anomaly,Viaport Outlet,Istinye Park,0.0152,high,0.5,Column 'shopping_mall' deviates from similar normal records.,isolation_forest+feature_contribution,True,2026-07-26T11:37:32.065518
bf19ded9-a29f-45b3-bd7e-b9525e3aa0ae,I272263,shopping_mall,anomaly,Viaport Outlet,Istinye Park,0.0267,high,0.5,Column 'shopping_mall' deviates from similar normal records.,isolation_forest+feature_contribution,True,2026-07-26T11:37:32.124728
50d48859-b9fd-4464-97e1-b4647c32d326,I331456,shopping_mall,anomaly,Istinye Park,Forum Istanbul,0.091,high,0.5,Column 'shopping_mall' deviates from similar normal records.,isolation_forest+feature_contribution,True,2026-07-26T11:37:32.350739
6a6db686-ec3a-40d0-b610-6a0f9c6c9c32,I307227,shopping_mall,anomaly,Forum Istanbul,Forum Istanbul,0.021,high,0.5,Column 'shopping_mall' deviates from similar normal records.,isolation_forest+feature_contribution,True,2026-07-26T11:37:32.387956
6094fc60-cbd0-4ff2-abe6-2f24e90bb9f7,I180691,shopping_mall,anomaly,Zorlu Center,Kanyon,0.1505,high,0.5,Column 'shopping_mall' deviates from similar normal records.,isolation_forest+feature_contribution,True,2026-07-26T11:37:32.469015
352d2062-443a-4311-9115-a0436edd4b27,I832125,shopping_mall,anomaly,Viaport Outlet,Istinye Park,0.1328,high,0.5,Column 'shopping_mall' deviates from similar normal records.,isolation_forest+feature_contribution,True,2026-07-26T11:37:32.486823
3657430e-4f37-4ebf-b10a-d954aae45b88,I226006,shopping_mall,anomaly,Istinye Park,Metrocity,0.0764,high,0.5,Column 'shopping_mall' deviates from similar normal records.,isolation_forest+feature_contribution,True,2026-07-26T11:37:32.658532
6baadfd7-ed29-4ce9-9465-ec848038779a,I114195,shopping_mall,anomaly,Istinye Park,Mall of Istanbul,0.1548,high,0.5,Column 'shopping_mall' deviates from similar normal records.,isolation_forest+feature_contribution,True,2026-07-26T11:37:32.679455
a00ebd15-fef4-46b0-9084-aac26a341433,I939070,shopping_mall,anomaly,Metrocity,Emaar Square Mall,0.0476,high,0.5,Column 'shopping_mall' deviates from similar normal records.,isolation_forest+feature_contribution,True,2026-07-26T11:37:32.921348
64362fb7-ee0b-4abe-820b-592a70690333,I992710,shopping_mall,anomaly,Emaar Square Mall,Mall of Istanbul,0.0044,high,0.5,Column 'shopping_mall' deviates from similar normal records.,isolation_forest+feature_contribution,True,2026-07-26T11:37:32.982895
e91269a1-b67f-4f9d-9981-19e647c6a309,I290410,payment_method,anomaly,Debit Card,Credit Card,0.004,high,0.5,Column 'payment_method' deviates from similar normal records.,isolation_forest+feature_contribution,True,2026-07-26T11:37:33.035770
5c890dfc-3d6d-443c-87e5-7513a94144f1,I287978,shopping_mall,anomaly,Zorlu Center,Kanyon,0.0527,high,0.5,Column 'shopping_mall' deviates from similar normal records.,isolation_forest+feature_contribution,True,2026-07-26T11:37:33.092933
2769e0c3-7819-490d-b560-e939a0c30188,I147736,payment_method,anomaly,Debit Card,Credit Card,0.0096,high,0.5,Column 'payment_method' deviates from similar normal records.,isolation_forest+feature_contribution,True,2026-07-26T11:37:33.114945
4b4c311e-e93d-411a-b860-bb125e3fd893,I158677,shopping_mall,anomaly,Forum Istanbul,Kanyon,0.2206,high,0.5,Column 'shopping_mall' deviates from similar normal records.,isolation_forest+feature_contribution,True,2026-07-26T11:37:33.170887
ce8cd836-9deb-4a80-9542-7f6daed1530d,I205972,shopping_mall,anomaly,Viaport Outlet,Kanyon,0.0409,high,0.5,Column 'shopping_mall' deviates from similar normal records.,isolation_forest+feature_contribution,True,2026-07-26T11:37:33.212336
95364199-74c3-4a9c-a9cb-fc922967ef5b,I111287,shopping_mall,anomaly,Emaar Square Mall,Emaar Square Mall,0.1124,high,0.5,Column 'shopping_mall' deviates from similar normal records.,isolation_forest+feature_contribution,True,2026-07-26T11:37:33.380151
0ad5424e-db59-4167-b2e8-30dbee2fcaff,I341463,shopping_mall,anomaly,Forum Istanbul,Forum Istanbul,0.0358,high,0.5,Column 'shopping_mall' deviates from similar normal records.,isolation_forest+feature_contribution,True,2026-07-26T11:37:33.647120
6802a0b7-7b3d-4585-b15c-096653dcb7c2,I315507,shopping_mall,anomaly,Metrocity,Metrocity,0.1073,high,0.5,Column 'shopping_mall' deviates from similar normal records.,isolation_forest+feature_contribution,True,2026-07-26T11:37:33.711977
ed3bc7be-7c9f-4e4b-9ed8-1e4400434f06,I179469,shopping_mall,anomaly,Viaport Outlet,Viaport Outlet,0.0117,high,0.5,Column 'shopping_mall' deviates from similar normal records.,isolation_forest+feature_contribution,True,2026-07-26T11:37:33.834209
0530a4af-d421-453e-9c90-d25cecf5d63f,I127560,shopping_mall,anomaly,Cevahir AVM,Mall of Istanbul,0.0174,high,0.5,Column 'shopping_mall' deviates from similar normal records.,isolation_forest+feature_contribution,True,2026-07-26T11:37:33.899616
9a6ba832-a635-4f81-bc36-e8202bd745f0,I285754,shopping_mall,anomaly,Zorlu Center,Cevahir AVM,0.1955,high,0.5,Column 'shopping_mall' deviates from similar normal records.,isolation_forest+feature_contribution,True,2026-07-26T11:37:33.937994
158be67b-6832-4b97-a471-27079eb69564,I662901,shopping_mall,anomaly,Emaar Square Mall,Cevahir AVM,0.0067,high,0.5,Column 'shopping_mall' deviates from similar normal records.,isolation_forest+feature_contribution,True,2026-07-26T11:37:34.121678
a6337b5f-4f88-4dbe-a4a9-dd9aa55e524d,I261928,payment_method,anomaly,Debit Card,Credit Card,0.0845,high,0.5,Column 'payment_method' deviates from similar normal records.,isolation_forest+feature_contribution,True,2026-07-26T11:37:34.143275
1f2e0f87-1154-416b-b51d-eb788d69ca4b,I182939,shopping_mall,anomaly,Metropol AVM,Kanyon,0.0023,high,0.5,Column 'shopping_mall' deviates from similar normal records.,isolation_forest+feature_contribution,True,2026-07-26T11:37:34.201404
a84b7121-2024-46a3-8c9d-24285010f330,I182181,shopping_mall,anomaly,Viaport Outlet,Mall of Istanbul,0.0589,high,0.5,Column 'shopping_mall' deviates from similar normal records.,isolation_forest+feature_contribution,True,2026-07-26T11:37:34.262056
e7e8b99a-f99b-4bb1-b4a0-8a494580893e,I236438,category,anomaly,Souvenir,Food & Beverage,0.1011,high,0.5,Column 'category' deviates from similar normal records.,isolation_forest+feature_contribution,True,2026-07-26T11:37:34.323871
a17d788c-7894-4856-8a55-b58627adb984,I279011,shopping_mall,anomaly,Forum Istanbul,Cevahir AVM,0.0195,high,0.5,Column 'shopping_mall' deviates from similar normal records.,isolation_forest+feature_contribution,True,2026-07-26T11:37:34.385535
fd927483-6f77-48ee-81a0-bba742433284,I783811,shopping_mall,anomaly,Emaar Square Mall,Istinye Park,0.0817,high,0.5,Column 'shopping_mall' deviates from similar normal records.,isolation_forest+feature_contribution,True,2026-07-26T11:37:34.401339
29132e19-07d2-4e5d-9fe3-2946a6d473e1,I542443,shopping_mall,anomaly,Metropol AVM,Cevahir AVM,0.0677,high,0.5,Column 'shopping_mall' deviates from similar normal records.,isolation_forest+feature_contribution,True,2026-07-26T11:37:34.596996
57332928-2847-4bc4-aa15-f51deda104c5,I152754,shopping_mall,anomaly,Emaar Square Mall,Forum Istanbul,0.0546,high,0.5,Column 'shopping_mall' deviates from similar normal records.,isolation_forest+feature_contribution,True,2026-07-26T11:37:34.637171
deae73e0-4d0d-4911-8128-d87bf13e5247,I180205,shopping_mall,anomaly,Viaport Outlet,Cevahir AVM,0.014,high,0.5,Column 'shopping_mall' deviates from similar normal records.,isolation_forest+feature_contribution,True,2026-07-26T11:37:34.709598
43bb4b30-4e1f-46f0-bb55-6051d489ae46,I221821,shopping_mall,anomaly,Viaport Outlet,Mall of Istanbul,0.1028,high,0.5,Column 'shopping_mall' deviates from similar normal records.,isolation_forest+feature_contribution,True,2026-07-26T11:37:34.732465
fc1335a3-2c47-40e5-8e40-718bdc165251,I113189,shopping_mall,anomaly,Cevahir AVM,Mall of Istanbul,0.0122,high,0.5,Column 'shopping_mall' deviates from similar normal records.,isolation_forest+feature_contribution,True,2026-07-26T11:37:34.770199
5e67e5a7-4079-400e-a2b4-967d26f201d4,I124649,payment_method,anomaly,Debit Card,Credit Card,0.0259,high,0.5,Column 'payment_method' deviates from similar normal records.,isolation_forest+feature_contribution,True,2026-07-26T11:37:34.898264
cd1fd1ae-90b0-4b1e-b0e3-ae22adb321d9,I125524,shopping_mall,anomaly,Forum Istanbul,Cevahir AVM,0.0251,high,0.5,Column 'shopping_mall' deviates from similar normal records.,isolation_forest+feature_contribution,True,2026-07-26T11:37:34.963710
77a5c5d6-51cd-4013-9d1d-a96dedcdf0d2,I256215,shopping_mall,anomaly,Emaar Square Mall,Cevahir AVM,0.0383,high,0.5,Column 'shopping_mall' deviates from similar normal records.,isolation_forest+feature_contribution,True,2026-07-26T11:37:35.034375
ccd74cea-2941-46d5-a235-bfe4115dea5b,I216318,shopping_mall,anomaly,Cevahir AVM,Cevahir AVM,0.0435,high,0.5,Column 'shopping_mall' deviates from similar normal records.,isolation_forest+feature_contribution,True,2026-07-26T11:37:35.086489
512281d0-8d63-4d09-817d-1a639e8594d5,I200268,shopping_mall,anomaly,Forum Istanbul,Forum Istanbul,0.1437,high,0.5,Column 'shopping_mall' deviates from similar normal records.,isolation_forest+feature_contribution,True,2026-07-26T11:37:35.212826
3d9b046b-1153-4b33-a795-c43a9346bf41,I270214,shopping_mall,anomaly,Forum Istanbul,Kanyon,0.159,high,0.5,Column 'shopping_mall' deviates from similar normal records.,isolation_forest+feature_contribution,True,2026-07-26T11:37:35.250476
a26a7eb8-19c8-4e32-ad56-3a06160bbe12,I100401,age_group,anomaly,26_35,26_35,0.0558,low,0.0,Column 'age_group' deviates from similar normal records.,isolation_forest+feature_contribution,True,2026-07-26T11:37:35.273654
cd9f5031-a117-4aa1-9c65-9a8571801ad8,I188462,shopping_mall,anomaly,Metrocity,Metrocity,0.1589,high,0.5,Column 'shopping_mall' deviates from similar normal records.,isolation_forest+feature_contribution,True,2026-07-26T11:37:35.334734
dfecedc1-3efc-40a4-9d14-5860fd26f2e2,I284975,payment_method,anomaly,Debit Card,Cash,0.1804,high,0.5,Column 'payment_method' deviates from similar normal records.,isolation_forest+feature_contribution,True,2026-07-26T11:37:35.389455
f3bab62c-d2c0-471d-a593-4ddb314916eb,I284975,shopping_mall,anomaly,Zorlu Center,Zorlu Center,0.1804,high,0.5,Column 'shopping_mall' deviates from similar normal records.,isolation_forest+feature_contribution,True,2026-07-26T11:37:35.389455
26ac6f28-ffdc-4dbd-aa09-5974ab2400b9,I142025,shopping_mall,anomaly,Forum Istanbul,Istinye Park,0.0226,high,0.5,Column 'shopping_mall' deviates from similar normal records.,isolation_forest+feature_contribution,True,2026-07-26T11:37:35.406829
41a2706d-6b1b-4f52-a7ee-cdd3b5553ccd,I326999,category,anomaly,Souvenir,Food & Beverage,0.0431,high,0.5,Column 'category' deviates from similar normal records.,isolation_forest+feature_contribution,True,2026-07-26T11:37:35.500556
6666ca8a-80e8-42f7-9263-bc75c031d7fc,I326999,shopping_mall,anomaly,Zorlu Center,Emaar Square Mall,0.0431,high,0.5,Column 'shopping_mall' deviates from similar normal records.,isolation_forest+feature_contribution,True,2026-07-26T11:37:35.500556
4b713e2d-0804-4733-84f2-d7ae1a4eaa07,I114212,shopping_mall,anomaly,Viaport Outlet,Mall of Istanbul,0.1787,high,0.5,Column 'shopping_mall' deviates from similar normal records.,isolation_forest+feature_contribution,True,2026-07-26T11:37:35.659260
efb97f36-d93e-4d10-b282-dd6543cbdbea,I140807,shopping_mall,anomaly,Metrocity,Metrocity,0.1282,high,0.5,Column 'shopping_mall' deviates from similar normal records.,isolation_forest+feature_contribution,True,2026-07-26T11:37:35.687972
180415a1-29d9-4c09-8acb-6ec40554e71e,I158572,shopping_mall,anomaly,Zorlu Center,Zorlu Center,0.0047,high,0.5,Column 'shopping_mall' deviates from similar normal records.,isolation_forest+feature_contribution,True,2026-07-26T11:37:35.728057
ace569d7-a935-41d0-a016-fa7294c857cd,I287233,shopping_mall,anomaly,Zorlu Center,Emaar Square Mall,0.0196,high,0.5,Column 'shopping_mall' deviates from similar normal records.,isolation_forest+feature_contribution,True,2026-07-26T11:37:35.750458
38bd110b-4f8a-408a-9bc9-2fffb240e47d,I132697,shopping_mall,anomaly,Emaar Square Mall,Kanyon,0.0226,high,0.5,Column 'shopping_mall' deviates from similar normal records.,isolation_forest+feature_contribution,True,2026-07-26T11:37:35.881475
e398bd25-d740-4ade-9e43-3de0275eb070,I211974,payment_method,anomaly,Debit Card,Cash,0.103,high,0.5,Column 'payment_method' deviates from similar normal records.,isolation_forest+feature_contribution,True,2026-07-26T11:37:35.899303
3864445f-b306-403a-a482-44e8c6a84d4b,I166795,shopping_mall,anomaly,Cevahir AVM,Cevahir AVM,0.1269,high,0.5,Column 'shopping_mall' deviates from similar normal records.,isolation_forest+feature_contribution,True,2026-07-26T11:37:35.973867
6728c114-e9ec-4bac-b2b3-569cca7216ad,I790465,shopping_mall,anomaly,Zorlu Center,Metropol AVM,0.1185,high,0.5,Column 'shopping_mall' deviates from similar normal records.,isolation_forest+feature_contribution,True,2026-07-26T11:37:35.996863
f6930454-5625-4782-bf09-c3fa77fc64c8,I379303,payment_method,anomaly,Debit Card,Credit Card,0.0428,high,0.5,Column 'payment_method' deviates from similar normal records.,isolation_forest+feature_contribution,True,2026-07-26T11:37:36.061767
053c6e00-abb6-4e07-a700-86ace245287a,I255948,shopping_mall,anomaly,Istinye Park,Istinye Park,0.0109,high,0.5,Column 'shopping_mall' deviates from similar normal records.,isolation_forest+feature_contribution,True,2026-07-26T11:37:36.159586
502890fe-90ec-4194-b80d-d1bd76ed088e,I205710,shopping_mall,anomaly,Cevahir AVM,Cevahir AVM,0.0007,high,0.5,Column 'shopping_mall' deviates from similar normal records.,isolation_forest+feature_contribution,True,2026-07-26T11:37:36.176330
c60e8ed9-972a-4e8d-93d2-92c393b1d1c1,I203657,shopping_mall,anomaly,Emaar Square Mall,Mall of Istanbul,0.0052,high,0.5,Column 'shopping_mall' deviates from similar normal records.,isolation_forest+feature_contribution,True,2026-07-26T11:37:36.195335
a3de5c63-3ce0-4ebb-96b3-71a1ab314279,I273142,payment_method,anomaly,Debit Card,Debit Card,0.0427,high,0.5,Column 'payment_method' deviates from similar normal records.,isolation_forest+feature_contribution,True,2026-07-26T11:37:36.228225
3814a094-2f9c-4395-82bb-6b4c3e138d6d,I424470,shopping_mall,anomaly,Kanyon,Cevahir AVM,0.0225,high,0.5,Column 'shopping_mall' deviates from similar normal records.,isolation_forest+feature_contribution,True,2026-07-26T11:37:36.246108
02bd644a-0565-4814-95e2-897c3420ad7f,I946526,shopping_mall,anomaly,Viaport Outlet,Istinye Park,0.0102,high,0.5,Column 'shopping_mall' deviates from similar normal records.,isolation_forest+feature_contribution,True,2026-07-26T11:37:36.286681
0fb9b6a6-7f81-410b-9981-9fa8e6d6f823,I563400,shopping_mall,anomaly,Viaport Outlet,Mall of Istanbul,0.0643,high,0.5,Column 'shopping_mall' deviates from similar normal records.,isolation_forest+feature_contribution,True,2026-07-26T11:37:36.309568
244cc1bc-4163-434f-bb67-7506511ea2be,I226920,shopping_mall,anomaly,Metrocity,Metrocity,0.0477,high,0.5,Column 'shopping_mall' deviates from similar normal records.,isolation_forest+feature_contribution,True,2026-07-26T11:37:36.345196
817745ff-acc9-4e96-9975-54153d3a4fad,I160987,shopping_mall,anomaly,Viaport Outlet,Cevahir AVM,0.1296,high,0.5,Column 'shopping_mall' deviates from similar normal records.,isolation_forest+feature_contribution,True,2026-07-26T11:37:36.444265
9b06bd34-ffa9-426c-8055-361aff129011,I899087,shopping_mall,anomaly,Cevahir AVM,Metrocity,0.0269,high,0.5,Column 'shopping_mall' deviates from similar normal records.,isolation_forest+feature_contribution,True,2026-07-26T11:37:36.605317
1b7b6b40-d99e-48fd-b922-557319e5c88b,I102766,shopping_mall,anomaly,Emaar Square Mall,Emaar Square Mall,0.0075,high,0.5,Column 'shopping_mall' deviates from similar normal records.,isolation_forest+feature_contribution,True,2026-07-26T11:37:36.663580
ead56839-0575-4456-89b9-a6add36d56fa,I266883,shopping_mall,anomaly,Cevahir AVM,Mall of Istanbul,0.0693,high,0.5,Column 'shopping_mall' deviates from similar normal records.,isolation_forest+feature_contribution,True,2026-07-26T11:37:36.680482
4f95a4ed-b238-43f5-bc2f-f42b49c5595c,I677958,payment_method,anomaly,Debit Card,Cash,0.1363,high,0.5,Column 'payment_method' deviates from similar normal records.,isolation_forest+feature_contribution,True,2026-07-26T11:37:36.750923
f872ff83-dd42-4b7d-869b-3d5cc778d5cc,I134756,shopping_mall,anomaly,Metrocity,Mall of Istanbul,0.0005,high,0.5,Column 'shopping_mall' deviates from similar normal records.,isolation_forest+feature_contribution,True,2026-07-26T11:37:36.794105
efe68f6c-2098-41f8-b315-a06494748952,I282808,shopping_mall,anomaly,Forum Istanbul,Kanyon,0.0045,high,0.5,Column 'shopping_mall' deviates from similar normal records.,isolation_forest+feature_contribution,True,2026-07-26T11:37:36.899340
60a39a3b-61fc-4c37-bd41-417291de6542,I236957,shopping_mall,anomaly,Zorlu Center,Forum Istanbul,0.0976,high,0.5,Column 'shopping_mall' deviates from similar normal records.,isolation_forest+feature_contribution,True,2026-07-26T11:37:36.960089
cfc4618f-f907-43fb-9c81-6f532c594692,I174438,shopping_mall,anomaly,Emaar Square Mall,Kanyon,0.0103,high,0.5,Column 'shopping_mall' deviates from similar normal records.,isolation_forest+feature_contribution,True,2026-07-26T11:37:37.105710
58ac8867-3fca-448f-a079-ef1686363589,I317452,payment_method,anomaly,Debit Card,Credit Card,0.0056,high,0.5,Column 'payment_method' deviates from similar normal records.,isolation_forest+feature_contribution,True,2026-07-26T11:37:37.124547
5d39c761-1f69-4e06-80ab-4e7eea83734a,I168147,shopping_mall,anomaly,Cevahir AVM,Kanyon,0.0522,high,0.5,Column 'shopping_mall' deviates from similar normal records.,isolation_forest+feature_contribution,True,2026-07-26T11:37:37.157299
38dd36c2-7197-41bb-a3fd-a651c374cbe3,I297096,shopping_mall,anomaly,Viaport Outlet,Kanyon,0.0043,high,0.5,Column 'shopping_mall' deviates from similar normal records.,isolation_forest+feature_contribution,True,2026-07-26T11:37:37.198832
9d81b110-c850-4af1-8f01-7fe61f8a1018,I177163,shopping_mall,anomaly,Cevahir AVM,Metrocity,0.0577,high,0.5,Column 'shopping_mall' deviates from similar normal records.,isolation_forest+feature_contribution,True,2026-07-26T11:37:37.272000
ca8b8928-4b65-49f7-a125-e54c8440048b,I110657,shopping_mall,anomaly,Metropol AVM,Mall of Istanbul,0.0433,high,0.5,Column 'shopping_mall' deviates from similar normal records.,isolation_forest+feature_contribution,True,2026-07-26T11:37:37.569092
31eda8c6-933f-49bc-be54-4861ce7d756c,I206972,category,anomaly,Souvenir,Books,0.0839,high,0.5,Column 'category' deviates from similar normal records.,isolation_forest+feature_contribution,True,2026-07-26T11:37:37.651609
739b4e56-ef9d-48fe-a19e-23b6c630207a,I317206,shopping_mall,anomaly,Viaport Outlet,Kanyon,0.0026,high,0.5,Column 'shopping_mall' deviates from similar normal records.,isolation_forest+feature_contribution,True,2026-07-26T11:37:37.793588
547c1011-9dad-4528-94ab-b8bfdf383d97,I129040,shopping_mall,anomaly,Viaport Outlet,Mall of Istanbul,0.084,high,0.5,Column 'shopping_mall' deviates from similar normal records.,isolation_forest+feature_contribution,True,2026-07-26T11:37:37.832125
6c9d029d-2cbb-4658-bd9a-72f41945caa6,I321409,shopping_mall,anomaly,Metropol AVM,Emaar Square Mall,0.017,high,0.5,Column 'shopping_mall' deviates from similar normal records.,isolation_forest+feature_contribution,True,2026-07-26T11:37:37.854071
11901b98-25bc-4324-a308-812116742dd7,I177607,category,anomaly,Souvenir,Food & Beverage,0.0811,high,0.5,Column 'category' deviates from similar normal records.,isolation_forest+feature_contribution,True,2026-07-26T11:37:37.876718
79c6e478-3f33-4029-a0ad-ad16b54b5f90,I170845,payment_method,anomaly,Debit Card,Credit Card,0.1257,high,0.5,Column 'payment_method' deviates from similar normal records.,isolation_forest+feature_contribution,True,2026-07-26T11:37:37.972355
566ec27e-fd17-4944-91d5-eb4256cf01e4,I223975,shopping_mall,anomaly,Zorlu Center,Kanyon,0.0205,high,0.5,Column 'shopping_mall' deviates from similar normal records.,isolation_forest+feature_contribution,True,2026-07-26T11:37:38.010974
02cf9119-6aae-4d60-b9b9-7fdeb6b02cc1,I164540,shopping_mall,anomaly,Viaport Outlet,Metrocity,0.0996,high,0.5,Column 'shopping_mall' deviates from similar normal records.,isolation_forest+feature_contribution,True,2026-07-26T11:37:38.032197
1586e8cc-ae43-4334-8c13-a9d1b4cc0778,I161518,category,anomaly,Toys,Cosmetics,0.1777,high,0.5,Column 'category' deviates from similar normal records.,isolation_forest+feature_contribution,True,2026-07-26T11:37:38.084834
a77f0631-f6e1-4576-b99f-7dfecb19c03b,I220666,shopping_mall,anomaly,Viaport Outlet,Kanyon,0.1038,high,0.5,Column 'shopping_mall' deviates from similar normal records.,isolation_forest+feature_contribution,True,2026-07-26T11:37:38.139911
b4369b9d-e462-4123-9dca-daa51cc2f935,I315590,shopping_mall,anomaly,Viaport Outlet,Metrocity,0.001,high,0.5,Column 'shopping_mall' deviates from similar normal records.,isolation_forest+feature_contribution,True,2026-07-26T11:37:38.155555
e48720e2-6546-44b0-bbce-cabf3c172e2d,I173997,shopping_mall,anomaly,Zorlu Center,Mall of Istanbul,0.0081,high,0.5,Column 'shopping_mall' deviates from similar normal records.,isolation_forest+feature_contribution,True,2026-07-26T11:37:38.187366
db94c1d2-be8e-42b3-86c9-7a7b207eca5f,I199199,shopping_mall,anomaly,Viaport Outlet,Mall of Istanbul,0.1051,high,0.5,Column 'shopping_mall' deviates from similar normal records.,isolation_forest+feature_contribution,True,2026-07-26T11:37:38.204764
6c52bde9-5e1c-424a-95f6-435da094bc47,I263101,category,anomaly,Books,Books,0.0416,high,0.5,Column 'category' deviates from similar normal records.,isolation_forest+feature_contribution,True,2026-07-26T11:37:38.220565
1e78c718-1352-4dd3-97ed-62ef07481ab8,I551066,shopping_mall,anomaly,Forum Istanbul,Emaar Square Mall,0.0208,high,0.5,Column 'shopping_mall' deviates from similar normal records.,isolation_forest+feature_contribution,True,2026-07-26T11:37:38.236362
57c7fadf-4776-4d14-89f3-48f439ea8735,I804938,category,anomaly,Souvenir,Cosmetics,0.0618,high,0.5,Column 'category' deviates from similar normal records.,isolation_forest+feature_contribution,True,2026-07-26T11:37:38.252153
1a80c228-7a05-4b9a-a61c-7eaa6a16c7f5,I133386,shopping_mall,anomaly,Forum Istanbul,Forum Istanbul,0.036,high,0.5,Column 'shopping_mall' deviates from similar normal records.,isolation_forest+feature_contribution,True,2026-07-26T11:37:38.418688
642b7cac-83ee-4955-85f6-5756dadc38f8,I209652,payment_method,anomaly,Credit Card,Cash,0.0071,high,0.5,Column 'payment_method' deviates from similar normal records.,isolation_forest+feature_contribution,True,2026-07-26T11:37:38.700023
326305b1-a86b-4af3-8162-8fa7624bd8dd,I210508,shopping_mall,anomaly,Forum Istanbul,Mall of Istanbul,0.0268,high,0.5,Column 'shopping_mall' deviates from similar normal records.,isolation_forest+feature_contribution,True,2026-07-26T11:37:38.815607
7523efba-b69e-4354-8c26-60e6114f32e0,I188805,shopping_mall,anomaly,Zorlu Center,Metrocity,0.1466,high,0.5,Column 'shopping_mall' deviates from similar normal records.,isolation_forest+feature_contribution,True,2026-07-26T11:37:38.957332
be42b5b2-1f1c-4e9f-9bd9-b046655523e1,I279331,shopping_mall,anomaly,Viaport Outlet,Istinye Park,0.0082,high,0.5,Column 'shopping_mall' deviates from similar normal records.,isolation_forest+feature_contribution,True,2026-07-26T11:37:39.000856
61d028df-2779-43a0-94b7-d52a5413ff64,I306283,shopping_mall,anomaly,Emaar Square Mall,Emaar Square Mall,0.1679,high,0.5,Column 'shopping_mall' deviates from similar normal records.,isolation_forest+feature_contribution,True,2026-07-26T11:37:39.039055
30c10efa-f0fd-4583-863d-3298485c9a53,I298789,shopping_mall,anomaly,Metropol AVM,Mall of Istanbul,0.039,high,0.5,Column 'shopping_mall' deviates from similar normal records.,isolation_forest+feature_contribution,True,2026-07-26T11:37:39.108021
4d6acb68-bda8-4c84-92d5-c676c43056ad,I226467,shopping_mall,anomaly,Cevahir AVM,Mall of Istanbul,0.1289,high,0.5,Column 'shopping_mall' deviates from similar normal records.,isolation_forest+feature_contribution,True,2026-07-26T11:37:39.216071
5870784e-d41b-4695-b63f-8cd440163e30,I797284,payment_method,anomaly,Debit Card,Cash,0.1697,high,0.5,Column 'payment_method' deviates from similar normal records.,isolation_forest+feature_contribution,True,2026-07-26T11:37:39.323343
7c234550-a071-46f1-ad06-5aa3cd1a2c5c,I159345,shopping_mall,anomaly,Metropol AVM,Kanyon,0.0499,high,0.5,Column 'shopping_mall' deviates from similar normal records.,isolation_forest+feature_contribution,True,2026-07-26T11:37:39.361220
31599bda-0d98-4b43-a9bb-02213a730362,I279249,shopping_mall,anomaly,Viaport Outlet,Istinye Park,0.0007,high,0.5,Column 'shopping_mall' deviates from similar normal records.,isolation_forest+feature_contribution,True,2026-07-26T11:37:39.427581
d1f0a32d-f30e-48e7-8652-e81b0e41d3e1,I158659,shopping_mall,anomaly,Cevahir AVM,Mall of Istanbul,0.0617,high,0.5,Column 'shopping_mall' deviates from similar normal records.,isolation_forest+feature_contribution,True,2026-07-26T11:37:39.494908
cacb8829-3776-4f1f-8ad0-62db42eceffe,I964106,shopping_mall,anomaly,Forum Istanbul,Kanyon,0.1706,high,0.5,Column 'shopping_mall' deviates from similar normal records.,isolation_forest+feature_contribution,True,2026-07-26T11:37:39.567369
4614eaf4-4bcd-411c-b4f3-4ee3942d3d76,I684278,shopping_mall,anomaly,Cevahir AVM,Cevahir AVM,0.0874,high,0.5,Column 'shopping_mall' deviates from similar normal records.,isolation_forest+feature_contribution,True,2026-07-26T11:37:39.605855
ecd03ed7-9de4-4ff6-bd23-e61e5f11e342,I152064,category,anomaly,Souvenir,Souvenir,0.0365,high,0.5,Column 'category' deviates from similar normal records.,isolation_forest+feature_contribution,True,2026-07-26T11:37:39.621932
d150c6d9-6cff-43c3-9f81-0e6276d7e5cb,I281173,shopping_mall,anomaly,Viaport Outlet,Kanyon,0.1336,high,0.5,Column 'shopping_mall' deviates from similar normal records.,isolation_forest+feature_contribution,True,2026-07-26T11:37:39.636409
f5ca2de6-1d51-49e9-a2bd-e0c0a5a1a6dc,I123440,shopping_mall,anomaly,Viaport Outlet,Emaar Square Mall,0.0753,high,0.5,Column 'shopping_mall' deviates from similar normal records.,isolation_forest+feature_contribution,True,2026-07-26T11:37:39.672317
74923c65-32de-4810-bd1d-52514a1b37cc,I268178,shopping_mall,anomaly,Viaport Outlet,Mall of Istanbul,0.127,high,0.5,Column 'shopping_mall' deviates from similar normal records.,isolation_forest+feature_contribution,True,2026-07-26T11:37:39.847231
dfb7ab79-e77f-4bbf-a8ea-2b75c2077ade,I194617,shopping_mall,anomaly,Mall of Istanbul,Istinye Park,0.0654,high,0.5,Column 'shopping_mall' deviates from similar normal records.,isolation_forest+feature_contribution,True,2026-07-26T11:37:39.874675
b31cd04b-0897-4e00-976d-c9d858042074,I314150,shopping_mall,anomaly,Zorlu Center,Mall of Istanbul,0.0649,high,0.5,Column 'shopping_mall' deviates from similar normal records.,isolation_forest+feature_contribution,True,2026-07-26T11:37:39.968079
ac7d6198-33c7-4430-a56a-c194c826d6e5,I580090,shopping_mall,anomaly,Viaport Outlet,Istinye Park,0.0093,high,0.5,Column 'shopping_mall' deviates from similar normal records.,isolation_forest+feature_contribution,True,2026-07-26T11:37:39.988656
6f5b6ed5-a8a6-4210-9cf6-daf476d49e23,I151455,shopping_mall,anomaly,Zorlu Center,Mall of Istanbul,0.1312,high,0.5,Column 'shopping_mall' deviates from similar normal records.,isolation_forest+feature_contribution,True,2026-07-26T11:37:40.009632
b0de2f2f-f7ad-4987-81a7-bb70d4a33550,I153246,shopping_mall,anomaly,Cevahir AVM,Cevahir AVM,0.061,high,0.5,Column 'shopping_mall' deviates from similar normal records.,isolation_forest+feature_contribution,True,2026-07-26T11:37:40.061002
b1ff9cc2-1a07-46da-a9b7-8f6afd993ae1,I215416,shopping_mall,anomaly,Istinye Park,Mall of Istanbul,0.0891,high,0.5,Column 'shopping_mall' deviates from similar normal records.,isolation_forest+feature_contribution,True,2026-07-26T11:37:40.127998
eea73f7c-4bc2-4ec0-865e-e21b8b0ebdb9,I111084,shopping_mall,anomaly,Viaport Outlet,Cevahir AVM,0.0269,high,0.5,Column 'shopping_mall' deviates from similar normal records.,isolation_forest+feature_contribution,True,2026-07-26T11:37:40.148945
bec9d213-36fc-4682-a94d-f937867df668,I116839,shopping_mall,anomaly,Forum Istanbul,Kanyon,0.0398,high,0.5,Column 'shopping_mall' deviates from similar normal records.,isolation_forest+feature_contribution,True,2026-07-26T11:37:40.164061
4ebb4760-8cad-4ca9-b43d-887f06de1f1a,I209374,gender,anomaly,Male,Female,0.0168,high,0.5,Column 'gender' deviates from similar normal records.,isolation_forest+feature_contribution,True,2026-07-26T11:37:40.180259
b7d98c44-d9c2-4fc3-81e4-83f70057773f,I158160,shopping_mall,anomaly,Metropol AVM,Mall of Istanbul,0.0729,high,0.5,Column 'shopping_mall' deviates from similar normal records.,isolation_forest+feature_contribution,True,2026-07-26T11:37:40.407855
6de7bbf0-91a7-490c-ab8a-dfc83f1a0aaf,I107042,shopping_mall,anomaly,Zorlu Center,Metropol AVM,0.0489,high,0.5,Column 'shopping_mall' deviates from similar normal records.,isolation_forest+feature_contribution,True,2026-07-26T11:37:40.430107
fe5b8cbd-2efe-40e8-a228-27abb9477fea,I104783,payment_method,anomaly,Debit Card,Debit Card,0.1596,high,0.5,Column 'payment_method' deviates from similar normal records.,isolation_forest+feature_contribution,True,2026-07-26T11:37:40.467174
df2922b2-e6aa-4ccf-bd51-b710e0e0aa10,I561562,shopping_mall,anomaly,Istinye Park,Emaar Square Mall,0.0215,high,0.5,Column 'shopping_mall' deviates from similar normal records.,isolation_forest+feature_contribution,True,2026-07-26T11:37:40.541050
87e54376-4662-4011-be4f-3b5cedf907d0,I323913,shopping_mall,anomaly,Zorlu Center,Istinye Park,0.1738,high,0.5,Column 'shopping_mall' deviates from similar normal records.,isolation_forest+feature_contribution,True,2026-07-26T11:37:40.558104
26b9fc8a-15c8-488a-aefc-4e16f4d40f2a,I187440,shopping_mall,anomaly,Emaar Square Mall,Kanyon,0.1603,high,0.5,Column 'shopping_mall' deviates from similar normal records.,isolation_forest+feature_contribution,True,2026-07-26T11:37:40.779801
2c89115c-f2df-4c9c-aa5f-62e9d1c8b7ed,I188392,shopping_mall,anomaly,Istinye Park,Kanyon,0.0546,high,0.5,Column 'shopping_mall' deviates from similar normal records.,isolation_forest+feature_contribution,True,2026-07-26T11:37:40.826304
d89fc49e-4a11-42c8-94b4-142e3c2bf888,I193419,shopping_mall,anomaly,Metropol AVM,Mall of Istanbul,0.0282,high,0.5,Column 'shopping_mall' deviates from similar normal records.,isolation_forest+feature_contribution,True,2026-07-26T11:37:40.876748
996f9af0-6afd-4c57-83b8-2ba3e0fe2654,I105624,shopping_mall,anomaly,Cevahir AVM,Cevahir AVM,0.0224,high,0.5,Column 'shopping_mall' deviates from similar normal records.,isolation_forest+feature_contribution,True,2026-07-26T11:37:40.963955
82bce98c-bcf7-4a23-9cd6-c6a1d1986f72,I282996,payment_method,anomaly,Debit Card,Cash,0.1073,high,0.5,Column 'payment_method' deviates from similar normal records.,isolation_forest+feature_contribution,True,2026-07-26T11:37:41.056686
cd83775e-11bb-4a5e-abe5-ae17d50babff,I157615,shopping_mall,anomaly,Viaport Outlet,Metrocity,0.0144,high,0.5,Column 'shopping_mall' deviates from similar normal records.,isolation_forest+feature_contribution,True,2026-07-26T11:37:41.081126
7783e959-130d-4759-a9c6-430568538e45,I336773,category,anomaly,Souvenir,Food & Beverage,0.0676,high,0.5,Column 'category' deviates from similar normal records.,isolation_forest+feature_contribution,True,2026-07-26T11:37:41.223045
1b717e23-0060-4163-8799-074258951f45,I608830,payment_method,anomaly,Debit Card,Cash,0.0084,high,0.5,Column 'payment_method' deviates from similar normal records.,isolation_forest+feature_contribution,True,2026-07-26T11:37:41.242387
7e8c7ac3-24ae-4d93-9622-0effe30e70c0,I631809,shopping_mall,anomaly,Viaport Outlet,Kanyon,0.0758,high,0.5,Column 'shopping_mall' deviates from similar normal records.,isolation_forest+feature_contribution,True,2026-07-26T11:37:41.300571
c3b2b68b-c754-4b6b-b3e8-54b2daf2dc06,I218081,shopping_mall,anomaly,Metropol AVM,Cevahir AVM,0.0572,high,0.5,Column 'shopping_mall' deviates from similar normal records.,isolation_forest+feature_contribution,True,2026-07-26T11:37:41.321024
c60f0c92-f3b0-4cad-abce-c649d2222421,I222441,shopping_mall,anomaly,Emaar Square Mall,Kanyon,0.0595,high,0.5,Column 'shopping_mall' deviates from similar normal records.,isolation_forest+feature_contribution,True,2026-07-26T11:37:41.395596
c7de320c-9e5d-4331-8ac9-55eaa34864a6,I173920,shopping_mall,anomaly,Viaport Outlet,Mall of Istanbul,0.0464,high,0.5,Column 'shopping_mall' deviates from similar normal records.,isolation_forest+feature_contribution,True,2026-07-26T11:37:41.415431
cc8a7a4b-e8ef-4d8b-a7d7-7c7e7bbd0261,I168553,payment_method,anomaly,Debit Card,Cash,0.0358,high,0.5,Column 'payment_method' deviates from similar normal records.,isolation_forest+feature_contribution,True,2026-07-26T11:37:41.533057
f49633f6-6f53-4b84-aaa4-bca5242e71c4,I159367,category,anomaly,Toys,Cosmetics,0.0578,high,0.5,Column 'category' deviates from similar normal records.,isolation_forest+feature_contribution,True,2026-07-26T11:37:41.568725
55ffc2c2-7346-4383-86f7-c9554e3aa8c6,I667365,payment_method,anomaly,Debit Card,Cash,0.0347,high,0.5,Column 'payment_method' deviates from similar normal records.,isolation_forest+feature_contribution,True,2026-07-26T11:37:41.715333
ed011d63-15ae-4ce5-990f-983d68a8131d,I208419,shopping_mall,anomaly,Zorlu Center,Metropol AVM,0.0065,high,0.5,Column 'shopping_mall' deviates from similar normal records.,isolation_forest+feature_contribution,True,2026-07-26T11:37:41.742227
3e8599a9-7ad9-4fdf-a24b-37d7ad032c8f,I211092,shopping_mall,anomaly,Cevahir AVM,Cevahir AVM,0.0396,high,0.5,Column 'shopping_mall' deviates from similar normal records.,isolation_forest+feature_contribution,True,2026-07-26T11:37:41.816502
015a7ddf-f6e0-4ca5-beb4-af528700e344,I319080,payment_method,anomaly,Cash,Cash,0.0201,high,0.5,Column 'payment_method' deviates from similar normal records.,isolation_forest+feature_contribution,True,2026-07-26T11:37:41.836327
a134f5c4-291c-41a6-8de1-c806b1a99175,I284827,shopping_mall,anomaly,Cevahir AVM,Metropol AVM,0.1408,high,0.5,Column 'shopping_mall' deviates from similar normal records.,isolation_forest+feature_contribution,True,2026-07-26T11:37:41.935229
3ab1d1c4-c8c5-4a31-beaf-8143d30cd190,I115378,shopping_mall,anomaly,Cevahir AVM,Cevahir AVM,0.0518,high,0.5,Column 'shopping_mall' deviates from similar normal records.,isolation_forest+feature_contribution,True,2026-07-26T11:37:42.094921
00d21f71-eb4e-4720-80f5-1675c440e92f,I129210,payment_method,anomaly,Debit Card,Debit Card,0.1336,high,0.5,Column 'payment_method' deviates from similar normal records.,isolation_forest+feature_contribution,True,2026-07-26T11:37:42.193077
aa5d1979-7b39-4f8c-951a-57cf81182611,I444846,shopping_mall,anomaly,Cevahir AVM,Cevahir AVM,0.1062,high,0.5,Column 'shopping_mall' deviates from similar normal records.,isolation_forest+feature_contribution,True,2026-07-26T11:37:42.247054
15ae9556-117d-4b0d-b60a-4a3c25bcf71c,I133619,shopping_mall,anomaly,Forum Istanbul,Mall of Istanbul,0.0436,high,0.5,Column 'shopping_mall' deviates from similar normal records.,isolation_forest+feature_contribution,True,2026-07-26T11:37:42.262737
aece6971-108f-4f72-9eae-277252539f88,I317411,shopping_mall,anomaly,Zorlu Center,Kanyon,0.042,high,0.5,Column 'shopping_mall' deviates from similar normal records.,isolation_forest+feature_contribution,True,2026-07-26T11:37:42.342818
02075b84-df1f-4949-92ce-3f3850e92f25,I678866,shopping_mall,anomaly,Cevahir AVM,Cevahir AVM,0.004,high,0.5,Column 'shopping_mall' deviates from similar normal records.,isolation_forest+feature_contribution,True,2026-07-26T11:37:42.359488
2e750df8-9a9c-4fc2-ad9d-7ae18a77c74d,I132516,shopping_mall,anomaly,Viaport Outlet,Metrocity,0.0804,high,0.5,Column 'shopping_mall' deviates from similar normal records.,isolation_forest+feature_contribution,True,2026-07-26T11:37:42.381993
c323c15d-9186-4020-bc39-8d26000cfd37,I116954,shopping_mall,anomaly,Viaport Outlet,Istinye Park,0.1247,high,0.5,Column 'shopping_mall' deviates from similar normal records.,isolation_forest+feature_contribution,True,2026-07-26T11:37:42.440787
9f0067a3-c898-4447-9ce7-611b79ef0d06,I185588,shopping_mall,anomaly,Zorlu Center,Zorlu Center,0.0077,high,0.5,Column 'shopping_mall' deviates from similar normal records.,isolation_forest+feature_contribution,True,2026-07-26T11:37:42.460318
87822e80-7766-4dc8-a7df-5385c07aa48c,I980237,shopping_mall,anomaly,Forum Istanbul,Mall of Istanbul,0.0438,high,0.5,Column 'shopping_mall' deviates from similar normal records.,isolation_forest+feature_contribution,True,2026-07-26T11:37:42.530117
e0b9bcb9-8929-492d-9651-c10c1e1bd13b,I181587,shopping_mall,anomaly,Zorlu Center,Mall of Istanbul,0.0668,high,0.5,Column 'shopping_mall' deviates from similar normal records.,isolation_forest+feature_contribution,True,2026-07-26T11:37:42.547681
fe7c44c4-345b-49d9-9ad3-672e86ad7073,I104616,shopping_mall,anomaly,Cevahir AVM,Cevahir AVM,0.043,high,0.5,Column 'shopping_mall' deviates from similar normal records.,isolation_forest+feature_contribution,True,2026-07-26T11:37:42.571411
9831d608-d609-44b4-8dfe-70f9c5781ebf,I177010,shopping_mall,anomaly,Viaport Outlet,Emaar Square Mall,0.0685,high,0.5,Column 'shopping_mall' deviates from similar normal records.,isolation_forest+feature_contribution,True,2026-07-26T11:37:42.617033
a3d7df68-ab58-407a-99a3-0c4c26851818,I366906,shopping_mall,anomaly,Zorlu Center,Cevahir AVM,0.0146,high,0.5,Column 'shopping_mall' deviates from similar normal records.,isolation_forest+feature_contribution,True,2026-07-26T11:37:42.727222
e72fc024-e3bd-4e9b-a9b9-65c1a29efdae,I535564,shopping_mall,anomaly,Emaar Square Mall,Kanyon,0.0527,high,0.5,Column 'shopping_mall' deviates from similar normal records.,isolation_forest+feature_contribution,True,2026-07-26T11:37:42.832146
01750c73-e5ca-43cb-9acf-527672b43b8c,I214674,shopping_mall,anomaly,Viaport Outlet,Cevahir AVM,0.1101,high,0.5,Column 'shopping_mall' deviates from similar normal records.,isolation_forest+feature_contribution,True,2026-07-26T11:37:42.918278
229a258f-cbd7-49d0-802b-d194bfcc47fe,I291517,age_group,anomaly,56_plus,56_plus,0.0002,high,0.5,Column 'age_group' deviates from similar normal records.,isolation_forest+feature_contribution,True,2026-07-26T11:37:42.955558
b2c3329a-7280-453e-bdc5-978b07aa22d9,I276876,category,anomaly,Books,Souvenir,0.0503,high,0.5,Column 'category' deviates from similar normal records.,isolation_forest+feature_contribution,True,2026-07-26T11:37:42.991327
8adf71d3-5967-4d82-b99f-9129c010b44e,I236986,shopping_mall,anomaly,Zorlu Center,Kanyon,0.0923,high,0.5,Column 'shopping_mall' deviates from similar normal records.,isolation_forest+feature_contribution,True,2026-07-26T11:37:43.043860
2a62600e-8cc5-4d3f-ae7b-0d026673d1f4,I167985,payment_method,anomaly,Debit Card,Credit Card,0.1434,high,0.5,Column 'payment_method' deviates from similar normal records.,isolation_forest+feature_contribution,True,2026-07-26T11:37:43.246408
f23c9795-58d2-4fe9-89cf-aaa47c46c56e,I229087,payment_method,anomaly,Credit Card,Credit Card,0.0297,high,0.5,Column 'payment_method' deviates from similar normal records.,isolation_forest+feature_contribution,True,2026-07-26T11:37:43.313276
49103f49-06ee-4a2e-abb2-de02b53f725b,I261394,gender,anomaly,Male,Male,0.0599,high,0.5,Column 'gender' deviates from similar normal records.,isolation_forest+feature_contribution,True,2026-07-26T11:37:43.388865
799d1fb8-edfe-490e-8547-4140abc5747d,I183205,shopping_mall,anomaly,Zorlu Center,Emaar Square Mall,0.002,high,0.5,Column 'shopping_mall' deviates from similar normal records.,isolation_forest+feature_contribution,True,2026-07-26T11:37:43.409807
c3b74bc1-de5b-4a99-b646-3e522914007c,I214661,shopping_mall,anomaly,Metrocity,Mall of Istanbul,0.2411,high,0.5,Column 'shopping_mall' deviates from similar normal records.,isolation_forest+feature_contribution,True,2026-07-26T11:37:43.488962
15df1c83-5ffa-4cc5-a363-f30c0ebf8b93,I795238,shopping_mall,anomaly,Emaar Square Mall,Emaar Square Mall,0.0873,high,0.5,Column 'shopping_mall' deviates from similar normal records.,isolation_forest+feature_contribution,True,2026-07-26T11:37:43.672533
c4d66881-e13a-4041-afbe-1a5cb88da587,I237292,category,anomaly,Books,Books,0.1273,high,0.5,Column 'category' deviates from similar normal records.,isolation_forest+feature_contribution,True,2026-07-26T11:37:43.709418
e0e02c98-e2e7-42e7-baa4-376d3288d881,I192582,payment_method,anomaly,Debit Card,Cash,0.1005,high,0.5,Column 'payment_method' deviates from similar normal records.,isolation_forest+feature_contribution,True,2026-07-26T11:37:43.732573
64bec6a0-4968-4416-b28e-01e66662fed7,I106980,shopping_mall,anomaly,Zorlu Center,Emaar Square Mall,0.0695,high,0.5,Column 'shopping_mall' deviates from similar normal records.,isolation_forest+feature_contribution,True,2026-07-26T11:37:43.902522
4538e039-b07b-4690-80bc-7f08f6ffe18c,I158069,shopping_mall,anomaly,Cevahir AVM,Forum Istanbul,0.0247,high,0.5,Column 'shopping_mall' deviates from similar normal records.,isolation_forest+feature_contribution,True,2026-07-26T11:37:44.124099
aa267861-0244-434e-8032-600999dd98ba,I808626,shopping_mall,anomaly,Zorlu Center,Metropol AVM,0.1294,high,0.5,Column 'shopping_mall' deviates from similar normal records.,isolation_forest+feature_contribution,True,2026-07-26T11:37:44.176796
4177111f-dd78-4e7c-a1dd-f039c5dabfb7,I983893,shopping_mall,anomaly,Emaar Square Mall,Kanyon,0.0743,high,0.5,Column 'shopping_mall' deviates from similar normal records.,isolation_forest+feature_contribution,True,2026-07-26T11:37:44.192177
baf2f2f6-4a24-4d86-9de3-82f2ba1ca3b4,I124970,shopping_mall,anomaly,Zorlu Center,Cevahir AVM,0.0063,high,0.5,Column 'shopping_mall' deviates from similar normal records.,isolation_forest+feature_contribution,True,2026-07-26T11:37:44.302401
756f4d84-89a7-4db3-bcbc-fd0b4c17e4ba,I251296,shopping_mall,anomaly,Metropol AVM,Mall of Istanbul,0.0218,high,0.5,Column 'shopping_mall' deviates from similar normal records.,isolation_forest+feature_contribution,True,2026-07-26T11:37:44.500110
5cd86e15-77de-46ea-8ec7-dcbc58471ee6,I108169,payment_method,anomaly,Debit Card,Cash,0.014,high,0.5,Column 'payment_method' deviates from similar normal records.,isolation_forest+feature_contribution,True,2026-07-26T11:37:44.540075
dab9589e-19cc-4af5-a8bd-7e5b7d3fe232,I131303,shopping_mall,anomaly,Forum Istanbul,Mall of Istanbul,0.0138,high,0.5,Column 'shopping_mall' deviates from similar normal records.,isolation_forest+feature_contribution,True,2026-07-26T11:37:44.623174
086416f0-ea5c-46fb-99eb-8e15c91ae8c7,I158878,shopping_mall,anomaly,Zorlu Center,Forum Istanbul,0.0015,high,0.5,Column 'shopping_mall' deviates from similar normal records.,isolation_forest+feature_contribution,True,2026-07-26T11:37:44.643096
584ef084-2205-4c4e-9aba-8c92fa443469,I235864,shopping_mall,anomaly,Emaar Square Mall,Metrocity,0.1737,high,0.5,Column 'shopping_mall' deviates from similar normal records.,isolation_forest+feature_contribution,True,2026-07-26T11:37:44.819597
c595bbf8-4a9f-44a4-8bcb-48cf1a312b88,I232269,shopping_mall,anomaly,Cevahir AVM,Cevahir AVM,0.0567,high,0.5,Column 'shopping_mall' deviates from similar normal records.,isolation_forest+feature_contribution,True,2026-07-26T11:37:44.945746
1b72bc72-1ad2-44b9-bed2-67dc0fd69d62,I158625,shopping_mall,anomaly,Zorlu Center,Istinye Park,0.0846,high,0.5,Column 'shopping_mall' deviates from similar normal records.,isolation_forest+feature_contribution,True,2026-07-26T11:37:44.969496
60409e0e-f4c9-457b-8278-3af33a01be8d,I219152,shopping_mall,anomaly,Forum Istanbul,Mall of Istanbul,0.0126,high,0.5,Column 'shopping_mall' deviates from similar normal records.,isolation_forest+feature_contribution,True,2026-07-26T11:37:45.010697
00b9b0f4-60a4-4580-8f34-271d1d2bbaad,I221556,shopping_mall,anomaly,Cevahir AVM,Cevahir AVM,0.0736,high,0.5,Column 'shopping_mall' deviates from similar normal records.,isolation_forest+feature_contribution,True,2026-07-26T11:37:45.026666
f1fa4bce-fba0-41b2-bc6e-b461f74fe0ca,I130864,shopping_mall,anomaly,Forum Istanbul,Metropol AVM,0.0863,high,0.5,Column 'shopping_mall' deviates from similar normal records.,isolation_forest+feature_contribution,True,2026-07-26T11:37:45.141167
cda9cf54-3f4d-44a2-a454-834a786f63e9,I384730,shopping_mall,anomaly,Viaport Outlet,Mall of Istanbul,0.0164,high,0.5,Column 'shopping_mall' deviates from similar normal records.,isolation_forest+feature_contribution,True,2026-07-26T11:37:45.268887
a49b2d3d-8ede-4576-b51a-e1e69c10caee,I293333,shopping_mall,anomaly,Cevahir AVM,Metrocity,0.0016,high,0.5,Column 'shopping_mall' deviates from similar normal records.,isolation_forest+feature_contribution,True,2026-07-26T11:37:45.329495
d34c8527-b3e9-423a-99e2-28a6cd1a18b6,I306311,payment_method,anomaly,Debit Card,Credit Card,0.0502,high,0.5,Column 'payment_method' deviates from similar normal records.,isolation_forest+feature_contribution,True,2026-07-26T11:37:45.357636
b99a7075-5505-4316-86f7-549bc79d6a1c,I252831,shopping_mall,anomaly,Metrocity,Kanyon,0.0373,high,0.5,Column 'shopping_mall' deviates from similar normal records.,isolation_forest+feature_contribution,True,2026-07-26T11:37:45.625096
d49b8490-357c-4ebf-a65c-87deccfc7ecf,I190355,shopping_mall,anomaly,Cevahir AVM,Cevahir AVM,0.0698,high,0.5,Column 'shopping_mall' deviates from similar normal records.,isolation_forest+feature_contribution,True,2026-07-26T11:37:45.754061
0a7d474b-cf65-421a-9ec4-390e88f0fe88,I317813,shopping_mall,anomaly,Zorlu Center,Mall of Istanbul,0.0848,high,0.5,Column 'shopping_mall' deviates from similar normal records.,isolation_forest+feature_contribution,True,2026-07-26T11:37:45.850854
38737d8d-e4f3-4fb6-b6cb-be1629884e40,I162244,category,anomaly,Cosmetics,Cosmetics,0.0734,high,0.5,Column 'category' deviates from similar normal records.,isolation_forest+feature_contribution,True,2026-07-26T11:37:45.893284
ca10d8ad-c292-4275-9dd0-e2f94cb64318,I128385,shopping_mall,anomaly,Forum Istanbul,Emaar Square Mall,0.0067,high,0.5,Column 'shopping_mall' deviates from similar normal records.,isolation_forest+feature_contribution,True,2026-07-26T11:37:45.976605
16d6c921-0bf5-45ec-9249-1a677e0c9710,I309040,shopping_mall,anomaly,Forum Istanbul,Mall of Istanbul,0.095,high,0.5,Column 'shopping_mall' deviates from similar normal records.,isolation_forest+feature_contribution,True,2026-07-26T11:37:46.020791
9f31d001-2f20-420f-947a-be3fb6a53334,I227652,shopping_mall,anomaly,Viaport Outlet,Kanyon,0.1472,high,0.5,Column 'shopping_mall' deviates from similar normal records.,isolation_forest+feature_contribution,True,2026-07-26T11:37:46.033741
23377aa5-f383-4c18-83e8-3fbcaddc61b5,I189120,shopping_mall,anomaly,Metropol AVM,Metrocity,0.0376,high,0.5,Column 'shopping_mall' deviates from similar normal records.,isolation_forest+feature_contribution,True,2026-07-26T11:37:46.072932
090d7b92-2307-4cce-812a-fb0849ecc601,I250229,shopping_mall,anomaly,Metropol AVM,Emaar Square Mall,0.0429,high,0.5,Column 'shopping_mall' deviates from similar normal records.,isolation_forest+feature_contribution,True,2026-07-26T11:37:46.191861
690d5f98-2ca4-470f-a769-f0409a9611c7,I181728,shopping_mall,anomaly,Viaport Outlet,Metrocity,0.0928,high,0.5,Column 'shopping_mall' deviates from similar normal records.,isolation_forest+feature_contribution,True,2026-07-26T11:37:46.453168
d27612ff-3424-4d29-a467-f93f5cb9ed7b,I331125,shopping_mall,anomaly,Emaar Square Mall,Emaar Square Mall,0.0177,high,0.5,Column 'shopping_mall' deviates from similar normal records.,isolation_forest+feature_contribution,True,2026-07-26T11:37:46.471738
272f7fab-09ed-4fef-a2f0-808d3019f073,I282539,shopping_mall,anomaly,Kanyon,Mall of Istanbul,0.0415,high,0.5,Column 'shopping_mall' deviates from similar normal records.,isolation_forest+feature_contribution,True,2026-07-26T11:37:46.509218
21b836c6-3f79-4f08-8cb1-3c0e4587dc4e,I716603,shopping_mall,anomaly,Metropol AVM,Emaar Square Mall,0.004,high,0.5,Column 'shopping_mall' deviates from similar normal records.,isolation_forest+feature_contribution,True,2026-07-26T11:37:46.558263
97dba25e-52a2-41cc-836d-b13d6b2127eb,I210978,shopping_mall,anomaly,Viaport Outlet,Cevahir AVM,0.1342,high,0.5,Column 'shopping_mall' deviates from similar normal records.,isolation_forest+feature_contribution,True,2026-07-26T11:37:46.580998
991c6457-9e44-49bf-9530-6e92a1146a8d,I120604,shopping_mall,anomaly,Zorlu Center,Metrocity,0.0597,high,0.5,Column 'shopping_mall' deviates from similar normal records.,isolation_forest+feature_contribution,True,2026-07-26T11:37:46.600280
ed338409-9d20-4e18-8448-6531c157d976,I534991,shopping_mall,anomaly,Zorlu Center,Mall of Istanbul,0.016,high,0.5,Column 'shopping_mall' deviates from similar normal records.,isolation_forest+feature_contribution,True,2026-07-26T11:37:46.615568
bf55c6c1-fd17-40a0-94c5-c7c5f89e7523,I130449,shopping_mall,anomaly,Viaport Outlet,Kanyon,0.0219,high,0.5,Column 'shopping_mall' deviates from similar normal records.,isolation_forest+feature_contribution,True,2026-07-26T11:37:46.658007
50a9bd42-e250-40da-8902-85082d0dc83f,I453156,shopping_mall,anomaly,Forum Istanbul,Kanyon,0.1099,high,0.5,Column 'shopping_mall' deviates from similar normal records.,isolation_forest+feature_contribution,True,2026-07-26T11:37:46.721388
08f74936-ef28-4f92-9ecd-349bd9de1b5b,I306518,gender,anomaly,Male,Male,0.1948,high,0.5,Column 'gender' deviates from similar normal records.,isolation_forest+feature_contribution,True,2026-07-26T11:37:46.767859
e92329f1-f6b4-4640-a55f-9b409402d0ca,I156405,category,anomaly,Souvenir,Souvenir,0.0519,high,0.5,Column 'category' deviates from similar normal records.,isolation_forest+feature_contribution,True,2026-07-26T11:37:46.807464
f9492de0-8da3-4dd3-8e32-65f1e0321f35,I286515,shopping_mall,anomaly,Zorlu Center,Cevahir AVM,0.0647,high,0.5,Column 'shopping_mall' deviates from similar normal records.,isolation_forest+feature_contribution,True,2026-07-26T11:37:46.877360
56b1c90e-fdaf-409f-9719-eaa4afa7a66d,I172595,shopping_mall,anomaly,Forum Istanbul,Forum Istanbul,0.0019,high,0.5,Column 'shopping_mall' deviates from similar normal records.,isolation_forest+feature_contribution,True,2026-07-26T11:37:46.900762
507db6d4-73c0-40c8-b637-da13c12244a3,I314561,shopping_mall,anomaly,Emaar Square Mall,Mall of Istanbul,0.0173,high,0.5,Column 'shopping_mall' deviates from similar normal records.,isolation_forest+feature_contribution,True,2026-07-26T11:37:46.980802
cf1aa585-0c06-4330-bf9b-e1b94d7de294,I106945,payment_method,anomaly,Debit Card,Cash,0.2073,high,0.5,Column 'payment_method' deviates from similar normal records.,isolation_forest+feature_contribution,True,2026-07-26T11:37:47.084377
d3a5c421-2fb6-4317-b44b-47f3604ac9bd,I106945,shopping_mall,anomaly,Viaport Outlet,Kanyon,0.2073,high,0.5,Column 'shopping_mall' deviates from similar normal records.,isolation_forest+feature_contribution,True,2026-07-26T11:37:47.084377
a82526dd-47ec-444c-ad77-3e1f7599c256,I332263,shopping_mall,anomaly,Zorlu Center,Istinye Park,0.0596,high,0.5,Column 'shopping_mall' deviates from similar normal records.,isolation_forest+feature_contribution,True,2026-07-26T11:37:47.150956
48871545-8142-4dd4-9ee2-a0099e6cacd7,I164644,shopping_mall,anomaly,Emaar Square Mall,Emaar Square Mall,0.0366,high,0.5,Column 'shopping_mall' deviates from similar normal records.,isolation_forest+feature_contribution,True,2026-07-26T11:37:47.170552
0f36ef61-3804-4a01-a192-5809f4d87592,I279759,shopping_mall,anomaly,Mall of Istanbul,Forum Istanbul,0.0071,high,0.5,Column 'shopping_mall' deviates from similar normal records.,isolation_forest+feature_contribution,True,2026-07-26T11:37:47.190649
d1c4d0cc-9967-41c0-b14f-8d0104549515,I174573,shopping_mall,anomaly,Forum Istanbul,Mall of Istanbul,0.0635,high,0.5,Column 'shopping_mall' deviates from similar normal records.,isolation_forest+feature_contribution,True,2026-07-26T11:37:47.252860
fd615a59-39c5-4973-8661-c8ccb1fe159b,I310321,shopping_mall,anomaly,Mall of Istanbul,Mall of Istanbul,0.0914,high,0.5,Column 'shopping_mall' deviates from similar normal records.,isolation_forest+feature_contribution,True,2026-07-26T11:37:47.308338
eb1b22c7-96dc-40f8-aea3-a376c6bb44cc,I267412,shopping_mall,anomaly,Viaport Outlet,Mall of Istanbul,0.0166,high,0.5,Column 'shopping_mall' deviates from similar normal records.,isolation_forest+feature_contribution,True,2026-07-26T11:37:47.327623
f6457d8e-fea8-493f-8fd6-ff689f417ed0,I555309,shopping_mall,anomaly,Forum Istanbul,Kanyon,0.0387,high,0.5,Column 'shopping_mall' deviates from similar normal records.,isolation_forest+feature_contribution,True,2026-07-26T11:37:47.342982
3a133172-820c-4be1-840e-a48b5fe4d71b,I206724,payment_method,anomaly,Debit Card,Cash,0.0276,high,0.5,Column 'payment_method' deviates from similar normal records.,isolation_forest+feature_contribution,True,2026-07-26T11:37:47.493504
32a126e8-d805-4638-ad4b-e7e028983dfd,I816582,shopping_mall,anomaly,Forum Istanbul,Kanyon,0.023,high,0.5,Column 'shopping_mall' deviates from similar normal records.,isolation_forest+feature_contribution,True,2026-07-26T11:37:47.624239
d98c0f8a-0d50-486d-9088-0cfa1f38154e,I321980,category,anomaly,Toys,Toys,0.066,high,0.5,Column 'category' deviates from similar normal records.,isolation_forest+feature_contribution,True,2026-07-26T11:37:47.754309
c63c0623-f51b-4b17-b764-28de75b5ace4,I222192,payment_method,anomaly,Debit Card,Cash,0.0232,high,0.5,Column 'payment_method' deviates from similar normal records.,isolation_forest+feature_contribution,True,2026-07-26T11:37:47.861545
3ed96259-713b-48f4-acd0-f9eb44e80d6f,I745035,shopping_mall,anomaly,Zorlu Center,Mall of Istanbul,0.0895,high,0.5,Column 'shopping_mall' deviates from similar normal records.,isolation_forest+feature_contribution,True,2026-07-26T11:37:47.964243
3fe72192-b8d0-41b7-b77a-cf8ec600699d,I371495,category,anomaly,Toys,Toys,0.0271,high,0.5,Column 'category' deviates from similar normal records.,isolation_forest+feature_contribution,True,2026-07-26T11:37:47.981475
b7bce843-369c-49f5-831f-71aa5333a90e,I848825,shopping_mall,anomaly,Metrocity,Kanyon,0.0032,high,0.5,Column 'shopping_mall' deviates from similar normal records.,isolation_forest+feature_contribution,True,2026-07-26T11:37:48.143845
31b51a2a-3bac-4ec5-b11d-a4eb1d6ba8fe,I197816,shopping_mall,anomaly,Zorlu Center,Emaar Square Mall,0.0752,high,0.5,Column 'shopping_mall' deviates from similar normal records.,isolation_forest+feature_contribution,True,2026-07-26T11:37:48.532009
c501eb82-4e65-4b6b-9046-04d41299fbe2,I235938,shopping_mall,anomaly,Forum Istanbul,Kanyon,0.0193,high,0.5,Column 'shopping_mall' deviates from similar normal records.,isolation_forest+feature_contribution,True,2026-07-26T11:37:48.568429
5a969ec3-8ae9-4272-a7e0-f61dc6651111,I327144,shopping_mall,anomaly,Emaar Square Mall,Metrocity,0.0099,high,0.5,Column 'shopping_mall' deviates from similar normal records.,isolation_forest+feature_contribution,True,2026-07-26T11:37:48.583464
35915666-2f45-48c0-a736-c4bb2ae6f632,I351433,category,anomaly,Souvenir,Food & Beverage,0.081,high,0.5,Column 'category' deviates from similar normal records.,isolation_forest+feature_contribution,True,2026-07-26T11:37:48.657313
78d9dc12-51be-4f23-b2f0-8cc00aea785f,I218673,shopping_mall,anomaly,Metrocity,Metropol AVM,0.0281,high,0.5,Column 'shopping_mall' deviates from similar normal records.,isolation_forest+feature_contribution,True,2026-07-26T11:37:48.737892
3f6c872d-4c84-447f-87e4-7e27de283514,I189365,payment_method,anomaly,Debit Card,Credit Card,0.0033,high,0.5,Column 'payment_method' deviates from similar normal records.,isolation_forest+feature_contribution,True,2026-07-26T11:37:48.779101
a95f314b-0b30-4356-84b5-eb30ecdc25ac,I298978,payment_method,anomaly,Debit Card,Cash,0.2411,high,0.5,Column 'payment_method' deviates from similar normal records.,isolation_forest+feature_contribution,True,2026-07-26T11:37:48.864692
8a807ee9-992f-4791-90cd-6b67e71a218e,I298978,shopping_mall,anomaly,Viaport Outlet,Metrocity,0.2411,high,0.5,Column 'shopping_mall' deviates from similar normal records.,isolation_forest+feature_contribution,True,2026-07-26T11:37:48.866696
22c00330-3314-48af-ade6-d65f26cdec1e,I225446,shopping_mall,anomaly,Zorlu Center,Kanyon,0.0804,high,0.5,Column 'shopping_mall' deviates from similar normal records.,isolation_forest+feature_contribution,True,2026-07-26T11:37:48.995134
6f9bd1ed-162d-41cf-9293-92c9b4147b72,I136474,shopping_mall,anomaly,Forum Istanbul,Forum Istanbul,0.0382,high,0.5,Column 'shopping_mall' deviates from similar normal records.,isolation_forest+feature_contribution,True,2026-07-26T11:37:49.054467
2062131d-6ff3-4540-ad86-9ef5cdb42573,I122010,shopping_mall,anomaly,Viaport Outlet,Mall of Istanbul,0.0934,high,0.5,Column 'shopping_mall' deviates from similar normal records.,isolation_forest+feature_contribution,True,2026-07-26T11:37:49.160767
f60b1f8c-b4fb-45f8-95a3-5a867e8253bd,I228339,shopping_mall,anomaly,Mall of Istanbul,Mall of Istanbul,0.0291,high,0.5,Column 'shopping_mall' deviates from similar normal records.,isolation_forest+feature_contribution,True,2026-07-26T11:37:49.178778
6ac39338-cdad-4748-9c77-a344b63f94d5,I930274,shopping_mall,anomaly,Metropol AVM,Cevahir AVM,0.0249,high,0.5,Column 'shopping_mall' deviates from similar normal records.,isolation_forest+feature_contribution,True,2026-07-26T11:37:49.307863
edb19e63-3b19-4f1e-910c-44406f0abb81,I158714,shopping_mall,anomaly,Viaport Outlet,Viaport Outlet,0.1559,high,0.5,Column 'shopping_mall' deviates from similar normal records.,isolation_forest+feature_contribution,True,2026-07-26T11:37:49.330324
20fa63dc-c934-4194-8bbc-a9d7e86d5aa1,I310888,payment_method,anomaly,Debit Card,Credit Card,0.1692,high,0.5,Column 'payment_method' deviates from similar normal records.,isolation_forest+feature_contribution,True,2026-07-26T11:37:49.349096
a61d7a37-fa72-4e46-a44e-d0128f1484b7,I237744,payment_method,anomaly,Debit Card,Cash,0.0287,high,0.5,Column 'payment_method' deviates from similar normal records.,isolation_forest+feature_contribution,True,2026-07-26T11:37:49.414417
b7e11576-e6e1-4b50-a83a-41a050717793,I182885,shopping_mall,anomaly,Cevahir AVM,Metropol AVM,0.0801,high,0.5,Column 'shopping_mall' deviates from similar normal records.,isolation_forest+feature_contribution,True,2026-07-26T11:37:49.525016
80354977-942d-4e4d-a2de-0e6fa8f128c5,I291727,payment_method,anomaly,Debit Card,Cash,0.0185,high,0.5,Column 'payment_method' deviates from similar normal records.,isolation_forest+feature_contribution,True,2026-07-26T11:37:49.705392
7193832f-1ff9-4060-9b1e-364ae3e024d4,I282454,shopping_mall,anomaly,Zorlu Center,Istinye Park,0.0455,high,0.5,Column 'shopping_mall' deviates from similar normal records.,isolation_forest+feature_contribution,True,2026-07-26T11:37:49.844888
d8b60c43-90f5-4961-b32e-5c150de78fa4,I428548,shopping_mall,anomaly,Kanyon,Metrocity,0.0165,high,0.5,Column 'shopping_mall' deviates from similar normal records.,isolation_forest+feature_contribution,True,2026-07-26T11:37:49.878275
ca96fc59-129d-4301-b3a5-a9154f4a22d0,I654585,shopping_mall,anomaly,Emaar Square Mall,Cevahir AVM,0.0708,high,0.5,Column 'shopping_mall' deviates from similar normal records.,isolation_forest+feature_contribution,True,2026-07-26T11:37:49.897754
7bb1a0c6-c4b4-44a2-857b-d60d39b4263b,I152068,category,anomaly,Toys,Cosmetics,0.0506,high,0.5,Column 'category' deviates from similar normal records.,isolation_forest+feature_contribution,True,2026-07-26T11:37:49.960180
890cd2d7-7da4-4402-933e-8f2bd53b6095,I152068,shopping_mall,anomaly,Metropol AVM,Zorlu Center,0.0506,high,0.5,Column 'shopping_mall' deviates from similar normal records.,isolation_forest+feature_contribution,True,2026-07-26T11:37:49.960180
db6081ef-3803-4cce-819d-5eb9817cee35,I272897,shopping_mall,anomaly,Cevahir AVM,Emaar Square Mall,0.1004,high,0.5,Column 'shopping_mall' deviates from similar normal records.,isolation_forest+feature_contribution,True,2026-07-26T11:37:50.023327
63a081cf-47e9-4734-a1a2-6247d982e714,I174437,shopping_mall,anomaly,Zorlu Center,Forum Istanbul,0.0697,high,0.5,Column 'shopping_mall' deviates from similar normal records.,isolation_forest+feature_contribution,True,2026-07-26T11:37:50.113380
5abf101e-5d4c-46e3-a1d6-e8c71f60e89b,I555079,category,anomaly,Food & Beverage,Food & Beverage,0.0325,high,0.5,Column 'category' deviates from similar normal records.,isolation_forest+feature_contribution,True,2026-07-26T11:37:50.417120
5d29637f-e890-4dc0-ba99-7645def31672,I225095,shopping_mall,anomaly,Metropol AVM,Metropol AVM,0.0416,high,0.5,Column 'shopping_mall' deviates from similar normal records.,isolation_forest+feature_contribution,True,2026-07-26T11:37:50.462274
ada2b29e-4622-4c39-bbf2-969437b6f81c,I705120,shopping_mall,anomaly,Forum Istanbul,Kanyon,0.0247,high,0.5,Column 'shopping_mall' deviates from similar normal records.,isolation_forest+feature_contribution,True,2026-07-26T11:37:50.500507
455b72e9-db5d-43bc-88a9-22424e88e0c0,I490089,payment_method,anomaly,Debit Card,Cash,0.0378,high,0.5,Column 'payment_method' deviates from similar normal records.,isolation_forest+feature_contribution,True,2026-07-26T11:37:50.541906
8d4649c9-0db2-4630-b77a-97c1650a9dab,I202554,shopping_mall,anomaly,Forum Istanbul,Mall of Istanbul,0.0027,high,0.5,Column 'shopping_mall' deviates from similar normal records.,isolation_forest+feature_contribution,True,2026-07-26T11:37:50.611779
4cefdd76-69db-4d06-948d-e802471573ce,I294618,shopping_mall,anomaly,Zorlu Center,Forum Istanbul,0.0038,high,0.5,Column 'shopping_mall' deviates from similar normal records.,isolation_forest+feature_contribution,True,2026-07-26T11:37:50.693472
fad1403e-a194-4a21-b9a7-0b63e875cfa3,I672598,category,anomaly,Souvenir,Books,0.0012,high,0.5,Column 'category' deviates from similar normal records.,isolation_forest+feature_contribution,True,2026-07-26T11:37:50.726427
f8fb9439-2e34-4066-ac10-354431546768,I109416,shopping_mall,anomaly,Viaport Outlet,Metropol AVM,0.0175,high,0.5,Column 'shopping_mall' deviates from similar normal records.,isolation_forest+feature_contribution,True,2026-07-26T11:37:50.746607
e61edb6f-a676-471a-a167-3f49ea244be5,I809156,category,anomaly,Food & Beverage,Food & Beverage,0.0314,high,0.5,Column 'category' deviates from similar normal records.,isolation_forest+feature_contribution,True,2026-07-26T11:37:50.813877
ffc20958-990b-4e4d-b734-2d35b22a1942,I309129,shopping_mall,anomaly,Viaport Outlet,Mall of Istanbul,0.0608,high,0.5,Column 'shopping_mall' deviates from similar normal records.,isolation_forest+feature_contribution,True,2026-07-26T11:37:50.832450
4ee908bd-cae3-4723-9c2d-6e03116d9df3,I225110,shopping_mall,anomaly,Cevahir AVM,Metropol AVM,0.0178,high,0.5,Column 'shopping_mall' deviates from similar normal records.,isolation_forest+feature_contribution,True,2026-07-26T11:37:50.871260
17a35c05-a889-4faa-be29-97b2c15a7fbe,I223578,shopping_mall,anomaly,Viaport Outlet,Kanyon,0.086,high,0.5,Column 'shopping_mall' deviates from similar normal records.,isolation_forest+feature_contribution,True,2026-07-26T11:37:50.920746
8fe3fb9a-6fc7-41b3-979f-a199afeeb2c5,I320807,shopping_mall,anomaly,Viaport Outlet,Viaport Outlet,0.1237,high,0.5,Column 'shopping_mall' deviates from similar normal records.,isolation_forest+feature_contribution,True,2026-07-26T11:37:51.035820
37d5132b-bbcb-4cb4-97bc-fd6cf4e31e5d,I254374,shopping_mall,anomaly,Istinye Park,Mall of Istanbul,0.0814,high,0.5,Column 'shopping_mall' deviates from similar normal records.,isolation_forest+feature_contribution,True,2026-07-26T11:37:51.097098
0b91c62e-caba-4241-a1c1-5f0b24d5e5ca,I457739,shopping_mall,anomaly,Metropol AVM,Mall of Istanbul,0.0743,high,0.5,Column 'shopping_mall' deviates from similar normal records.,isolation_forest+feature_contribution,True,2026-07-26T11:37:51.159682
79d2df9c-617b-49b0-b588-5d550f46b144,I164362,shopping_mall,anomaly,Forum Istanbul,Cevahir AVM,0.0837,high,0.5,Column 'shopping_mall' deviates from similar normal records.,isolation_forest+feature_contribution,True,2026-07-26T11:37:51.274249
0b21b12d-7c2f-4456-ac61-7b4b79eef82d,I301360,shopping_mall,anomaly,Forum Istanbul,Kanyon,0.0978,high,0.5,Column 'shopping_mall' deviates from similar normal records.,isolation_forest+feature_contribution,True,2026-07-26T11:37:51.467715
8bf06055-a51a-4cab-917c-9203c2d05e73,I137151,payment_method,anomaly,Credit Card,Cash,0.0218,high,0.5,Column 'payment_method' deviates from similar normal records.,isolation_forest+feature_contribution,True,2026-07-26T11:37:51.741708
a56184bd-3358-4544-9373-10ad4618502a,I748093,shopping_mall,anomaly,Viaport Outlet,Kanyon,0.035,high,0.5,Column 'shopping_mall' deviates from similar normal records.,isolation_forest+feature_contribution,True,2026-07-26T11:37:51.880031
ceca3b57-f997-48b5-8229-c6e066d6da6f,I324492,shopping_mall,anomaly,Cevahir AVM,Cevahir AVM,0.0008,high,0.5,Column 'shopping_mall' deviates from similar normal records.,isolation_forest+feature_contribution,True,2026-07-26T11:37:51.943769
5d0e84f9-421e-46f6-a230-261c49b16b42,I734843,payment_method,anomaly,Debit Card,Cash,0.0298,high,0.5,Column 'payment_method' deviates from similar normal records.,isolation_forest+feature_contribution,True,2026-07-26T11:37:51.960909
9cab6ac5-adae-4417-b4ad-8687262f3702,I210763,shopping_mall,anomaly,Forum Istanbul,Cevahir AVM,0.062,high,0.5,Column 'shopping_mall' deviates from similar normal records.,isolation_forest+feature_contribution,True,2026-07-26T11:37:51.978454
c9b0c3b4-dc46-41c3-b9b5-baa13cec595e,I230325,shopping_mall,anomaly,Viaport Outlet,Mall of Istanbul,0.0127,high,0.5,Column 'shopping_mall' deviates from similar normal records.,isolation_forest+feature_contribution,True,2026-07-26T11:37:52.016066
242db774-ef98-4be1-8907-f48aaee9e17e,I333302,shopping_mall,anomaly,Zorlu Center,Mall of Istanbul,0.0738,high,0.5,Column 'shopping_mall' deviates from similar normal records.,isolation_forest+feature_contribution,True,2026-07-26T11:37:52.055431
acd7034c-561a-4ab4-b378-05e061c08d1e,I188482,shopping_mall,anomaly,Cevahir AVM,Metrocity,0.0611,high,0.5,Column 'shopping_mall' deviates from similar normal records.,isolation_forest+feature_contribution,True,2026-07-26T11:37:52.098889
b751d7e9-de62-4bfe-bc62-ba21387a48c6,I188576,shopping_mall,anomaly,Cevahir AVM,Cevahir AVM,0.2311,high,0.5,Column 'shopping_mall' deviates from similar normal records.,isolation_forest+feature_contribution,True,2026-07-26T11:37:52.203291
edb3eeca-4d7f-49de-862d-cbf37be17eb7,I190366,shopping_mall,anomaly,Emaar Square Mall,Metrocity,0.0409,high,0.5,Column 'shopping_mall' deviates from similar normal records.,isolation_forest+feature_contribution,True,2026-07-26T11:37:52.264059
2bbed99f-47dd-49e3-b0db-b68eb3572763,I284267,shopping_mall,anomaly,Viaport Outlet,Forum Istanbul,0.0759,high,0.5,Column 'shopping_mall' deviates from similar normal records.,isolation_forest+feature_contribution,True,2026-07-26T11:37:52.281869
eb6bf08b-b043-4915-8172-db17177e07f3,I164931,shopping_mall,anomaly,Viaport Outlet,Kanyon,0.0204,high,0.5,Column 'shopping_mall' deviates from similar normal records.,isolation_forest+feature_contribution,True,2026-07-26T11:37:52.315904
241d3b5d-1459-4fa7-8362-8e0dce378fa4,I141676,shopping_mall,anomaly,Zorlu Center,Cevahir AVM,0.0746,high,0.5,Column 'shopping_mall' deviates from similar normal records.,isolation_forest+feature_contribution,True,2026-07-26T11:37:52.424062
821572b4-925c-4392-8deb-f17f56bdac78,I125020,shopping_mall,anomaly,Metropol AVM,Kanyon,0.0207,high,0.5,Column 'shopping_mall' deviates from similar normal records.,isolation_forest+feature_contribution,True,2026-07-26T11:37:52.446353
745a50d9-cc74-4a5d-b7c8-9e4be1429937,I196326,category,anomaly,Books,Food & Beverage,0.0167,high,0.5,Column 'category' deviates from similar normal records.,isolation_forest+feature_contribution,True,2026-07-26T11:37:52.534490
0ac094b4-ffa9-461e-9d2b-de4b90b7040b,I212270,shopping_mall,anomaly,Emaar Square Mall,Kanyon,0.1007,high,0.5,Column 'shopping_mall' deviates from similar normal records.,isolation_forest+feature_contribution,True,2026-07-26T11:37:52.637955
c80553b9-5e7a-462a-938f-e49eb82bab1f,I122660,shopping_mall,anomaly,Viaport Outlet,Mall of Istanbul,0.0833,high,0.5,Column 'shopping_mall' deviates from similar normal records.,isolation_forest+feature_contribution,True,2026-07-26T11:37:52.717591
fd31e2ee-3b9c-403b-9052-436db1acd153,I181779,shopping_mall,anomaly,Zorlu Center,Kanyon,0.0243,high,0.5,Column 'shopping_mall' deviates from similar normal records.,isolation_forest+feature_contribution,True,2026-07-26T11:37:52.751034
0a864b45-188d-4e05-81fa-92c3c7019cc3,I580531,shopping_mall,anomaly,Cevahir AVM,Cevahir AVM,0.0964,high,0.5,Column 'shopping_mall' deviates from similar normal records.,isolation_forest+feature_contribution,True,2026-07-26T11:37:52.902598
1c3573fd-3cca-42c3-8123-d9931e3e1057,I197051,shopping_mall,anomaly,Metropol AVM,Kanyon,0.1016,high,0.5,Column 'shopping_mall' deviates from similar normal records.,isolation_forest+feature_contribution,True,2026-07-26T11:37:52.940255
57197db3-a613-42ac-91f2-2a2f80b9b2e1,I850992,shopping_mall,anomaly,Emaar Square Mall,Kanyon,0.1453,high,0.5,Column 'shopping_mall' deviates from similar normal records.,isolation_forest+feature_contribution,True,2026-07-26T11:37:52.964085
10a4c79c-d08f-4ae0-9551-d6064a739216,I859994,shopping_mall,anomaly,Forum Istanbul,Mall of Istanbul,0.0157,high,0.5,Column 'shopping_mall' deviates from similar normal records.,isolation_forest+feature_contribution,True,2026-07-26T11:37:53.050423
b9b93a6c-78d8-4fcb-bdc7-7091e4d706aa,I163570,payment_method,anomaly,Credit Card,Cash,0.084,high,0.5,Column 'payment_method' deviates from similar normal records.,isolation_forest+feature_contribution,True,2026-07-26T11:37:53.066420
ceae055f-11f8-4025-aa4b-6b181bcb1c06,I865641,shopping_mall,anomaly,Kanyon,Kanyon,0.0072,high,0.5,Column 'shopping_mall' deviates from similar normal records.,isolation_forest+feature_contribution,True,2026-07-26T11:37:53.109801
9958dbb8-a1f8-4e54-9639-d5860acac7f1,I181323,shopping_mall,anomaly,Viaport Outlet,Istinye Park,0.0672,high,0.5,Column 'shopping_mall' deviates from similar normal records.,isolation_forest+feature_contribution,True,2026-07-26T11:37:53.154688
6ba10f14-cf44-423e-9b20-9574effa9e90,I174936,payment_method,anomaly,Debit Card,Cash,0.0223,high,0.5,Column 'payment_method' deviates from similar normal records.,isolation_forest+feature_contribution,True,2026-07-26T11:37:53.197577
098ad01a-8d89-42da-9e48-59be5e0a9841,I118941,shopping_mall,anomaly,Emaar Square Mall,Mall of Istanbul,0.074,high,0.5,Column 'shopping_mall' deviates from similar normal records.,isolation_forest+feature_contribution,True,2026-07-26T11:37:53.218783
8a296811-ce17-40cf-a3c3-7da7963d67d1,I642702,shopping_mall,anomaly,Viaport Outlet,Istinye Park,0.0108,high,0.5,Column 'shopping_mall' deviates from similar normal records.,isolation_forest+feature_contribution,True,2026-07-26T11:37:53.257060
a7e33436-fea8-4902-b795-0e693979a7be,I270758,shopping_mall,anomaly,Kanyon,Kanyon,0.006,high,0.5,Column 'shopping_mall' deviates from similar normal records.,isolation_forest+feature_contribution,True,2026-07-26T11:37:53.279223
f4f4dc64-e4f1-4dc9-8ba2-9462a264f2ef,I422015,shopping_mall,anomaly,Emaar Square Mall,Mall of Istanbul,0.005,high,0.5,Column 'shopping_mall' deviates from similar normal records.,isolation_forest+feature_contribution,True,2026-07-26T11:37:53.341062
1aacc0fc-3ec5-4ec3-8d01-61442874c0de,I148535,shopping_mall,anomaly,Emaar Square Mall,Metropol AVM,0.0396,high,0.5,Column 'shopping_mall' deviates from similar normal records.,isolation_forest+feature_contribution,True,2026-07-26T11:37:53.361111
708401f3-861c-4e39-a85a-ba1dadb6aef3,I121798,shopping_mall,anomaly,Cevahir AVM,Mall of Istanbul,0.0692,high,0.5,Column 'shopping_mall' deviates from similar normal records.,isolation_forest+feature_contribution,True,2026-07-26T11:37:53.399128
606ac731-3c1d-4aa0-93a0-91999224dcf8,I904576,shopping_mall,anomaly,Emaar Square Mall,Kanyon,0.1424,high,0.5,Column 'shopping_mall' deviates from similar normal records.,isolation_forest+feature_contribution,True,2026-07-26T11:37:53.418955
3f79c228-bfb3-4f96-9810-da4d2f7c61f5,I117110,shopping_mall,anomaly,Metropol AVM,Mall of Istanbul,0.0025,high,0.5,Column 'shopping_mall' deviates from similar normal records.,isolation_forest+feature_contribution,True,2026-07-26T11:37:53.472448
453fd41a-7266-4dd3-8b96-468bbf45aa82,I143967,payment_method,anomaly,Debit Card,Cash,0.0415,high,0.5,Column 'payment_method' deviates from similar normal records.,isolation_forest+feature_contribution,True,2026-07-26T11:37:53.494183
1f900fc9-faa6-4a3b-8979-6491e29fc04f,I145874,shopping_mall,anomaly,Viaport Outlet,Mall of Istanbul,0.034,high,0.5,Column 'shopping_mall' deviates from similar normal records.,isolation_forest+feature_contribution,True,2026-07-26T11:37:53.652162
207712e3-b6b7-4537-a72f-5402316dad2a,I203002,payment_method,anomaly,Debit Card,Cash,0.0494,high,0.5,Column 'payment_method' deviates from similar normal records.,isolation_forest+feature_contribution,True,2026-07-26T11:37:53.745114
59e57d2f-1388-4b3c-8d71-c00fb1e96ed4,I268411,shopping_mall,anomaly,Emaar Square Mall,Metropol AVM,0.0049,high,0.5,Column 'shopping_mall' deviates from similar normal records.,isolation_forest+feature_contribution,True,2026-07-26T11:37:53.945498
33684fa0-ac48-48f1-b16b-37b01c13b1a7,I398767,shopping_mall,anomaly,Zorlu Center,Metrocity,0.0263,high,0.5,Column 'shopping_mall' deviates from similar normal records.,isolation_forest+feature_contribution,True,2026-07-26T11:37:53.966444
599569df-79d8-498d-bee3-ea85488bf9dd,I190615,shopping_mall,anomaly,Forum Istanbul,Kanyon,0.0283,high,0.5,Column 'shopping_mall' deviates from similar normal records.,isolation_forest+feature_contribution,True,2026-07-26T11:37:54.032177
1116ca54-3dff-4e8e-a43d-b4d10df519eb,I247953,shopping_mall,anomaly,Forum Istanbul,Metropol AVM,0.088,high,0.5,Column 'shopping_mall' deviates from similar normal records.,isolation_forest+feature_contribution,True,2026-07-26T11:37:54.056047
8cfb2e18-8b25-4ab5-be93-e16834800071,I122581,shopping_mall,anomaly,Istinye Park,Forum Istanbul,0.1171,high,0.5,Column 'shopping_mall' deviates from similar normal records.,isolation_forest+feature_contribution,True,2026-07-26T11:37:54.164227
614e3acf-a576-474c-a436-da8050d4c75e,I183049,payment_method,anomaly,Debit Card,Cash,0.0223,high,0.5,Column 'payment_method' deviates from similar normal records.,isolation_forest+feature_contribution,True,2026-07-26T11:37:54.181639
99f0356d-199e-47d8-8bb2-d9e72f3170ba,I577172,shopping_mall,anomaly,Emaar Square Mall,Mall of Istanbul,0.0989,high,0.5,Column 'shopping_mall' deviates from similar normal records.,isolation_forest+feature_contribution,True,2026-07-26T11:37:54.270819
43069520-d00f-4f89-99b2-49ea1e41165e,I190201,shopping_mall,anomaly,Zorlu Center,Forum Istanbul,0.0416,high,0.5,Column 'shopping_mall' deviates from similar normal records.,isolation_forest+feature_contribution,True,2026-07-26T11:37:54.318258
2492e0ef-032d-447a-b202-201fe5a7e0fc,I278996,shopping_mall,anomaly,Cevahir AVM,Cevahir AVM,0.0207,high,0.5,Column 'shopping_mall' deviates from similar normal records.,isolation_forest+feature_contribution,True,2026-07-26T11:37:54.501581
79756002-1df8-465b-a3fc-670b0cfb2e1c,I141617,shopping_mall,anomaly,Zorlu Center,Cevahir AVM,0.0753,high,0.5,Column 'shopping_mall' deviates from similar normal records.,isolation_forest+feature_contribution,True,2026-07-26T11:37:54.565907
4a0a50ff-f8a2-46e9-afd3-4aa0c2ac7325,I232368,age_group,anomaly,26_35,26_35,0.0343,low,0.0,Column 'age_group' deviates from similar normal records.,isolation_forest+feature_contribution,True,2026-07-26T11:37:54.672272
afc1c0e1-27ba-464e-8816-b80623839dc8,I339779,gender,anomaly,Male,Male,0.0269,high,0.5,Column 'gender' deviates from similar normal records.,isolation_forest+feature_contribution,True,2026-07-26T11:37:54.863761
166f5cbd-30bc-48a6-855f-15028af31f53,I298976,shopping_mall,anomaly,Viaport Outlet,Cevahir AVM,0.0118,high,0.5,Column 'shopping_mall' deviates from similar normal records.,isolation_forest+feature_contribution,True,2026-07-26T11:37:54.949161
5a5c4aa6-cfc0-4acd-afb5-ef622953da2c,I101146,shopping_mall,anomaly,Viaport Outlet,Mall of Istanbul,0.0357,high,0.5,Column 'shopping_mall' deviates from similar normal records.,isolation_forest+feature_contribution,True,2026-07-26T11:37:55.030752
2afc3b05-a009-4b57-9ec9-c5103b5e6800,I339822,payment_method,anomaly,Debit Card,Cash,0.1083,high,0.5,Column 'payment_method' deviates from similar normal records.,isolation_forest+feature_contribution,True,2026-07-26T11:37:55.091966
fc637dd3-92aa-47c7-aa0a-8b557f308928,I237396,shopping_mall,anomaly,Viaport Outlet,Metrocity,0.0208,high,0.5,Column 'shopping_mall' deviates from similar normal records.,isolation_forest+feature_contribution,True,2026-07-26T11:37:55.111247
993e742a-d283-410d-9cec-7cd7094f5d4b,I282290,shopping_mall,anomaly,Viaport Outlet,Mall of Istanbul,0.0037,high,0.5,Column 'shopping_mall' deviates from similar normal records.,isolation_forest+feature_contribution,True,2026-07-26T11:37:55.152643
5a4cb8d7-3b6f-427b-8f36-39db25371d1a,I267699,shopping_mall,anomaly,Viaport Outlet,Kanyon,0.0202,high,0.5,Column 'shopping_mall' deviates from similar normal records.,isolation_forest+feature_contribution,True,2026-07-26T11:37:55.208229
edce62a3-5fa9-48d3-b380-b666ee687e3f,I333923,shopping_mall,anomaly,Viaport Outlet,Istinye Park,0.0636,high,0.5,Column 'shopping_mall' deviates from similar normal records.,isolation_forest+feature_contribution,True,2026-07-26T11:37:55.232002
c3560a99-7adf-4e90-95a0-4bbc794afed9,I150581,shopping_mall,anomaly,Viaport Outlet,Kanyon,0.0642,high,0.5,Column 'shopping_mall' deviates from similar normal records.,isolation_forest+feature_contribution,True,2026-07-26T11:37:55.253125
f55753ef-1ad2-46b6-b567-c61b9383918f,I234595,gender,anomaly,Female,Female,0.0774,high,0.5,Column 'gender' deviates from similar normal records.,isolation_forest+feature_contribution,True,2026-07-26T11:37:55.334284
243de853-65e7-440e-919e-22b54f92b45b,I186743,shopping_mall,anomaly,Emaar Square Mall,Metropol AVM,0.0449,high,0.5,Column 'shopping_mall' deviates from similar normal records.,isolation_forest+feature_contribution,True,2026-07-26T11:37:55.373563
4b6fb70e-ee53-45d3-99f3-6e8e2e49d0f2,I250504,shopping_mall,anomaly,Zorlu Center,Metrocity,0.0465,high,0.5,Column 'shopping_mall' deviates from similar normal records.,isolation_forest+feature_contribution,True,2026-07-26T11:37:55.411460
1c2b524b-dfe3-4c8a-8082-1dc3c31d90f8,I312511,payment_method,anomaly,Debit Card,Credit Card,0.0813,high,0.5,Column 'payment_method' deviates from similar normal records.,isolation_forest+feature_contribution,True,2026-07-26T11:37:55.763744
8e1b05a0-31f4-47b3-b666-33a15f7df6c0,I198808,shopping_mall,anomaly,Viaport Outlet,Kanyon,0.0132,high,0.5,Column 'shopping_mall' deviates from similar normal records.,isolation_forest+feature_contribution,True,2026-07-26T11:37:55.986162
7073be54-c0ff-4d1b-8bbc-8e5e3455ccf6,I907479,shopping_mall,anomaly,Kanyon,Kanyon,0.1081,high,0.5,Column 'shopping_mall' deviates from similar normal records.,isolation_forest+feature_contribution,True,2026-07-26T11:37:56.008804
25726056-2899-4a7b-9abc-29844484c6f5,I176007,shopping_mall,anomaly,Forum Istanbul,Emaar Square Mall,0.0158,high,0.5,Column 'shopping_mall' deviates from similar normal records.,isolation_forest+feature_contribution,True,2026-07-26T11:37:56.065372
862ac8ad-8463-4a8d-bec9-4a432d30d8ee,I313906,shopping_mall,anomaly,Metropol AVM,Kanyon,0.0125,high,0.5,Column 'shopping_mall' deviates from similar normal records.,isolation_forest+feature_contribution,True,2026-07-26T11:37:56.162592
20b2996b-3671-4ba9-a084-7dace310ef58,I704702,shopping_mall,anomaly,Emaar Square Mall,Istinye Park,0.0438,high,0.5,Column 'shopping_mall' deviates from similar normal records.,isolation_forest+feature_contribution,True,2026-07-26T11:37:56.236506
cd1b9130-cbca-46f3-b92a-980eb9e4c756,I207295,shopping_mall,anomaly,Zorlu Center,Mall of Istanbul,0.0036,high,0.5,Column 'shopping_mall' deviates from similar normal records.,isolation_forest+feature_contribution,True,2026-07-26T11:37:56.435446
1d600128-3720-4e10-a2eb-64c51babeb25,I191031,shopping_mall,anomaly,Viaport Outlet,Forum Istanbul,0.0499,high,0.5,Column 'shopping_mall' deviates from similar normal records.,isolation_forest+feature_contribution,True,2026-07-26T11:37:56.459835
50d49a4a-c6d7-4026-8190-9c18df21f78b,I134197,shopping_mall,anomaly,Viaport Outlet,Metrocity,0.0003,high,0.5,Column 'shopping_mall' deviates from similar normal records.,isolation_forest+feature_contribution,True,2026-07-26T11:37:56.648595
c1ceecce-1a5f-4d7e-92fd-b07940266183,I154640,shopping_mall,anomaly,Metropol AVM,Forum Istanbul,0.1116,high,0.5,Column 'shopping_mall' deviates from similar normal records.,isolation_forest+feature_contribution,True,2026-07-26T11:37:56.750724
e2d1d3f4-573c-4c3f-8ac6-7a550aa7b1a2,I150168,shopping_mall,anomaly,Mall of Istanbul,Mall of Istanbul,0.0033,high,0.5,Column 'shopping_mall' deviates from similar normal records.,isolation_forest+feature_contribution,True,2026-07-26T11:37:56.814148
aca0a602-ca6a-44c8-a78c-0bdc5e9013b4,I166454,shopping_mall,anomaly,Emaar Square Mall,Istinye Park,0.0315,high,0.5,Column 'shopping_mall' deviates from similar normal records.,isolation_forest+feature_contribution,True,2026-07-26T11:37:56.837949
2cbc62aa-b435-4c30-aece-eaa21e1b5797,I258595,category,anomaly,Souvenir,Food & Beverage,0.0954,high,0.5,Column 'category' deviates from similar normal records.,isolation_forest+feature_contribution,True,2026-07-26T11:37:56.876776
700a1074-2a4a-4c51-b445-a0884067e3b8,I258595,shopping_mall,anomaly,Cevahir AVM,Metrocity,0.0954,high,0.5,Column 'shopping_mall' deviates from similar normal records.,isolation_forest+feature_contribution,True,2026-07-26T11:37:56.876776
0aeddefd-d110-489f-9c59-8e5eeb11f7a9,I609140,shopping_mall,anomaly,Emaar Square Mall,Istinye Park,0.1246,high,0.5,Column 'shopping_mall' deviates from similar normal records.,isolation_forest+feature_contribution,True,2026-07-26T11:37:56.949134
b092b297-9146-4bd3-812f-f7a2b5ea98c2,I256734,payment_method,anomaly,Debit Card,Cash,0.0435,high,0.5,Column 'payment_method' deviates from similar normal records.,isolation_forest+feature_contribution,True,2026-07-26T11:37:56.993158
179ecdd6-75ec-4e97-9e32-36bda0336f34,I293761,shopping_mall,anomaly,Viaport Outlet,Metrocity,0.0646,high,0.5,Column 'shopping_mall' deviates from similar normal records.,isolation_forest+feature_contribution,True,2026-07-26T11:37:57.019213
66a72809-9369-4815-a3bf-3a8841b7c801,I301234,shopping_mall,anomaly,Emaar Square Mall,Emaar Square Mall,0.054,high,0.5,Column 'shopping_mall' deviates from similar normal records.,isolation_forest+feature_contribution,True,2026-07-26T11:37:57.105749
104f8f7b-790e-40a7-957a-1e5c8b4b3776,I309514,payment_method,anomaly,Debit Card,Cash,0.0916,high,0.5,Column 'payment_method' deviates from similar normal records.,isolation_forest+feature_contribution,True,2026-07-26T11:37:57.170583
1d5faba1-2d61-4e84-81ea-7e4e248d9637,I248551,shopping_mall,anomaly,Zorlu Center,Metropol AVM,0.1443,high,0.5,Column 'shopping_mall' deviates from similar normal records.,isolation_forest+feature_contribution,True,2026-07-26T11:37:57.279833
0260cc56-d486-4c6e-8190-d00a4901690b,I258394,shopping_mall,anomaly,Metropol AVM,Metrocity,0.0044,high,0.5,Column 'shopping_mall' deviates from similar normal records.,isolation_forest+feature_contribution,True,2026-07-26T11:37:57.536155
110255f4-bede-471e-b0c6-26eda575f69a,I117780,shopping_mall,anomaly,Zorlu Center,Metrocity,0.0368,high,0.5,Column 'shopping_mall' deviates from similar normal records.,isolation_forest+feature_contribution,True,2026-07-26T11:37:57.551899
4908b879-b434-4b02-b7c7-c5a8808968d6,I233397,shopping_mall,anomaly,Forum Istanbul,Emaar Square Mall,0.0479,high,0.5,Column 'shopping_mall' deviates from similar normal records.,isolation_forest+feature_contribution,True,2026-07-26T11:37:57.633502
f4401ad7-d43b-40c8-b224-794ad64390ac,I809996,category,anomaly,Toys,Toys,0.0652,high,0.5,Column 'category' deviates from similar normal records.,isolation_forest+feature_contribution,True,2026-07-26T11:37:57.657225
e72667e8-5e4c-43f1-9483-ebfc16601dc9,I981752,shopping_mall,anomaly,Cevahir AVM,Metropol AVM,0.1168,high,0.5,Column 'shopping_mall' deviates from similar normal records.,isolation_forest+feature_contribution,True,2026-07-26T11:37:57.816597
8eb406be-bac9-47ab-965a-c116c88f0c16,I951442,shopping_mall,anomaly,Forum Istanbul,Mall of Istanbul,0.1023,high,0.5,Column 'shopping_mall' deviates from similar normal records.,isolation_forest+feature_contribution,True,2026-07-26T11:37:57.921246
e39f3bef-7d66-42ca-8e3c-ed8d1cc74d47,I857770,shopping_mall,anomaly,Emaar Square Mall,Kanyon,0.0178,high,0.5,Column 'shopping_mall' deviates from similar normal records.,isolation_forest+feature_contribution,True,2026-07-26T11:37:57.984489
a723e5f9-229f-4b05-9b1c-72f0521d5630,I240243,shopping_mall,anomaly,Viaport Outlet,Mall of Istanbul,0.0228,high,0.5,Column 'shopping_mall' deviates from similar normal records.,isolation_forest+feature_contribution,True,2026-07-26T11:37:58.180281
ca2a9582-b627-4d84-b91c-cef707dce686,I530987,shopping_mall,anomaly,Zorlu Center,Metrocity,0.0084,high,0.5,Column 'shopping_mall' deviates from similar normal records.,isolation_forest+feature_contribution,True,2026-07-26T11:37:58.388348
60a4d588-00e7-4ad1-a437-989b0bae088a,I266315,shopping_mall,anomaly,Istinye Park,Cevahir AVM,0.0505,high,0.5,Column 'shopping_mall' deviates from similar normal records.,isolation_forest+feature_contribution,True,2026-07-26T11:37:58.410029
4536f338-c407-4b14-a540-64349225da65,I279063,shopping_mall,anomaly,Viaport Outlet,Cevahir AVM,0.0553,high,0.5,Column 'shopping_mall' deviates from similar normal records.,isolation_forest+feature_contribution,True,2026-07-26T11:37:58.455633
2bcf4379-0c6c-436a-ac1f-a2bb816db8f7,I297918,shopping_mall,anomaly,Cevahir AVM,Kanyon,0.1676,high,0.5,Column 'shopping_mall' deviates from similar normal records.,isolation_forest+feature_contribution,True,2026-07-26T11:37:58.574509
4deb7267-da73-455c-9d1b-0ec03d58b674,I288413,shopping_mall,anomaly,Cevahir AVM,Emaar Square Mall,0.0187,high,0.5,Column 'shopping_mall' deviates from similar normal records.,isolation_forest+feature_contribution,True,2026-07-26T11:37:58.696045
ddf2250b-85e6-45f8-82e2-b815c6e7967d,I111453,shopping_mall,anomaly,Metropol AVM,Mall of Istanbul,0.024,high,0.5,Column 'shopping_mall' deviates from similar normal records.,isolation_forest+feature_contribution,True,2026-07-26T11:37:58.774894
492d56b8-fc1a-48d8-be21-b8d5894375ed,I257038,payment_method,anomaly,Debit Card,Credit Card,0.0694,high,0.5,Column 'payment_method' deviates from similar normal records.,isolation_forest+feature_contribution,True,2026-07-26T11:37:58.923684
28853abc-306e-4809-823f-333946682610,I205318,category,anomaly,Souvenir,Food & Beverage,0.0814,high,0.5,Column 'category' deviates from similar normal records.,isolation_forest+feature_contribution,True,2026-07-26T11:37:58.966390
1a56d8a6-c1a5-4ade-856d-77c98911b179,I338387,payment_method,anomaly,Debit Card,Credit Card,0.009,high,0.5,Column 'payment_method' deviates from similar normal records.,isolation_forest+feature_contribution,True,2026-07-26T11:37:58.999444
8ec13258-c49c-485b-8edf-965037646558,I284504,shopping_mall,anomaly,Viaport Outlet,Cevahir AVM,0.0193,high,0.5,Column 'shopping_mall' deviates from similar normal records.,isolation_forest+feature_contribution,True,2026-07-26T11:37:59.079867
664e5c17-2c00-4ce1-96c1-cc49db0892ba,I113769,shopping_mall,anomaly,Zorlu Center,Metropol AVM,0.0348,high,0.5,Column 'shopping_mall' deviates from similar normal records.,isolation_forest+feature_contribution,True,2026-07-26T11:37:59.099797
b9b67152-4dd3-4181-8d06-0fb1592cbc69,I229363,shopping_mall,anomaly,Viaport Outlet,Mall of Istanbul,0.0479,high,0.5,Column 'shopping_mall' deviates from similar normal records.,isolation_forest+feature_contribution,True,2026-07-26T11:37:59.114932
e9d63e29-b00c-41ac-9f64-077dcdd194e5,I160733,shopping_mall,anomaly,Zorlu Center,Forum Istanbul,0.0885,high,0.5,Column 'shopping_mall' deviates from similar normal records.,isolation_forest+feature_contribution,True,2026-07-26T11:37:59.349057
37cb0288-dcb7-4958-9fd2-b1e03f6049df,I815884,category,anomaly,Souvenir,Food & Beverage,0.0143,high,0.5,Column 'category' deviates from similar normal records.,isolation_forest+feature_contribution,True,2026-07-26T11:37:59.513042
2a94b3a7-3d08-41d5-9808-2f7f6da239ad,I815884,shopping_mall,anomaly,Mall of Istanbul,Cevahir AVM,0.0143,high,0.5,Column 'shopping_mall' deviates from similar normal records.,isolation_forest+feature_contribution,True,2026-07-26T11:37:59.515045
9f5c6bc3-972e-4759-9afd-81b963b18808,I287746,payment_method,anomaly,Debit Card,Debit Card,0.0513,high,0.5,Column 'payment_method' deviates from similar normal records.,isolation_forest+feature_contribution,True,2026-07-26T11:37:59.594436
8355475e-29ca-42da-a003-0444039d39d0,I114957,category,anomaly,Souvenir,Food & Beverage,0.0483,high,0.5,Column 'category' deviates from similar normal records.,isolation_forest+feature_contribution,True,2026-07-26T11:37:59.717035
e058b3a1-3392-4966-8384-1cd07fb68c5b,I161397,shopping_mall,anomaly,Emaar Square Mall,Mall of Istanbul,0.0529,high,0.5,Column 'shopping_mall' deviates from similar normal records.,isolation_forest+feature_contribution,True,2026-07-26T11:37:59.760677
ea50a395-5162-4e5c-affc-fadf19c30080,I658582,shopping_mall,anomaly,Zorlu Center,Kanyon,0.023,high,0.5,Column 'shopping_mall' deviates from similar normal records.,isolation_forest+feature_contribution,True,2026-07-26T11:37:59.793668
6ff91e75-1ff1-4ea6-9b80-e959d8a3f9c2,I138602,shopping_mall,anomaly,Forum Istanbul,Metrocity,0.1126,high,0.5,Column 'shopping_mall' deviates from similar normal records.,isolation_forest+feature_contribution,True,2026-07-26T11:37:59.858039
0d0fc45e-cdf0-4b67-8cc6-f57fd453cba4,I340215,shopping_mall,anomaly,Cevahir AVM,Mall of Istanbul,0.0041,high,0.5,Column 'shopping_mall' deviates from similar normal records.,isolation_forest+feature_contribution,True,2026-07-26T11:37:59.957744
6e1dbafa-1a81-4e9a-8a07-4975f1efa84c,I308229,shopping_mall,anomaly,Metrocity,Metrocity,0.0153,high,0.5,Column 'shopping_mall' deviates from similar normal records.,isolation_forest+feature_contribution,True,2026-07-26T11:37:59.976428
6e95d0d0-c0c7-4024-90e4-ebe6101f4e18,I119313,category,anomaly,Souvenir,Books,0.0735,high,0.5,Column 'category' deviates from similar normal records.,isolation_forest+feature_contribution,True,2026-07-26T11:38:00.016872
a0e92f0b-7993-421b-8603-7a4e4c3b9357,I996174,shopping_mall,anomaly,Emaar Square Mall,Kanyon,0.0139,high,0.5,Column 'shopping_mall' deviates from similar normal records.,isolation_forest+feature_contribution,True,2026-07-26T11:38:00.073751
19f92299-68bd-45b4-846d-d4985c8082a1,I309542,category,anomaly,Souvenir,Books,0.0183,high,0.5,Column 'category' deviates from similar normal records.,isolation_forest+feature_contribution,True,2026-07-26T11:38:00.162334
3cbc5fb9-672d-4045-bf33-d4f7922bec74,I223506,shopping_mall,anomaly,Metrocity,Forum Istanbul,0.0806,high,0.5,Column 'shopping_mall' deviates from similar normal records.,isolation_forest+feature_contribution,True,2026-07-26T11:38:00.227519
739e1b49-5c74-4102-a80c-3c62765fbb1d,I656589,shopping_mall,anomaly,Metrocity,Metrocity,0.0198,high,0.5,Column 'shopping_mall' deviates from similar normal records.,isolation_forest+feature_contribution,True,2026-07-26T11:38:00.364337
777308ec-8627-437d-89b8-a93312a3fc5d,I223894,payment_method,anomaly,Debit Card,Credit Card,0.0563,high,0.5,Column 'payment_method' deviates from similar normal records.,isolation_forest+feature_contribution,True,2026-07-26T11:38:00.386235
017b242e-6f6c-46c6-b39e-8668d4fd8129,I879611,shopping_mall,anomaly,Cevahir AVM,Cevahir AVM,0.1007,high,0.5,Column 'shopping_mall' deviates from similar normal records.,isolation_forest+feature_contribution,True,2026-07-26T11:38:00.409660
f813530c-8af8-41ac-a60c-61d8d5823e96,I294250,shopping_mall,anomaly,Emaar Square Mall,Emaar Square Mall,0.1498,high,0.5,Column 'shopping_mall' deviates from similar normal records.,isolation_forest+feature_contribution,True,2026-07-26T11:38:00.452194
d396fbd7-00d6-48cc-a290-5394fefe84d6,I811074,shopping_mall,anomaly,Istinye Park,Istinye Park,0.0111,high,0.5,Column 'shopping_mall' deviates from similar normal records.,isolation_forest+feature_contribution,True,2026-07-26T11:38:00.546341
6f03641e-decc-43ff-abdf-925c7bd545f1,I163354,shopping_mall,anomaly,Zorlu Center,Mall of Istanbul,0.0703,high,0.5,Column 'shopping_mall' deviates from similar normal records.,isolation_forest+feature_contribution,True,2026-07-26T11:38:00.561889
c153189e-eb3a-4f25-be74-63e560f2fca3,I118375,shopping_mall,anomaly,Cevahir AVM,Zorlu Center,0.0491,high,0.5,Column 'shopping_mall' deviates from similar normal records.,isolation_forest+feature_contribution,True,2026-07-26T11:38:00.702269
eb9a66f3-a55d-4517-a8d3-c522e2b36537,I193466,category,anomaly,Books,Books,0.1391,high,0.5,Column 'category' deviates from similar normal records.,isolation_forest+feature_contribution,True,2026-07-26T11:38:00.721677
83f00e97-a830-4bb4-929d-47d5618a142b,I436542,shopping_mall,anomaly,Zorlu Center,Zorlu Center,0.0772,high,0.5,Column 'shopping_mall' deviates from similar normal records.,isolation_forest+feature_contribution,True,2026-07-26T11:38:00.741720
6ba95a6a-e67d-48ae-b071-5f5bd98aec78,I215876,payment_method,anomaly,Debit Card,Cash,0.0608,high,0.5,Column 'payment_method' deviates from similar normal records.,isolation_forest+feature_contribution,True,2026-07-26T11:38:00.757311
e2c0d44a-16f7-47f4-86f1-9330fbcf45d2,I241394,shopping_mall,anomaly,Metropol AVM,Mall of Istanbul,0.0846,high,0.5,Column 'shopping_mall' deviates from similar normal records.,isolation_forest+feature_contribution,True,2026-07-26T11:38:00.856280
d0c945d4-5b4e-4d06-a175-e4c813b8850e,I194587,payment_method,anomaly,Debit Card,Credit Card,0.2101,high,0.5,Column 'payment_method' deviates from similar normal records.,isolation_forest+feature_contribution,True,2026-07-26T11:38:00.874338
815ba4ad-cc8c-4642-b18b-00bfe0e02189,I130518,shopping_mall,anomaly,Forum Istanbul,Kanyon,0.0159,high,0.5,Column 'shopping_mall' deviates from similar normal records.,isolation_forest+feature_contribution,True,2026-07-26T11:38:00.911579
78a4d5dc-ca85-4fa6-9740-325b1ddf9d99,I155165,shopping_mall,anomaly,Emaar Square Mall,Mall of Istanbul,0.0791,high,0.5,Column 'shopping_mall' deviates from similar normal records.,isolation_forest+feature_contribution,True,2026-07-26T11:38:01.002848
7c34f314-5cf7-446c-92c2-44b97ea6e477,I664173,shopping_mall,anomaly,Metropol AVM,Istinye Park,0.0454,high,0.5,Column 'shopping_mall' deviates from similar normal records.,isolation_forest+feature_contribution,True,2026-07-26T11:38:01.026424
eb6ce945-0aad-4e85-bde1-637fcf963cf1,I170706,category,anomaly,Souvenir,Food & Beverage,0.0729,high,0.5,Column 'category' deviates from similar normal records.,isolation_forest+feature_contribution,True,2026-07-26T11:38:01.073064
43ba8cca-c083-4084-acd6-6c6db54c04f3,I296796,shopping_mall,anomaly,Forum Istanbul,Forum Istanbul,0.1117,high,0.5,Column 'shopping_mall' deviates from similar normal records.,isolation_forest+feature_contribution,True,2026-07-26T11:38:01.113620
3446c349-9ebb-4334-af20-40c8e9da67b2,I172009,shopping_mall,anomaly,Emaar Square Mall,Emaar Square Mall,0.008,high,0.5,Column 'shopping_mall' deviates from similar normal records.,isolation_forest+feature_contribution,True,2026-07-26T11:38:01.235984
89848795-c48e-4388-8bc3-7efae371e54a,I560255,shopping_mall,anomaly,Emaar Square Mall,Mall of Istanbul,0.0467,high,0.5,Column 'shopping_mall' deviates from similar normal records.,isolation_forest+feature_contribution,True,2026-07-26T11:38:01.251805
3826efe0-8738-4409-8215-82a85771f024,I674521,category,anomaly,Books,Books,0.0696,high,0.5,Column 'category' deviates from similar normal records.,isolation_forest+feature_contribution,True,2026-07-26T11:38:01.271709
fce6db07-5cdf-4469-b3f7-d26c07b3c0b5,I251652,shopping_mall,anomaly,Emaar Square Mall,Mall of Istanbul,0.0279,high,0.5,Column 'shopping_mall' deviates from similar normal records.,isolation_forest+feature_contribution,True,2026-07-26T11:38:01.361091
e6556c15-914a-4650-a1bf-a200c7aab6ee,I166566,shopping_mall,anomaly,Istinye Park,Cevahir AVM,0.0117,high,0.5,Column 'shopping_mall' deviates from similar normal records.,isolation_forest+feature_contribution,True,2026-07-26T11:38:01.476576
610c3b0f-a243-47a7-b755-1290c21f807d,I361409,gender,anomaly,Male,Female,0.0409,high,0.5,Column 'gender' deviates from similar normal records.,isolation_forest+feature_contribution,True,2026-07-26T11:38:01.543718
379d34a3-0a61-4ec1-bcd3-02239e86a3e5,I122170,shopping_mall,anomaly,Metropol AVM,Mall of Istanbul,0.0173,high,0.5,Column 'shopping_mall' deviates from similar normal records.,isolation_forest+feature_contribution,True,2026-07-26T11:38:01.606481
28824406-b0e3-44f4-8a81-02ea7685e3a0,I992042,category,anomaly,Souvenir,Books,0.004,high,0.5,Column 'category' deviates from similar normal records.,isolation_forest+feature_contribution,True,2026-07-26T11:38:01.955737
948c5ce1-7f52-4305-8cdc-9fef9cc339df,I992042,shopping_mall,anomaly,Zorlu Center,Metrocity,0.004,high,0.5,Column 'shopping_mall' deviates from similar normal records.,isolation_forest+feature_contribution,True,2026-07-26T11:38:01.955737
08b4ec16-08b2-46bd-8040-8316b0245409,I472247,payment_method,anomaly,Debit Card,Cash,0.068,high,0.5,Column 'payment_method' deviates from similar normal records.,isolation_forest+feature_contribution,True,2026-07-26T11:38:02.079162
3952543b-d9f7-4a1c-8ed3-7039af1aa14c,I248240,shopping_mall,anomaly,Forum Istanbul,Forum Istanbul,0.0158,high,0.5,Column 'shopping_mall' deviates from similar normal records.,isolation_forest+feature_contribution,True,2026-07-26T11:38:02.116814
a0e76baa-c14e-4f0e-a38e-2d0cf89f013a,I248240,age_group,anomaly,26_35,18_25,0.0158,medium,0.44359255202628695,Column 'age_group' deviates from similar normal records.,isolation_forest+feature_contribution,True,2026-07-26T11:38:02.116814
371bb084-d0a2-4658-b9b9-2820d242027a,I232378,shopping_mall,anomaly,Emaar Square Mall,Emaar Square Mall,0.0027,high,0.5,Column 'shopping_mall' deviates from similar normal records.,isolation_forest+feature_contribution,True,2026-07-26T11:38:02.387327
ac2f311d-5130-4552-87e0-17422722dec5,I337638,shopping_mall,anomaly,Zorlu Center,Metropol AVM,0.0339,high,0.5,Column 'shopping_mall' deviates from similar normal records.,isolation_forest+feature_contribution,True,2026-07-26T11:38:02.609773
17aa81cc-0c97-4cd4-92e4-56a0165c26bf,I104292,shopping_mall,anomaly,Emaar Square Mall,Cevahir AVM,0.1243,high,0.5,Column 'shopping_mall' deviates from similar normal records.,isolation_forest+feature_contribution,True,2026-07-26T11:38:02.647555
125d5e5b-2b70-4256-87c6-472dd82390af,I951962,shopping_mall,anomaly,Emaar Square Mall,Forum Istanbul,0.0302,high,0.5,Column 'shopping_mall' deviates from similar normal records.,isolation_forest+feature_contribution,True,2026-07-26T11:38:02.706920
f048d375-2f14-4103-86cb-172e24dc2320,I280776,shopping_mall,anomaly,Metropol AVM,Istinye Park,0.0016,high,0.5,Column 'shopping_mall' deviates from similar normal records.,isolation_forest+feature_contribution,True,2026-07-26T11:38:02.827491
1e8ef890-1920-4129-acf7-6dc0631298cc,I348027,shopping_mall,anomaly,Metropol AVM,Emaar Square Mall,0.0695,high,0.5,Column 'shopping_mall' deviates from similar normal records.,isolation_forest+feature_contribution,True,2026-07-26T11:38:02.851444
3b737b91-a789-4cd4-b218-1bea932c3e25,I253787,shopping_mall,anomaly,Forum Istanbul,Metrocity,0.0202,high,0.5,Column 'shopping_mall' deviates from similar normal records.,isolation_forest+feature_contribution,True,2026-07-26T11:38:02.890931
2e03d910-6626-4981-b282-bbc47b682409,I252324,shopping_mall,anomaly,Zorlu Center,Istinye Park,0.0312,high,0.5,Column 'shopping_mall' deviates from similar normal records.,isolation_forest+feature_contribution,True,2026-07-26T11:38:02.929947
305a74ab-943f-45bd-921f-5b414efbb2ce,I686805,shopping_mall,anomaly,Viaport Outlet,Emaar Square Mall,0.045,high,0.5,Column 'shopping_mall' deviates from similar normal records.,isolation_forest+feature_contribution,True,2026-07-26T11:38:02.949301
ef18b98d-f157-4849-ba6a-2e346a6aab84,I269157,payment_method,anomaly,Debit Card,Cash,0.1157,high,0.5,Column 'payment_method' deviates from similar normal records.,isolation_forest+feature_contribution,True,2026-07-26T11:38:03.047662
5bf4f9af-d719-460c-9665-ec746401d9a6,I133048,shopping_mall,anomaly,Zorlu Center,Istinye Park,0.1065,high,0.5,Column 'shopping_mall' deviates from similar normal records.,isolation_forest+feature_contribution,True,2026-07-26T11:38:03.085127
58b7ff97-1e93-453d-83f9-6845bbc5d3c7,I121116,shopping_mall,anomaly,Emaar Square Mall,Mall of Istanbul,0.0183,high,0.5,Column 'shopping_mall' deviates from similar normal records.,isolation_forest+feature_contribution,True,2026-07-26T11:38:03.130983
938f35db-4a5a-4daf-85b2-e243346d3667,I534276,shopping_mall,anomaly,Viaport Outlet,Cevahir AVM,0.0288,high,0.5,Column 'shopping_mall' deviates from similar normal records.,isolation_forest+feature_contribution,True,2026-07-26T11:38:03.154957
2ce68950-6788-4679-9b50-d118b8f9fc4e,I531679,shopping_mall,anomaly,Zorlu Center,Kanyon,0.039,high,0.5,Column 'shopping_mall' deviates from similar normal records.,isolation_forest+feature_contribution,True,2026-07-26T11:38:03.259128
cc3a42eb-0374-4d4d-99aa-985853d7209c,I248927,category,anomaly,Souvenir,Food & Beverage,0.0527,high,0.5,Column 'category' deviates from similar normal records.,isolation_forest+feature_contribution,True,2026-07-26T11:38:03.293368
8c228f1a-dab4-40e7-a5a6-c52512271a4f,I400737,payment_method,anomaly,Debit Card,Debit Card,0.0979,high,0.5,Column 'payment_method' deviates from similar normal records.,isolation_forest+feature_contribution,True,2026-07-26T11:38:03.357043
160bf6ca-9535-4ca6-bce1-a183f7ddb72f,I252303,shopping_mall,anomaly,Metropol AVM,Istinye Park,0.0375,high,0.5,Column 'shopping_mall' deviates from similar normal records.,isolation_forest+feature_contribution,True,2026-07-26T11:38:03.378724
dcc3e578-7d00-4213-94b7-e89823a44580,I151212,shopping_mall,anomaly,Kanyon,Mall of Istanbul,0.0856,high,0.5,Column 'shopping_mall' deviates from similar normal records.,isolation_forest+feature_contribution,True,2026-07-26T11:38:03.430633
764bdffa-a833-4cea-a1f5-c4162dadeb2e,I953148,category,anomaly,Books,Books,0.0572,high,0.5,Column 'category' deviates from similar normal records.,isolation_forest+feature_contribution,True,2026-07-26T11:38:03.445849
19ae72ba-548b-438d-93ad-c21d2870b7a3,I236524,shopping_mall,anomaly,Emaar Square Mall,Emaar Square Mall,0.0023,high,0.5,Column 'shopping_mall' deviates from similar normal records.,isolation_forest+feature_contribution,True,2026-07-26T11:38:03.523122
90244955-6763-487f-819f-dbcb4f848fc7,I625749,shopping_mall,anomaly,Viaport Outlet,Mall of Istanbul,0.0261,high,0.5,Column 'shopping_mall' deviates from similar normal records.,isolation_forest+feature_contribution,True,2026-07-26T11:38:03.578597
137bc3f9-1aae-488f-84de-6631897d0810,I218459,category,anomaly,Food & Beverage,Food & Beverage,0.0331,high,0.5,Column 'category' deviates from similar normal records.,isolation_forest+feature_contribution,True,2026-07-26T11:38:03.652596
8997c96c-c05d-4a53-954a-a206ea9f71a5,I174773,shopping_mall,anomaly,Zorlu Center,Mall of Istanbul,0.0476,high,0.5,Column 'shopping_mall' deviates from similar normal records.,isolation_forest+feature_contribution,True,2026-07-26T11:38:03.711456
da3f5962-022f-4058-ab14-b077701aaa8e,I333238,payment_method,anomaly,Debit Card,Cash,0.0388,high,0.5,Column 'payment_method' deviates from similar normal records.,isolation_forest+feature_contribution,True,2026-07-26T11:38:03.735259
7f2a88ec-517f-4349-8c53-9e4e3e55451e,I280994,shopping_mall,anomaly,Zorlu Center,Kanyon,0.0357,high,0.5,Column 'shopping_mall' deviates from similar normal records.,isolation_forest+feature_contribution,True,2026-07-26T11:38:03.825621
f4497a2c-80fb-4c75-aadf-464a70b2803a,I140093,shopping_mall,anomaly,Viaport Outlet,Kanyon,0.0163,high,0.5,Column 'shopping_mall' deviates from similar normal records.,isolation_forest+feature_contribution,True,2026-07-26T11:38:04.011499
15d50cfe-282c-4539-bf06-cb186950f00e,I301731,shopping_mall,anomaly,Viaport Outlet,Kanyon,0.0094,high,0.5,Column 'shopping_mall' deviates from similar normal records.,isolation_forest+feature_contribution,True,2026-07-26T11:38:04.300672
710c7aea-a6f7-40a8-ba96-168dbf993055,I205751,payment_method,anomaly,Debit Card,Credit Card,0.0033,high,0.5,Column 'payment_method' deviates from similar normal records.,isolation_forest+feature_contribution,True,2026-07-26T11:38:04.340702
54ac8570-5b13-4428-9f90-ea4bbd9919fc,I241635,category,anomaly,Books,Food & Beverage,0.0019,high,0.5,Column 'category' deviates from similar normal records.,isolation_forest+feature_contribution,True,2026-07-26T11:38:04.401025
da8328e5-1ed1-4958-a473-d5b1006d0064,I991446,shopping_mall,anomaly,Metrocity,Emaar Square Mall,0.0492,high,0.5,Column 'shopping_mall' deviates from similar normal records.,isolation_forest+feature_contribution,True,2026-07-26T11:38:04.483348
b66f80ef-697e-4f3f-ba29-5a14319a0cc8,I213716,shopping_mall,anomaly,Metropol AVM,Mall of Istanbul,0.0642,high,0.5,Column 'shopping_mall' deviates from similar normal records.,isolation_forest+feature_contribution,True,2026-07-26T11:38:04.507139
2696b4e2-4500-47df-bc93-18ae8e5489ef,I270813,shopping_mall,anomaly,Emaar Square Mall,Kanyon,0.0965,high,0.5,Column 'shopping_mall' deviates from similar normal records.,isolation_forest+feature_contribution,True,2026-07-26T11:38:04.584742
88f99c92-4931-4e87-b8d6-18421e28b82d,I193531,shopping_mall,anomaly,Emaar Square Mall,Kanyon,0.021,high,0.5,Column 'shopping_mall' deviates from similar normal records.,isolation_forest+feature_contribution,True,2026-07-26T11:38:04.652250
48e130f8-5891-421e-98d5-36dc8a472b14,I166189,shopping_mall,anomaly,Emaar Square Mall,Mall of Istanbul,0.0116,high,0.5,Column 'shopping_mall' deviates from similar normal records.,isolation_forest+feature_contribution,True,2026-07-26T11:38:04.754708
66973625-ccbf-498b-9fa2-2287efb21be8,I248392,payment_method,anomaly,Debit Card,Cash,0.0908,high,0.5,Column 'payment_method' deviates from similar normal records.,isolation_forest+feature_contribution,True,2026-07-26T11:38:04.768568
8f13c67e-7531-4774-8fda-9fd40b2e2dc1,I197591,shopping_mall,anomaly,Istinye Park,Metrocity,0.0025,high,0.5,Column 'shopping_mall' deviates from similar normal records.,isolation_forest+feature_contribution,True,2026-07-26T11:38:04.806459
6404c013-9f1e-4363-9b8c-ca681582d992,I120706,shopping_mall,anomaly,Forum Istanbul,Kanyon,0.0799,high,0.5,Column 'shopping_mall' deviates from similar normal records.,isolation_forest+feature_contribution,True,2026-07-26T11:38:04.846901
807025f0-7b3d-45ca-97ef-3c31173e482a,I207786,shopping_mall,anomaly,Metropol AVM,Mall of Istanbul,0.0672,high,0.5,Column 'shopping_mall' deviates from similar normal records.,isolation_forest+feature_contribution,True,2026-07-26T11:38:04.866706
8bf917e2-6d83-4376-8875-e74fee305a56,I237495,shopping_mall,anomaly,Cevahir AVM,Istinye Park,0.029,high,0.5,Column 'shopping_mall' deviates from similar normal records.,isolation_forest+feature_contribution,True,2026-07-26T11:38:04.984144
3b8fe4f6-a3cc-4c21-8a6d-131e88b394e3,I168164,shopping_mall,anomaly,Metropol AVM,Metrocity,0.0887,high,0.5,Column 'shopping_mall' deviates from similar normal records.,isolation_forest+feature_contribution,True,2026-07-26T11:38:05.073589
5d92f9ac-af30-40e0-852f-cd75ed473696,I281901,shopping_mall,anomaly,Emaar Square Mall,Kanyon,0.0615,high,0.5,Column 'shopping_mall' deviates from similar normal records.,isolation_forest+feature_contribution,True,2026-07-26T11:38:05.171596
614dfb94-6120-4082-8b25-9526694d6848,I185125,shopping_mall,anomaly,Metropol AVM,Emaar Square Mall,0.0212,high,0.5,Column 'shopping_mall' deviates from similar normal records.,isolation_forest+feature_contribution,True,2026-07-26T11:38:05.189776
e8529425-5fc7-4c9f-aba3-0b4fe058045a,I120831,shopping_mall,anomaly,Zorlu Center,Mall of Istanbul,0.0629,high,0.5,Column 'shopping_mall' deviates from similar normal records.,isolation_forest+feature_contribution,True,2026-07-26T11:38:05.330755
3b06ef96-4a8d-4c22-8d62-6c236292f884,I654212,shopping_mall,anomaly,Cevahir AVM,Kanyon,0.0182,high,0.5,Column 'shopping_mall' deviates from similar normal records.,isolation_forest+feature_contribution,True,2026-07-26T11:38:05.500322
56f5e662-39df-4c3c-97ba-5486930b7619,I684363,shopping_mall,anomaly,Zorlu Center,Kanyon,0.0275,high,0.5,Column 'shopping_mall' deviates from similar normal records.,isolation_forest+feature_contribution,True,2026-07-26T11:38:05.520128
c297fdda-3dd5-4e87-96d1-23025c1b79a1,I135923,shopping_mall,anomaly,Cevahir AVM,Istinye Park,0.1294,high,0.5,Column 'shopping_mall' deviates from similar normal records.,isolation_forest+feature_contribution,True,2026-07-26T11:38:05.549693
39fb18b2-a213-4575-a917-9ef7e447be65,I921327,shopping_mall,anomaly,Metropol AVM,Mall of Istanbul,0.0221,high,0.5,Column 'shopping_mall' deviates from similar normal records.,isolation_forest+feature_contribution,True,2026-07-26T11:38:05.701729
0b6e4308-cd58-4f29-974d-05488037c771,I123698,shopping_mall,anomaly,Cevahir AVM,Cevahir AVM,0.034,high,0.5,Column 'shopping_mall' deviates from similar normal records.,isolation_forest+feature_contribution,True,2026-07-26T11:38:05.776359
4cb23f02-0f04-4760-b1b0-914af104fe17,I571067,shopping_mall,anomaly,Metrocity,Istinye Park,0.1161,high,0.5,Column 'shopping_mall' deviates from similar normal records.,isolation_forest+feature_contribution,True,2026-07-26T11:38:05.822924
5b922ed9-0d63-4523-8fb4-be55bf08ec18,I978095,shopping_mall,anomaly,Emaar Square Mall,Kanyon,0.029,high,0.5,Column 'shopping_mall' deviates from similar normal records.,isolation_forest+feature_contribution,True,2026-07-26T11:38:06.019130
a2bb11d0-f0dc-484d-9289-0f2da61ebed0,I148876,payment_method,anomaly,Credit Card,Cash,0.0703,high,0.5,Column 'payment_method' deviates from similar normal records.,isolation_forest+feature_contribution,True,2026-07-26T11:38:06.061080
92f63551-e1fc-49ca-a70a-02f8802350ec,I109876,shopping_mall,anomaly,Zorlu Center,Mall of Istanbul,0.0327,high,0.5,Column 'shopping_mall' deviates from similar normal records.,isolation_forest+feature_contribution,True,2026-07-26T11:38:06.080635
b3bbfec4-d58b-4466-8a17-a641f1224fa6,I153699,shopping_mall,anomaly,Viaport Outlet,Cevahir AVM,0.0515,high,0.5,Column 'shopping_mall' deviates from similar normal records.,isolation_forest+feature_contribution,True,2026-07-26T11:38:06.139886
ca9a6553-bb6d-4328-8c86-7e528423dc18,I168592,payment_method,anomaly,Debit Card,Debit Card,0.1004,high,0.5,Column 'payment_method' deviates from similar normal records.,isolation_forest+feature_contribution,True,2026-07-26T11:38:06.174570
d4ca69b6-072e-40c8-8c53-8bac3e20a717,I223575,payment_method,anomaly,Debit Card,Cash,0.0603,high,0.5,Column 'payment_method' deviates from similar normal records.,isolation_forest+feature_contribution,True,2026-07-26T11:38:06.197786
f25e521b-b056-456e-8509-e3b551dd94ae,I243912,shopping_mall,anomaly,Viaport Outlet,Mall of Istanbul,0.0454,high,0.5,Column 'shopping_mall' deviates from similar normal records.,isolation_forest+feature_contribution,True,2026-07-26T11:38:06.233138
8824eda1-d9da-4b28-8ccb-addcbe9d3b2d,I815409,shopping_mall,anomaly,Forum Istanbul,Cevahir AVM,0.044,high,0.5,Column 'shopping_mall' deviates from similar normal records.,isolation_forest+feature_contribution,True,2026-07-26T11:38:06.306269
007d8b50-4cf0-4ad3-8a1e-2d81a0689a1b,I946235,shopping_mall,anomaly,Forum Istanbul,Kanyon,0.0946,high,0.5,Column 'shopping_mall' deviates from similar normal records.,isolation_forest+feature_contribution,True,2026-07-26T11:38:06.459789
0247e98c-57d7-4204-aef9-fab99f9d8900,I104568,shopping_mall,anomaly,Metropol AVM,Mall of Istanbul,0.0151,high,0.5,Column 'shopping_mall' deviates from similar normal records.,isolation_forest+feature_contribution,True,2026-07-26T11:38:06.517002
05aac518-5ed9-4657-b302-3bf4048a0821,I953764,shopping_mall,anomaly,Istinye Park,Istinye Park,0.072,high,0.5,Column 'shopping_mall' deviates from similar normal records.,isolation_forest+feature_contribution,True,2026-07-26T11:38:06.609701
4a848120-6331-4f51-9636-0588b240f57e,I426683,shopping_mall,anomaly,Forum Istanbul,Forum Istanbul,0.0141,high,0.5,Column 'shopping_mall' deviates from similar normal records.,isolation_forest+feature_contribution,True,2026-07-26T11:38:06.628628
ec666709-5f80-4513-94bb-781a662b03ea,I197132,shopping_mall,anomaly,Viaport Outlet,Metrocity,0.0529,high,0.5,Column 'shopping_mall' deviates from similar normal records.,isolation_forest+feature_contribution,True,2026-07-26T11:38:06.647648
26e07a1b-2895-4d61-a7b5-b63d3bc63c72,I124057,shopping_mall,anomaly,Metropol AVM,Emaar Square Mall,0.1417,high,0.5,Column 'shopping_mall' deviates from similar normal records.,isolation_forest+feature_contribution,True,2026-07-26T11:38:06.661503
ae491a52-2139-4ec5-96b3-58cee0c645e7,I297449,shopping_mall,anomaly,Viaport Outlet,Mall of Istanbul,0.0401,high,0.5,Column 'shopping_mall' deviates from similar normal records.,isolation_forest+feature_contribution,True,2026-07-26T11:38:06.729933
cba10fa5-2612-401e-b524-efd2fac10b90,I208397,shopping_mall,anomaly,Viaport Outlet,Mall of Istanbul,0.1481,high,0.5,Column 'shopping_mall' deviates from similar normal records.,isolation_forest+feature_contribution,True,2026-07-26T11:38:06.750795
3f2d6bca-423a-47cc-be5c-d5b27202fa71,I200463,payment_method,anomaly,Debit Card,Cash,0.0378,high,0.5,Column 'payment_method' deviates from similar normal records.,isolation_forest+feature_contribution,True,2026-07-26T11:38:06.784937
4d20b11a-d324-4ef5-b226-fdcd560e61f8,I303443,shopping_mall,anomaly,Cevahir AVM,Istinye Park,0.0693,high,0.5,Column 'shopping_mall' deviates from similar normal records.,isolation_forest+feature_contribution,True,2026-07-26T11:38:06.872910
9a444ccd-3200-4b11-9f9f-d05b4a8bb441,I334001,category,anomaly,Souvenir,Souvenir,0.0245,high,0.5,Column 'category' deviates from similar normal records.,isolation_forest+feature_contribution,True,2026-07-26T11:38:06.892755
b8487ed3-c331-4502-93fc-b947b5d521d3,I334001,shopping_mall,anomaly,Cevahir AVM,Mall of Istanbul,0.0245,high,0.5,Column 'shopping_mall' deviates from similar normal records.,isolation_forest+feature_contribution,True,2026-07-26T11:38:06.892755
9cc234a6-dbbf-475c-a64d-67b09e56f50f,I210235,category,anomaly,Souvenir,Food & Beverage,0.0394,high,0.5,Column 'category' deviates from similar normal records.,isolation_forest+feature_contribution,True,2026-07-26T11:38:06.938000
97f80f78-7a76-4708-a356-6049c3444a28,I185455,shopping_mall,anomaly,Zorlu Center,Cevahir AVM,0.154,high,0.5,Column 'shopping_mall' deviates from similar normal records.,isolation_forest+feature_contribution,True,2026-07-26T11:38:06.977101
477934dc-1868-45dc-a5d1-ebbeed19f673,I290621,shopping_mall,anomaly,Metropol AVM,Kanyon,0.0318,high,0.5,Column 'shopping_mall' deviates from similar normal records.,isolation_forest+feature_contribution,True,2026-07-26T11:38:07.067104
8f5f36c9-a10b-4151-be6f-afa172109cc8,I121599,shopping_mall,anomaly,Viaport Outlet,Kanyon,0.0045,high,0.5,Column 'shopping_mall' deviates from similar normal records.,isolation_forest+feature_contribution,True,2026-07-26T11:38:07.138747
e06689ec-24d2-447c-becb-6256c55c9521,I212326,payment_method,anomaly,Debit Card,Credit Card,0.0179,high,0.5,Column 'payment_method' deviates from similar normal records.,isolation_forest+feature_contribution,True,2026-07-26T11:38:07.377747
87dd25d3-ad18-4e40-8f03-3d4c0242a0cb,I209510,payment_method,anomaly,Debit Card,Cash,0.0183,high,0.5,Column 'payment_method' deviates from similar normal records.,isolation_forest+feature_contribution,True,2026-07-26T11:38:07.557389
fd583f42-44f4-42d2-8e9e-dfdc7f3eb345,I152764,payment_method,anomaly,Credit Card,Cash,0.0607,high,0.5,Column 'payment_method' deviates from similar normal records.,isolation_forest+feature_contribution,True,2026-07-26T11:38:07.625089
46eb9b1e-ed99-4ba1-b653-fb7696091ec0,I280725,shopping_mall,anomaly,Viaport Outlet,Cevahir AVM,0.0215,high,0.5,Column 'shopping_mall' deviates from similar normal records.,isolation_forest+feature_contribution,True,2026-07-26T11:38:07.643511
e1819da1-b9ed-40ce-8c2a-1d8afd96a752,I292970,shopping_mall,anomaly,Istinye Park,Kanyon,0.0759,high,0.5,Column 'shopping_mall' deviates from similar normal records.,isolation_forest+feature_contribution,True,2026-07-26T11:38:07.724996
ea4cbf5f-f148-4e5a-b1b4-a325eb438f67,I210802,category,anomaly,Shoes,Shoes,0.2171,high,0.5,Column 'category' deviates from similar normal records.,isolation_forest+feature_contribution,True,2026-07-26T11:38:07.766829
45572a08-d5fe-4236-9f0b-8d0dbf85777f,I233159,shopping_mall,anomaly,Viaport Outlet,Kanyon,0.0339,high,0.5,Column 'shopping_mall' deviates from similar normal records.,isolation_forest+feature_contribution,True,2026-07-26T11:38:07.800275
91a56a2b-efa6-4153-b279-a23d36e61307,I276022,shopping_mall,anomaly,Metropol AVM,Zorlu Center,0.0218,high,0.5,Column 'shopping_mall' deviates from similar normal records.,isolation_forest+feature_contribution,True,2026-07-26T11:38:07.839243
864717f4-7e89-4836-8a05-3a1c11e56cfc,I687023,shopping_mall,anomaly,Forum Istanbul,Forum Istanbul,0.0058,high,0.5,Column 'shopping_mall' deviates from similar normal records.,isolation_forest+feature_contribution,True,2026-07-26T11:38:07.880037
1fb90052-428d-4d23-b84d-3fffdf46d325,I148105,gender,anomaly,Male,Female,0.0057,high,0.5,Column 'gender' deviates from similar normal records.,isolation_forest+feature_contribution,True,2026-07-26T11:38:08.000017
1860ca7c-8d71-48e7-9930-9b1a38ba449c,I248791,shopping_mall,anomaly,Metrocity,Mall of Istanbul,0.0138,high,0.5,Column 'shopping_mall' deviates from similar normal records.,isolation_forest+feature_contribution,True,2026-07-26T11:38:08.036547
90d2b5af-ae5e-4940-a810-f5806dec3a9d,I273264,shopping_mall,anomaly,Viaport Outlet,Emaar Square Mall,0.2053,high,0.5,Column 'shopping_mall' deviates from similar normal records.,isolation_forest+feature_contribution,True,2026-07-26T11:38:08.111101
eb7346d3-4c5b-4fd0-95da-ba3c77821844,I462357,category,anomaly,Souvenir,Books,0.0873,high,0.5,Column 'category' deviates from similar normal records.,isolation_forest+feature_contribution,True,2026-07-26T11:38:08.205196
31ef648d-d22f-4b0f-9abf-93a0fdcaa25b,I625408,shopping_mall,anomaly,Forum Istanbul,Cevahir AVM,0.0478,high,0.5,Column 'shopping_mall' deviates from similar normal records.,isolation_forest+feature_contribution,True,2026-07-26T11:38:08.364314
c5b7dde9-55f0-4c20-8e26-4f15d9963a97,I250276,shopping_mall,anomaly,Zorlu Center,Mall of Istanbul,0.0202,high,0.5,Column 'shopping_mall' deviates from similar normal records.,isolation_forest+feature_contribution,True,2026-07-26T11:38:08.408380
aa9483b4-038e-4378-9654-1de40ec7fcf3,I664014,shopping_mall,anomaly,Cevahir AVM,Mall of Istanbul,0.009,high,0.5,Column 'shopping_mall' deviates from similar normal records.,isolation_forest+feature_contribution,True,2026-07-26T11:38:08.433134
f9c15e07-46fa-40db-b89e-85ebfe2953e7,I270463,shopping_mall,anomaly,Viaport Outlet,Cevahir AVM,0.0212,high,0.5,Column 'shopping_mall' deviates from similar normal records.,isolation_forest+feature_contribution,True,2026-07-26T11:38:08.506123
f54c1630-2c31-4a33-84e5-9878d5c8a350,I116795,shopping_mall,anomaly,Istinye Park,Istinye Park,0.0082,high,0.5,Column 'shopping_mall' deviates from similar normal records.,isolation_forest+feature_contribution,True,2026-07-26T11:38:08.692336
1f0892c3-e55a-4467-94fc-f40b2d72f0e7,I820068,shopping_mall,anomaly,Cevahir AVM,Kanyon,0.1491,high,0.5,Column 'shopping_mall' deviates from similar normal records.,isolation_forest+feature_contribution,True,2026-07-26T11:38:08.800486
4d8eedec-ac8a-4bdc-8352-7fab47819e02,I185022,shopping_mall,anomaly,Zorlu Center,Metrocity,0.063,high,0.5,Column 'shopping_mall' deviates from similar normal records.,isolation_forest+feature_contribution,True,2026-07-26T11:38:08.885540
fd953f0f-6761-4618-b7f2-68010dd37b18,I108908,shopping_mall,anomaly,Viaport Outlet,Metrocity,0.0729,high,0.5,Column 'shopping_mall' deviates from similar normal records.,isolation_forest+feature_contribution,True,2026-07-26T11:38:08.904336
d90e3b20-7bee-49e1-854f-afb5ca21d15e,I966649,shopping_mall,anomaly,Forum Istanbul,Emaar Square Mall,0.0114,high,0.5,Column 'shopping_mall' deviates from similar normal records.,isolation_forest+feature_contribution,True,2026-07-26T11:38:09.040744
0b69420e-3676-4898-9e9b-f3eb51c8546c,I284015,category,anomaly,Food & Beverage,Food & Beverage,0.1428,high,0.5,Column 'category' deviates from similar normal records.,isolation_forest+feature_contribution,True,2026-07-26T11:38:09.139826
8fe3e530-febe-4bb8-b00d-8d14e0527806,I227277,category,anomaly,Toys,Toys,0.025,high,0.5,Column 'category' deviates from similar normal records.,isolation_forest+feature_contribution,True,2026-07-26T11:38:09.157768
b1e229ea-f786-4f98-b39c-a34d3c3da5a7,I197709,shopping_mall,anomaly,Viaport Outlet,Metropol AVM,0.0223,high,0.5,Column 'shopping_mall' deviates from similar normal records.,isolation_forest+feature_contribution,True,2026-07-26T11:38:09.196308
83fa8917-6375-4bbd-97db-472efa5a52da,I614046,shopping_mall,anomaly,Viaport Outlet,Viaport Outlet,0.03,high,0.5,Column 'shopping_mall' deviates from similar normal records.,isolation_forest+feature_contribution,True,2026-07-26T11:38:09.512104
af9c0f22-88d9-444e-b7e2-64faa8441d90,I128120,shopping_mall,anomaly,Viaport Outlet,Emaar Square Mall,0.0841,high,0.5,Column 'shopping_mall' deviates from similar normal records.,isolation_forest+feature_contribution,True,2026-07-26T11:38:09.662854
39aa90ff-80f0-45cd-8c8b-8ff107cdea7f,I213362,shopping_mall,anomaly,Viaport Outlet,Kanyon,0.0705,high,0.5,Column 'shopping_mall' deviates from similar normal records.,isolation_forest+feature_contribution,True,2026-07-26T11:38:09.730362
155d4fff-caad-4dd3-8b97-3be53f668f52,I279575,category,anomaly,Souvenir,Souvenir,0.1581,high,0.5,Column 'category' deviates from similar normal records.,isolation_forest+feature_contribution,True,2026-07-26T11:38:09.800892
48c22adb-e875-4ec1-a233-7995377f08b8,I200024,shopping_mall,anomaly,Mall of Istanbul,Mall of Istanbul,0.0312,high,0.5,Column 'shopping_mall' deviates from similar normal records.,isolation_forest+feature_contribution,True,2026-07-26T11:38:09.822146
6e97e7ff-fbb0-490d-84b0-9d17548fc5f9,I131767,age_group,anomaly,26_35,26_35,0.0784,low,0.0,Column 'age_group' deviates from similar normal records.,isolation_forest+feature_contribution,True,2026-07-26T11:38:10.144300
c38ed466-b01e-4f84-ab54-53896f833347,I937342,payment_method,anomaly,Debit Card,Cash,0.0224,high,0.5,Column 'payment_method' deviates from similar normal records.,isolation_forest+feature_contribution,True,2026-07-26T11:38:10.235075
6ad35a48-8a53-488c-97c8-3a63d6040bef,I926516,shopping_mall,anomaly,Forum Istanbul,Istinye Park,0.0998,high,0.5,Column 'shopping_mall' deviates from similar normal records.,isolation_forest+feature_contribution,True,2026-07-26T11:38:10.347635
73388ab9-5761-417d-9a73-ceb16f497767,I293770,category,anomaly,Books,Books,0.0941,high,0.5,Column 'category' deviates from similar normal records.,isolation_forest+feature_contribution,True,2026-07-26T11:38:10.372679
a8a67f49-17f3-4112-b1e0-ac02f4a22bf5,I242734,shopping_mall,anomaly,Forum Istanbul,Zorlu Center,0.0382,high,0.5,Column 'shopping_mall' deviates from similar normal records.,isolation_forest+feature_contribution,True,2026-07-26T11:38:10.419595
7c16e7b3-9b0d-4c6c-bb4e-d47acf14fb6d,I107543,shopping_mall,anomaly,Emaar Square Mall,Metropol AVM,0.0433,high,0.5,Column 'shopping_mall' deviates from similar normal records.,isolation_forest+feature_contribution,True,2026-07-26T11:38:10.438933
d4f69476-a3d0-4c82-8459-95ca65cbc252,I422016,shopping_mall,anomaly,Forum Istanbul,Emaar Square Mall,0.1955,high,0.5,Column 'shopping_mall' deviates from similar normal records.,isolation_forest+feature_contribution,True,2026-07-26T11:38:10.482334
471f302a-581b-4b09-9d92-1e606c1302b0,I337600,shopping_mall,anomaly,Emaar Square Mall,Mall of Istanbul,0.0951,high,0.5,Column 'shopping_mall' deviates from similar normal records.,isolation_forest+feature_contribution,True,2026-07-26T11:38:10.506092
9c8a8189-c6ea-4eca-ac9d-cbbe4fa85ddf,I154908,shopping_mall,anomaly,Viaport Outlet,Metrocity,0.086,high,0.5,Column 'shopping_mall' deviates from similar normal records.,isolation_forest+feature_contribution,True,2026-07-26T11:38:10.654308
83bdf20a-a854-4cd9-bc6a-8459f427fc15,I506170,payment_method,anomaly,Debit Card,Cash,0.1272,high,0.5,Column 'payment_method' deviates from similar normal records.,isolation_forest+feature_contribution,True,2026-07-26T11:38:10.670498
26fd2b8c-f3d0-4948-bded-acc8c0f79c57,I506170,shopping_mall,anomaly,Cevahir AVM,Cevahir AVM,0.1272,high,0.5,Column 'shopping_mall' deviates from similar normal records.,isolation_forest+feature_contribution,True,2026-07-26T11:38:10.670498
9c943005-47ef-4313-bf5f-2cde2c38c95a,I332178,shopping_mall,anomaly,Zorlu Center,Mall of Istanbul,0.0827,high,0.5,Column 'shopping_mall' deviates from similar normal records.,isolation_forest+feature_contribution,True,2026-07-26T11:38:10.901057
03d2712d-c4b3-46d6-ba02-49f90a92df14,I138759,shopping_mall,anomaly,Viaport Outlet,Mall of Istanbul,0.1123,high,0.5,Column 'shopping_mall' deviates from similar normal records.,isolation_forest+feature_contribution,True,2026-07-26T11:38:10.925368
99e82d32-68fe-44e4-aa24-ee9ab4b5703e,I110807,shopping_mall,anomaly,Emaar Square Mall,Cevahir AVM,0.0269,high,0.5,Column 'shopping_mall' deviates from similar normal records.,isolation_forest+feature_contribution,True,2026-07-26T11:38:10.949701
3a58f2a2-fdce-4283-bd7b-e9a0bcc9e07f,I139034,shopping_mall,anomaly,Istinye Park,Kanyon,0.0657,high,0.5,Column 'shopping_mall' deviates from similar normal records.,isolation_forest+feature_contribution,True,2026-07-26T11:38:11.023606
dbcc6a5e-0b72-441d-b8e2-ee9478a00bac,I283822,shopping_mall,anomaly,Forum Istanbul,Kanyon,0.1092,high,0.5,Column 'shopping_mall' deviates from similar normal records.,isolation_forest+feature_contribution,True,2026-07-26T11:38:11.097792
1ffab15a-7b87-455e-a8ed-2ebe3da01a2e,I715518,payment_method,anomaly,Debit Card,Cash,0.1416,high,0.5,Column 'payment_method' deviates from similar normal records.,isolation_forest+feature_contribution,True,2026-07-26T11:38:11.139689
7e2e1fa1-8731-490a-9d93-f120f7bebe85,I224073,payment_method,anomaly,Debit Card,Cash,0.0649,high,0.5,Column 'payment_method' deviates from similar normal records.,isolation_forest+feature_contribution,True,2026-07-26T11:38:11.157503
9cd10ade-4a0c-4134-9bd1-4ef667b5d768,I279416,shopping_mall,anomaly,Viaport Outlet,Mall of Istanbul,0.0713,high,0.5,Column 'shopping_mall' deviates from similar normal records.,isolation_forest+feature_contribution,True,2026-07-26T11:38:11.436764
058d7a18-c7d4-4bbb-b7cb-67d024d340cb,I181261,shopping_mall,anomaly,Metropol AVM,Metropol AVM,0.1343,high,0.5,Column 'shopping_mall' deviates from similar normal records.,isolation_forest+feature_contribution,True,2026-07-26T11:38:11.463801
4b194924-3475-46e2-aa90-5d67211b602d,I536369,shopping_mall,anomaly,Kanyon,Kanyon,0.0014,high,0.5,Column 'shopping_mall' deviates from similar normal records.,isolation_forest+feature_contribution,True,2026-07-26T11:38:11.487087
1e870690-6f31-4f08-abd3-edaeaaa0b5ee,I320885,shopping_mall,anomaly,Viaport Outlet,Viaport Outlet,0.0441,high,0.5,Column 'shopping_mall' deviates from similar normal records.,isolation_forest+feature_contribution,True,2026-07-26T11:38:11.528729
539ff25b-4615-4817-8d4f-cde5c695c2ea,I233825,shopping_mall,anomaly,Zorlu Center,Mall of Istanbul,0.144,high,0.5,Column 'shopping_mall' deviates from similar normal records.,isolation_forest+feature_contribution,True,2026-07-26T11:38:11.650457
09c399e7-9ffb-44e2-845f-b2bf16068437,I312324,category,anomaly,Books,Cosmetics,0.1312,high,0.5,Column 'category' deviates from similar normal records.,isolation_forest+feature_contribution,True,2026-07-26T11:38:11.689528
9d3c051b-3de7-4749-a2f5-241dab8fc136,I312324,payment_method,anomaly,Debit Card,Cash,0.1312,high,0.5,Column 'payment_method' deviates from similar normal records.,isolation_forest+feature_contribution,True,2026-07-26T11:38:11.689528
6c17cf6a-cf92-48da-981e-93b82e5984c9,I808307,shopping_mall,anomaly,Viaport Outlet,Istinye Park,0.1579,high,0.5,Column 'shopping_mall' deviates from similar normal records.,isolation_forest+feature_contribution,True,2026-07-26T11:38:11.787420
287cc44c-7221-4acc-94ff-67d55702cc7d,I165096,shopping_mall,anomaly,Mall of Istanbul,Mall of Istanbul,0.0896,high,0.5,Column 'shopping_mall' deviates from similar normal records.,isolation_forest+feature_contribution,True,2026-07-26T11:38:11.868471
9e5389b9-f852-4ccf-847f-bdace8852708,I339018,shopping_mall,anomaly,Cevahir AVM,Cevahir AVM,0.0292,high,0.5,Column 'shopping_mall' deviates from similar normal records.,isolation_forest+feature_contribution,True,2026-07-26T11:38:12.063519
7ecff80a-7435-487b-833b-a420cd948e32,I453566,shopping_mall,anomaly,Emaar Square Mall,Kanyon,0.0039,high,0.5,Column 'shopping_mall' deviates from similar normal records.,isolation_forest+feature_contribution,True,2026-07-26T11:38:12.089884
f103f70a-c4f1-4c76-916a-b87743d04c7f,I172084,payment_method,anomaly,Debit Card,Debit Card,0.0652,high,0.5,Column 'payment_method' deviates from similar normal records.,isolation_forest+feature_contribution,True,2026-07-26T11:38:12.127180
1f45a6a2-343b-4e1f-b50a-7715197a8628,I127347,shopping_mall,anomaly,Emaar Square Mall,Emaar Square Mall,0.0651,high,0.5,Column 'shopping_mall' deviates from similar normal records.,isolation_forest+feature_contribution,True,2026-07-26T11:38:12.179730
8b943fcd-3969-42b0-8e42-73420e3c06f5,I198089,shopping_mall,anomaly,Metropol AVM,Forum Istanbul,0.0598,high,0.5,Column 'shopping_mall' deviates from similar normal records.,isolation_forest+feature_contribution,True,2026-07-26T11:38:12.264399
aad58f0e-3994-4de6-a109-802d85d63929,I565442,shopping_mall,anomaly,Emaar Square Mall,Emaar Square Mall,0.0986,high,0.5,Column 'shopping_mall' deviates from similar normal records.,isolation_forest+feature_contribution,True,2026-07-26T11:38:12.277951
b87c3865-ea95-419a-bd79-8479e27c32a0,I269604,age_group,anomaly,36_45,26_35,0.0117,medium,0.38315629742033386,Column 'age_group' deviates from similar normal records.,isolation_forest+feature_contribution,True,2026-07-26T11:38:12.374985
91b687dc-79f9-423c-8dc4-e7c70d775f2d,I150384,shopping_mall,anomaly,Emaar Square Mall,Kanyon,0.0069,high,0.5,Column 'shopping_mall' deviates from similar normal records.,isolation_forest+feature_contribution,True,2026-07-26T11:38:12.420284
5a7fb7da-54d9-4ea3-b000-29a04e1094c7,I283706,category,anomaly,Books,Books,0.0307,high,0.5,Column 'category' deviates from similar normal records.,isolation_forest+feature_contribution,True,2026-07-26T11:38:12.549699
59c328a3-b22c-4b18-97e6-5f365c662dec,I756074,category,anomaly,Souvenir,Souvenir,0.0364,high,0.5,Column 'category' deviates from similar normal records.,isolation_forest+feature_contribution,True,2026-07-26T11:38:12.595954
d63ffc64-926b-49e6-aae5-e1928c13bbfd,I226056,shopping_mall,anomaly,Forum Istanbul,Kanyon,0.0837,high,0.5,Column 'shopping_mall' deviates from similar normal records.,isolation_forest+feature_contribution,True,2026-07-26T11:38:12.637326
6de86f9c-2332-41fc-b5fd-098c60a3f601,I130480,shopping_mall,anomaly,Istinye Park,Kanyon,0.0464,high,0.5,Column 'shopping_mall' deviates from similar normal records.,isolation_forest+feature_contribution,True,2026-07-26T11:38:12.741242
6501cc30-6a6f-4c0b-94e9-186a95487b3b,I112058,shopping_mall,anomaly,Forum Istanbul,Mall of Istanbul,0.0819,high,0.5,Column 'shopping_mall' deviates from similar normal records.,isolation_forest+feature_contribution,True,2026-07-26T11:38:12.764067
7ed5cdb8-8be3-458d-973f-846585b8b463,I154777,shopping_mall,anomaly,Zorlu Center,Kanyon,0.0241,high,0.5,Column 'shopping_mall' deviates from similar normal records.,isolation_forest+feature_contribution,True,2026-07-26T11:38:12.782253
2cb2300d-814a-4e33-8706-8af9b8443895,I195834,gender,anomaly,Male,Female,0.0545,high,0.5,Column 'gender' deviates from similar normal records.,isolation_forest+feature_contribution,True,2026-07-26T11:38:12.937434
f393733d-726d-4f87-a0f1-4ddda41bea6c,I969098,shopping_mall,anomaly,Viaport Outlet,Cevahir AVM,0.0063,high,0.5,Column 'shopping_mall' deviates from similar normal records.,isolation_forest+feature_contribution,True,2026-07-26T11:38:12.974637
caed40a1-4c92-4b3a-b83c-dbbbd0ec6815,I191595,payment_method,anomaly,Debit Card,Cash,0.1361,high,0.5,Column 'payment_method' deviates from similar normal records.,isolation_forest+feature_contribution,True,2026-07-26T11:38:13.013877
28439f43-d2ca-4f3a-b396-6e92664fcbdd,I191595,shopping_mall,anomaly,Zorlu Center,Zorlu Center,0.1361,high,0.5,Column 'shopping_mall' deviates from similar normal records.,isolation_forest+feature_contribution,True,2026-07-26T11:38:13.013877
a9a051cc-6e95-44f0-bc84-75f2939500a4,I493545,shopping_mall,anomaly,Istinye Park,Metrocity,0.0114,high,0.5,Column 'shopping_mall' deviates from similar normal records.,isolation_forest+feature_contribution,True,2026-07-26T11:38:13.340282
2c33df6e-67de-46ce-a0c3-5c0f46454f4c,I205989,shopping_mall,anomaly,Zorlu Center,Mall of Istanbul,0.0141,high,0.5,Column 'shopping_mall' deviates from similar normal records.,isolation_forest+feature_contribution,True,2026-07-26T11:38:13.359417
aee447cd-a890-4acd-8f7c-32ce2850b66c,I207014,shopping_mall,anomaly,Forum Istanbul,Kanyon,0.0218,high,0.5,Column 'shopping_mall' deviates from similar normal records.,isolation_forest+feature_contribution,True,2026-07-26T11:38:13.439555
3868aa55-4320-44f7-b138-430bdc666560,I771177,shopping_mall,anomaly,Forum Istanbul,Mall of Istanbul,0.0371,high,0.5,Column 'shopping_mall' deviates from similar normal records.,isolation_forest+feature_contribution,True,2026-07-26T11:38:13.484633
10e41f10-ba14-4c6f-ab5f-ed85e8f629a1,I256278,shopping_mall,anomaly,Cevahir AVM,Kanyon,0.1791,high,0.5,Column 'shopping_mall' deviates from similar normal records.,isolation_forest+feature_contribution,True,2026-07-26T11:38:13.628993
c893376d-5fbd-47e4-9094-2d2984e69690,I711208,shopping_mall,anomaly,Emaar Square Mall,Forum Istanbul,0.0218,high,0.5,Column 'shopping_mall' deviates from similar normal records.,isolation_forest+feature_contribution,True,2026-07-26T11:38:13.649530
6d4a3c6b-b6bf-46e0-93d4-d0e41c8d0ea8,I453798,shopping_mall,anomaly,Metropol AVM,Mall of Istanbul,0.1555,high,0.5,Column 'shopping_mall' deviates from similar normal records.,isolation_forest+feature_contribution,True,2026-07-26T11:38:13.684031
0b348d35-f342-42d5-b808-08d15683c3d5,I685735,shopping_mall,anomaly,Zorlu Center,Istinye Park,0.1118,high,0.5,Column 'shopping_mall' deviates from similar normal records.,isolation_forest+feature_contribution,True,2026-07-26T11:38:13.697653
86f1dbe3-bb7f-43c6-a223-01e5a8883410,I268887,shopping_mall,anomaly,Viaport Outlet,Cevahir AVM,0.0223,high,0.5,Column 'shopping_mall' deviates from similar normal records.,isolation_forest+feature_contribution,True,2026-07-26T11:38:13.727872
965f2ce3-ba0c-4876-94a4-655518f58cbd,I255409,shopping_mall,anomaly,Emaar Square Mall,Mall of Istanbul,0.0205,high,0.5,Column 'shopping_mall' deviates from similar normal records.,isolation_forest+feature_contribution,True,2026-07-26T11:38:13.986905
da330e96-99ca-4fcf-baa1-9695463e2b23,I153608,shopping_mall,anomaly,Zorlu Center,Kanyon,0.0596,high,0.5,Column 'shopping_mall' deviates from similar normal records.,isolation_forest+feature_contribution,True,2026-07-26T11:38:14.007855
af357049-91e8-4f2e-9a44-91aeaa57d3d1,I460943,shopping_mall,anomaly,Mall of Istanbul,Metrocity,0.0266,high,0.5,Column 'shopping_mall' deviates from similar normal records.,isolation_forest+feature_contribution,True,2026-07-26T11:38:14.030125
19a52be9-93fe-409d-8846-29ee8d5cfd96,I482580,shopping_mall,anomaly,Metrocity,Kanyon,0.0705,high,0.5,Column 'shopping_mall' deviates from similar normal records.,isolation_forest+feature_contribution,True,2026-07-26T11:38:14.180884
8ebf3c5a-bbb8-47ae-b0ce-12d9e3f5fe8f,I265867,shopping_mall,anomaly,Metropol AVM,Mall of Istanbul,0.105,high,0.5,Column 'shopping_mall' deviates from similar normal records.,isolation_forest+feature_contribution,True,2026-07-26T11:38:14.401869
b7f49b6f-14b8-45f3-8031-98e7763ca3d8,I226264,shopping_mall,anomaly,Viaport Outlet,Mall of Istanbul,0.0684,high,0.5,Column 'shopping_mall' deviates from similar normal records.,isolation_forest+feature_contribution,True,2026-07-26T11:38:14.455524
a332d06b-a86b-4d23-9cfe-e4478b3d3b5e,I329706,payment_method,anomaly,Credit Card,Credit Card,0.0023,high,0.5,Column 'payment_method' deviates from similar normal records.,isolation_forest+feature_contribution,True,2026-07-26T11:38:14.479033
7aa01c95-25c2-483f-b500-b896c098a575,I285164,shopping_mall,anomaly,Forum Istanbul,Forum Istanbul,0.0086,high,0.5,Column 'shopping_mall' deviates from similar normal records.,isolation_forest+feature_contribution,True,2026-07-26T11:38:14.643725
55143bf6-8ff0-481c-84b2-2e7166ff07a1,I998089,shopping_mall,anomaly,Istinye Park,Kanyon,0.1022,high,0.5,Column 'shopping_mall' deviates from similar normal records.,isolation_forest+feature_contribution,True,2026-07-26T11:38:14.685399
9b702b6d-7b6d-4765-a762-9098d8af7de5,I289778,shopping_mall,anomaly,Metropol AVM,Istinye Park,0.025,high,0.5,Column 'shopping_mall' deviates from similar normal records.,isolation_forest+feature_contribution,True,2026-07-26T11:38:14.733421
cde4392b-3dcd-464f-8e8e-96649b6720c4,I166523,shopping_mall,anomaly,Viaport Outlet,Kanyon,0.0724,high,0.5,Column 'shopping_mall' deviates from similar normal records.,isolation_forest+feature_contribution,True,2026-07-26T11:38:14.779358
d162ec0a-7616-44e9-8621-faf817d53025,I116593,payment_method,anomaly,Debit Card,Credit Card,0.1391,high,0.5,Column 'payment_method' deviates from similar normal records.,isolation_forest+feature_contribution,True,2026-07-26T11:38:14.959173
864fb04e-4e72-4c1e-b067-36a2ef54a2fb,I713391,shopping_mall,anomaly,Viaport Outlet,Mall of Istanbul,0.0034,high,0.5,Column 'shopping_mall' deviates from similar normal records.,isolation_forest+feature_contribution,True,2026-07-26T11:38:15.196016
d0dd547c-0476-4e99-b79d-a19ab4ffbf84,I209141,shopping_mall,anomaly,Cevahir AVM,Mall of Istanbul,0.161,high,0.5,Column 'shopping_mall' deviates from similar normal records.,isolation_forest+feature_contribution,True,2026-07-26T11:38:15.264737
0eacfff9-6de8-4da4-951d-0b1aff04e8de,I290098,shopping_mall,anomaly,Metropol AVM,Metrocity,0.0636,high,0.5,Column 'shopping_mall' deviates from similar normal records.,isolation_forest+feature_contribution,True,2026-07-26T11:38:15.348351
5e224764-ad83-40aa-a50f-2dcc07368839,I314756,age_group,anomaly,46_55,46_55,0.0962,low,0.0,Column 'age_group' deviates from similar normal records.,isolation_forest+feature_contribution,True,2026-07-26T11:38:15.393734
ed5d1671-0d7f-446d-be41-b79d9a5cd1af,I415376,shopping_mall,anomaly,Viaport Outlet,Metrocity,0.0034,high,0.5,Column 'shopping_mall' deviates from similar normal records.,isolation_forest+feature_contribution,True,2026-07-26T11:38:15.656423
0518c2ad-d2c1-493d-bb3d-6ee0de881c4b,I124780,shopping_mall,anomaly,Viaport Outlet,Kanyon,0.1867,high,0.5,Column 'shopping_mall' deviates from similar normal records.,isolation_forest+feature_contribution,True,2026-07-26T11:38:15.697417
54163511-379d-44bb-96e2-c005e6c226c0,I224468,shopping_mall,anomaly,Viaport Outlet,Istinye Park,0.0501,high,0.5,Column 'shopping_mall' deviates from similar normal records.,isolation_forest+feature_contribution,True,2026-07-26T11:38:15.944942
7380449f-88e2-4acd-9d48-d9d1e29fca58,I171586,category,anomaly,Souvenir,Food & Beverage,0.0043,high,0.5,Column 'category' deviates from similar normal records.,isolation_forest+feature_contribution,True,2026-07-26T11:38:16.021811
c0f5b502-38d3-455f-a82f-7e9b8beab0a3,I171586,shopping_mall,anomaly,Metrocity,Emaar Square Mall,0.0043,high,0.5,Column 'shopping_mall' deviates from similar normal records.,isolation_forest+feature_contribution,True,2026-07-26T11:38:16.021811
a2866c1e-40c2-49dd-b016-b0219eca4930,I392937,shopping_mall,anomaly,Zorlu Center,Forum Istanbul,0.014,high,0.5,Column 'shopping_mall' deviates from similar normal records.,isolation_forest+feature_contribution,True,2026-07-26T11:38:16.057016
4222e201-5f15-4437-95ab-9894cd95f81b,I508915,shopping_mall,anomaly,Metropol AVM,Mall of Istanbul,0.0089,high,0.5,Column 'shopping_mall' deviates from similar normal records.,isolation_forest+feature_contribution,True,2026-07-26T11:38:16.212857
b6e7032b-7dfa-41fa-8fa3-9825e8a4e48a,I130218,shopping_mall,anomaly,Forum Istanbul,Forum Istanbul,0.0203,high,0.5,Column 'shopping_mall' deviates from similar normal records.,isolation_forest+feature_contribution,True,2026-07-26T11:38:16.292158
9a10cbe9-0f32-4782-a258-ee162abe7174,I638299,shopping_mall,anomaly,Cevahir AVM,Kanyon,0.1352,high,0.5,Column 'shopping_mall' deviates from similar normal records.,isolation_forest+feature_contribution,True,2026-07-26T11:38:16.324031
ac87019b-db06-4af4-b92b-41015c4f74cd,I338573,shopping_mall,anomaly,Emaar Square Mall,Metrocity,0.076,high,0.5,Column 'shopping_mall' deviates from similar normal records.,isolation_forest+feature_contribution,True,2026-07-26T11:38:16.373678
29a2192c-eab9-4362-93e1-94dbd9334134,I148595,shopping_mall,anomaly,Forum Istanbul,Kanyon,0.0137,high,0.5,Column 'shopping_mall' deviates from similar normal records.,isolation_forest+feature_contribution,True,2026-07-26T11:38:16.413826
f553d352-0098-4f4f-9bee-dda7bd618540,I471357,shopping_mall,anomaly,Emaar Square Mall,Emaar Square Mall,0.0726,high,0.5,Column 'shopping_mall' deviates from similar normal records.,isolation_forest+feature_contribution,True,2026-07-26T11:38:16.453923
38c4a76b-a11b-41b5-9e81-d47b2d151726,I202492,payment_method,anomaly,Debit Card,Credit Card,0.1078,high,0.5,Column 'payment_method' deviates from similar normal records.,isolation_forest+feature_contribution,True,2026-07-26T11:38:16.489913
ca27f055-0c48-4b20-8891-bf4f8d77ca7c,I237994,shopping_mall,anomaly,Viaport Outlet,Cevahir AVM,0.0623,high,0.5,Column 'shopping_mall' deviates from similar normal records.,isolation_forest+feature_contribution,True,2026-07-26T11:38:16.525127
b7d77bb4-c1be-41cb-ad20-06442cc8e234,I155765,shopping_mall,anomaly,Emaar Square Mall,Emaar Square Mall,0.0674,high,0.5,Column 'shopping_mall' deviates from similar normal records.,isolation_forest+feature_contribution,True,2026-07-26T11:38:16.542262
76b8adc9-a13e-4949-b4b9-1e49fd4fd6b9,I288842,payment_method,anomaly,Debit Card,Debit Card,0.0431,high,0.5,Column 'payment_method' deviates from similar normal records.,isolation_forest+feature_contribution,True,2026-07-26T11:38:16.639414
6c498004-8b0c-474a-8d0e-ea780b6166d3,I235507,shopping_mall,anomaly,Forum Istanbul,Metrocity,0.0116,high,0.5,Column 'shopping_mall' deviates from similar normal records.,isolation_forest+feature_contribution,True,2026-07-26T11:38:16.736641
bde10bf9-7be5-4b3d-97fa-d0aa55dce94f,I308128,shopping_mall,anomaly,Forum Istanbul,Mall of Istanbul,0.057,high,0.5,Column 'shopping_mall' deviates from similar normal records.,isolation_forest+feature_contribution,True,2026-07-26T11:38:16.772716
01f9d4b6-6355-4923-9f6b-4eb3da032b90,I293956,shopping_mall,anomaly,Metropol AVM,Istinye Park,0.0162,high,0.5,Column 'shopping_mall' deviates from similar normal records.,isolation_forest+feature_contribution,True,2026-07-26T11:38:16.796205
92aa4189-b6d8-48b3-9f4c-0c94834e4a22,I639493,shopping_mall,anomaly,Metropol AVM,Istinye Park,0.2,high,0.5,Column 'shopping_mall' deviates from similar normal records.,isolation_forest+feature_contribution,True,2026-07-26T11:38:16.940101
87aceef3-0ba0-439d-99d7-874bdb60f675,I232791,shopping_mall,anomaly,Metropol AVM,Kanyon,0.0627,high,0.5,Column 'shopping_mall' deviates from similar normal records.,isolation_forest+feature_contribution,True,2026-07-26T11:38:16.960059
416c041f-9ab9-42e7-b67b-dbfb18da67e7,I101934,shopping_mall,anomaly,Emaar Square Mall,Kanyon,0.0714,high,0.5,Column 'shopping_mall' deviates from similar normal records.,isolation_forest+feature_contribution,True,2026-07-26T11:38:16.979414
227f6ab9-febe-40ef-99ed-2c02b4945dab,I271936,shopping_mall,anomaly,Mall of Istanbul,Metrocity,0.0415,high,0.5,Column 'shopping_mall' deviates from similar normal records.,isolation_forest+feature_contribution,True,2026-07-26T11:38:17.014974
7ed81650-a9bb-4858-93e8-8227eb6b5f4a,I348593,shopping_mall,anomaly,Istinye Park,Kanyon,0.0666,high,0.5,Column 'shopping_mall' deviates from similar normal records.,isolation_forest+feature_contribution,True,2026-07-26T11:38:17.032163
91a4c19f-6fb9-4a19-a3dd-7614e39e2084,I606177,shopping_mall,anomaly,Emaar Square Mall,Mall of Istanbul,0.0687,high,0.5,Column 'shopping_mall' deviates from similar normal records.,isolation_forest+feature_contribution,True,2026-07-26T11:38:17.193531
c62c8cf8-78c7-4ed5-a3e5-db9318eed653,I601755,shopping_mall,anomaly,Metrocity,Mall of Istanbul,0.1628,high,0.5,Column 'shopping_mall' deviates from similar normal records.,isolation_forest+feature_contribution,True,2026-07-26T11:38:17.277209
998b8826-bc08-458f-850d-cf0d41915ef1,I249615,shopping_mall,anomaly,Istinye Park,Mall of Istanbul,0.1261,high,0.5,Column 'shopping_mall' deviates from similar normal records.,isolation_forest+feature_contribution,True,2026-07-26T11:38:17.311036
40001d19-00d6-4be4-9dda-3fcacc3ce072,I178451,payment_method,anomaly,Debit Card,Debit Card,0.1058,high,0.5,Column 'payment_method' deviates from similar normal records.,isolation_forest+feature_contribution,True,2026-07-26T11:38:17.358171
c77cda26-4d14-4d38-ab2d-edc95b1801dc,I248743,shopping_mall,anomaly,Forum Istanbul,Metrocity,0.0264,high,0.5,Column 'shopping_mall' deviates from similar normal records.,isolation_forest+feature_contribution,True,2026-07-26T11:38:17.477814
4270c97b-e169-4d56-afd6-879dd2e9eebc,I257956,shopping_mall,anomaly,Viaport Outlet,Forum Istanbul,0.0093,high,0.5,Column 'shopping_mall' deviates from similar normal records.,isolation_forest+feature_contribution,True,2026-07-26T11:38:17.521017
528aabf5-779f-4de1-8bcb-4a54085e8191,I344727,gender,anomaly,Male,Male,0.1243,high,0.5,Column 'gender' deviates from similar normal records.,isolation_forest+feature_contribution,True,2026-07-26T11:38:17.564595
28fdcadb-c179-47a7-bc72-6309336adb5b,I152062,shopping_mall,anomaly,Metrocity,Mall of Istanbul,0.0398,high,0.5,Column 'shopping_mall' deviates from similar normal records.,isolation_forest+feature_contribution,True,2026-07-26T11:38:17.638143
6a298a37-07c8-4e23-9137-11ff237052ba,I437720,shopping_mall,anomaly,Zorlu Center,Metrocity,0.0164,high,0.5,Column 'shopping_mall' deviates from similar normal records.,isolation_forest+feature_contribution,True,2026-07-26T11:38:17.677557
e1e8c302-1716-4280-8fef-7ca97b0504cc,I711579,shopping_mall,anomaly,Emaar Square Mall,Cevahir AVM,0.0436,high,0.5,Column 'shopping_mall' deviates from similar normal records.,isolation_forest+feature_contribution,True,2026-07-26T11:38:17.730810
05616668-a03b-4637-9106-ae4b24d75c0c,I165728,shopping_mall,anomaly,Viaport Outlet,Emaar Square Mall,0.1053,high,0.5,Column 'shopping_mall' deviates from similar normal records.,isolation_forest+feature_contribution,True,2026-07-26T11:38:17.752590
a549b45c-89b3-453a-8eb1-498dfe1c1765,I136523,category,anomaly,Food & Beverage,Food & Beverage,0.1045,high,0.5,Column 'category' deviates from similar normal records.,isolation_forest+feature_contribution,True,2026-07-26T11:38:17.772389
282bf5a7-1b50-4d34-b239-b2c6f7cabef4,I136523,shopping_mall,anomaly,Istinye Park,Metrocity,0.1045,high,0.5,Column 'shopping_mall' deviates from similar normal records.,isolation_forest+feature_contribution,True,2026-07-26T11:38:17.772389
d60e3ce8-60e9-4eeb-b421-637fa2785707,I314648,category,anomaly,Books,Cosmetics,0.1461,high,0.5,Column 'category' deviates from similar normal records.,isolation_forest+feature_contribution,True,2026-07-26T11:38:17.803977
b1b2a1a8-9854-4cd3-a8b5-89d60cadab66,I758572,shopping_mall,anomaly,Viaport Outlet,Metropol AVM,0.0509,high,0.5,Column 'shopping_mall' deviates from similar normal records.,isolation_forest+feature_contribution,True,2026-07-26T11:38:17.820698
b3dda183-9475-436c-8468-9f965b32d9db,I136922,shopping_mall,anomaly,Viaport Outlet,Metropol AVM,0.0531,high,0.5,Column 'shopping_mall' deviates from similar normal records.,isolation_forest+feature_contribution,True,2026-07-26T11:38:17.836509
26c5630e-0a9b-4cec-a666-febd3da1bb8d,I266253,category,anomaly,Books,Books,0.1008,high,0.5,Column 'category' deviates from similar normal records.,isolation_forest+feature_contribution,True,2026-07-26T11:38:17.852724
5b643d2f-c0e1-4d04-bab9-aafeef4eed69,I190109,payment_method,anomaly,Debit Card,Cash,0.0694,high,0.5,Column 'payment_method' deviates from similar normal records.,isolation_forest+feature_contribution,True,2026-07-26T11:38:17.939525
9bf9efc5-8870-48ba-90df-b4082f4370da,I417454,shopping_mall,anomaly,Emaar Square Mall,Emaar Square Mall,0.0251,high,0.5,Column 'shopping_mall' deviates from similar normal records.,isolation_forest+feature_contribution,True,2026-07-26T11:38:18.036878
9b2e7320-ed03-4cb5-9279-a5fbde9f5b7a,I230538,shopping_mall,anomaly,Emaar Square Mall,Mall of Istanbul,0.0111,high,0.5,Column 'shopping_mall' deviates from similar normal records.,isolation_forest+feature_contribution,True,2026-07-26T11:38:18.056311
6db4d2b7-cd83-4860-b39f-3afa1648ffd1,I132540,shopping_mall,anomaly,Zorlu Center,Cevahir AVM,0.0321,high,0.5,Column 'shopping_mall' deviates from similar normal records.,isolation_forest+feature_contribution,True,2026-07-26T11:38:18.142016
2b448bf0-3d36-49f2-a13e-79c56af9b509,I603244,shopping_mall,anomaly,Emaar Square Mall,Cevahir AVM,0.0697,high,0.5,Column 'shopping_mall' deviates from similar normal records.,isolation_forest+feature_contribution,True,2026-07-26T11:38:18.181108
211fc38e-2c55-4338-9191-e65c5991e3a5,I327632,shopping_mall,anomaly,Viaport Outlet,Emaar Square Mall,0.0191,high,0.5,Column 'shopping_mall' deviates from similar normal records.,isolation_forest+feature_contribution,True,2026-07-26T11:38:18.195978
19cae7c5-2c58-4e57-aa2c-3de3d9b5105c,I929227,category,anomaly,Cosmetics,Cosmetics,0.0966,high,0.5,Column 'category' deviates from similar normal records.,isolation_forest+feature_contribution,True,2026-07-26T11:38:18.213839
d24c7532-6a4e-476c-ae80-1d2d25f7b244,I242387,shopping_mall,anomaly,Zorlu Center,Emaar Square Mall,0.0482,high,0.5,Column 'shopping_mall' deviates from similar normal records.,isolation_forest+feature_contribution,True,2026-07-26T11:38:18.294867
88c2646e-2a64-4284-8e3f-4f4415b01f84,I639946,payment_method,anomaly,Debit Card,Cash,0.0065,high,0.5,Column 'payment_method' deviates from similar normal records.,isolation_forest+feature_contribution,True,2026-07-26T11:38:18.378920
cf38e577-2b1d-4401-bfd0-0a973f5aac5d,I784231,shopping_mall,anomaly,Metropol AVM,Viaport Outlet,0.0171,high,0.5,Column 'shopping_mall' deviates from similar normal records.,isolation_forest+feature_contribution,True,2026-07-26T11:38:18.399013
9d205ebe-4c63-464d-a896-2c0efa032e9d,I111045,shopping_mall,anomaly,Zorlu Center,Kanyon,0.045,high,0.5,Column 'shopping_mall' deviates from similar normal records.,isolation_forest+feature_contribution,True,2026-07-26T11:38:18.456232
3811b453-0a86-40d3-9dfa-e9ce6f50cfff,I149311,shopping_mall,anomaly,Zorlu Center,Metropol AVM,0.0233,high,0.5,Column 'shopping_mall' deviates from similar normal records.,isolation_forest+feature_contribution,True,2026-07-26T11:38:18.600242
38e1638a-bb28-49c0-9ac8-0ce44f2c8ef1,I871712,shopping_mall,anomaly,Forum Istanbul,Forum Istanbul,0.0764,high,0.5,Column 'shopping_mall' deviates from similar normal records.,isolation_forest+feature_contribution,True,2026-07-26T11:38:18.655142
7c1811b8-8ee5-418d-990f-329281ae4f37,I276321,shopping_mall,anomaly,Istinye Park,Mall of Istanbul,0.054,high,0.5,Column 'shopping_mall' deviates from similar normal records.,isolation_forest+feature_contribution,True,2026-07-26T11:38:18.779212
8b4c1e05-4759-4a38-9813-7ba286b46bb8,I920486,payment_method,anomaly,Credit Card,Cash,0.0176,high,0.5,Column 'payment_method' deviates from similar normal records.,isolation_forest+feature_contribution,True,2026-07-26T11:38:18.825755
e3a6e90a-d36a-4736-8e65-19863f47e495,I339701,shopping_mall,anomaly,Forum Istanbul,Kanyon,0.0486,high,0.5,Column 'shopping_mall' deviates from similar normal records.,isolation_forest+feature_contribution,True,2026-07-26T11:38:18.847600
f891d24e-0795-4432-85e5-ccdb62269c9f,I231902,shopping_mall,anomaly,Cevahir AVM,Cevahir AVM,0.1562,high,0.5,Column 'shopping_mall' deviates from similar normal records.,isolation_forest+feature_contribution,True,2026-07-26T11:38:18.911997
432c1020-dd38-496f-94bd-ac1dee546555,I184083,shopping_mall,anomaly,Emaar Square Mall,Metrocity,0.037,high,0.5,Column 'shopping_mall' deviates from similar normal records.,isolation_forest+feature_contribution,True,2026-07-26T11:38:19.009863
09ab3c34-afc8-49b1-852c-6bfdef125c3e,I645722,shopping_mall,anomaly,Forum Istanbul,Metrocity,0.0064,high,0.5,Column 'shopping_mall' deviates from similar normal records.,isolation_forest+feature_contribution,True,2026-07-26T11:38:19.042952
c06726d0-f58f-4ddd-917c-b32397a846da,I185831,shopping_mall,anomaly,Cevahir AVM,Cevahir AVM,0.1035,high,0.5,Column 'shopping_mall' deviates from similar normal records.,isolation_forest+feature_contribution,True,2026-07-26T11:38:19.095107
e4150e5d-823f-4ce3-b1a6-d086f53e7792,I950886,category,anomaly,Souvenir,Books,0.0139,high,0.5,Column 'category' deviates from similar normal records.,isolation_forest+feature_contribution,True,2026-07-26T11:38:19.275168
40ea02d2-80b9-4d0c-bc8f-209143bc2314,I104052,shopping_mall,anomaly,Zorlu Center,Cevahir AVM,0.0344,high,0.5,Column 'shopping_mall' deviates from similar normal records.,isolation_forest+feature_contribution,True,2026-07-26T11:38:19.298398
32bad556-6f98-470b-82e9-4495a939a0c4,I151192,shopping_mall,anomaly,Metropol AVM,Kanyon,0.047,high,0.5,Column 'shopping_mall' deviates from similar normal records.,isolation_forest+feature_contribution,True,2026-07-26T11:38:19.333707
534e0437-dd44-425b-94b3-0ecee0f3205c,I150055,shopping_mall,anomaly,Viaport Outlet,Emaar Square Mall,0.0139,high,0.5,Column 'shopping_mall' deviates from similar normal records.,isolation_forest+feature_contribution,True,2026-07-26T11:38:19.354018
475d8f53-fc4c-47b4-8e7a-16519fbc34af,I179639,shopping_mall,anomaly,Zorlu Center,Metrocity,0.0262,high,0.5,Column 'shopping_mall' deviates from similar normal records.,isolation_forest+feature_contribution,True,2026-07-26T11:38:19.465946
5ba99620-c008-4092-9263-a0fda40512f7,I963727,category,anomaly,Toys,Toys,0.0091,high,0.5,Column 'category' deviates from similar normal records.,isolation_forest+feature_contribution,True,2026-07-26T11:38:19.506009
c337151c-d3a1-4906-bbe8-3b11518d4d9e,I175376,category,anomaly,Souvenir,Souvenir,0.0081,high,0.5,Column 'category' deviates from similar normal records.,isolation_forest+feature_contribution,True,2026-07-26T11:38:19.660340
85fe7319-3964-427d-99a7-7ef4f4c792b7,I317618,category,anomaly,Souvenir,Food & Beverage,0.0487,high,0.5,Column 'category' deviates from similar normal records.,isolation_forest+feature_contribution,True,2026-07-26T11:38:19.702691
c94c8b8d-8d67-4e70-97a8-c77a66931d51,I664043,shopping_mall,anomaly,Forum Istanbul,Forum Istanbul,0.0356,high,0.5,Column 'shopping_mall' deviates from similar normal records.,isolation_forest+feature_contribution,True,2026-07-26T11:38:19.836177
7770e1fd-75da-4c70-a6bf-3b4e19ef6340,I207875,shopping_mall,anomaly,Zorlu Center,Kanyon,0.0013,high,0.5,Column 'shopping_mall' deviates from similar normal records.,isolation_forest+feature_contribution,True,2026-07-26T11:38:19.879639
2b23bfc7-78f3-47a1-a04a-acd431f5cf22,I143153,shopping_mall,anomaly,Emaar Square Mall,Metropol AVM,0.096,high,0.5,Column 'shopping_mall' deviates from similar normal records.,isolation_forest+feature_contribution,True,2026-07-26T11:38:19.916837
b9a385c8-4cba-4874-9c7a-83b22597ba44,I114206,shopping_mall,anomaly,Viaport Outlet,Metropol AVM,0.0746,high,0.5,Column 'shopping_mall' deviates from similar normal records.,isolation_forest+feature_contribution,True,2026-07-26T11:38:20.007567
3fc42326-7375-4178-9d7f-04bd321aeef6,I188951,shopping_mall,anomaly,Viaport Outlet,Forum Istanbul,0.0025,high,0.5,Column 'shopping_mall' deviates from similar normal records.,isolation_forest+feature_contribution,True,2026-07-26T11:38:20.091788
7d8732cb-f3f2-4afa-9db5-753b95d02971,I215098,shopping_mall,anomaly,Forum Istanbul,Istinye Park,0.0775,high,0.5,Column 'shopping_mall' deviates from similar normal records.,isolation_forest+feature_contribution,True,2026-07-26T11:38:20.299778
de4d9b66-2204-4a0d-8abb-5e7847119ed8,I317061,shopping_mall,anomaly,Viaport Outlet,Istinye Park,0.0345,high,0.5,Column 'shopping_mall' deviates from similar normal records.,isolation_forest+feature_contribution,True,2026-07-26T11:38:20.321394
35559fe9-2578-4965-8eef-c146af9df0c8,I125557,shopping_mall,anomaly,Emaar Square Mall,Kanyon,0.0222,high,0.5,Column 'shopping_mall' deviates from similar normal records.,isolation_forest+feature_contribution,True,2026-07-26T11:38:20.342933
e9b129c9-0cd0-4263-b3de-2b23aeda80f6,I302331,shopping_mall,anomaly,Emaar Square Mall,Kanyon,0.0373,high,0.5,Column 'shopping_mall' deviates from similar normal records.,isolation_forest+feature_contribution,True,2026-07-26T11:38:20.449527
e463dd49-481c-4277-9e05-6a6e95fea8b9,I320724,shopping_mall,anomaly,Zorlu Center,Mall of Istanbul,0.0463,high,0.5,Column 'shopping_mall' deviates from similar normal records.,isolation_forest+feature_contribution,True,2026-07-26T11:38:20.492303
bdc3a7f6-f83f-4672-b2ae-1df20b1ac34c,I175289,shopping_mall,anomaly,Forum Istanbul,Metrocity,0.015,high,0.5,Column 'shopping_mall' deviates from similar normal records.,isolation_forest+feature_contribution,True,2026-07-26T11:38:20.636001
be73049c-79a7-4c09-bea6-e5c5ee795d7d,I163317,shopping_mall,anomaly,Zorlu Center,Kanyon,0.1471,high,0.5,Column 'shopping_mall' deviates from similar normal records.,isolation_forest+feature_contribution,True,2026-07-26T11:38:20.737416
e91ba0b7-ca94-4886-864c-d92ba4a6b80c,I155568,shopping_mall,anomaly,Viaport Outlet,Zorlu Center,0.0356,high,0.5,Column 'shopping_mall' deviates from similar normal records.,isolation_forest+feature_contribution,True,2026-07-26T11:38:20.847828
c1174099-d393-417b-9a48-de3b216f3b93,I557394,shopping_mall,anomaly,Viaport Outlet,Kanyon,0.0083,high,0.5,Column 'shopping_mall' deviates from similar normal records.,isolation_forest+feature_contribution,True,2026-07-26T11:38:20.864489
7c531578-0aaf-4a26-b7dc-211212ac76a8,I348913,shopping_mall,anomaly,Cevahir AVM,Kanyon,0.1342,high,0.5,Column 'shopping_mall' deviates from similar normal records.,isolation_forest+feature_contribution,True,2026-07-26T11:38:20.897939
3c1ac74e-f7b8-441b-a942-28477807f146,I731101,shopping_mall,anomaly,Forum Istanbul,Kanyon,0.0065,high,0.5,Column 'shopping_mall' deviates from similar normal records.,isolation_forest+feature_contribution,True,2026-07-26T11:38:21.075435
eee8fe6c-198a-4bbf-90bc-3ed6c5225b1a,I782816,shopping_mall,anomaly,Viaport Outlet,Mall of Istanbul,0.0072,high,0.5,Column 'shopping_mall' deviates from similar normal records.,isolation_forest+feature_contribution,True,2026-07-26T11:38:21.095054
e78119b2-76ba-4e05-9883-61ec1a754550,I166519,shopping_mall,anomaly,Emaar Square Mall,Mall of Istanbul,0.1272,high,0.5,Column 'shopping_mall' deviates from similar normal records.,isolation_forest+feature_contribution,True,2026-07-26T11:38:21.119474
af25a605-80ac-462a-a180-a11ad79505a6,I319864,shopping_mall,anomaly,Metropol AVM,Cevahir AVM,0.0973,high,0.5,Column 'shopping_mall' deviates from similar normal records.,isolation_forest+feature_contribution,True,2026-07-26T11:38:21.201381
a43b7cc2-d4ab-4272-b065-314b2458f048,I125299,category,anomaly,Toys,Cosmetics,0.0978,high,0.5,Column 'category' deviates from similar normal records.,isolation_forest+feature_contribution,True,2026-07-26T11:38:21.403321
10db4057-5d2a-4314-8a65-e8c289c9a7c5,I164712,shopping_mall,anomaly,Emaar Square Mall,Emaar Square Mall,0.0106,high,0.5,Column 'shopping_mall' deviates from similar normal records.,isolation_forest+feature_contribution,True,2026-07-26T11:38:21.439001
fbbeadde-2253-44fb-8387-c7837f9db391,I787564,shopping_mall,anomaly,Viaport Outlet,Kanyon,0.0451,high,0.5,Column 'shopping_mall' deviates from similar normal records.,isolation_forest+feature_contribution,True,2026-07-26T11:38:21.456086
28e9fc05-96f5-40e8-9dd6-84baebda6c90,I203232,shopping_mall,anomaly,Viaport Outlet,Kanyon,0.0079,high,0.5,Column 'shopping_mall' deviates from similar normal records.,isolation_forest+feature_contribution,True,2026-07-26T11:38:21.579589
1eab23f5-d21e-4a1a-861d-d041f667f99a,I772670,payment_method,anomaly,Debit Card,Cash,0.1189,high,0.5,Column 'payment_method' deviates from similar normal records.,isolation_forest+feature_contribution,True,2026-07-26T11:38:21.654792
9a7780fe-6b2b-41a6-bc4c-9d096d0f3ae6,I772670,shopping_mall,anomaly,Emaar Square Mall,Metropol AVM,0.1189,high,0.5,Column 'shopping_mall' deviates from similar normal records.,isolation_forest+feature_contribution,True,2026-07-26T11:38:21.654792
a7599043-0404-4afd-b1dc-e6519c51f0fc,I396308,shopping_mall,anomaly,Emaar Square Mall,Emaar Square Mall,0.1379,high,0.5,Column 'shopping_mall' deviates from similar normal records.,isolation_forest+feature_contribution,True,2026-07-26T11:38:21.734026
dd4906d0-1771-4ca4-a6a9-fa93a9fcbeae,I171126,shopping_mall,anomaly,Viaport Outlet,Mall of Istanbul,0.1953,high,0.5,Column 'shopping_mall' deviates from similar normal records.,isolation_forest+feature_contribution,True,2026-07-26T11:38:21.838764
58a99150-10da-4cdf-93e4-4cfc4e669ca7,I223542,shopping_mall,anomaly,Zorlu Center,Istinye Park,0.0144,high,0.5,Column 'shopping_mall' deviates from similar normal records.,isolation_forest+feature_contribution,True,2026-07-26T11:38:21.917873
6922af7f-e585-4e11-92b5-d00b78b3833e,I169119,shopping_mall,anomaly,Cevahir AVM,Metrocity,0.0959,high,0.5,Column 'shopping_mall' deviates from similar normal records.,isolation_forest+feature_contribution,True,2026-07-26T11:38:21.958444
bf607e8f-00ac-439f-ae88-bba4c22f4020,I278701,shopping_mall,anomaly,Viaport Outlet,Metrocity,0.034,high,0.5,Column 'shopping_mall' deviates from similar normal records.,isolation_forest+feature_contribution,True,2026-07-26T11:38:22.241012
9a9ec307-510b-4f7f-8b1a-c9aa4592cb15,I111617,payment_method,anomaly,Debit Card,Cash,0.0011,high,0.5,Column 'payment_method' deviates from similar normal records.,isolation_forest+feature_contribution,True,2026-07-26T11:38:22.262271
5d352ce7-65c0-4a1a-a9c3-bf8ef6575eaf,I264670,gender,anomaly,Male,Male,0.0972,high,0.5,Column 'gender' deviates from similar normal records.,isolation_forest+feature_contribution,True,2026-07-26T11:38:22.323306
153190f9-e32b-4c25-a2c2-937731acfa17,I647193,shopping_mall,anomaly,Zorlu Center,Kanyon,0.0475,high,0.5,Column 'shopping_mall' deviates from similar normal records.,isolation_forest+feature_contribution,True,2026-07-26T11:38:22.339180
6dcd57df-bcab-48cc-846f-735669d15fff,I204514,shopping_mall,anomaly,Viaport Outlet,Mall of Istanbul,0.0659,high,0.5,Column 'shopping_mall' deviates from similar normal records.,isolation_forest+feature_contribution,True,2026-07-26T11:38:22.355320
11f240b0-67a5-4fb1-82ae-916b2b2d365f,I261182,shopping_mall,anomaly,Viaport Outlet,Cevahir AVM,0.1571,high,0.5,Column 'shopping_mall' deviates from similar normal records.,isolation_forest+feature_contribution,True,2026-07-26T11:38:22.374726
f4fbaacf-2cca-404d-81d1-41a7d2e92376,I139709,gender,anomaly,Male,Male,0.0933,high,0.5,Column 'gender' deviates from similar normal records.,isolation_forest+feature_contribution,True,2026-07-26T11:38:22.397015
5dedc772-2b4f-4ea8-912d-9e8ac04e9371,I139709,shopping_mall,anomaly,Viaport Outlet,Metrocity,0.0933,high,0.5,Column 'shopping_mall' deviates from similar normal records.,isolation_forest+feature_contribution,True,2026-07-26T11:38:22.397015
886d3c86-4508-4c13-b455-9253a9470bf2,I180813,shopping_mall,anomaly,Zorlu Center,Metropol AVM,0.0766,high,0.5,Column 'shopping_mall' deviates from similar normal records.,isolation_forest+feature_contribution,True,2026-07-26T11:38:22.457758
e10fd202-df41-4252-b93c-f6ba6c8adef0,I840688,shopping_mall,anomaly,Viaport Outlet,Metrocity,0.0774,high,0.5,Column 'shopping_mall' deviates from similar normal records.,isolation_forest+feature_contribution,True,2026-07-26T11:38:22.566760
f7f94bd2-6d81-41bf-90f4-6495311dbefa,I335068,shopping_mall,anomaly,Metropol AVM,Istinye Park,0.081,high,0.5,Column 'shopping_mall' deviates from similar normal records.,isolation_forest+feature_contribution,True,2026-07-26T11:38:22.592268
6ffc2b4f-d43e-4935-99b0-82b4ada69a4b,I247958,shopping_mall,anomaly,Zorlu Center,Cevahir AVM,0.1088,high,0.5,Column 'shopping_mall' deviates from similar normal records.,isolation_forest+feature_contribution,True,2026-07-26T11:38:22.651711
bd8c916d-bad8-44a2-8f41-74c97fbf9687,I221070,shopping_mall,anomaly,Emaar Square Mall,Metropol AVM,0.0056,high,0.5,Column 'shopping_mall' deviates from similar normal records.,isolation_forest+feature_contribution,True,2026-07-26T11:38:22.780377
c9c80a18-fe38-42d0-80d9-7ede3fa0a07e,I164533,shopping_mall,anomaly,Cevahir AVM,Kanyon,0.0211,high,0.5,Column 'shopping_mall' deviates from similar normal records.,isolation_forest+feature_contribution,True,2026-07-26T11:38:22.965299
ef4cecf2-84c4-496e-b258-832fb062baed,I262484,shopping_mall,anomaly,Emaar Square Mall,Kanyon,0.0227,high,0.5,Column 'shopping_mall' deviates from similar normal records.,isolation_forest+feature_contribution,True,2026-07-26T11:38:23.009475
57a8e08e-50f9-42cb-8789-7e866a6ca18b,I879955,payment_method,anomaly,Debit Card,Cash,0.2076,high,0.5,Column 'payment_method' deviates from similar normal records.,isolation_forest+feature_contribution,True,2026-07-26T11:38:23.122636
ccbd60d6-26dc-41f7-8069-7ecd73578191,I879955,shopping_mall,anomaly,Viaport Outlet,Kanyon,0.2076,high,0.5,Column 'shopping_mall' deviates from similar normal records.,isolation_forest+feature_contribution,True,2026-07-26T11:38:23.122636
4e8b50dc-de9b-48d1-a12e-6835eb2f5623,I166952,shopping_mall,anomaly,Viaport Outlet,Mall of Istanbul,0.0748,high,0.5,Column 'shopping_mall' deviates from similar normal records.,isolation_forest+feature_contribution,True,2026-07-26T11:38:23.272385
b28cf708-f44d-4824-b0c8-c06bc3200ed1,I347694,category,anomaly,Souvenir,Food & Beverage,0.008,high,0.5,Column 'category' deviates from similar normal records.,isolation_forest+feature_contribution,True,2026-07-26T11:38:23.316760
fbac89c4-819e-49b0-9857-ec6f07038cce,I320423,shopping_mall,anomaly,Viaport Outlet,Kanyon,0.0897,high,0.5,Column 'shopping_mall' deviates from similar normal records.,isolation_forest+feature_contribution,True,2026-07-26T11:38:23.570618
d36f2ce3-1a3a-4d4c-9a83-85e845dbe12d,I478211,shopping_mall,anomaly,Zorlu Center,Istinye Park,0.0535,high,0.5,Column 'shopping_mall' deviates from similar normal records.,isolation_forest+feature_contribution,True,2026-07-26T11:38:23.627118
4baec592-9aa3-47e5-b0ef-efa96a3357e5,I224136,shopping_mall,anomaly,Emaar Square Mall,Istinye Park,0.0768,high,0.5,Column 'shopping_mall' deviates from similar normal records.,isolation_forest+feature_contribution,True,2026-07-26T11:38:23.667567
e358297a-f445-4e4f-863a-642830299c33,I160376,shopping_mall,anomaly,Viaport Outlet,Cevahir AVM,0.0442,high,0.5,Column 'shopping_mall' deviates from similar normal records.,isolation_forest+feature_contribution,True,2026-07-26T11:38:23.776149
13bd07c3-32af-4570-ac4f-f795167643c5,I228673,category,anomaly,Books,Souvenir,0.084,high,0.5,Column 'category' deviates from similar normal records.,isolation_forest+feature_contribution,True,2026-07-26T11:38:23.797352
3abe4d26-29ee-4e51-b67d-50de4eac8d08,I228673,payment_method,anomaly,Debit Card,Credit Card,0.084,high,0.5,Column 'payment_method' deviates from similar normal records.,isolation_forest+feature_contribution,True,2026-07-26T11:38:23.797352
de13d32a-df10-4ede-a4bb-5384174bc5c5,I667057,shopping_mall,anomaly,Zorlu Center,Kanyon,0.1234,high,0.5,Column 'shopping_mall' deviates from similar normal records.,isolation_forest+feature_contribution,True,2026-07-26T11:38:23.938710
5101bd81-4eef-4150-baff-b2f474750245,I119644,shopping_mall,anomaly,Metropol AVM,Forum Istanbul,0.0952,high,0.5,Column 'shopping_mall' deviates from similar normal records.,isolation_forest+feature_contribution,True,2026-07-26T11:38:24.104351
767d289d-7dc7-4fbc-a06a-fb104e20a61d,I304147,shopping_mall,anomaly,Cevahir AVM,Kanyon,0.0644,high,0.5,Column 'shopping_mall' deviates from similar normal records.,isolation_forest+feature_contribution,True,2026-07-26T11:38:24.137837
67390663-9633-418d-9d1c-2d50182ff39c,I346975,shopping_mall,anomaly,Emaar Square Mall,Istinye Park,0.0099,high,0.5,Column 'shopping_mall' deviates from similar normal records.,isolation_forest+feature_contribution,True,2026-07-26T11:38:24.179038
ac9ee8a8-d01b-4f1a-b5c6-55d14a315413,I206675,payment_method,anomaly,Debit Card,Credit Card,0.0479,high,0.5,Column 'payment_method' deviates from similar normal records.,isolation_forest+feature_contribution,True,2026-07-26T11:38:24.485685
031d9d7a-d008-49d3-a158-0b58bc5ae1ac,I421355,shopping_mall,anomaly,Emaar Square Mall,Kanyon,0.0236,high,0.5,Column 'shopping_mall' deviates from similar normal records.,isolation_forest+feature_contribution,True,2026-07-26T11:38:24.503119
e187d8c7-e67b-4939-afc5-3a839ac9b0ce,I276914,shopping_mall,anomaly,Cevahir AVM,Cevahir AVM,0.0208,high,0.5,Column 'shopping_mall' deviates from similar normal records.,isolation_forest+feature_contribution,True,2026-07-26T11:38:24.538088
c75163ae-61f0-4fec-9296-fafca97540be,I868111,shopping_mall,anomaly,Forum Istanbul,Emaar Square Mall,0.0093,high,0.5,Column 'shopping_mall' deviates from similar normal records.,isolation_forest+feature_contribution,True,2026-07-26T11:38:24.687534
042534cb-9018-4cad-b4fa-5517f0dddbae,I237353,category,anomaly,Souvenir,Books,0.1281,high,0.5,Column 'category' deviates from similar normal records.,isolation_forest+feature_contribution,True,2026-07-26T11:38:24.707080
958d1030-c1fe-40d0-86a5-6ab81134b7d4,I289100,shopping_mall,anomaly,Cevahir AVM,Kanyon,0.0134,high,0.5,Column 'shopping_mall' deviates from similar normal records.,isolation_forest+feature_contribution,True,2026-07-26T11:38:24.835351
056f3490-b127-4137-ac24-903cd9c1b282,I280715,shopping_mall,anomaly,Zorlu Center,Metrocity,0.0119,high,0.5,Column 'shopping_mall' deviates from similar normal records.,isolation_forest+feature_contribution,True,2026-07-26T11:38:24.954942
5bf85e91-73d1-4a39-855f-e5e4eb4c26b3,I172687,shopping_mall,anomaly,Viaport Outlet,Istinye Park,0.1298,high,0.5,Column 'shopping_mall' deviates from similar normal records.,isolation_forest+feature_contribution,True,2026-07-26T11:38:24.979674
21b795ea-eed7-4f53-9c71-866359f326c0,I932418,payment_method,anomaly,Debit Card,Cash,0.0037,high,0.5,Column 'payment_method' deviates from similar normal records.,isolation_forest+feature_contribution,True,2026-07-26T11:38:24.998635
1fca4d03-6206-4523-9fa0-a4e3eb9616d4,I803455,category,anomaly,Books,Food & Beverage,0.0737,high,0.5,Column 'category' deviates from similar normal records.,isolation_forest+feature_contribution,True,2026-07-26T11:38:25.298861
ff453277-897b-431a-bc14-ded02b17af71,I232091,category,anomaly,Souvenir,Food & Beverage,0.0099,high,0.5,Column 'category' deviates from similar normal records.,isolation_forest+feature_contribution,True,2026-07-26T11:38:25.397162
0011338c-3739-4bd5-b0f1-060a24b7aafe,I232091,shopping_mall,anomaly,Zorlu Center,Zorlu Center,0.0099,high,0.5,Column 'shopping_mall' deviates from similar normal records.,isolation_forest+feature_contribution,True,2026-07-26T11:38:25.397162
d8dd88ec-de4a-4275-9f07-cbaa98ccb2cc,I136848,shopping_mall,anomaly,Viaport Outlet,Istinye Park,0.0417,high,0.5,Column 'shopping_mall' deviates from similar normal records.,isolation_forest+feature_contribution,True,2026-07-26T11:38:25.415211
97413fd9-8342-449d-ab17-ff825b20b996,I112263,payment_method,anomaly,Debit Card,Credit Card,0.0983,high,0.5,Column 'payment_method' deviates from similar normal records.,isolation_forest+feature_contribution,True,2026-07-26T11:38:25.526408
e6d80ce7-be2c-46be-a470-6a8d3032e0ed,I171822,payment_method,anomaly,Debit Card,Cash,0.0649,high,0.5,Column 'payment_method' deviates from similar normal records.,isolation_forest+feature_contribution,True,2026-07-26T11:38:25.542880
1a8fdfeb-a38c-4474-b5f6-795ac2df3ac1,I154986,shopping_mall,anomaly,Emaar Square Mall,Kanyon,0.0432,high,0.5,Column 'shopping_mall' deviates from similar normal records.,isolation_forest+feature_contribution,True,2026-07-26T11:38:25.612242
76912184-3544-44ef-89f1-d75c615f9083,I180217,shopping_mall,anomaly,Viaport Outlet,Kanyon,0.0679,high,0.5,Column 'shopping_mall' deviates from similar normal records.,isolation_forest+feature_contribution,True,2026-07-26T11:38:25.628030
39ae2eef-43fa-427d-b050-49659a83ebd6,I457905,shopping_mall,anomaly,Emaar Square Mall,Istinye Park,0.1617,high,0.5,Column 'shopping_mall' deviates from similar normal records.,isolation_forest+feature_contribution,True,2026-07-26T11:38:25.643808
8b9af86c-ed4d-4568-8929-52acbae97156,I694259,shopping_mall,anomaly,Zorlu Center,Metrocity,0.0453,high,0.5,Column 'shopping_mall' deviates from similar normal records.,isolation_forest+feature_contribution,True,2026-07-26T11:38:25.738509
936472f5-7e1d-4886-84d9-53d023734607,I185869,shopping_mall,anomaly,Viaport Outlet,Emaar Square Mall,0.1331,high,0.5,Column 'shopping_mall' deviates from similar normal records.,isolation_forest+feature_contribution,True,2026-07-26T11:38:25.808302
5e67fb00-558a-49ef-876f-4a7d537f3cc6,I177208,shopping_mall,anomaly,Emaar Square Mall,Mall of Istanbul,0.0378,high,0.5,Column 'shopping_mall' deviates from similar normal records.,isolation_forest+feature_contribution,True,2026-07-26T11:38:25.883076
4c9403fb-1ca3-4735-8b5a-84f136efdb44,I129728,payment_method,anomaly,Debit Card,Debit Card,0.234,high,0.5,Column 'payment_method' deviates from similar normal records.,isolation_forest+feature_contribution,True,2026-07-26T11:38:25.945867
f41bc83d-dd7c-4795-a9fd-3e4b874cf195,I849925,shopping_mall,anomaly,Emaar Square Mall,Emaar Square Mall,0.0307,high,0.5,Column 'shopping_mall' deviates from similar normal records.,isolation_forest+feature_contribution,True,2026-07-26T11:38:26.002797
566ac436-4112-434e-b34a-f496d04810fb,I172551,shopping_mall,anomaly,Istinye Park,Istinye Park,0.0001,high,0.5,Column 'shopping_mall' deviates from similar normal records.,isolation_forest+feature_contribution,True,2026-07-26T11:38:26.252097
0031dd13-20e3-417d-b303-0b69b66a35f0,I312216,shopping_mall,anomaly,Zorlu Center,Metrocity,0.0206,high,0.5,Column 'shopping_mall' deviates from similar normal records.,isolation_forest+feature_contribution,True,2026-07-26T11:38:26.345975
8215add7-f375-41db-bf1b-f4c0030ae480,I167081,shopping_mall,anomaly,Viaport Outlet,Mall of Istanbul,0.0785,high,0.5,Column 'shopping_mall' deviates from similar normal records.,isolation_forest+feature_contribution,True,2026-07-26T11:38:26.417075
f7d078e5-b537-4779-91bc-4ec571168852,I243409,shopping_mall,anomaly,Zorlu Center,Mall of Istanbul,0.142,high,0.5,Column 'shopping_mall' deviates from similar normal records.,isolation_forest+feature_contribution,True,2026-07-26T11:38:26.530882
2ba434fb-8ff4-447e-96f1-d01e3ba79ace,I143406,payment_method,anomaly,Debit Card,Credit Card,0.0911,high,0.5,Column 'payment_method' deviates from similar normal records.,isolation_forest+feature_contribution,True,2026-07-26T11:38:26.641705
4017afea-d62b-4a6d-89e7-3fd5688ee5cd,I251437,category,anomaly,Souvenir,Books,0.1192,high,0.5,Column 'category' deviates from similar normal records.,isolation_forest+feature_contribution,True,2026-07-26T11:38:26.658347
d55b154f-ad9f-4278-9de7-9d1fda66925a,I332726,shopping_mall,anomaly,Viaport Outlet,Cevahir AVM,0.1357,high,0.5,Column 'shopping_mall' deviates from similar normal records.,isolation_forest+feature_contribution,True,2026-07-26T11:38:26.677014
442d406e-453e-4388-84eb-7d227ce6801f,I119130,shopping_mall,anomaly,Metropol AVM,Metropol AVM,0.0267,high,0.5,Column 'shopping_mall' deviates from similar normal records.,isolation_forest+feature_contribution,True,2026-07-26T11:38:26.959253
f0b599e8-61ff-4271-9dc2-c02a3b0c4dd4,I294550,shopping_mall,anomaly,Viaport Outlet,Metropol AVM,0.0096,high,0.5,Column 'shopping_mall' deviates from similar normal records.,isolation_forest+feature_contribution,True,2026-07-26T11:38:26.992703
b4d28453-b2f0-425f-b9ac-062a298c1809,I982463,shopping_mall,anomaly,Zorlu Center,Istinye Park,0.036,high,0.5,Column 'shopping_mall' deviates from similar normal records.,isolation_forest+feature_contribution,True,2026-07-26T11:38:27.083634
341063c9-ec0c-40c9-8eb6-ad2eb6175dbe,I180056,shopping_mall,anomaly,Viaport Outlet,Mall of Istanbul,0.0032,high,0.5,Column 'shopping_mall' deviates from similar normal records.,isolation_forest+feature_contribution,True,2026-07-26T11:38:27.106763
f3a39f21-1616-43c8-b509-4568c60ff90a,I214290,shopping_mall,anomaly,Istinye Park,Metropol AVM,0.0664,high,0.5,Column 'shopping_mall' deviates from similar normal records.,isolation_forest+feature_contribution,True,2026-07-26T11:38:27.146081
8821b1ae-3325-492c-bece-b6a18b2fe889,I275631,shopping_mall,anomaly,Emaar Square Mall,Cevahir AVM,0.0694,high,0.5,Column 'shopping_mall' deviates from similar normal records.,isolation_forest+feature_contribution,True,2026-07-26T11:38:27.189956
67f2c129-6f25-4802-9d0c-4eccdc08c4c4,I356430,shopping_mall,anomaly,Metropol AVM,Cevahir AVM,0.0287,high,0.5,Column 'shopping_mall' deviates from similar normal records.,isolation_forest+feature_contribution,True,2026-07-26T11:38:27.363161
8ac1b0a2-0f61-40a6-a2d1-9da0616a66c0,I202371,shopping_mall,anomaly,Cevahir AVM,Zorlu Center,0.0032,high,0.5,Column 'shopping_mall' deviates from similar normal records.,isolation_forest+feature_contribution,True,2026-07-26T11:38:27.442103
1e970a7b-5a03-4a4d-88e1-d6759d2a8222,I155932,shopping_mall,anomaly,Metropol AVM,Metrocity,0.0776,high,0.5,Column 'shopping_mall' deviates from similar normal records.,isolation_forest+feature_contribution,True,2026-07-26T11:38:27.464551
3230b7e5-6229-4b14-a4f9-3fc9a7e1f546,I275484,shopping_mall,anomaly,Forum Istanbul,Mall of Istanbul,0.0734,high,0.5,Column 'shopping_mall' deviates from similar normal records.,isolation_forest+feature_contribution,True,2026-07-26T11:38:27.488545
778fd9a6-d748-4367-9864-28dfa07dc69c,I203322,category,anomaly,Books,Books,0.0698,high,0.5,Column 'category' deviates from similar normal records.,isolation_forest+feature_contribution,True,2026-07-26T11:38:27.637953
689c31f8-3c4c-4cc1-b974-85a6258585df,I264817,shopping_mall,anomaly,Cevahir AVM,Metrocity,0.0839,high,0.5,Column 'shopping_mall' deviates from similar normal records.,isolation_forest+feature_contribution,True,2026-07-26T11:38:27.727203
9f810b9c-a1f7-4120-b279-7ab1d4886494,I107300,payment_method,anomaly,Debit Card,Debit Card,0.0727,high,0.5,Column 'payment_method' deviates from similar normal records.,isolation_forest+feature_contribution,True,2026-07-26T11:38:27.827758
4c80e3b8-49e2-4d44-b689-a194327d5c5d,I162002,shopping_mall,anomaly,Emaar Square Mall,Forum Istanbul,0.2691,high,0.5,Column 'shopping_mall' deviates from similar normal records.,isolation_forest+feature_contribution,True,2026-07-26T11:38:27.851549
6c283218-19cd-48f9-be1d-fa51ee6c0b08,I224361,shopping_mall,anomaly,Forum Istanbul,Kanyon,0.0716,high,0.5,Column 'shopping_mall' deviates from similar normal records.,isolation_forest+feature_contribution,True,2026-07-26T11:38:27.958673
3bfb2579-7ec5-4ac6-a9dd-88241106d3b8,I282292,shopping_mall,anomaly,Metrocity,Mall of Istanbul,0.0543,high,0.5,Column 'shopping_mall' deviates from similar normal records.,isolation_forest+feature_contribution,True,2026-07-26T11:38:28.023902
9f431013-669f-4707-8585-9f41cc859a73,I169169,shopping_mall,anomaly,Forum Istanbul,Kanyon,0.047,high,0.5,Column 'shopping_mall' deviates from similar normal records.,isolation_forest+feature_contribution,True,2026-07-26T11:38:28.148225
67eda947-493b-49f8-a2df-79b723a781d5,I444153,payment_method,anomaly,Debit Card,Cash,0.0405,high,0.5,Column 'payment_method' deviates from similar normal records.,isolation_forest+feature_contribution,True,2026-07-26T11:38:28.181901
87076ec9-f6f5-4c69-b1c9-875ac26d50be,I282433,shopping_mall,anomaly,Metropol AVM,Metropol AVM,0.0244,high,0.5,Column 'shopping_mall' deviates from similar normal records.,isolation_forest+feature_contribution,True,2026-07-26T11:38:28.251855
b7c27771-1a4d-47e5-8730-7bf0c3a8038f,I309583,shopping_mall,anomaly,Viaport Outlet,Mall of Istanbul,0.0933,high,0.5,Column 'shopping_mall' deviates from similar normal records.,isolation_forest+feature_contribution,True,2026-07-26T11:38:28.320612
7dde38c0-78fa-4898-87a6-7251a07c50b5,I193576,shopping_mall,anomaly,Emaar Square Mall,Mall of Istanbul,0.0328,high,0.5,Column 'shopping_mall' deviates from similar normal records.,isolation_forest+feature_contribution,True,2026-07-26T11:38:28.459202
82071d8c-edbb-426b-a113-37fbc7fe973b,I146349,shopping_mall,anomaly,Istinye Park,Kanyon,0.1383,high,0.5,Column 'shopping_mall' deviates from similar normal records.,isolation_forest+feature_contribution,True,2026-07-26T11:38:28.533349
9db989dc-fc7d-439a-be15-69e55d763b21,I220052,shopping_mall,anomaly,Metrocity,Metrocity,0.0325,high,0.5,Column 'shopping_mall' deviates from similar normal records.,isolation_forest+feature_contribution,True,2026-07-26T11:38:28.557142
0e251c7f-15a3-4107-b076-71982447c419,I176689,shopping_mall,anomaly,Metropol AVM,Mall of Istanbul,0.1038,high,0.5,Column 'shopping_mall' deviates from similar normal records.,isolation_forest+feature_contribution,True,2026-07-26T11:38:28.579009
7907bc5c-5476-4b98-9a08-0822bc18ddb6,I404989,payment_method,anomaly,Credit Card,Credit Card,0.1262,high,0.5,Column 'payment_method' deviates from similar normal records.,isolation_forest+feature_contribution,True,2026-07-26T11:38:28.648648
dadcb221-3d99-44dc-b622-b16680bc306b,I404989,shopping_mall,anomaly,Metropol AVM,Cevahir AVM,0.1262,high,0.5,Column 'shopping_mall' deviates from similar normal records.,isolation_forest+feature_contribution,True,2026-07-26T11:38:28.650651
e556ba43-96a5-4248-bc2b-3446b6161e53,I190500,category,anomaly,Books,Cosmetics,0.0153,high,0.5,Column 'category' deviates from similar normal records.,isolation_forest+feature_contribution,True,2026-07-26T11:38:28.689793
b14ae0ad-1ca6-42d5-9430-49e49c721945,I590497,shopping_mall,anomaly,Metropol AVM,Metropol AVM,0.0017,high,0.5,Column 'shopping_mall' deviates from similar normal records.,isolation_forest+feature_contribution,True,2026-07-26T11:38:28.780862
af9807bd-2adf-4dca-a088-282fa59dbef1,I288518,shopping_mall,anomaly,Emaar Square Mall,Mall of Istanbul,0.0326,high,0.5,Column 'shopping_mall' deviates from similar normal records.,isolation_forest+feature_contribution,True,2026-07-26T11:38:28.803691
b3fee8a1-2253-433c-86d6-d0cc6551be7a,I798728,payment_method,anomaly,Debit Card,Cash,0.1042,high,0.5,Column 'payment_method' deviates from similar normal records.,isolation_forest+feature_contribution,True,2026-07-26T11:38:28.887281
26a64a33-bdfe-4097-b6f2-a9d2db318c14,I197053,shopping_mall,anomaly,Zorlu Center,Istinye Park,0.0364,high,0.5,Column 'shopping_mall' deviates from similar normal records.,isolation_forest+feature_contribution,True,2026-07-26T11:38:28.995103
e9563ff9-fec7-4ffb-b287-84ea29a3cee3,I267253,shopping_mall,anomaly,Istinye Park,Mall of Istanbul,0.0417,high,0.5,Column 'shopping_mall' deviates from similar normal records.,isolation_forest+feature_contribution,True,2026-07-26T11:38:29.036700
aebce75f-a03d-4db8-90bf-64e0edc4eb0a,I152350,shopping_mall,anomaly,Emaar Square Mall,Mall of Istanbul,0.0115,high,0.5,Column 'shopping_mall' deviates from similar normal records.,isolation_forest+feature_contribution,True,2026-07-26T11:38:29.084085
0f149cd2-7dc1-4a75-a00e-cf89f80caf39,I559598,shopping_mall,anomaly,Forum Istanbul,Istinye Park,0.0356,high,0.5,Column 'shopping_mall' deviates from similar normal records.,isolation_forest+feature_contribution,True,2026-07-26T11:38:29.123962
e326a60f-e374-4d85-a044-770ec1db01b6,I120592,payment_method,anomaly,Credit Card,Cash,0.0319,high,0.5,Column 'payment_method' deviates from similar normal records.,isolation_forest+feature_contribution,True,2026-07-26T11:38:29.353507
c616753f-fa04-4099-ba42-7fc42bdc4873,I120592,shopping_mall,anomaly,Zorlu Center,Metropol AVM,0.0319,high,0.5,Column 'shopping_mall' deviates from similar normal records.,isolation_forest+feature_contribution,True,2026-07-26T11:38:29.353507
676899a4-a402-46c1-a0ad-6f392c1645e1,I218501,shopping_mall,anomaly,Forum Istanbul,Kanyon,0.0282,high,0.5,Column 'shopping_mall' deviates from similar normal records.,isolation_forest+feature_contribution,True,2026-07-26T11:38:29.402001
1c69544f-75e0-43d7-845d-0a6196aeff7b,I250993,payment_method,anomaly,Debit Card,Cash,0.0139,high,0.5,Column 'payment_method' deviates from similar normal records.,isolation_forest+feature_contribution,True,2026-07-26T11:38:29.491815
424b8d59-54c8-4125-84ae-af43853d5093,I147685,payment_method,anomaly,Debit Card,Credit Card,0.1276,high,0.5,Column 'payment_method' deviates from similar normal records.,isolation_forest+feature_contribution,True,2026-07-26T11:38:29.540032
9de5ce12-c288-4a44-9ffc-b01dc50c43d1,I274023,shopping_mall,anomaly,Cevahir AVM,Kanyon,0.0136,high,0.5,Column 'shopping_mall' deviates from similar normal records.,isolation_forest+feature_contribution,True,2026-07-26T11:38:29.698548
7ce82a2f-4a3b-402d-92fc-43c70940ad8e,I370039,category,anomaly,Toys,Cosmetics,0.0113,high,0.5,Column 'category' deviates from similar normal records.,isolation_forest+feature_contribution,True,2026-07-26T11:38:29.846504
9665620b-d32e-4046-a7b0-1461f4e84624,I331605,shopping_mall,anomaly,Zorlu Center,Metropol AVM,0.0225,high,0.5,Column 'shopping_mall' deviates from similar normal records.,isolation_forest+feature_contribution,True,2026-07-26T11:38:29.866995
dbcfcdc8-23cc-4a0f-8622-a5c7f5485442,I176411,shopping_mall,anomaly,Emaar Square Mall,Mall of Istanbul,0.1971,high,0.5,Column 'shopping_mall' deviates from similar normal records.,isolation_forest+feature_contribution,True,2026-07-26T11:38:29.887123
34e2c0b8-c8a3-44d7-ae0d-60949ab2aa64,I267694,shopping_mall,anomaly,Viaport Outlet,Kanyon,0.1562,high,0.5,Column 'shopping_mall' deviates from similar normal records.,isolation_forest+feature_contribution,True,2026-07-26T11:38:29.953654
c84781f6-d440-4381-9bca-3141e5ffad0a,I301388,shopping_mall,anomaly,Zorlu Center,Mall of Istanbul,0.0109,high,0.5,Column 'shopping_mall' deviates from similar normal records.,isolation_forest+feature_contribution,True,2026-07-26T11:38:30.438777
698efdc8-6a16-46a0-97f4-ac667bac3b8d,I145732,shopping_mall,anomaly,Istinye Park,Kanyon,0.0218,high,0.5,Column 'shopping_mall' deviates from similar normal records.,isolation_forest+feature_contribution,True,2026-07-26T11:38:30.567150
818e59fa-fd60-49ca-9aaa-7e7ff123e0e7,I132698,shopping_mall,anomaly,Emaar Square Mall,Istinye Park,0.1541,high,0.5,Column 'shopping_mall' deviates from similar normal records.,isolation_forest+feature_contribution,True,2026-07-26T11:38:30.863055
90b5e7eb-4f95-4d47-a313-d9f82d197640,I508674,shopping_mall,anomaly,Viaport Outlet,Kanyon,0.04,high,0.5,Column 'shopping_mall' deviates from similar normal records.,isolation_forest+feature_contribution,True,2026-07-26T11:38:30.945345
268570b4-093f-49a0-b80a-2382162cd8e9,I701750,payment_method,anomaly,Debit Card,Cash,0.1713,high,0.5,Column 'payment_method' deviates from similar normal records.,isolation_forest+feature_contribution,True,2026-07-26T11:38:31.005077
fa318d83-7ddc-4fa6-acc0-b70c1ab87b5d,I316047,shopping_mall,anomaly,Cevahir AVM,Forum Istanbul,0.1053,high,0.5,Column 'shopping_mall' deviates from similar normal records.,isolation_forest+feature_contribution,True,2026-07-26T11:38:31.025869
d517beb4-1824-471e-8e29-2ad5232d2b5f,I196731,payment_method,anomaly,Debit Card,Credit Card,0.0571,high,0.5,Column 'payment_method' deviates from similar normal records.,isolation_forest+feature_contribution,True,2026-07-26T11:38:31.166622
b7fde4e3-4e07-426b-94e6-051eaf04e1f9,I196731,shopping_mall,anomaly,Emaar Square Mall,Emaar Square Mall,0.0571,high,0.5,Column 'shopping_mall' deviates from similar normal records.,isolation_forest+feature_contribution,True,2026-07-26T11:38:31.166622
41f3c213-bb3e-45d3-8ed3-7f32002dd9d3,I185820,age_group,anomaly,46_55,46_55,0.0102,low,0.0,Column 'age_group' deviates from similar normal records.,isolation_forest+feature_contribution,True,2026-07-26T11:38:31.186158
587753d5-4b0d-4940-9ca1-cbd802e992dd,I628460,shopping_mall,anomaly,Emaar Square Mall,Kanyon,0.117,high,0.5,Column 'shopping_mall' deviates from similar normal records.,isolation_forest+feature_contribution,True,2026-07-26T11:38:31.224867
980fea26-3e52-4818-bfe7-fdedd0b07a8d,I182395,shopping_mall,anomaly,Zorlu Center,Kanyon,0.0618,high,0.5,Column 'shopping_mall' deviates from similar normal records.,isolation_forest+feature_contribution,True,2026-07-26T11:38:31.245943
c13ddfff-395e-46d0-bbbf-12224fd27278,I325740,shopping_mall,anomaly,Emaar Square Mall,Emaar Square Mall,0.0243,high,0.5,Column 'shopping_mall' deviates from similar normal records.,isolation_forest+feature_contribution,True,2026-07-26T11:38:31.403508
9f9344ce-a0b2-4e6e-b37b-4c949d10978e,I116809,shopping_mall,anomaly,Mall of Istanbul,Mall of Istanbul,0.0602,high,0.5,Column 'shopping_mall' deviates from similar normal records.,isolation_forest+feature_contribution,True,2026-07-26T11:38:31.419710
86eaa4f2-c1cd-4c4b-9e9b-922cc2be8195,I242423,shopping_mall,anomaly,Cevahir AVM,Viaport Outlet,0.0768,high,0.5,Column 'shopping_mall' deviates from similar normal records.,isolation_forest+feature_contribution,True,2026-07-26T11:38:31.489982
dd5a3005-c29c-471b-939c-eceb04a3d71b,I261286,shopping_mall,anomaly,Viaport Outlet,Istinye Park,0.0001,high,0.5,Column 'shopping_mall' deviates from similar normal records.,isolation_forest+feature_contribution,True,2026-07-26T11:38:31.513352
c170a5bf-bfa3-4973-8584-eb14fe1bd629,I608168,category,anomaly,Books,Toys,0.0102,high,0.5,Column 'category' deviates from similar normal records.,isolation_forest+feature_contribution,True,2026-07-26T11:38:31.533085
4ee92b67-7072-47d7-bdc8-4732c92390ea,I322877,payment_method,anomaly,Debit Card,Credit Card,0.1788,high,0.5,Column 'payment_method' deviates from similar normal records.,isolation_forest+feature_contribution,True,2026-07-26T11:38:31.658949
86f67110-83b8-46fb-93bd-cfc0cf659297,I243127,shopping_mall,anomaly,Viaport Outlet,Emaar Square Mall,0.1117,high,0.5,Column 'shopping_mall' deviates from similar normal records.,isolation_forest+feature_contribution,True,2026-07-26T11:38:31.790526
7976055c-b28f-4160-93ad-1c4e8c7756d7,I488753,shopping_mall,anomaly,Forum Istanbul,Cevahir AVM,0.0113,high,0.5,Column 'shopping_mall' deviates from similar normal records.,isolation_forest+feature_contribution,True,2026-07-26T11:38:31.859925
aef97b52-27de-4e37-984d-babe084d8655,I149858,payment_method,anomaly,Debit Card,Credit Card,0.0794,high,0.5,Column 'payment_method' deviates from similar normal records.,isolation_forest+feature_contribution,True,2026-07-26T11:38:31.881936
238aa374-7994-4c58-abd9-80a0bbc5b3ce,I242412,gender,anomaly,Male,Male,0.029,high,0.5,Column 'gender' deviates from similar normal records.,isolation_forest+feature_contribution,True,2026-07-26T11:38:32.006763
4e26b015-3cfb-457e-9421-86024c3305a7,I369874,payment_method,anomaly,Debit Card,Debit Card,0.0218,high,0.5,Column 'payment_method' deviates from similar normal records.,isolation_forest+feature_contribution,True,2026-07-26T11:38:32.050311
7e80c24e-5720-4a15-8955-198ab7a6aab3,I278473,shopping_mall,anomaly,Viaport Outlet,Metrocity,0.0675,high,0.5,Column 'shopping_mall' deviates from similar normal records.,isolation_forest+feature_contribution,True,2026-07-26T11:38:32.072081
e3686ff8-aeba-45d0-ac1c-504e922e00a8,I160531,shopping_mall,anomaly,Cevahir AVM,Cevahir AVM,0.1456,high,0.5,Column 'shopping_mall' deviates from similar normal records.,isolation_forest+feature_contribution,True,2026-07-26T11:38:32.162581
2939a856-82ac-42d7-9c4e-7075975f7b67,I117041,shopping_mall,anomaly,Viaport Outlet,Mall of Istanbul,0.1041,high,0.5,Column 'shopping_mall' deviates from similar normal records.,isolation_forest+feature_contribution,True,2026-07-26T11:38:32.747834
2e433734-e429-4cee-b260-5e33b4728517,I102244,shopping_mall,anomaly,Viaport Outlet,Metrocity,0.0722,high,0.5,Column 'shopping_mall' deviates from similar normal records.,isolation_forest+feature_contribution,True,2026-07-26T11:38:32.856808
d4afec51-090f-43a7-9ba3-be49ab360402,I206788,category,anomaly,Souvenir,Souvenir,0.0058,high,0.5,Column 'category' deviates from similar normal records.,isolation_forest+feature_contribution,True,2026-07-26T11:38:32.973901
793a1286-54e1-4915-8f90-c80ffc2139fd,I207426,shopping_mall,anomaly,Emaar Square Mall,Cevahir AVM,0.069,high,0.5,Column 'shopping_mall' deviates from similar normal records.,isolation_forest+feature_contribution,True,2026-07-26T11:38:32.993970
2f959f98-876b-4259-804b-bb7566433d92,I884674,shopping_mall,anomaly,Zorlu Center,Kanyon,0.1044,high,0.5,Column 'shopping_mall' deviates from similar normal records.,isolation_forest+feature_contribution,True,2026-07-26T11:38:33.029955
0240d347-1f27-4731-a844-6069743a4c12,I268938,shopping_mall,anomaly,Viaport Outlet,Metrocity,0.0616,high,0.5,Column 'shopping_mall' deviates from similar normal records.,isolation_forest+feature_contribution,True,2026-07-26T11:38:33.072783
9899e097-cc81-4755-b391-7340d7de344f,I129317,shopping_mall,anomaly,Viaport Outlet,Kanyon,0.003,high,0.5,Column 'shopping_mall' deviates from similar normal records.,isolation_forest+feature_contribution,True,2026-07-26T11:38:33.088293
79c040cd-ab2a-474b-83cb-5a7f16bd3bfe,I106800,shopping_mall,anomaly,Istinye Park,Istinye Park,0.0749,high,0.5,Column 'shopping_mall' deviates from similar normal records.,isolation_forest+feature_contribution,True,2026-07-26T11:38:33.245882
d808415f-69fa-42d7-ab40-5699e09c079f,I142592,shopping_mall,anomaly,Emaar Square Mall,Metropol AVM,0.1587,high,0.5,Column 'shopping_mall' deviates from similar normal records.,isolation_forest+feature_contribution,True,2026-07-26T11:38:33.388151
b6ac0872-d777-45c4-a32c-0621e8221971,I114997,shopping_mall,anomaly,Zorlu Center,Kanyon,0.0332,high,0.5,Column 'shopping_mall' deviates from similar normal records.,isolation_forest+feature_contribution,True,2026-07-26T11:38:33.428521
086806b4-ac6a-44af-9d0d-c31c8199b7b7,I402125,shopping_mall,anomaly,Metropol AVM,Mall of Istanbul,0.002,high,0.5,Column 'shopping_mall' deviates from similar normal records.,isolation_forest+feature_contribution,True,2026-07-26T11:38:33.507224
99336d7d-a56f-44d0-a273-eb700d00dca4,I179474,shopping_mall,anomaly,Cevahir AVM,Mall of Istanbul,0.041,high,0.5,Column 'shopping_mall' deviates from similar normal records.,isolation_forest+feature_contribution,True,2026-07-26T11:38:33.604068
c3205ab0-27a6-4eb4-8305-250da5913964,I337470,shopping_mall,anomaly,Emaar Square Mall,Istinye Park,0.0429,high,0.5,Column 'shopping_mall' deviates from similar normal records.,isolation_forest+feature_contribution,True,2026-07-26T11:38:33.681869
b4050d20-8b1d-4b65-8830-8ed5aeafb1a7,I332438,shopping_mall,anomaly,Viaport Outlet,Mall of Istanbul,0.1012,high,0.5,Column 'shopping_mall' deviates from similar normal records.,isolation_forest+feature_contribution,True,2026-07-26T11:38:33.741419
ca2131d9-c9cb-4c2d-83b7-1456c510ccc4,I174030,shopping_mall,anomaly,Viaport Outlet,Cevahir AVM,0.0206,high,0.5,Column 'shopping_mall' deviates from similar normal records.,isolation_forest+feature_contribution,True,2026-07-26T11:38:33.759292
267fff1e-b325-416d-b4c2-032a01f4b334,I861119,shopping_mall,anomaly,Metropol AVM,Emaar Square Mall,0.0672,high,0.5,Column 'shopping_mall' deviates from similar normal records.,isolation_forest+feature_contribution,True,2026-07-26T11:38:33.931772
6f38f0e9-844b-421e-9cdd-1f2cf06b99ab,I135910,shopping_mall,anomaly,Forum Istanbul,Kanyon,0.0031,high,0.5,Column 'shopping_mall' deviates from similar normal records.,isolation_forest+feature_contribution,True,2026-07-26T11:38:34.106364
f52c1c71-feef-4962-8576-1c5525f85118,I123893,shopping_mall,anomaly,Emaar Square Mall,Istinye Park,0.0567,high,0.5,Column 'shopping_mall' deviates from similar normal records.,isolation_forest+feature_contribution,True,2026-07-26T11:38:34.357613
82bdd18e-d925-436c-81bd-3f5490627835,I663837,shopping_mall,anomaly,Viaport Outlet,Istinye Park,0.094,high,0.5,Column 'shopping_mall' deviates from similar normal records.,isolation_forest+feature_contribution,True,2026-07-26T11:38:34.371977
cc2eabd3-c176-41a4-b412-00bc90b309b5,I390949,shopping_mall,anomaly,Metrocity,Mall of Istanbul,0.0583,high,0.5,Column 'shopping_mall' deviates from similar normal records.,isolation_forest+feature_contribution,True,2026-07-26T11:38:34.547303
a5ed427e-bb90-402c-80c0-2613465b8da5,I311596,shopping_mall,anomaly,Metrocity,Cevahir AVM,0.0273,high,0.5,Column 'shopping_mall' deviates from similar normal records.,isolation_forest+feature_contribution,True,2026-07-26T11:38:34.607654
15149189-8bd0-4827-b322-ba8e5e129bd9,I289398,shopping_mall,anomaly,Forum Istanbul,Cevahir AVM,0.0203,high,0.5,Column 'shopping_mall' deviates from similar normal records.,isolation_forest+feature_contribution,True,2026-07-26T11:38:34.630705
f4195b4d-acfe-4200-b099-8ecdf6f9b8a2,I258183,shopping_mall,anomaly,Cevahir AVM,Cevahir AVM,0.0473,high,0.5,Column 'shopping_mall' deviates from similar normal records.,isolation_forest+feature_contribution,True,2026-07-26T11:38:34.648273
bd05a832-2b2b-4ff1-b067-dda02e53a9d2,I177771,shopping_mall,anomaly,Metropol AVM,Istinye Park,0.0157,high,0.5,Column 'shopping_mall' deviates from similar normal records.,isolation_forest+feature_contribution,True,2026-07-26T11:38:34.746929
d9f42e73-6061-48c6-990a-116f62288d71,I291044,shopping_mall,anomaly,Metropol AVM,Metrocity,0.0027,high,0.5,Column 'shopping_mall' deviates from similar normal records.,isolation_forest+feature_contribution,True,2026-07-26T11:38:34.768650
52f0726d-f341-43fe-b570-b29a864050a3,I246717,shopping_mall,anomaly,Metrocity,Metrocity,0.0197,high,0.5,Column 'shopping_mall' deviates from similar normal records.,isolation_forest+feature_contribution,True,2026-07-26T11:38:34.813783
a6e4381e-527f-4159-920e-251d8e417800,I162310,shopping_mall,anomaly,Forum Istanbul,Forum Istanbul,0.0414,high,0.5,Column 'shopping_mall' deviates from similar normal records.,isolation_forest+feature_contribution,True,2026-07-26T11:38:34.907802
256d4561-d908-420c-9c01-84818917217f,I893304,shopping_mall,anomaly,Viaport Outlet,Metrocity,0.0297,high,0.5,Column 'shopping_mall' deviates from similar normal records.,isolation_forest+feature_contribution,True,2026-07-26T11:38:35.239582
0d253575-ebb4-47bc-a88e-4ea8ef46d7bf,I136469,shopping_mall,anomaly,Emaar Square Mall,Metrocity,0.1531,high,0.5,Column 'shopping_mall' deviates from similar normal records.,isolation_forest+feature_contribution,True,2026-07-26T11:38:35.399324
de6ea12d-7f8a-42b4-8344-a692e14ae1a4,I511665,shopping_mall,anomaly,Viaport Outlet,Kanyon,0.0025,high,0.5,Column 'shopping_mall' deviates from similar normal records.,isolation_forest+feature_contribution,True,2026-07-26T11:38:35.658468
c917949d-f008-4505-a120-3b7e4224a8b1,I145036,shopping_mall,anomaly,Zorlu Center,Forum Istanbul,0.0005,high,0.5,Column 'shopping_mall' deviates from similar normal records.,isolation_forest+feature_contribution,True,2026-07-26T11:38:35.704001
3d458649-2678-4299-9f7f-a3176e4a71ef,I276207,shopping_mall,anomaly,Viaport Outlet,Kanyon,0.1246,high,0.5,Column 'shopping_mall' deviates from similar normal records.,isolation_forest+feature_contribution,True,2026-07-26T11:38:35.943156
5a3ed784-040a-40bf-8e04-2c5d0279fa87,I217659,shopping_mall,anomaly,Forum Istanbul,Kanyon,0.0234,high,0.5,Column 'shopping_mall' deviates from similar normal records.,isolation_forest+feature_contribution,True,2026-07-26T11:38:36.043545
c56c935c-9449-41eb-a933-39a55ab3fa84,I237927,category,anomaly,Souvenir,Food & Beverage,0.0056,high,0.5,Column 'category' deviates from similar normal records.,isolation_forest+feature_contribution,True,2026-07-26T11:38:36.074913
6805ae8b-6ab3-42de-9169-e5866540faeb,I333116,payment_method,anomaly,Debit Card,Cash,0.0153,high,0.5,Column 'payment_method' deviates from similar normal records.,isolation_forest+feature_contribution,True,2026-07-26T11:38:36.240956
6885dcbd-c926-4f27-83ad-19fb0c68809b,I550234,shopping_mall,anomaly,Viaport Outlet,Metropol AVM,0.0203,high,0.5,Column 'shopping_mall' deviates from similar normal records.,isolation_forest+feature_contribution,True,2026-07-26T11:38:36.357971
cc340fe4-9bfd-44be-9be1-427c1bd4c6b8,I104894,shopping_mall,anomaly,Cevahir AVM,Metrocity,0.1033,high,0.5,Column 'shopping_mall' deviates from similar normal records.,isolation_forest+feature_contribution,True,2026-07-26T11:38:36.377944
2f6cd1a3-4cb2-40f5-9c17-807ee8cc20a9,I512273,shopping_mall,anomaly,Viaport Outlet,Metropol AVM,0.0551,high,0.5,Column 'shopping_mall' deviates from similar normal records.,isolation_forest+feature_contribution,True,2026-07-26T11:38:36.551856
2983b649-2cfc-48d9-b021-575f02e06a2d,I678156,payment_method,anomaly,Debit Card,Cash,0.1466,high,0.5,Column 'payment_method' deviates from similar normal records.,isolation_forest+feature_contribution,True,2026-07-26T11:38:36.591302
76aa96e5-eaba-4ab8-9ff9-1ccc863469b6,I168221,shopping_mall,anomaly,Cevahir AVM,Istinye Park,0.0275,high,0.5,Column 'shopping_mall' deviates from similar normal records.,isolation_forest+feature_contribution,True,2026-07-26T11:38:36.612528
7eee6468-eac9-4d07-9c35-d6256008f22f,I563387,payment_method,anomaly,Debit Card,Cash,0.0172,high,0.5,Column 'payment_method' deviates from similar normal records.,isolation_forest+feature_contribution,True,2026-07-26T11:38:36.673972
62092b94-4dde-4b3d-88d2-3d89300ea3d4,I152561,category,anomaly,Souvenir,Food & Beverage,0.0283,high,0.5,Column 'category' deviates from similar normal records.,isolation_forest+feature_contribution,True,2026-07-26T11:38:36.733538
2ac83f9d-fd4f-411e-b28c-03f158b98109,I195098,shopping_mall,anomaly,Viaport Outlet,Istinye Park,0.0478,high,0.5,Column 'shopping_mall' deviates from similar normal records.,isolation_forest+feature_contribution,True,2026-07-26T11:38:36.777107
a3f1bffb-b22b-4447-a1bc-d43154095b13,I536327,shopping_mall,anomaly,Emaar Square Mall,Mall of Istanbul,0.0468,high,0.5,Column 'shopping_mall' deviates from similar normal records.,isolation_forest+feature_contribution,True,2026-07-26T11:38:36.931939
719253fb-c326-456b-9d35-6927f07f5acf,I292977,shopping_mall,anomaly,Metropol AVM,Metropol AVM,0.0044,high,0.5,Column 'shopping_mall' deviates from similar normal records.,isolation_forest+feature_contribution,True,2026-07-26T11:38:36.992773
f2e82f2b-2bbd-4c96-a4bc-5ac9c40d4035,I839134,shopping_mall,anomaly,Emaar Square Mall,Emaar Square Mall,0.0438,high,0.5,Column 'shopping_mall' deviates from similar normal records.,isolation_forest+feature_contribution,True,2026-07-26T11:38:37.113113
31b6cb29-8b18-4108-a44b-3f7ed0bdaea9,I659986,shopping_mall,anomaly,Zorlu Center,Cevahir AVM,0.1548,high,0.5,Column 'shopping_mall' deviates from similar normal records.,isolation_forest+feature_contribution,True,2026-07-26T11:38:37.175567
0d283659-f23b-481d-95e8-0db5ff35b40f,I257661,shopping_mall,anomaly,Viaport Outlet,Mall of Istanbul,0.0548,high,0.5,Column 'shopping_mall' deviates from similar normal records.,isolation_forest+feature_contribution,True,2026-07-26T11:38:37.236051
d44df828-2bae-4460-bef5-06338069a9b3,I949689,shopping_mall,anomaly,Forum Istanbul,Cevahir AVM,0.0923,high,0.5,Column 'shopping_mall' deviates from similar normal records.,isolation_forest+feature_contribution,True,2026-07-26T11:38:37.254617
30a1efcc-e2f4-4489-9ec9-78447eaaaf79,I610483,shopping_mall,anomaly,Cevahir AVM,Kanyon,0.0318,high,0.5,Column 'shopping_mall' deviates from similar normal records.,isolation_forest+feature_contribution,True,2026-07-26T11:38:37.271581
8d2ba459-28a9-4ebe-8013-9a69ec650ed0,I571248,shopping_mall,anomaly,Emaar Square Mall,Cevahir AVM,0.112,high,0.5,Column 'shopping_mall' deviates from similar normal records.,isolation_forest+feature_contribution,True,2026-07-26T11:38:37.342361
5f4c7013-b58f-42b3-a299-4a790cd68193,I146793,shopping_mall,anomaly,Viaport Outlet,Istinye Park,0.0074,high,0.5,Column 'shopping_mall' deviates from similar normal records.,isolation_forest+feature_contribution,True,2026-07-26T11:38:37.367307
a27672c8-6fe4-459d-ae24-a4cf83cc9609,I322084,shopping_mall,anomaly,Zorlu Center,Emaar Square Mall,0.0051,high,0.5,Column 'shopping_mall' deviates from similar normal records.,isolation_forest+feature_contribution,True,2026-07-26T11:38:37.445961
3c48f0be-9faf-434c-a2c1-7d4918ca2d08,I451665,shopping_mall,anomaly,Emaar Square Mall,Kanyon,0.0268,high,0.5,Column 'shopping_mall' deviates from similar normal records.,isolation_forest+feature_contribution,True,2026-07-26T11:38:37.550533
ab699b55-7ad1-4f0a-ac86-96b9ca210f4e,I318264,shopping_mall,anomaly,Kanyon,Mall of Istanbul,0.0547,high,0.5,Column 'shopping_mall' deviates from similar normal records.,isolation_forest+feature_contribution,True,2026-07-26T11:38:37.572618
091fe5d6-8aa5-4598-9a10-40c79ba06c9f,I310128,shopping_mall,anomaly,Metropol AVM,Metrocity,0.0883,high,0.5,Column 'shopping_mall' deviates from similar normal records.,isolation_forest+feature_contribution,True,2026-07-26T11:38:37.711919
35bdefc1-5561-450c-a5e9-83b442c6bdcd,I832450,category,anomaly,Books,Books,0.0462,high,0.5,Column 'category' deviates from similar normal records.,isolation_forest+feature_contribution,True,2026-07-26T11:38:37.745968
bd692fc2-d775-48c0-b232-fefa96b0fdaa,I238841,shopping_mall,anomaly,Metropol AVM,Mall of Istanbul,0.0405,high,0.5,Column 'shopping_mall' deviates from similar normal records.,isolation_forest+feature_contribution,True,2026-07-26T11:38:37.772145
d5905914-7662-4483-bbf5-c84b679cf85a,I543064,payment_method,anomaly,Debit Card,Cash,0.0399,high,0.5,Column 'payment_method' deviates from similar normal records.,isolation_forest+feature_contribution,True,2026-07-26T11:38:37.833605
205f7903-aa2e-4790-ab43-61d6f5999e38,I267251,shopping_mall,anomaly,Emaar Square Mall,Viaport Outlet,0.0445,high,0.5,Column 'shopping_mall' deviates from similar normal records.,isolation_forest+feature_contribution,True,2026-07-26T11:38:37.959386
a148dfff-3bf6-45a3-87b5-a657075b6ab3,I743732,shopping_mall,anomaly,Viaport Outlet,Kanyon,0.2101,high,0.5,Column 'shopping_mall' deviates from similar normal records.,isolation_forest+feature_contribution,True,2026-07-26T11:38:37.996325
f6a8eec3-82c6-4602-8827-9af8439e1968,I324606,shopping_mall,anomaly,Metropol AVM,Viaport Outlet,0.0181,high,0.5,Column 'shopping_mall' deviates from similar normal records.,isolation_forest+feature_contribution,True,2026-07-26T11:38:38.016171
5720a8de-5b12-4240-8819-396afd0d8ab3,I418942,gender,anomaly,Male,Female,0.014,high,0.5,Column 'gender' deviates from similar normal records.,isolation_forest+feature_contribution,True,2026-07-26T11:38:38.151606
b8f769d1-a2f2-4e55-ac22-f36dcc7e0cd4,I301771,shopping_mall,anomaly,Zorlu Center,Mall of Istanbul,0.018,high,0.5,Column 'shopping_mall' deviates from similar normal records.,isolation_forest+feature_contribution,True,2026-07-26T11:38:38.177167
8346bf2b-de07-400b-a5af-19cf3d876a03,I281968,shopping_mall,anomaly,Viaport Outlet,Cevahir AVM,0.1248,high,0.5,Column 'shopping_mall' deviates from similar normal records.,isolation_forest+feature_contribution,True,2026-07-26T11:38:38.292546
75c9904b-62ea-4f23-ac62-dbd83bb12ae4,I338562,payment_method,anomaly,Debit Card,Credit Card,0.1297,high,0.5,Column 'payment_method' deviates from similar normal records.,isolation_forest+feature_contribution,True,2026-07-26T11:38:38.407609
2c3e67dd-24ad-44ce-a052-e96107b0a775,I194372,shopping_mall,anomaly,Emaar Square Mall,Metropol AVM,0.0395,high,0.5,Column 'shopping_mall' deviates from similar normal records.,isolation_forest+feature_contribution,True,2026-07-26T11:38:38.446525
9def6ffc-c7df-45aa-80be-6448bcd1bc3e,I133401,shopping_mall,anomaly,Forum Istanbul,Forum Istanbul,0.0243,high,0.5,Column 'shopping_mall' deviates from similar normal records.,isolation_forest+feature_contribution,True,2026-07-26T11:38:38.513481
9abefd89-e718-4aee-b158-6c161fe184a4,I204616,shopping_mall,anomaly,Metropol AVM,Mall of Istanbul,0.0541,high,0.5,Column 'shopping_mall' deviates from similar normal records.,isolation_forest+feature_contribution,True,2026-07-26T11:38:38.631383
e48fac0a-cd5e-43ea-9be4-d1c8e7d25067,I660313,shopping_mall,anomaly,Metropol AVM,Istinye Park,0.0351,high,0.5,Column 'shopping_mall' deviates from similar normal records.,isolation_forest+feature_contribution,True,2026-07-26T11:38:38.696882
d0f6a3fe-a3d0-4628-9ef4-4fd57a56d559,I518454,payment_method,anomaly,Debit Card,Cash,0.0242,high,0.5,Column 'payment_method' deviates from similar normal records.,isolation_forest+feature_contribution,True,2026-07-26T11:38:38.718186
c807a60c-d9b8-4838-968e-ae35415a2f1c,I100186,payment_method,anomaly,Debit Card,Credit Card,0.2024,high,0.5,Column 'payment_method' deviates from similar normal records.,isolation_forest+feature_contribution,True,2026-07-26T11:38:38.895181
2d4466d6-ae24-4567-b8ab-a34f5e4b0f38,I100186,shopping_mall,anomaly,Zorlu Center,Cevahir AVM,0.2,high,0.5,Column 'shopping_mall' deviates from similar normal records.,isolation_forest+feature_contribution,True,2026-07-26T11:38:38.895181
e4fcfae0-85cc-4393-af10-c752be03b5b8,I168610,shopping_mall,anomaly,Kanyon,Mall of Istanbul,0.0922,high,0.5,Column 'shopping_mall' deviates from similar normal records.,isolation_forest+feature_contribution,True,2026-07-26T11:38:38.940819
9d6bf752-8a9d-4fcd-96c3-39429bd4d6fb,I201244,payment_method,anomaly,Debit Card,Credit Card,0.0104,high,0.5,Column 'payment_method' deviates from similar normal records.,isolation_forest+feature_contribution,True,2026-07-26T11:38:38.988571
82503ebc-ecea-4d6b-81bb-2231a4b66a75,I201244,shopping_mall,anomaly,Cevahir AVM,Zorlu Center,0.0104,high,0.5,Column 'shopping_mall' deviates from similar normal records.,isolation_forest+feature_contribution,True,2026-07-26T11:38:38.988571
a09c1aee-0092-4093-90ec-2caf1fba2aa7,I744912,category,anomaly,Books,Books,0.0217,high,0.5,Column 'category' deviates from similar normal records.,isolation_forest+feature_contribution,True,2026-07-26T11:38:39.143411
0dab97d8-507c-46e5-aff4-15a698a7b2a0,I251510,category,anomaly,Toys,Toys,0.0081,high,0.5,Column 'category' deviates from similar normal records.,isolation_forest+feature_contribution,True,2026-07-26T11:38:39.182649
e9725ef9-a922-451c-9051-7105fc9a4ce5,I102642,payment_method,anomaly,Credit Card,Credit Card,0.0459,high,0.5,Column 'payment_method' deviates from similar normal records.,isolation_forest+feature_contribution,True,2026-07-26T11:38:39.200378
8706a84e-a29b-4816-a8e2-3f91a6f8984f,I102642,shopping_mall,anomaly,Viaport Outlet,Kanyon,0.0459,high,0.5,Column 'shopping_mall' deviates from similar normal records.,isolation_forest+feature_contribution,True,2026-07-26T11:38:39.200378
24bbda92-69d8-4a0f-ad16-5581487df4ef,I164668,shopping_mall,anomaly,Istinye Park,Kanyon,0.0228,high,0.5,Column 'shopping_mall' deviates from similar normal records.,isolation_forest+feature_contribution,True,2026-07-26T11:38:39.219489
6538d065-4c82-45e2-8ee5-ee235edf34cc,I291051,shopping_mall,anomaly,Zorlu Center,Forum Istanbul,0.0177,high,0.5,Column 'shopping_mall' deviates from similar normal records.,isolation_forest+feature_contribution,True,2026-07-26T11:38:39.302578
8e54a2bc-9dd0-43d5-ae1f-46e4f063eb15,I305676,payment_method,anomaly,Credit Card,Cash,0.1826,high,0.5,Column 'payment_method' deviates from similar normal records.,isolation_forest+feature_contribution,True,2026-07-26T11:38:39.389932
66009a1d-f9f4-4960-a00d-b7005c8b42f3,I305676,shopping_mall,anomaly,Viaport Outlet,Viaport Outlet,0.1826,high,0.5,Column 'shopping_mall' deviates from similar normal records.,isolation_forest+feature_contribution,True,2026-07-26T11:38:39.389932
20b3db10-6d8f-4bde-ab86-679f5ebe717b,I224144,shopping_mall,anomaly,Emaar Square Mall,Mall of Istanbul,0.0942,high,0.5,Column 'shopping_mall' deviates from similar normal records.,isolation_forest+feature_contribution,True,2026-07-26T11:38:39.521815
bf396328-6024-4283-bf57-453881ad60ed,I154860,shopping_mall,anomaly,Viaport Outlet,Mall of Istanbul,0.0684,high,0.5,Column 'shopping_mall' deviates from similar normal records.,isolation_forest+feature_contribution,True,2026-07-26T11:38:39.583259
e77b92cd-ee2e-4643-9484-544bd1b3e56c,I124685,payment_method,anomaly,Debit Card,Debit Card,0.0426,high,0.5,Column 'payment_method' deviates from similar normal records.,isolation_forest+feature_contribution,True,2026-07-26T11:38:39.973247
a262c924-c87a-42d1-a6b0-62b7b6b9e94f,I124685,shopping_mall,anomaly,Cevahir AVM,Cevahir AVM,0.0426,high,0.5,Column 'shopping_mall' deviates from similar normal records.,isolation_forest+feature_contribution,True,2026-07-26T11:38:39.973247
2d0117a3-3bef-4f61-8c26-6006c5343eb7,I899450,shopping_mall,anomaly,Emaar Square Mall,Cevahir AVM,0.1199,high,0.5,Column 'shopping_mall' deviates from similar normal records.,isolation_forest+feature_contribution,True,2026-07-26T11:38:40.018565
f36d92e1-60a4-4f4e-b23b-5cca1681bc48,I710924,shopping_mall,anomaly,Emaar Square Mall,Metrocity,0.0608,high,0.5,Column 'shopping_mall' deviates from similar normal records.,isolation_forest+feature_contribution,True,2026-07-26T11:38:40.058753
3d7b1ba8-9b98-4d55-a328-8cc57ebc929d,I325760,shopping_mall,anomaly,Metrocity,Forum Istanbul,0.0216,high,0.5,Column 'shopping_mall' deviates from similar normal records.,isolation_forest+feature_contribution,True,2026-07-26T11:38:40.075698
e1ef4c01-1c39-43e7-b44e-a7fa326e6c8e,I129783,payment_method,anomaly,Debit Card,Cash,0.0694,high,0.5,Column 'payment_method' deviates from similar normal records.,isolation_forest+feature_contribution,True,2026-07-26T11:38:40.135733
331ed1e9-3707-4bd3-ad68-6d4beaaed2bf,I324960,shopping_mall,anomaly,Viaport Outlet,Istinye Park,0.0111,high,0.5,Column 'shopping_mall' deviates from similar normal records.,isolation_forest+feature_contribution,True,2026-07-26T11:38:40.170470
2046fe13-3330-43f6-a46a-82dcaf2f5602,I279594,shopping_mall,anomaly,Viaport Outlet,Istinye Park,0.0375,high,0.5,Column 'shopping_mall' deviates from similar normal records.,isolation_forest+feature_contribution,True,2026-07-26T11:38:40.254155
fe165360-e203-4c78-bd28-8fedc622cb36,I289568,shopping_mall,anomaly,Zorlu Center,Kanyon,0.0207,high,0.5,Column 'shopping_mall' deviates from similar normal records.,isolation_forest+feature_contribution,True,2026-07-26T11:38:40.277956
1a995c47-ee52-4755-bf1e-7b3e18de1cfb,I273813,payment_method,anomaly,Debit Card,Credit Card,0.0033,high,0.5,Column 'payment_method' deviates from similar normal records.,isolation_forest+feature_contribution,True,2026-07-26T11:38:40.301364
279f1cae-d0e3-4cf1-9d66-aa7f4441ffa7,I381790,shopping_mall,anomaly,Metropol AVM,Zorlu Center,0.0025,high,0.5,Column 'shopping_mall' deviates from similar normal records.,isolation_forest+feature_contribution,True,2026-07-26T11:38:40.336772
c8ba842e-f97b-4dcb-ba5a-358a0bdf4f50,I418988,shopping_mall,anomaly,Emaar Square Mall,Kanyon,0.0007,high,0.5,Column 'shopping_mall' deviates from similar normal records.,isolation_forest+feature_contribution,True,2026-07-26T11:38:40.374915
4fa0376a-fa25-4d4d-a6a7-d2a7e9183bf9,I205617,shopping_mall,anomaly,Emaar Square Mall,Cevahir AVM,0.2,high,0.5,Column 'shopping_mall' deviates from similar normal records.,isolation_forest+feature_contribution,True,2026-07-26T11:38:40.421294
7e3cac62-0c3f-4fe9-8d73-cf83d15da6f5,I272612,shopping_mall,anomaly,Forum Istanbul,Istinye Park,0.0603,high,0.5,Column 'shopping_mall' deviates from similar normal records.,isolation_forest+feature_contribution,True,2026-07-26T11:38:40.544651
973fc9b6-27a0-46a5-aa66-ddb22a25f93b,I247888,shopping_mall,anomaly,Viaport Outlet,Kanyon,0.0433,high,0.5,Column 'shopping_mall' deviates from similar normal records.,isolation_forest+feature_contribution,True,2026-07-26T11:38:40.622288
6f4c8677-581e-453d-9a80-409394a3a062,I185918,shopping_mall,anomaly,Viaport Outlet,Cevahir AVM,0.0023,high,0.5,Column 'shopping_mall' deviates from similar normal records.,isolation_forest+feature_contribution,True,2026-07-26T11:38:40.678025
8728a110-9bca-43c9-b840-fc89f0bbed84,I288567,shopping_mall,anomaly,Viaport Outlet,Kanyon,0.0774,high,0.5,Column 'shopping_mall' deviates from similar normal records.,isolation_forest+feature_contribution,True,2026-07-26T11:38:40.762946
40181b1e-1b2e-417a-bdab-f01489fae591,I227523,shopping_mall,anomaly,Forum Istanbul,Istinye Park,0.0115,high,0.5,Column 'shopping_mall' deviates from similar normal records.,isolation_forest+feature_contribution,True,2026-07-26T11:38:40.790684
1db7197b-5594-4db7-9c06-43a5cb7abff8,I240556,payment_method,anomaly,Debit Card,Credit Card,0.0639,high,0.5,Column 'payment_method' deviates from similar normal records.,isolation_forest+feature_contribution,True,2026-07-26T11:38:40.833462
543b3e45-cc9a-4ff1-98bb-b61f415d3890,I253132,shopping_mall,anomaly,Zorlu Center,Mall of Istanbul,0.0414,high,0.5,Column 'shopping_mall' deviates from similar normal records.,isolation_forest+feature_contribution,True,2026-07-26T11:38:41.112091
5740bc51-52a3-46f3-981a-75da6947e76a,I227168,shopping_mall,anomaly,Istinye Park,Kanyon,0.0373,high,0.5,Column 'shopping_mall' deviates from similar normal records.,isolation_forest+feature_contribution,True,2026-07-26T11:38:41.196368
dfa254f6-89fa-4037-8d53-cd955256b116,I116858,shopping_mall,anomaly,Cevahir AVM,Mall of Istanbul,0.0485,high,0.5,Column 'shopping_mall' deviates from similar normal records.,isolation_forest+feature_contribution,True,2026-07-26T11:38:41.483405
af1269a0-b1f2-441b-8f38-db62119d9144,I136119,shopping_mall,anomaly,Metropol AVM,Viaport Outlet,0.1124,high,0.5,Column 'shopping_mall' deviates from similar normal records.,isolation_forest+feature_contribution,True,2026-07-26T11:38:41.530991
567d4c0a-cc89-4df7-995c-d126cc73bb31,I235267,shopping_mall,anomaly,Viaport Outlet,Kanyon,0.0402,high,0.5,Column 'shopping_mall' deviates from similar normal records.,isolation_forest+feature_contribution,True,2026-07-26T11:38:41.550659
38709535-39c5-40da-a2d3-5896a101986f,I919318,category,anomaly,Cosmetics,Cosmetics,0.0533,high,0.5,Column 'category' deviates from similar normal records.,isolation_forest+feature_contribution,True,2026-07-26T11:38:41.576992
824a4242-2fe6-4f4a-aed7-8e2683568abc,I104528,shopping_mall,anomaly,Cevahir AVM,Mall of Istanbul,0.1638,high,0.5,Column 'shopping_mall' deviates from similar normal records.,isolation_forest+feature_contribution,True,2026-07-26T11:38:41.695485
0216a28f-6047-4b9f-a5f6-86f081027529,I167243,shopping_mall,anomaly,Emaar Square Mall,Mall of Istanbul,0.0792,high,0.5,Column 'shopping_mall' deviates from similar normal records.,isolation_forest+feature_contribution,True,2026-07-26T11:38:41.769885
21dc1e10-219a-4e5d-a6b3-5ac67f01bdb5,I300073,payment_method,anomaly,Debit Card,Cash,0.0606,high,0.5,Column 'payment_method' deviates from similar normal records.,isolation_forest+feature_contribution,True,2026-07-26T11:38:41.860392
e3e7b247-0d45-41fa-8b1c-ded95f09127c,I183209,shopping_mall,anomaly,Emaar Square Mall,Kanyon,0.0877,high,0.5,Column 'shopping_mall' deviates from similar normal records.,isolation_forest+feature_contribution,True,2026-07-26T11:38:42.092770
526ac755-b937-403c-8c42-bebcf1ed43ff,I330067,shopping_mall,anomaly,Viaport Outlet,Cevahir AVM,0.0673,high,0.5,Column 'shopping_mall' deviates from similar normal records.,isolation_forest+feature_contribution,True,2026-07-26T11:38:42.167804
f0a2c745-c1fd-403b-ad7e-7acdf8a20648,I301217,category,anomaly,Books,Food & Beverage,0.2173,high,0.5,Column 'category' deviates from similar normal records.,isolation_forest+feature_contribution,True,2026-07-26T11:38:42.271044
ecb341f7-fe7d-49d4-ae0b-dfb343cfc5f0,I313872,shopping_mall,anomaly,Zorlu Center,Kanyon,0.0864,high,0.5,Column 'shopping_mall' deviates from similar normal records.,isolation_forest+feature_contribution,True,2026-07-26T11:38:42.317336
aee7534d-4b48-430e-9acf-32e803aa0e82,I174987,shopping_mall,anomaly,Metropol AVM,Kanyon,0.0663,high,0.5,Column 'shopping_mall' deviates from similar normal records.,isolation_forest+feature_contribution,True,2026-07-26T11:38:42.341462
306e2ac6-d733-49f2-9613-1db4ab0366b4,I358666,gender,anomaly,Male,Male,0.0307,high,0.5,Column 'gender' deviates from similar normal records.,isolation_forest+feature_contribution,True,2026-07-26T11:38:42.386720
135dc332-6cad-4cc1-a768-35b502ee961c,I161372,payment_method,anomaly,Debit Card,Credit Card,0.2412,high,0.5,Column 'payment_method' deviates from similar normal records.,isolation_forest+feature_contribution,True,2026-07-26T11:38:42.404574
ec19a946-5ceb-4783-94b1-866e7f454a1f,I384119,gender,anomaly,Male,Female,0.0329,high,0.5,Column 'gender' deviates from similar normal records.,isolation_forest+feature_contribution,True,2026-07-26T11:38:42.531672
e97253ad-46c8-4404-ba8f-96ee5d4a13ed,I540684,category,anomaly,Books,Food & Beverage,0.0433,high,0.5,Column 'category' deviates from similar normal records.,isolation_forest+feature_contribution,True,2026-07-26T11:38:42.549470
d2befce1-c2f5-4c25-af89-073e284366bd,I198619,shopping_mall,anomaly,Cevahir AVM,Forum Istanbul,0.0091,high,0.5,Column 'shopping_mall' deviates from similar normal records.,isolation_forest+feature_contribution,True,2026-07-26T11:38:42.595344
dcfac478-9631-47b8-8191-e3e27737177c,I912659,category,anomaly,Books,Cosmetics,0.1005,high,0.5,Column 'category' deviates from similar normal records.,isolation_forest+feature_contribution,True,2026-07-26T11:38:42.718050
e26b3860-9227-4f2d-a6a1-547f3e08198c,I215281,payment_method,anomaly,Debit Card,Cash,0.0799,high,0.5,Column 'payment_method' deviates from similar normal records.,isolation_forest+feature_contribution,True,2026-07-26T11:38:42.741582
bc28a679-9372-417e-b583-c5214b0dd27b,I161626,shopping_mall,anomaly,Cevahir AVM,Metropol AVM,0.0561,high,0.5,Column 'shopping_mall' deviates from similar normal records.,isolation_forest+feature_contribution,True,2026-07-26T11:38:42.953778
8e94f361-ca2e-4020-845b-ec4c0913ae28,I303714,shopping_mall,anomaly,Viaport Outlet,Mall of Istanbul,0.0144,high,0.5,Column 'shopping_mall' deviates from similar normal records.,isolation_forest+feature_contribution,True,2026-07-26T11:38:43.156452
3e5fcd52-3879-465c-a86c-a5e7e7cf21b4,I232872,shopping_mall,anomaly,Viaport Outlet,Kanyon,0.0031,high,0.5,Column 'shopping_mall' deviates from similar normal records.,isolation_forest+feature_contribution,True,2026-07-26T11:38:43.172311
d85c66eb-0bb1-4b29-95f2-5251f3c8a009,I887118,shopping_mall,anomaly,Forum Istanbul,Mall of Istanbul,0.0123,high,0.5,Column 'shopping_mall' deviates from similar normal records.,isolation_forest+feature_contribution,True,2026-07-26T11:38:43.234857
f9250443-a492-4e1e-9f7c-eacf7c8c13b5,I137408,shopping_mall,anomaly,Viaport Outlet,Mall of Istanbul,0.0255,high,0.5,Column 'shopping_mall' deviates from similar normal records.,isolation_forest+feature_contribution,True,2026-07-26T11:38:43.310231
6f278e77-50f0-4a5b-9580-ae3f75d409f8,I257174,shopping_mall,anomaly,Zorlu Center,Forum Istanbul,0.0636,high,0.5,Column 'shopping_mall' deviates from similar normal records.,isolation_forest+feature_contribution,True,2026-07-26T11:38:43.333563
eb94b8b8-43fe-4fed-9c9d-27a3ce47d3d4,I255463,gender,anomaly,Male,Male,0.0536,high,0.5,Column 'gender' deviates from similar normal records.,isolation_forest+feature_contribution,True,2026-07-26T11:38:43.385011
002a1f89-a5f5-4889-bdc0-8bf6701cf272,I708552,category,anomaly,Toys,Toys,0.0614,high,0.5,Column 'category' deviates from similar normal records.,isolation_forest+feature_contribution,True,2026-07-26T11:38:43.425513
7285375a-41a2-4035-a62a-e5d9a8e0ab17,I470519,shopping_mall,anomaly,Kanyon,Istinye Park,0.0365,high,0.5,Column 'shopping_mall' deviates from similar normal records.,isolation_forest+feature_contribution,True,2026-07-26T11:38:43.445179
8750f345-1157-4990-ae4d-0ef4b0f1141f,I443570,shopping_mall,anomaly,Cevahir AVM,Mall of Istanbul,0.0564,high,0.5,Column 'shopping_mall' deviates from similar normal records.,isolation_forest+feature_contribution,True,2026-07-26T11:38:43.702255
7eab7afb-67d4-4963-b31d-3e9b7d890907,I311570,shopping_mall,anomaly,Forum Istanbul,Forum Istanbul,0.0161,high,0.5,Column 'shopping_mall' deviates from similar normal records.,isolation_forest+feature_contribution,True,2026-07-26T11:38:43.721109
b22fa827-e9e8-40e8-8d81-30563685eaac,I281898,shopping_mall,anomaly,Emaar Square Mall,Mall of Istanbul,0.0757,high,0.5,Column 'shopping_mall' deviates from similar normal records.,isolation_forest+feature_contribution,True,2026-07-26T11:38:43.791464
ff631c16-ce9a-41c5-a69c-45bf4a618082,I637022,shopping_mall,anomaly,Cevahir AVM,Cevahir AVM,0.0932,high,0.5,Column 'shopping_mall' deviates from similar normal records.,isolation_forest+feature_contribution,True,2026-07-26T11:38:43.814543
f7aec37c-93a2-442c-a7e8-3e540c9f9da2,I649638,shopping_mall,anomaly,Cevahir AVM,Istinye Park,0.1707,high,0.5,Column 'shopping_mall' deviates from similar normal records.,isolation_forest+feature_contribution,True,2026-07-26T11:38:43.957818
fadaa071-15c4-4a1b-b305-f01d595883ad,I101674,shopping_mall,anomaly,Viaport Outlet,Cevahir AVM,0.0342,high,0.5,Column 'shopping_mall' deviates from similar normal records.,isolation_forest+feature_contribution,True,2026-07-26T11:38:44.135928
db390d6d-7985-4167-bba8-5775533908c5,I722601,payment_method,anomaly,Debit Card,Cash,0.1308,high,0.5,Column 'payment_method' deviates from similar normal records.,isolation_forest+feature_contribution,True,2026-07-26T11:38:44.152807
5c4c4141-1aa5-49fa-b876-741f875a9ae0,I873057,payment_method,anomaly,Debit Card,Credit Card,0.0391,high,0.5,Column 'payment_method' deviates from similar normal records.,isolation_forest+feature_contribution,True,2026-07-26T11:38:44.196581
ba6bb368-51f6-4022-912e-d0bb7dfe26e0,I183872,shopping_mall,anomaly,Zorlu Center,Metrocity,0.0513,high,0.5,Column 'shopping_mall' deviates from similar normal records.,isolation_forest+feature_contribution,True,2026-07-26T11:38:44.233548
a5c05ed8-59d5-402d-a033-3e755365e054,I967728,shopping_mall,anomaly,Forum Istanbul,Mall of Istanbul,0.049,high,0.5,Column 'shopping_mall' deviates from similar normal records.,isolation_forest+feature_contribution,True,2026-07-26T11:38:44.426460
b4ce4584-e620-485f-a948-b1a2239995cf,I317265,shopping_mall,anomaly,Cevahir AVM,Kanyon,0.0478,high,0.5,Column 'shopping_mall' deviates from similar normal records.,isolation_forest+feature_contribution,True,2026-07-26T11:38:44.446092
49a35ce4-9157-4c2c-a98a-eeb14dba69a9,I335456,shopping_mall,anomaly,Metropol AVM,Forum Istanbul,0.0946,high,0.5,Column 'shopping_mall' deviates from similar normal records.,isolation_forest+feature_contribution,True,2026-07-26T11:38:44.479248
5bf3a1c7-a949-4254-b684-ddeb217e18aa,I213328,shopping_mall,anomaly,Zorlu Center,Istinye Park,0.0453,high,0.5,Column 'shopping_mall' deviates from similar normal records.,isolation_forest+feature_contribution,True,2026-07-26T11:38:44.498935
982f8e9f-de57-462b-a921-b36581d8f035,I224191,shopping_mall,anomaly,Zorlu Center,Kanyon,0.0188,high,0.5,Column 'shopping_mall' deviates from similar normal records.,isolation_forest+feature_contribution,True,2026-07-26T11:38:44.517832
bbeed155-06f7-404b-8cf5-c02852ed01a4,I807687,payment_method,anomaly,Debit Card,Cash,0.1471,high,0.5,Column 'payment_method' deviates from similar normal records.,isolation_forest+feature_contribution,True,2026-07-26T11:38:44.540519
eb9363bd-64a9-4d6f-9703-09deaffd67b5,I139372,shopping_mall,anomaly,Emaar Square Mall,Mall of Istanbul,0.0499,high,0.5,Column 'shopping_mall' deviates from similar normal records.,isolation_forest+feature_contribution,True,2026-07-26T11:38:44.592057
bef6bb12-f58d-45f8-8caa-6c1692904e50,I368769,shopping_mall,anomaly,Emaar Square Mall,Metropol AVM,0.0075,high,0.5,Column 'shopping_mall' deviates from similar normal records.,isolation_forest+feature_contribution,True,2026-07-26T11:38:44.668226
725b544d-9e8c-4537-9061-b2384c0aea50,I223874,shopping_mall,anomaly,Zorlu Center,Cevahir AVM,0.0577,high,0.5,Column 'shopping_mall' deviates from similar normal records.,isolation_forest+feature_contribution,True,2026-07-26T11:38:44.725405
abff59ed-62c4-42f9-b9f0-06b0fd5cbe33,I514077,shopping_mall,anomaly,Viaport Outlet,Mall of Istanbul,0.0565,high,0.5,Column 'shopping_mall' deviates from similar normal records.,isolation_forest+feature_contribution,True,2026-07-26T11:38:44.749200
2a26e058-1eeb-4190-b2f9-64cc0d6f9c6e,I311025,shopping_mall,anomaly,Emaar Square Mall,Istinye Park,0.0259,high,0.5,Column 'shopping_mall' deviates from similar normal records.,isolation_forest+feature_contribution,True,2026-07-26T11:38:44.879554
f954ab63-01b7-425c-913b-f599327122e2,I210823,category,anomaly,Cosmetics,Cosmetics,0.0084,high,0.5,Column 'category' deviates from similar normal records.,isolation_forest+feature_contribution,True,2026-07-26T11:38:45.032848
38f33f83-e541-4b75-9065-bb89d1ae24b3,I160951,shopping_mall,anomaly,Viaport Outlet,Mall of Istanbul,0.0343,high,0.5,Column 'shopping_mall' deviates from similar normal records.,isolation_forest+feature_contribution,True,2026-07-26T11:38:45.087408
cf9a138d-93e9-4c39-b06e-a3a410437d31,I261857,shopping_mall,anomaly,Viaport Outlet,Mall of Istanbul,0.021,high,0.5,Column 'shopping_mall' deviates from similar normal records.,isolation_forest+feature_contribution,True,2026-07-26T11:38:45.129937
c0ea7daf-e98f-4165-80e7-354c7d44d134,I206325,payment_method,anomaly,Debit Card,Debit Card,0.0204,high,0.5,Column 'payment_method' deviates from similar normal records.,isolation_forest+feature_contribution,True,2026-07-26T11:38:45.207404
36c7f264-15f1-4784-b56f-f1cebb53292b,I769180,shopping_mall,anomaly,Viaport Outlet,Kanyon,0.108,high,0.5,Column 'shopping_mall' deviates from similar normal records.,isolation_forest+feature_contribution,True,2026-07-26T11:38:45.260298
31137da1-3613-48d8-98a4-3488add9fc6d,I283760,shopping_mall,anomaly,Viaport Outlet,Cevahir AVM,0.0598,high,0.5,Column 'shopping_mall' deviates from similar normal records.,isolation_forest+feature_contribution,True,2026-07-26T11:38:45.283552
6890b818-5d91-4285-93d5-00f6fc1a4056,I970207,payment_method,anomaly,Debit Card,Credit Card,0.0512,high,0.5,Column 'payment_method' deviates from similar normal records.,isolation_forest+feature_contribution,True,2026-07-26T11:38:45.359022
2e15808d-cbd1-43cd-a30a-2ca605010467,I219121,payment_method,anomaly,Credit Card,Debit Card,0.0102,high,0.5,Column 'payment_method' deviates from similar normal records.,isolation_forest+feature_contribution,True,2026-07-26T11:38:45.376545
7a7011c5-8326-4b21-af24-1a6a36c758d0,I219121,shopping_mall,anomaly,Viaport Outlet,Cevahir AVM,0.0102,high,0.5,Column 'shopping_mall' deviates from similar normal records.,isolation_forest+feature_contribution,True,2026-07-26T11:38:45.378549
0bc69fb1-7d01-4934-8fab-33abb326e64c,I130115,shopping_mall,anomaly,Viaport Outlet,Mall of Istanbul,0.0157,high,0.5,Column 'shopping_mall' deviates from similar normal records.,isolation_forest+feature_contribution,True,2026-07-26T11:38:45.461634
b8973a63-b149-498f-9d4f-1846aaeb8674,I411874,payment_method,anomaly,Credit Card,Credit Card,0.0625,high,0.5,Column 'payment_method' deviates from similar normal records.,isolation_forest+feature_contribution,True,2026-07-26T11:38:45.477718
a084dfd5-a75a-49de-87ed-40d014f49e9e,I411874,shopping_mall,anomaly,Viaport Outlet,Kanyon,0.0625,high,0.5,Column 'shopping_mall' deviates from similar normal records.,isolation_forest+feature_contribution,True,2026-07-26T11:38:45.477718
857556ea-3f74-4643-9351-daeff5fd670e,I162841,shopping_mall,anomaly,Istinye Park,Kanyon,0.0616,high,0.5,Column 'shopping_mall' deviates from similar normal records.,isolation_forest+feature_contribution,True,2026-07-26T11:38:45.590255
e01eb807-e5cd-40bf-91e6-b83f2b136836,I279584,shopping_mall,anomaly,Viaport Outlet,Emaar Square Mall,0.0419,high,0.5,Column 'shopping_mall' deviates from similar normal records.,isolation_forest+feature_contribution,True,2026-07-26T11:38:45.608071
202de178-41e7-4fd0-901c-1016da0951b2,I165844,shopping_mall,anomaly,Zorlu Center,Emaar Square Mall,0.0462,high,0.5,Column 'shopping_mall' deviates from similar normal records.,isolation_forest+feature_contribution,True,2026-07-26T11:38:45.688250
5fb36630-8d9a-47a7-8fc8-09de37c79266,I277831,shopping_mall,anomaly,Zorlu Center,Kanyon,0.028,high,0.5,Column 'shopping_mall' deviates from similar normal records.,isolation_forest+feature_contribution,True,2026-07-26T11:38:45.750301
151e000c-4465-4d6f-b695-fe7966557101,I215853,shopping_mall,anomaly,Emaar Square Mall,Kanyon,0.0176,high,0.5,Column 'shopping_mall' deviates from similar normal records.,isolation_forest+feature_contribution,True,2026-07-26T11:38:45.806751
a240184f-f64c-4ee5-8a62-f5843e3ae3b5,I146621,shopping_mall,anomaly,Viaport Outlet,Mall of Istanbul,0.0995,high,0.5,Column 'shopping_mall' deviates from similar normal records.,isolation_forest+feature_contribution,True,2026-07-26T11:38:45.885148
4583a072-8d06-4753-ae10-a2759c061f16,I857694,shopping_mall,anomaly,Metropol AVM,Mall of Istanbul,0.0131,high,0.5,Column 'shopping_mall' deviates from similar normal records.,isolation_forest+feature_contribution,True,2026-07-26T11:38:45.976443
0fcbf9a9-e23a-4d62-a5f8-1e13debd837f,I324335,shopping_mall,anomaly,Viaport Outlet,Metrocity,0.1241,high,0.5,Column 'shopping_mall' deviates from similar normal records.,isolation_forest+feature_contribution,True,2026-07-26T11:38:46.008461
7722461b-5d28-413c-8661-82d7ef227fdd,I214314,shopping_mall,anomaly,Forum Istanbul,Cevahir AVM,0.0735,high,0.5,Column 'shopping_mall' deviates from similar normal records.,isolation_forest+feature_contribution,True,2026-07-26T11:38:46.108289
c5cba52a-e3d0-42e0-b246-23aa036a5198,I952692,shopping_mall,anomaly,Cevahir AVM,Metropol AVM,0.0382,high,0.5,Column 'shopping_mall' deviates from similar normal records.,isolation_forest+feature_contribution,True,2026-07-26T11:38:46.171504
9b31c184-f4ae-4ba4-9593-d15966639f97,I235804,category,anomaly,Souvenir,Books,0.0648,high,0.5,Column 'category' deviates from similar normal records.,isolation_forest+feature_contribution,True,2026-07-26T11:38:46.193192
8df817c4-e9b9-4e05-a576-15b188e369a2,I141550,category,anomaly,Souvenir,Food & Beverage,0.093,high,0.5,Column 'category' deviates from similar normal records.,isolation_forest+feature_contribution,True,2026-07-26T11:38:46.215726
8d2f9774-ab49-46cf-8d0c-3800a693af11,I207880,shopping_mall,anomaly,Viaport Outlet,Mall of Istanbul,0.1482,high,0.5,Column 'shopping_mall' deviates from similar normal records.,isolation_forest+feature_contribution,True,2026-07-26T11:38:46.254246
859d66ce-aaf3-4aa1-8e93-027fcd5fd062,I138115,payment_method,anomaly,Debit Card,Cash,0.0864,high,0.5,Column 'payment_method' deviates from similar normal records.,isolation_forest+feature_contribution,True,2026-07-26T11:38:46.295430
05ed39e0-1674-4b25-8280-24a3fd085066,I170820,payment_method,anomaly,Debit Card,Cash,0.0922,high,0.5,Column 'payment_method' deviates from similar normal records.,isolation_forest+feature_contribution,True,2026-07-26T11:38:46.361662
eab76f77-5e69-4b56-bba5-60b59d8ee8f1,I170820,shopping_mall,anomaly,Metropol AVM,Metrocity,0.0922,high,0.5,Column 'shopping_mall' deviates from similar normal records.,isolation_forest+feature_contribution,True,2026-07-26T11:38:46.361662
e358a4ed-6acc-4f46-be99-6832dea4e654,I266007,shopping_mall,anomaly,Metropol AVM,Kanyon,0.0657,high,0.5,Column 'shopping_mall' deviates from similar normal records.,isolation_forest+feature_contribution,True,2026-07-26T11:38:46.411367
29764b4c-968c-41eb-b0c2-fe14058d436a,I302399,payment_method,anomaly,Debit Card,Credit Card,0.0293,high,0.5,Column 'payment_method' deviates from similar normal records.,isolation_forest+feature_contribution,True,2026-07-26T11:38:46.442999
a0ac7f90-dcea-4851-9a82-c02bb8b0a800,I152994,shopping_mall,anomaly,Viaport Outlet,Kanyon,0.1257,high,0.5,Column 'shopping_mall' deviates from similar normal records.,isolation_forest+feature_contribution,True,2026-07-26T11:38:46.458821
4e36060e-be96-49ef-a2ad-4df89392814d,I140692,shopping_mall,anomaly,Emaar Square Mall,Kanyon,0.1352,high,0.5,Column 'shopping_mall' deviates from similar normal records.,isolation_forest+feature_contribution,True,2026-07-26T11:38:46.474128
88b4ff26-ec6c-4039-b156-6386c317f8b5,I195974,payment_method,anomaly,Debit Card,Cash,0.0778,high,0.5,Column 'payment_method' deviates from similar normal records.,isolation_forest+feature_contribution,True,2026-07-26T11:38:46.511936
2b5f6870-30f1-404f-be48-7311f7278c86,I276798,shopping_mall,anomaly,Zorlu Center,Emaar Square Mall,0.0046,high,0.5,Column 'shopping_mall' deviates from similar normal records.,isolation_forest+feature_contribution,True,2026-07-26T11:38:46.532890
558421c5-5254-48fa-b3a2-e6b79317b435,I551027,shopping_mall,anomaly,Emaar Square Mall,Metrocity,0.0826,high,0.5,Column 'shopping_mall' deviates from similar normal records.,isolation_forest+feature_contribution,True,2026-07-26T11:38:46.706143
25dfe8eb-bfae-4a08-a399-30a56fe3bbe1,I198479,shopping_mall,anomaly,Kanyon,Kanyon,0.0253,high,0.5,Column 'shopping_mall' deviates from similar normal records.,isolation_forest+feature_contribution,True,2026-07-26T11:38:46.766290
d319b596-66ad-4f12-ace7-49a6039213c9,I170274,shopping_mall,anomaly,Mall of Istanbul,Istinye Park,0.0607,high,0.5,Column 'shopping_mall' deviates from similar normal records.,isolation_forest+feature_contribution,True,2026-07-26T11:38:46.785356
dedc33d7-8e0d-433e-a1e5-2165a7299efb,I140040,shopping_mall,anomaly,Emaar Square Mall,Emaar Square Mall,0.061,high,0.5,Column 'shopping_mall' deviates from similar normal records.,isolation_forest+feature_contribution,True,2026-07-26T11:38:46.848913
44b25c1d-f3d1-4e6f-b3e3-f9aa3635c140,I191174,payment_method,anomaly,Debit Card,Cash,0.0295,high,0.5,Column 'payment_method' deviates from similar normal records.,isolation_forest+feature_contribution,True,2026-07-26T11:38:46.870703
96d61a72-7dd5-4c36-8b12-be8194697612,I249531,payment_method,anomaly,Debit Card,Debit Card,0.082,high,0.5,Column 'payment_method' deviates from similar normal records.,isolation_forest+feature_contribution,True,2026-07-26T11:38:46.893669
037d34df-f937-4fce-ac0f-3d0fe6d05c82,I627544,payment_method,anomaly,Debit Card,Credit Card,0.2426,high,0.5,Column 'payment_method' deviates from similar normal records.,isolation_forest+feature_contribution,True,2026-07-26T11:38:46.967693
169bdee4-c251-4046-97c5-2fbc0556b767,I627544,shopping_mall,anomaly,Emaar Square Mall,Kanyon,0.2426,high,0.5,Column 'shopping_mall' deviates from similar normal records.,isolation_forest+feature_contribution,True,2026-07-26T11:38:46.967693
0f2b1d4c-2753-4420-817f-75ce10a3c24c,I854764,shopping_mall,anomaly,Viaport Outlet,Kanyon,0.0144,high,0.5,Column 'shopping_mall' deviates from similar normal records.,isolation_forest+feature_contribution,True,2026-07-26T11:38:47.188215
244a700b-bc19-4a56-9cc4-bc2f47fc44bc,I396328,shopping_mall,anomaly,Zorlu Center,Kanyon,0.0037,high,0.5,Column 'shopping_mall' deviates from similar normal records.,isolation_forest+feature_contribution,True,2026-07-26T11:38:47.288685
ab93053a-1900-42bd-8f22-45e92a037db6,I169770,shopping_mall,anomaly,Emaar Square Mall,Emaar Square Mall,0.0187,high,0.5,Column 'shopping_mall' deviates from similar normal records.,isolation_forest+feature_contribution,True,2026-07-26T11:38:47.351371
b3f2e1e4-0d17-4dcc-b7d2-504c8d8de5a5,I129866,shopping_mall,anomaly,Metropol AVM,Emaar Square Mall,0.008,high,0.5,Column 'shopping_mall' deviates from similar normal records.,isolation_forest+feature_contribution,True,2026-07-26T11:38:47.411725
f37a70c0-f8e0-4fea-b6ad-50188c734355,I319350,gender,anomaly,Male,Male,0.1082,high,0.5,Column 'gender' deviates from similar normal records.,isolation_forest+feature_contribution,True,2026-07-26T11:38:47.473898
376b6acd-a1c1-4d4d-953a-ac4fb392d11b,I124690,shopping_mall,anomaly,Emaar Square Mall,Kanyon,0.0022,high,0.5,Column 'shopping_mall' deviates from similar normal records.,isolation_forest+feature_contribution,True,2026-07-26T11:38:47.544614
8aac48fe-7922-428f-98ea-03aee477e436,I190436,shopping_mall,anomaly,Viaport Outlet,Emaar Square Mall,0.0209,high,0.5,Column 'shopping_mall' deviates from similar normal records.,isolation_forest+feature_contribution,True,2026-07-26T11:38:47.563506
f1c7bd3d-174f-4750-a93d-e4bc06680e2f,I274243,shopping_mall,anomaly,Emaar Square Mall,Mall of Istanbul,0.0131,high,0.5,Column 'shopping_mall' deviates from similar normal records.,isolation_forest+feature_contribution,True,2026-07-26T11:38:47.587731
f024db0f-037c-4172-86be-988b8d8f2dc7,I332904,shopping_mall,anomaly,Emaar Square Mall,Viaport Outlet,0.0702,high,0.5,Column 'shopping_mall' deviates from similar normal records.,isolation_forest+feature_contribution,True,2026-07-26T11:38:47.664397
b09f9fea-2006-4a73-b057-0c1704c6bbe5,I306575,shopping_mall,anomaly,Metrocity,Metrocity,0.0119,high,0.5,Column 'shopping_mall' deviates from similar normal records.,isolation_forest+feature_contribution,True,2026-07-26T11:38:47.824702
e89f8d85-4e09-4abf-a771-8993ed36e806,I273251,shopping_mall,anomaly,Istinye Park,Kanyon,0.0595,high,0.5,Column 'shopping_mall' deviates from similar normal records.,isolation_forest+feature_contribution,True,2026-07-26T11:38:47.846240
f5e113ff-3ad1-49b9-a251-2d79730a8ea6,I118740,shopping_mall,anomaly,Istinye Park,Cevahir AVM,0.033,high,0.5,Column 'shopping_mall' deviates from similar normal records.,isolation_forest+feature_contribution,True,2026-07-26T11:38:47.890877
b06351a8-8bd5-43ec-9892-8f489599d383,I868506,shopping_mall,anomaly,Metropol AVM,Emaar Square Mall,0.0505,high,0.5,Column 'shopping_mall' deviates from similar normal records.,isolation_forest+feature_contribution,True,2026-07-26T11:38:47.959862
3269d039-9170-4589-a6fc-7d07dcc05810,I205825,shopping_mall,anomaly,Metropol AVM,Metropol AVM,0.0101,high,0.5,Column 'shopping_mall' deviates from similar normal records.,isolation_forest+feature_contribution,True,2026-07-26T11:38:48.021186
28ed6b3f-4551-4c69-a39a-ab4d00a81348,I119569,shopping_mall,anomaly,Emaar Square Mall,Kanyon,0.2374,high,0.5,Column 'shopping_mall' deviates from similar normal records.,isolation_forest+feature_contribution,True,2026-07-26T11:38:48.151287
520ac81a-ccf8-40c0-9de1-a935aed81586,I259448,payment_method,anomaly,Debit Card,Credit Card,0.0475,high,0.5,Column 'payment_method' deviates from similar normal records.,isolation_forest+feature_contribution,True,2026-07-26T11:38:48.265507
2d628c72-c672-4718-976b-ba615015a1c5,I259448,shopping_mall,anomaly,Metropol AVM,Kanyon,0.0475,high,0.5,Column 'shopping_mall' deviates from similar normal records.,isolation_forest+feature_contribution,True,2026-07-26T11:38:48.265507
f9567617-cb4a-49ac-bb7c-14f6040b791a,I326718,payment_method,anomaly,Debit Card,Credit Card,0.1082,high,0.5,Column 'payment_method' deviates from similar normal records.,isolation_forest+feature_contribution,True,2026-07-26T11:38:48.333462
4458f35b-0939-4623-aebd-d30ce2f18bab,I120996,shopping_mall,anomaly,Zorlu Center,Mall of Istanbul,0.0167,high,0.5,Column 'shopping_mall' deviates from similar normal records.,isolation_forest+feature_contribution,True,2026-07-26T11:38:48.356456
97d07099-4a09-4a55-8ff3-d4d5f61ee693,I184514,shopping_mall,anomaly,Zorlu Center,Metropol AVM,0.0465,high,0.5,Column 'shopping_mall' deviates from similar normal records.,isolation_forest+feature_contribution,True,2026-07-26T11:38:48.378355
ba32d6e4-9985-4410-9d75-97d83dfe2a4b,I679737,shopping_mall,anomaly,Zorlu Center,Kanyon,0.0137,high,0.5,Column 'shopping_mall' deviates from similar normal records.,isolation_forest+feature_contribution,True,2026-07-26T11:38:48.402297
b0c63bc3-0b64-4e73-9671-91c405548ab2,I288852,shopping_mall,anomaly,Viaport Outlet,Istinye Park,0.0399,high,0.5,Column 'shopping_mall' deviates from similar normal records.,isolation_forest+feature_contribution,True,2026-07-26T11:38:48.443514
e9628429-dc5e-42fe-9441-5018833d38d0,I636322,payment_method,anomaly,Debit Card,Cash,0.0315,high,0.5,Column 'payment_method' deviates from similar normal records.,isolation_forest+feature_contribution,True,2026-07-26T11:38:48.519009
74ede60b-9961-4493-8e57-4b9fb165d601,I529831,payment_method,anomaly,Debit Card,Credit Card,0.0036,high,0.5,Column 'payment_method' deviates from similar normal records.,isolation_forest+feature_contribution,True,2026-07-26T11:38:48.616439
27016861-86f5-4e9e-ae4a-982fb7eb8169,I292160,payment_method,anomaly,Debit Card,Cash,0.1411,high,0.5,Column 'payment_method' deviates from similar normal records.,isolation_forest+feature_contribution,True,2026-07-26T11:38:48.634069
e33ea438-171e-4b8c-bb66-2e2b07dda159,I615020,shopping_mall,anomaly,Viaport Outlet,Mall of Istanbul,0.0311,high,0.5,Column 'shopping_mall' deviates from similar normal records.,isolation_forest+feature_contribution,True,2026-07-26T11:38:48.694938
c8696b2c-d4a2-47ea-96ea-8b485d56656c,I111204,shopping_mall,anomaly,Cevahir AVM,Metrocity,0.0004,high,0.5,Column 'shopping_mall' deviates from similar normal records.,isolation_forest+feature_contribution,True,2026-07-26T11:38:48.710492
8af4fbae-cd39-46fd-80c5-6901658c76ae,I125815,shopping_mall,anomaly,Viaport Outlet,Istinye Park,0.0795,high,0.5,Column 'shopping_mall' deviates from similar normal records.,isolation_forest+feature_contribution,True,2026-07-26T11:38:48.750123
955ba91e-c2a0-48fd-b462-33cce2c23f72,I190703,shopping_mall,anomaly,Zorlu Center,Zorlu Center,0.1127,high,0.5,Column 'shopping_mall' deviates from similar normal records.,isolation_forest+feature_contribution,True,2026-07-26T11:38:48.849179
6a867208-c7bc-4ba6-be1c-7b837c6cee27,I102131,shopping_mall,anomaly,Zorlu Center,Kanyon,0.0795,high,0.5,Column 'shopping_mall' deviates from similar normal records.,isolation_forest+feature_contribution,True,2026-07-26T11:38:49.021960
e257011d-4a45-469e-8539-fe30408cab8d,I299927,shopping_mall,anomaly,Zorlu Center,Zorlu Center,0.0039,high,0.5,Column 'shopping_mall' deviates from similar normal records.,isolation_forest+feature_contribution,True,2026-07-26T11:38:49.040859
14a357e4-437b-45fb-bcf0-cb4c300c0cc4,I236884,shopping_mall,anomaly,Forum Istanbul,Viaport Outlet,0.1064,high,0.5,Column 'shopping_mall' deviates from similar normal records.,isolation_forest+feature_contribution,True,2026-07-26T11:38:49.057733
ba562238-eb0f-4fdb-b231-c19e1706287b,I238968,shopping_mall,anomaly,Zorlu Center,Istinye Park,0.0832,high,0.5,Column 'shopping_mall' deviates from similar normal records.,isolation_forest+feature_contribution,True,2026-07-26T11:38:49.072521
3cb6bd8b-0d0d-447d-b8cc-27ac49b141a4,I435208,shopping_mall,anomaly,Viaport Outlet,Mall of Istanbul,0.0101,high,0.5,Column 'shopping_mall' deviates from similar normal records.,isolation_forest+feature_contribution,True,2026-07-26T11:38:49.244602
dceaf056-9690-462b-9e50-2a6ef92a82bb,I290076,payment_method,anomaly,Debit Card,Debit Card,0.098,high,0.5,Column 'payment_method' deviates from similar normal records.,isolation_forest+feature_contribution,True,2026-07-26T11:38:49.324362
f8672238-b5c6-46e8-ab44-e8cc32c57548,I645818,shopping_mall,anomaly,Metropol AVM,Metrocity,0.1033,high,0.5,Column 'shopping_mall' deviates from similar normal records.,isolation_forest+feature_contribution,True,2026-07-26T11:38:49.344553
248a0d9a-2121-4e27-95b5-75eb003fb59e,I137552,gender,anomaly,Male,Male,0.1474,high,0.5,Column 'gender' deviates from similar normal records.,isolation_forest+feature_contribution,True,2026-07-26T11:38:49.363093
6e5d026e-efc7-4f12-81eb-8efa70fa7eb3,I138122,shopping_mall,anomaly,Cevahir AVM,Forum Istanbul,0.037,high,0.5,Column 'shopping_mall' deviates from similar normal records.,isolation_forest+feature_contribution,True,2026-07-26T11:38:49.467616
a6c5cf13-33da-4d5a-9e2a-1cea544d5273,I746273,shopping_mall,anomaly,Viaport Outlet,Kanyon,0.0164,high,0.5,Column 'shopping_mall' deviates from similar normal records.,isolation_forest+feature_contribution,True,2026-07-26T11:38:49.512308
1ebe1ba8-ec49-4e6d-9c59-b7b72871c57d,I977124,shopping_mall,anomaly,Metrocity,Mall of Istanbul,0.0827,high,0.5,Column 'shopping_mall' deviates from similar normal records.,isolation_forest+feature_contribution,True,2026-07-26T11:38:49.577422
02aa98e9-b613-4b8d-ab49-5fbebaf95acd,I959982,shopping_mall,anomaly,Viaport Outlet,Kanyon,0.0836,high,0.5,Column 'shopping_mall' deviates from similar normal records.,isolation_forest+feature_contribution,True,2026-07-26T11:38:49.749551
8d3f28f4-5a96-4b3c-9487-44a8ae681fa3,I174950,shopping_mall,anomaly,Viaport Outlet,Mall of Istanbul,0.1154,high,0.5,Column 'shopping_mall' deviates from similar normal records.,isolation_forest+feature_contribution,True,2026-07-26T11:38:49.811125
5f2ae505-9394-43b6-9636-bfe1f68589b0,I891631,shopping_mall,anomaly,Emaar Square Mall,Metrocity,0.0516,high,0.5,Column 'shopping_mall' deviates from similar normal records.,isolation_forest+feature_contribution,True,2026-07-26T11:38:49.972200
ba9de801-4741-4131-9e92-6f2d3717fe2e,I662363,category,anomaly,Food & Beverage,Souvenir,0.1638,high,0.5,Column 'category' deviates from similar normal records.,isolation_forest+feature_contribution,True,2026-07-26T11:38:50.072555
e841b9be-8801-466c-b44a-ef6a4bb134c2,I138639,shopping_mall,anomaly,Viaport Outlet,Kanyon,0.1461,high,0.5,Column 'shopping_mall' deviates from similar normal records.,isolation_forest+feature_contribution,True,2026-07-26T11:38:50.123908
10c7e3f3-ac37-4d8d-ab4c-534cab2a61c7,I168635,payment_method,anomaly,Debit Card,Debit Card,0.1123,high,0.5,Column 'payment_method' deviates from similar normal records.,isolation_forest+feature_contribution,True,2026-07-26T11:38:50.190704
29e6b13d-f6c6-446e-a1f8-45bf85d621e6,I337169,shopping_mall,anomaly,Zorlu Center,Viaport Outlet,0.0391,high,0.5,Column 'shopping_mall' deviates from similar normal records.,isolation_forest+feature_contribution,True,2026-07-26T11:38:50.211120
3f7ffb0e-1b0d-4be8-8afc-145c9558a309,I206441,payment_method,anomaly,Debit Card,Cash,0.0815,high,0.5,Column 'payment_method' deviates from similar normal records.,isolation_forest+feature_contribution,True,2026-07-26T11:38:50.227226
8924e8c2-cb5a-4b22-8971-65892f2e6597,I241165,shopping_mall,anomaly,Viaport Outlet,Mall of Istanbul,0.0627,high,0.5,Column 'shopping_mall' deviates from similar normal records.,isolation_forest+feature_contribution,True,2026-07-26T11:38:50.292893
aee549e6-73c4-4799-b0f2-30bf80cc42f5,I892714,gender,anomaly,Male,Female,0.0462,high,0.5,Column 'gender' deviates from similar normal records.,isolation_forest+feature_contribution,True,2026-07-26T11:38:50.314687
672dbdea-071e-44fe-87cd-9344f527ec49,I714676,payment_method,anomaly,Debit Card,Credit Card,0.2613,high,0.5,Column 'payment_method' deviates from similar normal records.,isolation_forest+feature_contribution,True,2026-07-26T11:38:50.348896
6869e43d-3eca-4af0-b227-610814aafcee,I125637,shopping_mall,anomaly,Metropol AVM,Emaar Square Mall,0.1115,high,0.5,Column 'shopping_mall' deviates from similar normal records.,isolation_forest+feature_contribution,True,2026-07-26T11:38:50.490565
06b5571a-6da8-4f56-b0a2-b5f71c00007f,I318126,shopping_mall,anomaly,Viaport Outlet,Forum Istanbul,0.0889,high,0.5,Column 'shopping_mall' deviates from similar normal records.,isolation_forest+feature_contribution,True,2026-07-26T11:38:50.562800
7829c26c-a545-4d17-910d-6f11d3db45cb,I252207,shopping_mall,anomaly,Viaport Outlet,Kanyon,0.0114,high,0.5,Column 'shopping_mall' deviates from similar normal records.,isolation_forest+feature_contribution,True,2026-07-26T11:38:50.666440
9b24b1b8-6a2d-4980-984b-1545d0003b3f,I143322,shopping_mall,anomaly,Metropol AVM,Metrocity,0.1489,high,0.5,Column 'shopping_mall' deviates from similar normal records.,isolation_forest+feature_contribution,True,2026-07-26T11:38:50.688477
94d8672a-7842-43ee-98a3-81810a75e121,I180412,shopping_mall,anomaly,Viaport Outlet,Metrocity,0.0476,high,0.5,Column 'shopping_mall' deviates from similar normal records.,isolation_forest+feature_contribution,True,2026-07-26T11:38:50.768997
c28d9353-c175-4cb7-8bfb-08b25b323f7c,I759775,payment_method,anomaly,Credit Card,Cash,0.007,high,0.5,Column 'payment_method' deviates from similar normal records.,isolation_forest+feature_contribution,True,2026-07-26T11:38:50.846515
11f4b489-d890-4008-a9e7-6ab5ad3d475f,I117385,shopping_mall,anomaly,Emaar Square Mall,Zorlu Center,0.0609,high,0.5,Column 'shopping_mall' deviates from similar normal records.,isolation_forest+feature_contribution,True,2026-07-26T11:38:50.958558
65e48434-9d76-4094-9eb7-8202d2aa587e,I385291,shopping_mall,anomaly,Zorlu Center,Metropol AVM,0.0531,high,0.5,Column 'shopping_mall' deviates from similar normal records.,isolation_forest+feature_contribution,True,2026-07-26T11:38:51.042678
0b634911-0c79-480c-ba31-91b3d5470af0,I293125,shopping_mall,anomaly,Emaar Square Mall,Kanyon,0.0756,high,0.5,Column 'shopping_mall' deviates from similar normal records.,isolation_forest+feature_contribution,True,2026-07-26T11:38:51.145951
c1ae3446-85fe-43b4-932c-2cf5b4f91bde,I249266,category,anomaly,Souvenir,Food & Beverage,0.0213,high,0.5,Column 'category' deviates from similar normal records.,isolation_forest+feature_contribution,True,2026-07-26T11:38:51.501380
ecc88e89-4887-4b61-9bd1-93ca8f8f59bc,I687148,shopping_mall,anomaly,Viaport Outlet,Cevahir AVM,0.0007,high,0.5,Column 'shopping_mall' deviates from similar normal records.,isolation_forest+feature_contribution,True,2026-07-26T11:38:51.533468
bb8d5a9b-a211-4a10-88cb-5c9794f8c4f8,I308748,payment_method,anomaly,Debit Card,Cash,0.1083,high,0.5,Column 'payment_method' deviates from similar normal records.,isolation_forest+feature_contribution,True,2026-07-26T11:38:51.568024
bb56260f-d9cf-48eb-a236-0921ac3ddd45,I181711,shopping_mall,anomaly,Cevahir AVM,Istinye Park,0.1098,high,0.5,Column 'shopping_mall' deviates from similar normal records.,isolation_forest+feature_contribution,True,2026-07-26T11:38:51.622044
f3582a26-c031-4f99-839b-95408d7facaf,I221052,shopping_mall,anomaly,Cevahir AVM,Mall of Istanbul,0.1267,high,0.5,Column 'shopping_mall' deviates from similar normal records.,isolation_forest+feature_contribution,True,2026-07-26T11:38:51.812645
641988c8-3cd5-4184-b0bb-4e772469acec,I287165,category,anomaly,Souvenir,Toys,0.0092,high,0.5,Column 'category' deviates from similar normal records.,isolation_forest+feature_contribution,True,2026-07-26T11:38:51.883699
1867be20-ccb3-43fd-a5ca-b2ee07fc3fc9,I309996,gender,anomaly,Male,Female,0.004,high,0.5,Column 'gender' deviates from similar normal records.,isolation_forest+feature_contribution,True,2026-07-26T11:38:51.900874
1eff1f63-19ef-4ff8-81de-254f6d969b68,I309996,shopping_mall,anomaly,Zorlu Center,Mall of Istanbul,0.004,high,0.5,Column 'shopping_mall' deviates from similar normal records.,isolation_forest+feature_contribution,True,2026-07-26T11:38:51.900874
598fc072-041a-4028-8bc4-134f8273d37f,I227940,shopping_mall,anomaly,Istinye Park,Metropol AVM,0.07,high,0.5,Column 'shopping_mall' deviates from similar normal records.,isolation_forest+feature_contribution,True,2026-07-26T11:38:51.920850
b8b50440-760a-40cd-b6ca-547556731c80,I280332,shopping_mall,anomaly,Forum Istanbul,Kanyon,0.0168,high,0.5,Column 'shopping_mall' deviates from similar normal records.,isolation_forest+feature_contribution,True,2026-07-26T11:38:52.208433
4fbf60d3-a271-448b-894b-d53bf809f405,I307855,category,anomaly,Books,Books,0.0686,high,0.5,Column 'category' deviates from similar normal records.,isolation_forest+feature_contribution,True,2026-07-26T11:38:52.232026
131e834c-e80a-477a-89b5-cfcec685ad14,I977107,shopping_mall,anomaly,Zorlu Center,Kanyon,0.0078,high,0.5,Column 'shopping_mall' deviates from similar normal records.,isolation_forest+feature_contribution,True,2026-07-26T11:38:52.275759
6c9e86b4-fefa-4293-96af-6d84ee6eaf64,I191307,shopping_mall,anomaly,Metropol AVM,Kanyon,0.0294,high,0.5,Column 'shopping_mall' deviates from similar normal records.,isolation_forest+feature_contribution,True,2026-07-26T11:38:52.535079
41ee40d8-0b79-436c-929f-db00bc9048d4,I140158,shopping_mall,anomaly,Metropol AVM,Kanyon,0.0196,high,0.5,Column 'shopping_mall' deviates from similar normal records.,isolation_forest+feature_contribution,True,2026-07-26T11:38:52.741021
bdffe8cc-c0d0-4762-8347-8b7ed451155f,I206024,payment_method,anomaly,Credit Card,Cash,0.1214,high,0.5,Column 'payment_method' deviates from similar normal records.,isolation_forest+feature_contribution,True,2026-07-26T11:38:52.784752
d3b2549b-ecbf-4d31-ae1e-7a10fac2efc1,I117699,shopping_mall,anomaly,Metrocity,Kanyon,0.0836,high,0.5,Column 'shopping_mall' deviates from similar normal records.,isolation_forest+feature_contribution,True,2026-07-26T11:38:52.874920
1e47bdf8-62b6-47d7-9b5a-aef507bc20c0,I288309,shopping_mall,anomaly,Emaar Square Mall,Emaar Square Mall,0.0767,high,0.5,Column 'shopping_mall' deviates from similar normal records.,isolation_forest+feature_contribution,True,2026-07-26T11:38:52.913416
b236a532-4964-4c8e-8da1-d1fdd05f8e38,I213015,shopping_mall,anomaly,Viaport Outlet,Kanyon,0.0844,high,0.5,Column 'shopping_mall' deviates from similar normal records.,isolation_forest+feature_contribution,True,2026-07-26T11:38:53.045823
8b4f88f7-9714-4a46-8537-84248c5474f3,I753439,shopping_mall,anomaly,Zorlu Center,Mall of Istanbul,0.0308,high,0.5,Column 'shopping_mall' deviates from similar normal records.,isolation_forest+feature_contribution,True,2026-07-26T11:38:53.167212
4d039db7-3922-4e62-9d65-e491be039e3c,I243361,shopping_mall,anomaly,Emaar Square Mall,Cevahir AVM,0.0394,high,0.5,Column 'shopping_mall' deviates from similar normal records.,isolation_forest+feature_contribution,True,2026-07-26T11:38:53.188448
18ab58f3-21a0-43be-b1fe-fb0262e11546,I286196,shopping_mall,anomaly,Metropol AVM,Metropol AVM,0.0735,high,0.5,Column 'shopping_mall' deviates from similar normal records.,isolation_forest+feature_contribution,True,2026-07-26T11:38:53.226379
6df85933-f2c3-4c56-a3b9-6a27bc5fa376,I203623,shopping_mall,anomaly,Metrocity,Istinye Park,0.0124,high,0.5,Column 'shopping_mall' deviates from similar normal records.,isolation_forest+feature_contribution,True,2026-07-26T11:38:53.329368
2ebc67b7-c7df-4f80-b64b-c008363e2004,I118816,payment_method,anomaly,Debit Card,Cash,0.0371,high,0.5,Column 'payment_method' deviates from similar normal records.,isolation_forest+feature_contribution,True,2026-07-26T11:38:53.504764
411ada3e-8c6f-4217-bda5-5e0bbd87b402,I135168,shopping_mall,anomaly,Emaar Square Mall,Kanyon,0.0439,high,0.5,Column 'shopping_mall' deviates from similar normal records.,isolation_forest+feature_contribution,True,2026-07-26T11:38:53.609448
22527a05-9c2a-4977-978e-db48878c58e5,I147895,shopping_mall,anomaly,Cevahir AVM,Metropol AVM,0.015,high,0.5,Column 'shopping_mall' deviates from similar normal records.,isolation_forest+feature_contribution,True,2026-07-26T11:38:53.731403
c5a5d7ba-e189-4215-acff-6e63b6723563,I191044,shopping_mall,anomaly,Forum Istanbul,Metrocity,0.1555,high,0.5,Column 'shopping_mall' deviates from similar normal records.,isolation_forest+feature_contribution,True,2026-07-26T11:38:53.800324
f1ec74ca-ea6b-4018-9881-16887f91a873,I276919,shopping_mall,anomaly,Zorlu Center,Kanyon,0.0382,high,0.5,Column 'shopping_mall' deviates from similar normal records.,isolation_forest+feature_contribution,True,2026-07-26T11:38:53.850973
0f2204b2-6d58-4172-8200-e9d90a2115ae,I292610,shopping_mall,anomaly,Cevahir AVM,Kanyon,0.029,high,0.5,Column 'shopping_mall' deviates from similar normal records.,isolation_forest+feature_contribution,True,2026-07-26T11:38:53.910767
5e5ab2e7-bf47-49a0-b7a7-b5686007363c,I241975,shopping_mall,anomaly,Viaport Outlet,Cevahir AVM,0.0407,high,0.5,Column 'shopping_mall' deviates from similar normal records.,isolation_forest+feature_contribution,True,2026-07-26T11:38:53.977462
10700e82-2781-41b5-b1eb-e5aecb5f33b9,I470931,shopping_mall,anomaly,Metropol AVM,Mall of Istanbul,0.0952,high,0.5,Column 'shopping_mall' deviates from similar normal records.,isolation_forest+feature_contribution,True,2026-07-26T11:38:54.247048
cc88759a-582d-475b-9c41-9c57ed73b724,I280382,shopping_mall,anomaly,Emaar Square Mall,Forum Istanbul,0.0756,high,0.5,Column 'shopping_mall' deviates from similar normal records.,isolation_forest+feature_contribution,True,2026-07-26T11:38:54.269473
074bc125-8dc5-49ee-b9a4-62cfd02852aa,I796714,shopping_mall,anomaly,Emaar Square Mall,Emaar Square Mall,0.0271,high,0.5,Column 'shopping_mall' deviates from similar normal records.,isolation_forest+feature_contribution,True,2026-07-26T11:38:54.307684
fd60f9dd-4222-4a99-a68c-034e8492a4c3,I153985,payment_method,anomaly,Debit Card,Credit Card,0.071,high,0.5,Column 'payment_method' deviates from similar normal records.,isolation_forest+feature_contribution,True,2026-07-26T11:38:54.397841
65ab3c47-09c4-45ee-81da-3f8c04ffe4f5,I680092,shopping_mall,anomaly,Forum Istanbul,Metrocity,0.0126,high,0.5,Column 'shopping_mall' deviates from similar normal records.,isolation_forest+feature_contribution,True,2026-07-26T11:38:54.587299
ede5820d-fbf1-4383-b300-4895abc7de55,I152760,shopping_mall,anomaly,Viaport Outlet,Kanyon,0.0455,high,0.5,Column 'shopping_mall' deviates from similar normal records.,isolation_forest+feature_contribution,True,2026-07-26T11:38:54.626816
ccda0b90-6a9a-4697-bd79-ef1f7d499469,I258789,shopping_mall,anomaly,Forum Istanbul,Mall of Istanbul,0.0863,high,0.5,Column 'shopping_mall' deviates from similar normal records.,isolation_forest+feature_contribution,True,2026-07-26T11:38:54.666568
9e99f7e4-ff84-48bb-b56c-313b6c4f45e0,I104938,shopping_mall,anomaly,Viaport Outlet,Kanyon,0.0436,high,0.5,Column 'shopping_mall' deviates from similar normal records.,isolation_forest+feature_contribution,True,2026-07-26T11:38:54.730584
719818c1-8796-4b51-ace1-1a4ec59c6fe9,I114825,shopping_mall,anomaly,Emaar Square Mall,Mall of Istanbul,0.0171,high,0.5,Column 'shopping_mall' deviates from similar normal records.,isolation_forest+feature_contribution,True,2026-07-26T11:38:54.891969
d144e6e4-d000-4a81-b097-707578f8df93,I190654,shopping_mall,anomaly,Viaport Outlet,Forum Istanbul,0.0154,high,0.5,Column 'shopping_mall' deviates from similar normal records.,isolation_forest+feature_contribution,True,2026-07-26T11:38:54.913591
64113265-737a-4e6b-a292-7784dac89525,I199092,payment_method,anomaly,Debit Card,Cash,0.0129,high,0.5,Column 'payment_method' deviates from similar normal records.,isolation_forest+feature_contribution,True,2026-07-26T11:38:54.933234
cbe5da29-53ed-4158-a11f-7956307f928c,I295530,payment_method,anomaly,Debit Card,Cash,0.1194,high,0.5,Column 'payment_method' deviates from similar normal records.,isolation_forest+feature_contribution,True,2026-07-26T11:38:55.032628
44fb766a-475c-40f6-950c-94205a39b6dc,I383541,shopping_mall,anomaly,Istinye Park,Kanyon,0.0156,high,0.5,Column 'shopping_mall' deviates from similar normal records.,isolation_forest+feature_contribution,True,2026-07-26T11:38:55.162859
a6b6eec1-4940-478b-8a31-8a91c9a037b1,I306287,shopping_mall,anomaly,Viaport Outlet,Cevahir AVM,0.0531,high,0.5,Column 'shopping_mall' deviates from similar normal records.,isolation_forest+feature_contribution,True,2026-07-26T11:38:55.296718
3030fcc6-cfea-4ca9-be43-3c10e8a81577,I328860,shopping_mall,anomaly,Forum Istanbul,Emaar Square Mall,0.1259,high,0.5,Column 'shopping_mall' deviates from similar normal records.,isolation_forest+feature_contribution,True,2026-07-26T11:38:55.336204
cf2009dc-bbdc-4c46-a674-ba0b561d5c55,I224320,shopping_mall,anomaly,Cevahir AVM,Metrocity,0.1543,high,0.5,Column 'shopping_mall' deviates from similar normal records.,isolation_forest+feature_contribution,True,2026-07-26T11:38:55.561575
0b0af8b8-587d-49bd-bfd8-1f47cdce5011,I301707,category,anomaly,Souvenir,Food & Beverage,0.1518,high,0.5,Column 'category' deviates from similar normal records.,isolation_forest+feature_contribution,True,2026-07-26T11:38:55.600257
b544845f-0207-4e83-b2b0-5eb3e80c3b99,I208358,shopping_mall,anomaly,Cevahir AVM,Cevahir AVM,0.0397,high,0.5,Column 'shopping_mall' deviates from similar normal records.,isolation_forest+feature_contribution,True,2026-07-26T11:38:55.657863
a64090f6-ba4b-4332-868b-12318cbd1630,I189568,shopping_mall,anomaly,Metropol AVM,Kanyon,0.0182,high,0.5,Column 'shopping_mall' deviates from similar normal records.,isolation_forest+feature_contribution,True,2026-07-26T11:38:55.739489
11d4bcb4-6d88-4b45-bb6e-93f8b7a052c7,I153987,category,anomaly,Souvenir,Souvenir,0.0153,high,0.5,Column 'category' deviates from similar normal records.,isolation_forest+feature_contribution,True,2026-07-26T11:38:55.775614
58baa00f-c899-4a8d-be66-16963e4f5c30,I144512,category,anomaly,Souvenir,Food & Beverage,0.091,high,0.5,Column 'category' deviates from similar normal records.,isolation_forest+feature_contribution,True,2026-07-26T11:38:55.836620
1c8c220f-8a9d-4d2a-a65d-aa18c3f92774,I252283,shopping_mall,anomaly,Mall of Istanbul,Mall of Istanbul,0.0309,high,0.5,Column 'shopping_mall' deviates from similar normal records.,isolation_forest+feature_contribution,True,2026-07-26T11:38:55.875790
6b102af3-15c8-4e36-9a05-20933c417dd7,I247232,shopping_mall,anomaly,Mall of Istanbul,Mall of Istanbul,0.0361,high,0.5,Column 'shopping_mall' deviates from similar normal records.,isolation_forest+feature_contribution,True,2026-07-26T11:38:55.977787
d9024f0f-4dd7-4556-8baf-587422a7b6e0,I203413,shopping_mall,anomaly,Cevahir AVM,Kanyon,0.1209,high,0.5,Column 'shopping_mall' deviates from similar normal records.,isolation_forest+feature_contribution,True,2026-07-26T11:38:56.067097
7d4e8cac-ae09-4155-b026-cbbc4b4f5e01,I731074,shopping_mall,anomaly,Viaport Outlet,Istinye Park,0.0315,high,0.5,Column 'shopping_mall' deviates from similar normal records.,isolation_forest+feature_contribution,True,2026-07-26T11:38:56.156214
129b5138-6950-4dc9-aa10-693a7fdc0d75,I130367,payment_method,anomaly,Debit Card,Cash,0.0711,high,0.5,Column 'payment_method' deviates from similar normal records.,isolation_forest+feature_contribution,True,2026-07-26T11:38:56.221161
34984234-5ab0-4c67-9def-7a62625063d2,I290467,shopping_mall,anomaly,Zorlu Center,Metrocity,0.03,high,0.5,Column 'shopping_mall' deviates from similar normal records.,isolation_forest+feature_contribution,True,2026-07-26T11:38:56.381222
04ef5294-4bce-434e-b420-3dd8a3976369,I240938,shopping_mall,anomaly,Istinye Park,Istinye Park,0.0487,high,0.5,Column 'shopping_mall' deviates from similar normal records.,isolation_forest+feature_contribution,True,2026-07-26T11:38:56.400591
02698d53-ef87-4fe7-96b7-d381227459a5,I950251,gender,anomaly,Male,Female,0.0,high,0.5,Column 'gender' deviates from similar normal records.,isolation_forest+feature_contribution,True,2026-07-26T11:38:56.424453
6718e57c-bf53-4ada-bec5-6a8df505c1c0,I111926,shopping_mall,anomaly,Zorlu Center,Mall of Istanbul,0.0124,high,0.5,Column 'shopping_mall' deviates from similar normal records.,isolation_forest+feature_contribution,True,2026-07-26T11:38:56.488027
e3518e70-7535-4718-84ff-198603cd6af2,I186813,shopping_mall,anomaly,Forum Istanbul,Viaport Outlet,0.0251,high,0.5,Column 'shopping_mall' deviates from similar normal records.,isolation_forest+feature_contribution,True,2026-07-26T11:38:56.526119
34dd2ea4-6bdc-43c8-8771-6764e87b9c6e,I136140,payment_method,anomaly,Debit Card,Cash,0.0155,high,0.5,Column 'payment_method' deviates from similar normal records.,isolation_forest+feature_contribution,True,2026-07-26T11:38:56.650023
f76c41e1-3503-46e7-b3a0-0455acda64c4,I279114,shopping_mall,anomaly,Metropol AVM,Metrocity,0.0649,high,0.5,Column 'shopping_mall' deviates from similar normal records.,isolation_forest+feature_contribution,True,2026-07-26T11:38:56.688129
612edc37-2286-4386-8d4b-195ecaf6fd07,I148611,shopping_mall,anomaly,Zorlu Center,Metropol AVM,0.0699,high,0.5,Column 'shopping_mall' deviates from similar normal records.,isolation_forest+feature_contribution,True,2026-07-26T11:38:56.730440
1aad6772-989b-471c-9fb7-417beb16a100,I230678,shopping_mall,anomaly,Emaar Square Mall,Kanyon,0.0855,high,0.5,Column 'shopping_mall' deviates from similar normal records.,isolation_forest+feature_contribution,True,2026-07-26T11:38:56.802552
198d3ef7-9287-493d-b7c6-7a0fa47a3d4d,I624401,shopping_mall,anomaly,Forum Istanbul,Istinye Park,0.0627,high,0.5,Column 'shopping_mall' deviates from similar normal records.,isolation_forest+feature_contribution,True,2026-07-26T11:38:57.021908
ebf5f1cb-4d3d-461a-8c68-3337e0d1fed2,I490787,shopping_mall,anomaly,Istinye Park,Kanyon,0.0554,high,0.5,Column 'shopping_mall' deviates from similar normal records.,isolation_forest+feature_contribution,True,2026-07-26T11:38:57.055661
33cf93fa-e3e3-42b5-a116-586cfc970b25,I180351,shopping_mall,anomaly,Forum Istanbul,Metrocity,0.0915,high,0.5,Column 'shopping_mall' deviates from similar normal records.,isolation_forest+feature_contribution,True,2026-07-26T11:38:57.076543
9dcfe556-9309-400a-b6e8-94d796de0411,I247195,shopping_mall,anomaly,Emaar Square Mall,Forum Istanbul,0.0824,high,0.5,Column 'shopping_mall' deviates from similar normal records.,isolation_forest+feature_contribution,True,2026-07-26T11:38:57.092958
3c97fe9d-99f7-4064-b932-d3b3614ba27d,I846132,shopping_mall,anomaly,Viaport Outlet,Mall of Istanbul,0.2648,high,0.5,Column 'shopping_mall' deviates from similar normal records.,isolation_forest+feature_contribution,True,2026-07-26T11:38:57.406957
419ee0b5-9447-4599-9bee-6798a38eeed7,I258313,category,anomaly,Souvenir,Souvenir,0.0635,high,0.5,Column 'category' deviates from similar normal records.,isolation_forest+feature_contribution,True,2026-07-26T11:38:57.571432
60b0afbf-83c5-4506-8954-e85c27906c53,I146008,category,anomaly,Souvenir,Food & Beverage,0.144,high,0.5,Column 'category' deviates from similar normal records.,isolation_forest+feature_contribution,True,2026-07-26T11:38:57.782886
ac656b7d-ad26-4123-916e-37037fa73eb1,I492347,shopping_mall,anomaly,Zorlu Center,Metrocity,0.0362,high,0.5,Column 'shopping_mall' deviates from similar normal records.,isolation_forest+feature_contribution,True,2026-07-26T11:38:57.801987
1b437b2a-ef0e-409d-b626-79ccd07815dc,I290067,shopping_mall,anomaly,Viaport Outlet,Kanyon,0.001,high,0.5,Column 'shopping_mall' deviates from similar normal records.,isolation_forest+feature_contribution,True,2026-07-26T11:38:57.919798
3e88efef-4b79-4203-8507-4294275e2c84,I297738,shopping_mall,anomaly,Viaport Outlet,Mall of Istanbul,0.0064,high,0.5,Column 'shopping_mall' deviates from similar normal records.,isolation_forest+feature_contribution,True,2026-07-26T11:38:57.937255
04f0248f-0c14-42eb-ae9c-0acb11f65c31,I106916,shopping_mall,anomaly,Cevahir AVM,Kanyon,0.0099,high,0.5,Column 'shopping_mall' deviates from similar normal records.,isolation_forest+feature_contribution,True,2026-07-26T11:38:58.177651
8d1ca58c-1871-47db-8ea3-0fed51b0cd31,I217326,payment_method,anomaly,Debit Card,Cash,0.0115,high,0.5,Column 'payment_method' deviates from similar normal records.,isolation_forest+feature_contribution,True,2026-07-26T11:38:58.193443
3e9b06a3-bbf0-4a41-b735-2b0bb519954e,I217326,shopping_mall,anomaly,Forum Istanbul,Kanyon,0.0115,high,0.5,Column 'shopping_mall' deviates from similar normal records.,isolation_forest+feature_contribution,True,2026-07-26T11:38:58.193443
f29d713a-7cb0-4184-867e-b40ad1b622ae,I261729,shopping_mall,anomaly,Mall of Istanbul,Mall of Istanbul,0.0155,high,0.5,Column 'shopping_mall' deviates from similar normal records.,isolation_forest+feature_contribution,True,2026-07-26T11:38:58.213227
916be89b-6c19-4e22-8392-8ff5752e196d,I237459,payment_method,anomaly,Debit Card,Credit Card,0.0876,high,0.5,Column 'payment_method' deviates from similar normal records.,isolation_forest+feature_contribution,True,2026-07-26T11:38:58.294746
9efb11f3-97ca-430c-98ff-7d2a72716541,I191299,shopping_mall,anomaly,Metropol AVM,Emaar Square Mall,0.0039,high,0.5,Column 'shopping_mall' deviates from similar normal records.,isolation_forest+feature_contribution,True,2026-07-26T11:38:58.452984
cd7a25cd-4279-4e10-abc9-eb5065c5f351,I687704,shopping_mall,anomaly,Metropol AVM,Kanyon,0.0431,high,0.5,Column 'shopping_mall' deviates from similar normal records.,isolation_forest+feature_contribution,True,2026-07-26T11:38:58.548209
713dedb3-263d-4b09-8524-33cbbafcf0af,I327581,shopping_mall,anomaly,Istinye Park,Cevahir AVM,0.0431,high,0.5,Column 'shopping_mall' deviates from similar normal records.,isolation_forest+feature_contribution,True,2026-07-26T11:38:58.565514
97ad942c-6730-4712-9d8b-639c8b98ba2d,I572338,shopping_mall,anomaly,Zorlu Center,Mall of Istanbul,0.0989,high,0.5,Column 'shopping_mall' deviates from similar normal records.,isolation_forest+feature_contribution,True,2026-07-26T11:38:58.584785
bde43e36-29cb-4b25-813e-16be4fb7a0c2,I222528,shopping_mall,anomaly,Metropol AVM,Mall of Istanbul,0.0141,high,0.5,Column 'shopping_mall' deviates from similar normal records.,isolation_forest+feature_contribution,True,2026-07-26T11:38:58.650773
d6db98de-2d5b-4881-8df6-10c2ddeabcc4,I127018,shopping_mall,anomaly,Forum Istanbul,Zorlu Center,0.0069,high,0.5,Column 'shopping_mall' deviates from similar normal records.,isolation_forest+feature_contribution,True,2026-07-26T11:38:58.694110
8c16d39c-d67b-4a99-a31c-9f4c35f2dddd,I340065,shopping_mall,anomaly,Viaport Outlet,Cevahir AVM,0.0418,high,0.5,Column 'shopping_mall' deviates from similar normal records.,isolation_forest+feature_contribution,True,2026-07-26T11:38:58.713763
7c9993f1-d83d-4da0-94cc-42e63d552079,I289619,category,anomaly,Toys,Toys,0.0508,high,0.5,Column 'category' deviates from similar normal records.,isolation_forest+feature_contribution,True,2026-07-26T11:38:58.730979
b09c3574-98b1-47b5-8706-95f2d30a0622,I270737,shopping_mall,anomaly,Viaport Outlet,Cevahir AVM,0.1425,high,0.5,Column 'shopping_mall' deviates from similar normal records.,isolation_forest+feature_contribution,True,2026-07-26T11:38:58.855423
02b1d18b-7145-41de-b0b6-fe43e87a870b,I520376,shopping_mall,anomaly,Forum Istanbul,Mall of Istanbul,0.0685,high,0.5,Column 'shopping_mall' deviates from similar normal records.,isolation_forest+feature_contribution,True,2026-07-26T11:38:58.873340
75416e78-2a0a-41b2-9860-7b5071435785,I146012,payment_method,anomaly,Debit Card,Credit Card,0.1178,high,0.5,Column 'payment_method' deviates from similar normal records.,isolation_forest+feature_contribution,True,2026-07-26T11:38:58.915452
667de974-7021-46db-af28-e7aa5493a514,I337010,shopping_mall,anomaly,Metropol AVM,Forum Istanbul,0.0592,high,0.5,Column 'shopping_mall' deviates from similar normal records.,isolation_forest+feature_contribution,True,2026-07-26T11:38:58.952694
8eadd3af-a072-4fef-b2d7-5d34ae5facf8,I146908,shopping_mall,anomaly,Istinye Park,Mall of Istanbul,0.0121,high,0.5,Column 'shopping_mall' deviates from similar normal records.,isolation_forest+feature_contribution,True,2026-07-26T11:38:59.132317
fd53e2fe-96bc-48d1-91bc-33e8c274ebb0,I323304,shopping_mall,anomaly,Viaport Outlet,Mall of Istanbul,0.0685,high,0.5,Column 'shopping_mall' deviates from similar normal records.,isolation_forest+feature_contribution,True,2026-07-26T11:38:59.157046
36a8380c-7399-4577-8438-36ff59893104,I158703,payment_method,anomaly,Debit Card,Credit Card,0.0862,high,0.5,Column 'payment_method' deviates from similar normal records.,isolation_forest+feature_contribution,True,2026-07-26T11:38:59.206472
cde14d08-8d6a-44c2-b8cf-a179202b45c5,I105698,shopping_mall,anomaly,Zorlu Center,Mall of Istanbul,0.0145,high,0.5,Column 'shopping_mall' deviates from similar normal records.,isolation_forest+feature_contribution,True,2026-07-26T11:38:59.244211
43586f9b-f1dd-4dcf-8387-33191828062c,I311835,shopping_mall,anomaly,Metrocity,Mall of Istanbul,0.058,high,0.5,Column 'shopping_mall' deviates from similar normal records.,isolation_forest+feature_contribution,True,2026-07-26T11:38:59.261473
3db1d558-4890-4c80-b01c-bbbc60f08cf0,I166102,shopping_mall,anomaly,Emaar Square Mall,Emaar Square Mall,0.02,high,0.5,Column 'shopping_mall' deviates from similar normal records.,isolation_forest+feature_contribution,True,2026-07-26T11:38:59.276255
908ad7e7-c5df-45a6-b11b-e6233f9c5859,I288538,shopping_mall,anomaly,Metrocity,Mall of Istanbul,0.0713,high,0.5,Column 'shopping_mall' deviates from similar normal records.,isolation_forest+feature_contribution,True,2026-07-26T11:38:59.480260
302ebbf8-9d3e-4e57-a71b-8a8455c7645e,I454500,shopping_mall,anomaly,Metropol AVM,Mall of Istanbul,0.0231,high,0.5,Column 'shopping_mall' deviates from similar normal records.,isolation_forest+feature_contribution,True,2026-07-26T11:38:59.521710
2ed69959-ad5f-4b11-89b5-f02ffedfd3ea,I221729,shopping_mall,anomaly,Emaar Square Mall,Metrocity,0.006,high,0.5,Column 'shopping_mall' deviates from similar normal records.,isolation_forest+feature_contribution,True,2026-07-26T11:38:59.672408
f1d2868e-953a-49be-b8dd-a63d7215ff9d,I262696,gender,anomaly,Male,Female,0.0219,high,0.5,Column 'gender' deviates from similar normal records.,isolation_forest+feature_contribution,True,2026-07-26T11:38:59.762026
7fd83f73-7640-4121-a294-7431a5b8778b,I302472,shopping_mall,anomaly,Forum Istanbul,Zorlu Center,0.0245,high,0.5,Column 'shopping_mall' deviates from similar normal records.,isolation_forest+feature_contribution,True,2026-07-26T11:38:59.888014
167afa0e-f268-4ba4-bbb3-3eb36f1ebaa6,I322939,shopping_mall,anomaly,Viaport Outlet,Istinye Park,0.0213,high,0.5,Column 'shopping_mall' deviates from similar normal records.,isolation_forest+feature_contribution,True,2026-07-26T11:38:59.958252
af06cae9-136c-411b-9f67-fb482f676a89,I987725,shopping_mall,anomaly,Emaar Square Mall,Zorlu Center,0.0016,high,0.5,Column 'shopping_mall' deviates from similar normal records.,isolation_forest+feature_contribution,True,2026-07-26T11:38:59.978269
90153275-95da-4f4e-b30b-c39eeb5ebcab,I552979,shopping_mall,anomaly,Metropol AVM,Mall of Istanbul,0.0202,high,0.5,Column 'shopping_mall' deviates from similar normal records.,isolation_forest+feature_contribution,True,2026-07-26T11:38:59.999293
1886a67c-099c-4027-b0e9-5df5abad993f,I309870,shopping_mall,anomaly,Cevahir AVM,Metropol AVM,0.0536,high,0.5,Column 'shopping_mall' deviates from similar normal records.,isolation_forest+feature_contribution,True,2026-07-26T11:39:00.072081
0c089420-a195-42ae-9d13-390cec6a699f,I625810,shopping_mall,anomaly,Viaport Outlet,Cevahir AVM,0.0274,high,0.5,Column 'shopping_mall' deviates from similar normal records.,isolation_forest+feature_contribution,True,2026-07-26T11:39:00.130629
75a2a002-51a0-4188-a693-ffd1091f2578,I397964,shopping_mall,anomaly,Metropol AVM,Metrocity,0.0929,high,0.5,Column 'shopping_mall' deviates from similar normal records.,isolation_forest+feature_contribution,True,2026-07-26T11:39:00.155527
244df434-7049-45dc-abc6-ffdb1b160ed7,I142063,shopping_mall,anomaly,Emaar Square Mall,Zorlu Center,0.0448,high,0.5,Column 'shopping_mall' deviates from similar normal records.,isolation_forest+feature_contribution,True,2026-07-26T11:39:00.180201
0190b6bf-dd02-4224-967a-8685844f3b35,I167222,payment_method,anomaly,Debit Card,Cash,0.05,high,0.5,Column 'payment_method' deviates from similar normal records.,isolation_forest+feature_contribution,True,2026-07-26T11:39:00.306022
848a7578-b472-4480-aeef-9224568555ca,I279926,payment_method,anomaly,Debit Card,Cash,0.0993,high,0.5,Column 'payment_method' deviates from similar normal records.,isolation_forest+feature_contribution,True,2026-07-26T11:39:00.465117
f691fd03-133b-4fa3-af00-01f61a8aac9b,I723226,category,anomaly,Souvenir,Books,0.007,high,0.5,Column 'category' deviates from similar normal records.,isolation_forest+feature_contribution,True,2026-07-26T11:39:00.668752
6da77e7e-d571-4894-851a-ccd2c481365c,I211156,gender,anomaly,Male,Female,0.1253,high,0.5,Column 'gender' deviates from similar normal records.,isolation_forest+feature_contribution,True,2026-07-26T11:39:00.846513
53f32d79-107d-402a-9a61-0b2c0e730362,I211156,shopping_mall,anomaly,Zorlu Center,Kanyon,0.1253,high,0.5,Column 'shopping_mall' deviates from similar normal records.,isolation_forest+feature_contribution,True,2026-07-26T11:39:00.846513
0d23ffb6-04c6-4b83-9910-df8fa5743f3f,I119902,payment_method,anomaly,Debit Card,Cash,0.0307,high,0.5,Column 'payment_method' deviates from similar normal records.,isolation_forest+feature_contribution,True,2026-07-26T11:39:01.005872
af8c6cee-d148-47dd-b54c-f987a27c0a49,I321277,payment_method,anomaly,Debit Card,Cash,0.0748,high,0.5,Column 'payment_method' deviates from similar normal records.,isolation_forest+feature_contribution,True,2026-07-26T11:39:01.060825
b1b3ead1-7b51-4109-accf-535963702ee9,I188494,shopping_mall,anomaly,Viaport Outlet,Kanyon,0.0432,high,0.5,Column 'shopping_mall' deviates from similar normal records.,isolation_forest+feature_contribution,True,2026-07-26T11:39:01.141836
9e83145e-1047-4fd6-baad-681a099d6483,I152975,shopping_mall,anomaly,Metropol AVM,Emaar Square Mall,0.1135,high,0.5,Column 'shopping_mall' deviates from similar normal records.,isolation_forest+feature_contribution,True,2026-07-26T11:39:01.368620
def27487-9443-45c0-a398-06b0e0db20f7,I120508,category,anomaly,Toys,Toys,0.0712,high,0.5,Column 'category' deviates from similar normal records.,isolation_forest+feature_contribution,True,2026-07-26T11:39:01.588063
95b950b7-e586-4c40-bd26-c6cf67f30cb0,I499976,shopping_mall,anomaly,Metropol AVM,Kanyon,0.1726,high,0.5,Column 'shopping_mall' deviates from similar normal records.,isolation_forest+feature_contribution,True,2026-07-26T11:39:01.607710
a06404f2-d3f7-4cd2-927a-833c77652213,I110635,payment_method,anomaly,Credit Card,Cash,0.0869,high,0.5,Column 'payment_method' deviates from similar normal records.,isolation_forest+feature_contribution,True,2026-07-26T11:39:01.746716
2247a1e9-35e1-4ec0-8f2b-371a05bea33c,I701388,shopping_mall,anomaly,Istinye Park,Istinye Park,0.054,high,0.5,Column 'shopping_mall' deviates from similar normal records.,isolation_forest+feature_contribution,True,2026-07-26T11:39:01.887201
2d46efee-932d-400c-9b0b-7888cc1b1ed9,I144508,shopping_mall,anomaly,Istinye Park,Metropol AVM,0.0223,high,0.5,Column 'shopping_mall' deviates from similar normal records.,isolation_forest+feature_contribution,True,2026-07-26T11:39:01.905260
aac54eff-84da-4569-b81f-6cf9aa1aa65d,I119094,shopping_mall,anomaly,Zorlu Center,Kanyon,0.0146,high,0.5,Column 'shopping_mall' deviates from similar normal records.,isolation_forest+feature_contribution,True,2026-07-26T11:39:02.005708
d6f48cf3-1e82-4d02-9969-225fdb6a8832,I208876,category,anomaly,Toys,Food & Beverage,0.0908,high,0.5,Column 'category' deviates from similar normal records.,isolation_forest+feature_contribution,True,2026-07-26T11:39:02.355089
20dc8647-0f89-4891-93c3-8b950de8e3c0,I310230,category,anomaly,Souvenir,Food & Beverage,0.0144,high,0.5,Column 'category' deviates from similar normal records.,isolation_forest+feature_contribution,True,2026-07-26T11:39:02.373965
e63741cb-9e35-438a-af89-e58d745afdaf,I125561,gender,anomaly,Male,Female,0.0766,high,0.5,Column 'gender' deviates from similar normal records.,isolation_forest+feature_contribution,True,2026-07-26T11:39:02.410794
339674d3-f10d-46e0-b88b-c06c7c601e6a,I659377,shopping_mall,anomaly,Forum Istanbul,Istinye Park,0.1426,high,0.5,Column 'shopping_mall' deviates from similar normal records.,isolation_forest+feature_contribution,True,2026-07-26T11:39:02.452451
8a3d57ed-28fa-4d62-aff9-3d88add33797,I349262,shopping_mall,anomaly,Istinye Park,Cevahir AVM,0.0251,high,0.5,Column 'shopping_mall' deviates from similar normal records.,isolation_forest+feature_contribution,True,2026-07-26T11:39:02.515883
19d55881-1bbd-4547-8a20-045da1cde0ca,I123464,category,anomaly,Books,Books,0.0235,high,0.5,Column 'category' deviates from similar normal records.,isolation_forest+feature_contribution,True,2026-07-26T11:39:02.563388
9a501e82-dd46-46fe-943d-6b31f12a818e,I330870,shopping_mall,anomaly,Metrocity,Mall of Istanbul,0.0272,high,0.5,Column 'shopping_mall' deviates from similar normal records.,isolation_forest+feature_contribution,True,2026-07-26T11:39:02.622946
0df5bf49-25ed-4e72-93ad-a45ade531361,I659200,category,anomaly,Cosmetics,Books,0.1161,high,0.5,Column 'category' deviates from similar normal records.,isolation_forest+feature_contribution,True,2026-07-26T11:39:02.699181
5641a758-068d-4a29-8841-48171c2147a8,I659200,shopping_mall,anomaly,Emaar Square Mall,Istinye Park,0.1161,high,0.5,Column 'shopping_mall' deviates from similar normal records.,isolation_forest+feature_contribution,True,2026-07-26T11:39:02.699181
f7032960-4418-455b-a1ca-d7ed347194b6,I181676,shopping_mall,anomaly,Emaar Square Mall,Kanyon,0.1668,high,0.5,Column 'shopping_mall' deviates from similar normal records.,isolation_forest+feature_contribution,True,2026-07-26T11:39:02.745486
08728aeb-5b6f-4e6d-9512-fa15fbe568bd,I714421,shopping_mall,anomaly,Viaport Outlet,Kanyon,0.0115,high,0.5,Column 'shopping_mall' deviates from similar normal records.,isolation_forest+feature_contribution,True,2026-07-26T11:39:02.763165
d3434c30-7d1c-473d-80f4-c576020780cb,I467213,shopping_mall,anomaly,Viaport Outlet,Forum Istanbul,0.1123,high,0.5,Column 'shopping_mall' deviates from similar normal records.,isolation_forest+feature_contribution,True,2026-07-26T11:39:02.802288
4978ba7f-95bb-47b4-8254-957678cd3f3d,I178445,shopping_mall,anomaly,Istinye Park,Istinye Park,0.0399,high,0.5,Column 'shopping_mall' deviates from similar normal records.,isolation_forest+feature_contribution,True,2026-07-26T11:39:03.073015
dcc76e32-c29f-4b29-b3fa-76f7bde11f7e,I122920,shopping_mall,anomaly,Cevahir AVM,Metrocity,0.0554,high,0.5,Column 'shopping_mall' deviates from similar normal records.,isolation_forest+feature_contribution,True,2026-07-26T11:39:03.178102
392ef18f-e8d0-4ebc-9f03-4b35c58e8c05,I152865,payment_method,anomaly,Debit Card,Cash,0.0958,high,0.5,Column 'payment_method' deviates from similar normal records.,isolation_forest+feature_contribution,True,2026-07-26T11:39:03.219374
494d7b8f-4194-4c6b-89ce-e734675b95e2,I280908,payment_method,anomaly,Credit Card,Credit Card,0.105,high,0.5,Column 'payment_method' deviates from similar normal records.,isolation_forest+feature_contribution,True,2026-07-26T11:39:03.403998
c5e7faee-2196-4cf0-962a-03245fc6ce19,I176438,shopping_mall,anomaly,Zorlu Center,Cevahir AVM,0.0241,high,0.5,Column 'shopping_mall' deviates from similar normal records.,isolation_forest+feature_contribution,True,2026-07-26T11:39:03.450317
d2b8f4cf-2fb1-4099-868b-f0393b28974b,I654387,shopping_mall,anomaly,Zorlu Center,Kanyon,0.0336,high,0.5,Column 'shopping_mall' deviates from similar normal records.,isolation_forest+feature_contribution,True,2026-07-26T11:39:03.516782
fcdb8f56-91a2-4309-a4fd-37b3c0ce5b2b,I108890,payment_method,anomaly,Debit Card,Cash,0.1176,high,0.5,Column 'payment_method' deviates from similar normal records.,isolation_forest+feature_contribution,True,2026-07-26T11:39:03.552496
3a65d19f-7cc1-4476-b297-736756f3e94b,I322600,payment_method,anomaly,Debit Card,Cash,0.0437,high,0.5,Column 'payment_method' deviates from similar normal records.,isolation_forest+feature_contribution,True,2026-07-26T11:39:03.775748
c46c6237-c73e-49ac-b388-507ad9b7a8ae,I230012,shopping_mall,anomaly,Metropol AVM,Forum Istanbul,0.0067,high,0.5,Column 'shopping_mall' deviates from similar normal records.,isolation_forest+feature_contribution,True,2026-07-26T11:39:04.015688
dcf6e361-b258-49db-932c-78df7c3855df,I708521,shopping_mall,anomaly,Forum Istanbul,Kanyon,0.0553,high,0.5,Column 'shopping_mall' deviates from similar normal records.,isolation_forest+feature_contribution,True,2026-07-26T11:39:04.168910
5901db82-6f4a-4686-aeab-ee87ab39a3d1,I295583,shopping_mall,anomaly,Istinye Park,Mall of Istanbul,0.0131,high,0.5,Column 'shopping_mall' deviates from similar normal records.,isolation_forest+feature_contribution,True,2026-07-26T11:39:04.186133
4ae4963c-8512-4072-a71a-2e708c5393fa,I241370,shopping_mall,anomaly,Metropol AVM,Metropol AVM,0.0879,high,0.5,Column 'shopping_mall' deviates from similar normal records.,isolation_forest+feature_contribution,True,2026-07-26T11:39:04.353552
0638dd79-cda0-40b2-a934-8509149431fc,I171837,shopping_mall,anomaly,Zorlu Center,Cevahir AVM,0.0255,high,0.5,Column 'shopping_mall' deviates from similar normal records.,isolation_forest+feature_contribution,True,2026-07-26T11:39:04.415402
2c1faf2d-2f04-4fc8-bdf1-aa1359f24961,I237564,category,anomaly,Books,Books,0.0615,high,0.5,Column 'category' deviates from similar normal records.,isolation_forest+feature_contribution,True,2026-07-26T11:39:04.429179
f6cd7975-145c-4654-b222-a8741b859da1,I323249,payment_method,anomaly,Debit Card,Cash,0.0682,high,0.5,Column 'payment_method' deviates from similar normal records.,isolation_forest+feature_contribution,True,2026-07-26T11:39:04.465976
c76a9760-2262-4e25-8dbe-2c412f051bc7,I283703,shopping_mall,anomaly,Viaport Outlet,Mall of Istanbul,0.1049,high,0.5,Column 'shopping_mall' deviates from similar normal records.,isolation_forest+feature_contribution,True,2026-07-26T11:39:04.584158
97a7e91b-8bd7-47d8-9935-43e3665fad06,I268641,shopping_mall,anomaly,Istinye Park,Forum Istanbul,0.1111,high,0.5,Column 'shopping_mall' deviates from similar normal records.,isolation_forest+feature_contribution,True,2026-07-26T11:39:04.629311
020b0851-acba-4c91-9935-37128b7190c0,I177973,shopping_mall,anomaly,Zorlu Center,Mall of Istanbul,0.0203,high,0.5,Column 'shopping_mall' deviates from similar normal records.,isolation_forest+feature_contribution,True,2026-07-26T11:39:04.915627
fc0b720c-47e5-470d-9191-e50b62a27eed,I278429,shopping_mall,anomaly,Viaport Outlet,Kanyon,0.0089,high,0.5,Column 'shopping_mall' deviates from similar normal records.,isolation_forest+feature_contribution,True,2026-07-26T11:39:04.929689
2f4d98e9-5b72-4efe-ab57-cf6a49ec8325,I579852,shopping_mall,anomaly,Zorlu Center,Mall of Istanbul,0.0161,high,0.5,Column 'shopping_mall' deviates from similar normal records.,isolation_forest+feature_contribution,True,2026-07-26T11:39:04.978434
03cd15e0-b047-4b0e-8ebf-038f062ac05f,I526451,payment_method,anomaly,Debit Card,Debit Card,0.0921,high,0.5,Column 'payment_method' deviates from similar normal records.,isolation_forest+feature_contribution,True,2026-07-26T11:39:05.030947
321e8f8f-3434-4359-ac18-6310248a0ca5,I268082,shopping_mall,anomaly,Forum Istanbul,Kanyon,0.0997,high,0.5,Column 'shopping_mall' deviates from similar normal records.,isolation_forest+feature_contribution,True,2026-07-26T11:39:05.499297
d6ce0eac-595a-42a3-ba51-61569f5636ff,I255422,shopping_mall,anomaly,Viaport Outlet,Metrocity,0.0901,high,0.5,Column 'shopping_mall' deviates from similar normal records.,isolation_forest+feature_contribution,True,2026-07-26T11:39:05.894604
549b9246-d20b-4f70-99f8-2bf569fbb356,I484615,category,anomaly,Toys,Cosmetics,0.1263,high,0.5,Column 'category' deviates from similar normal records.,isolation_forest+feature_contribution,True,2026-07-26T11:39:05.954274
3ebf4aee-a9ec-49b2-b88e-9c62429364ab,I213526,category,anomaly,Souvenir,Food & Beverage,0.017,high,0.5,Column 'category' deviates from similar normal records.,isolation_forest+feature_contribution,True,2026-07-26T11:39:06.189300
04f1f755-780d-476a-889f-f1a930d26fff,I213526,shopping_mall,anomaly,Emaar Square Mall,Emaar Square Mall,0.017,high,0.5,Column 'shopping_mall' deviates from similar normal records.,isolation_forest+feature_contribution,True,2026-07-26T11:39:06.189664
f550780b-52db-42f6-8d1d-76b9a3edeb4a,I946881,shopping_mall,anomaly,Metropol AVM,Forum Istanbul,0.0434,high,0.5,Column 'shopping_mall' deviates from similar normal records.,isolation_forest+feature_contribution,True,2026-07-26T11:39:06.365323
24e5b216-f4d5-41a9-909a-fcc82d35e33b,I163837,shopping_mall,anomaly,Viaport Outlet,Kanyon,0.0794,high,0.5,Column 'shopping_mall' deviates from similar normal records.,isolation_forest+feature_contribution,True,2026-07-26T11:39:06.424326
150e5186-ad14-41a5-a666-3bc941f355e3,I246122,shopping_mall,anomaly,Istinye Park,Cevahir AVM,0.0443,high,0.5,Column 'shopping_mall' deviates from similar normal records.,isolation_forest+feature_contribution,True,2026-07-26T11:39:06.944232
d476c75b-ed3d-4064-86ed-03bc9b90bf5f,I262286,shopping_mall,anomaly,Viaport Outlet,Mall of Istanbul,0.0,high,0.5,Column 'shopping_mall' deviates from similar normal records.,isolation_forest+feature_contribution,True,2026-07-26T11:39:06.978854
66ae1c66-6b89-483b-9f50-be9287f6f74f,I187032,category,anomaly,Souvenir,Souvenir,0.1481,high,0.5,Column 'category' deviates from similar normal records.,isolation_forest+feature_contribution,True,2026-07-26T11:39:07.180272
537a1be3-18b3-44d6-9632-2476ae59ac69,I187032,shopping_mall,anomaly,Emaar Square Mall,Emaar Square Mall,0.1481,high,0.5,Column 'shopping_mall' deviates from similar normal records.,isolation_forest+feature_contribution,True,2026-07-26T11:39:07.180272
2dbd9770-d84f-4fee-b238-d64492a9e046,I103988,shopping_mall,anomaly,Viaport Outlet,Kanyon,0.034,high,0.5,Column 'shopping_mall' deviates from similar normal records.,isolation_forest+feature_contribution,True,2026-07-26T11:39:07.249630
9c49a69c-76b7-484f-a899-4bc27725bbe8,I158022,payment_method,anomaly,Debit Card,Credit Card,0.1409,high,0.5,Column 'payment_method' deviates from similar normal records.,isolation_forest+feature_contribution,True,2026-07-26T11:39:07.284357
7af0ac63-d321-4a65-a190-0c0c4f569c46,I217172,shopping_mall,anomaly,Emaar Square Mall,Metrocity,0.0385,high,0.5,Column 'shopping_mall' deviates from similar normal records.,isolation_forest+feature_contribution,True,2026-07-26T11:39:07.319135
916b3fb9-9ac2-45a9-ba62-6b09fc293e9d,I116871,shopping_mall,anomaly,Zorlu Center,Metropol AVM,0.0693,high,0.5,Column 'shopping_mall' deviates from similar normal records.,isolation_forest+feature_contribution,True,2026-07-26T11:39:07.409276
1bf55ff5-4ed3-4817-9666-92471f3989a3,I264610,shopping_mall,anomaly,Cevahir AVM,Istinye Park,0.2181,high,0.5,Column 'shopping_mall' deviates from similar normal records.,isolation_forest+feature_contribution,True,2026-07-26T11:39:07.478707
463214ad-54da-4684-976e-fa278c28dad2,I215646,shopping_mall,anomaly,Zorlu Center,Mall of Istanbul,0.0589,high,0.5,Column 'shopping_mall' deviates from similar normal records.,isolation_forest+feature_contribution,True,2026-07-26T11:39:07.715202
ec77f172-b66c-4c1c-81a5-20c715b26af4,I877180,payment_method,anomaly,Debit Card,Cash,0.1655,high,0.5,Column 'payment_method' deviates from similar normal records.,isolation_forest+feature_contribution,True,2026-07-26T11:39:07.805539
0435c76f-b7c6-401c-ae13-a27d5cfcb9b1,I243067,payment_method,anomaly,Debit Card,Cash,0.0521,high,0.5,Column 'payment_method' deviates from similar normal records.,isolation_forest+feature_contribution,True,2026-07-26T11:39:07.916264
6df9a2c4-406d-4538-a1d8-c1d994d53178,I118884,shopping_mall,anomaly,Emaar Square Mall,Kanyon,0.012,high,0.5,Column 'shopping_mall' deviates from similar normal records.,isolation_forest+feature_contribution,True,2026-07-26T11:39:08.312399
eb6fa4e4-8fad-4b8b-9816-4df60d844247,I199647,shopping_mall,anomaly,Metrocity,Kanyon,0.0391,high,0.5,Column 'shopping_mall' deviates from similar normal records.,isolation_forest+feature_contribution,True,2026-07-26T11:39:08.385324
ebb29c7e-8892-4ea7-8bf6-5eb3bc1d6701,I169579,shopping_mall,anomaly,Cevahir AVM,Cevahir AVM,0.1251,high,0.5,Column 'shopping_mall' deviates from similar normal records.,isolation_forest+feature_contribution,True,2026-07-26T11:39:08.617621
18deac0e-0ded-4828-8b38-badce05a0c92,I222339,shopping_mall,anomaly,Zorlu Center,Metrocity,0.0249,high,0.5,Column 'shopping_mall' deviates from similar normal records.,isolation_forest+feature_contribution,True,2026-07-26T11:39:08.652187
98036618-8e99-41f7-995f-9590939ab70d,I247057,category,anomaly,Souvenir,Food & Beverage,0.0098,high,0.5,Column 'category' deviates from similar normal records.,isolation_forest+feature_contribution,True,2026-07-26T11:39:08.679997
8db37101-3465-4d31-bc4f-9f48d80afeb7,I252052,shopping_mall,anomaly,Emaar Square Mall,Kanyon,0.0019,high,0.5,Column 'shopping_mall' deviates from similar normal records.,isolation_forest+feature_contribution,True,2026-07-26T11:39:08.714213
44a73039-2da3-4481-b993-e3968ec1d613,I140002,payment_method,anomaly,Debit Card,Credit Card,0.0477,high,0.5,Column 'payment_method' deviates from similar normal records.,isolation_forest+feature_contribution,True,2026-07-26T11:39:08.742733
7f969d3c-ecef-4364-a053-151b89619298,I790117,payment_method,anomaly,Debit Card,Credit Card,0.0778,high,0.5,Column 'payment_method' deviates from similar normal records.,isolation_forest+feature_contribution,True,2026-07-26T11:39:08.839924
97319324-d84a-4f79-876c-d253f1f318c6,I790117,shopping_mall,anomaly,Viaport Outlet,Mall of Istanbul,0.0778,high,0.5,Column 'shopping_mall' deviates from similar normal records.,isolation_forest+feature_contribution,True,2026-07-26T11:39:08.839924
81d3192c-79e4-4fae-b07b-21280b60b2c9,I969987,shopping_mall,anomaly,Emaar Square Mall,Istinye Park,0.1121,high,0.5,Column 'shopping_mall' deviates from similar normal records.,isolation_forest+feature_contribution,True,2026-07-26T11:39:08.874647
41191905-879a-4b2b-b13b-1c7c5ddca4c7,I221675,category,anomaly,Books,Books,0.0344,high,0.5,Column 'category' deviates from similar normal records.,isolation_forest+feature_contribution,True,2026-07-26T11:39:08.902983
438babc2-65ac-4a16-a15d-54b08afe5815,I308711,shopping_mall,anomaly,Cevahir AVM,Mall of Istanbul,0.0491,high,0.5,Column 'shopping_mall' deviates from similar normal records.,isolation_forest+feature_contribution,True,2026-07-26T11:39:08.971959
8268c10a-e114-46f1-a8be-c770ef3536bd,I179937,shopping_mall,anomaly,Emaar Square Mall,Forum Istanbul,0.0537,high,0.5,Column 'shopping_mall' deviates from similar normal records.,isolation_forest+feature_contribution,True,2026-07-26T11:39:09.069262
0811e3b3-7cd7-4c74-a81a-b8b50243640f,I140206,category,anomaly,Books,Food & Beverage,0.0979,high,0.5,Column 'category' deviates from similar normal records.,isolation_forest+feature_contribution,True,2026-07-26T11:39:09.168977
57b4754a-c378-4f10-8f3f-34a1b48b692b,I309831,shopping_mall,anomaly,Viaport Outlet,Cevahir AVM,0.0542,high,0.5,Column 'shopping_mall' deviates from similar normal records.,isolation_forest+feature_contribution,True,2026-07-26T11:39:09.235404
f35327f3-edcf-40cd-9ffa-49e35005a831,I233765,shopping_mall,anomaly,Zorlu Center,Mall of Istanbul,0.0651,high,0.5,Column 'shopping_mall' deviates from similar normal records.,isolation_forest+feature_contribution,True,2026-07-26T11:39:09.263561
7e49e081-8a73-40c7-b4ca-735ae01d9e34,I168552,payment_method,anomaly,Debit Card,Credit Card,0.09,high,0.5,Column 'payment_method' deviates from similar normal records.,isolation_forest+feature_contribution,True,2026-07-26T11:39:09.298375
915a98a2-2eae-43d0-9d50-921307da9f25,I258633,shopping_mall,anomaly,Cevahir AVM,Kanyon,0.0805,high,0.5,Column 'shopping_mall' deviates from similar normal records.,isolation_forest+feature_contribution,True,2026-07-26T11:39:09.562604
d9237f55-e628-46f4-a5ec-7c5108f2231c,I312658,category,anomaly,Souvenir,Food & Beverage,0.0026,high,0.5,Column 'category' deviates from similar normal records.,isolation_forest+feature_contribution,True,2026-07-26T11:39:09.597011
258e072f-90bd-482c-a9d8-534506a9f054,I943265,shopping_mall,anomaly,Metrocity,Mall of Istanbul,0.063,high,0.5,Column 'shopping_mall' deviates from similar normal records.,isolation_forest+feature_contribution,True,2026-07-26T11:39:09.694207
1cd33062-d3cb-4699-88db-7a42f435ee93,I138302,shopping_mall,anomaly,Forum Istanbul,Emaar Square Mall,0.1312,high,0.5,Column 'shopping_mall' deviates from similar normal records.,isolation_forest+feature_contribution,True,2026-07-26T11:39:09.759074
f6ee5a95-fa95-414a-8481-6cbf23f8babf,I217526,shopping_mall,anomaly,Viaport Outlet,Metrocity,0.103,high,0.5,Column 'shopping_mall' deviates from similar normal records.,isolation_forest+feature_contribution,True,2026-07-26T11:39:09.819322
2ec61fa6-7062-45fe-8407-61e7240e9b14,I214551,shopping_mall,anomaly,Viaport Outlet,Kanyon,0.1868,high,0.5,Column 'shopping_mall' deviates from similar normal records.,isolation_forest+feature_contribution,True,2026-07-26T11:39:09.985737
7587a48a-705e-47a8-9cca-9e8db874e76b,I297913,shopping_mall,anomaly,Metropol AVM,Istinye Park,0.0064,high,0.5,Column 'shopping_mall' deviates from similar normal records.,isolation_forest+feature_contribution,True,2026-07-26T11:39:10.048381
d101e3f5-6b4c-4a0c-ad08-8d5a1b133595,I227141,shopping_mall,anomaly,Viaport Outlet,Kanyon,0.0257,high,0.5,Column 'shopping_mall' deviates from similar normal records.,isolation_forest+feature_contribution,True,2026-07-26T11:39:10.083035
937f0fcb-4f76-4493-a7c6-6e749013d00d,I333782,payment_method,anomaly,Debit Card,Credit Card,0.0341,high,0.5,Column 'payment_method' deviates from similar normal records.,isolation_forest+feature_contribution,True,2026-07-26T11:39:10.215061
5af7d3de-fcb6-497a-a4c5-20a57c2d5c8c,I249536,payment_method,anomaly,Debit Card,Debit Card,0.1141,high,0.5,Column 'payment_method' deviates from similar normal records.,isolation_forest+feature_contribution,True,2026-07-26T11:39:10.283873
65cc3edf-1a70-44e2-83d0-ca7e66a78dfe,I304184,shopping_mall,anomaly,Viaport Outlet,Cevahir AVM,0.0225,high,0.5,Column 'shopping_mall' deviates from similar normal records.,isolation_forest+feature_contribution,True,2026-07-26T11:39:10.384526
047ab680-b80f-4315-9fb4-b4745c506cb3,I236041,shopping_mall,anomaly,Viaport Outlet,Mall of Istanbul,0.0405,high,0.5,Column 'shopping_mall' deviates from similar normal records.,isolation_forest+feature_contribution,True,2026-07-26T11:39:10.416297
5026fd64-076b-4413-af20-53cdaff7e071,I260384,shopping_mall,anomaly,Zorlu Center,Istinye Park,0.0203,high,0.5,Column 'shopping_mall' deviates from similar normal records.,isolation_forest+feature_contribution,True,2026-07-26T11:39:10.658975
eb7925bc-1dfc-4c1b-b5ed-e281afed74f3,I161241,shopping_mall,anomaly,Zorlu Center,Cevahir AVM,0.0719,high,0.5,Column 'shopping_mall' deviates from similar normal records.,isolation_forest+feature_contribution,True,2026-07-26T11:39:10.783843
82437d7f-b263-4c10-8c30-9da614295976,I244226,shopping_mall,anomaly,Zorlu Center,Cevahir AVM,0.07,high,0.5,Column 'shopping_mall' deviates from similar normal records.,isolation_forest+feature_contribution,True,2026-07-26T11:39:11.036453
3089f8c2-a6e9-4b31-9133-45e28b38c291,I326714,shopping_mall,anomaly,Viaport Outlet,Istinye Park,0.0332,high,0.5,Column 'shopping_mall' deviates from similar normal records.,isolation_forest+feature_contribution,True,2026-07-26T11:39:11.193971
d2581aa1-2b6d-4b13-b662-a3b64ea1714c,I107352,shopping_mall,anomaly,Emaar Square Mall,Mall of Istanbul,0.036,high,0.5,Column 'shopping_mall' deviates from similar normal records.,isolation_forest+feature_contribution,True,2026-07-26T11:39:11.257312
475b6f87-dcc3-4838-902d-151f3a8a8dc6,I260237,shopping_mall,anomaly,Istinye Park,Kanyon,0.1146,high,0.5,Column 'shopping_mall' deviates from similar normal records.,isolation_forest+feature_contribution,True,2026-07-26T11:39:11.354520
04ba18e1-d1aa-48f0-8e34-327c52ff29ec,I988517,payment_method,anomaly,Debit Card,Cash,0.1369,high,0.5,Column 'payment_method' deviates from similar normal records.,isolation_forest+feature_contribution,True,2026-07-26T11:39:11.450514
246f309e-0297-40df-b489-3ae394cd2087,I256677,shopping_mall,anomaly,Kanyon,Kanyon,0.0222,high,0.5,Column 'shopping_mall' deviates from similar normal records.,isolation_forest+feature_contribution,True,2026-07-26T11:39:11.513677
44fe082e-bed7-43d0-be92-ccc332ebabb7,I103540,payment_method,anomaly,Debit Card,Debit Card,0.063,high,0.5,Column 'payment_method' deviates from similar normal records.,isolation_forest+feature_contribution,True,2026-07-26T11:39:11.702488
7e5f4811-f1c0-49c6-b8b2-b8d40812576c,I277175,category,anomaly,Souvenir,Food & Beverage,0.1723,high,0.5,Column 'category' deviates from similar normal records.,isolation_forest+feature_contribution,True,2026-07-26T11:39:11.744302
b3069204-36ae-4a45-80c7-64f4c893b910,I197936,shopping_mall,anomaly,Forum Istanbul,Metrocity,0.0441,high,0.5,Column 'shopping_mall' deviates from similar normal records.,isolation_forest+feature_contribution,True,2026-07-26T11:39:11.880484
20af4cf3-da07-44fd-8cf5-1ac5130a0ff1,I304188,shopping_mall,anomaly,Forum Istanbul,Kanyon,0.0484,high,0.5,Column 'shopping_mall' deviates from similar normal records.,isolation_forest+feature_contribution,True,2026-07-26T11:39:11.909704
84c26199-e6e9-434c-89b1-92beebe26ed7,I163708,category,anomaly,Souvenir,Food & Beverage,0.0318,high,0.5,Column 'category' deviates from similar normal records.,isolation_forest+feature_contribution,True,2026-07-26T11:39:12.435152
2087a24c-c4a8-4aaf-952d-5d63f2fa8319,I294682,shopping_mall,anomaly,Emaar Square Mall,Mall of Istanbul,0.0046,high,0.5,Column 'shopping_mall' deviates from similar normal records.,isolation_forest+feature_contribution,True,2026-07-26T11:39:12.743217
b99d8064-3859-4750-af9f-6a61455cf4e1,I774945,shopping_mall,anomaly,Forum Istanbul,Kanyon,0.024,high,0.5,Column 'shopping_mall' deviates from similar normal records.,isolation_forest+feature_contribution,True,2026-07-26T11:39:12.809247
5043368e-b732-49b8-8855-0966b466dd3d,I190738,category,anomaly,Souvenir,Food & Beverage,0.0353,high,0.5,Column 'category' deviates from similar normal records.,isolation_forest+feature_contribution,True,2026-07-26T11:39:12.873775
f420b6cb-ce8f-421d-a9e3-371c94078d2c,I166149,shopping_mall,anomaly,Zorlu Center,Metrocity,0.0197,high,0.5,Column 'shopping_mall' deviates from similar normal records.,isolation_forest+feature_contribution,True,2026-07-26T11:39:12.904326
3eaa97db-8e79-4212-89a9-52e032ba5330,I280232,shopping_mall,anomaly,Zorlu Center,Metropol AVM,0.0122,high,0.5,Column 'shopping_mall' deviates from similar normal records.,isolation_forest+feature_contribution,True,2026-07-26T11:39:12.933698
3f65ac16-e4a8-4a19-8954-847d1b044da4,I252529,category,anomaly,Books,Books,0.0387,high,0.5,Column 'category' deviates from similar normal records.,isolation_forest+feature_contribution,True,2026-07-26T11:39:13.024719
ea216112-832d-4a42-9231-3b669fb79284,I315647,category,anomaly,Souvenir,Books,0.0194,high,0.5,Column 'category' deviates from similar normal records.,isolation_forest+feature_contribution,True,2026-07-26T11:39:13.166334
2c473575-ead7-4f17-8a29-545b0e349b9a,I315647,shopping_mall,anomaly,Zorlu Center,Metrocity,0.0194,high,0.5,Column 'shopping_mall' deviates from similar normal records.,isolation_forest+feature_contribution,True,2026-07-26T11:39:13.166334
20dab434-f510-4dab-97c0-f33d2bedc22d,I331420,shopping_mall,anomaly,Viaport Outlet,Viaport Outlet,0.0191,high,0.5,Column 'shopping_mall' deviates from similar normal records.,isolation_forest+feature_contribution,True,2026-07-26T11:39:13.714912
906a6f38-7685-4583-96ca-b53b3f8887da,I608188,gender,anomaly,Male,Female,0.0516,high,0.5,Column 'gender' deviates from similar normal records.,isolation_forest+feature_contribution,True,2026-07-26T11:39:13.745919
e3cd6cc6-290a-488c-9e8d-5a08fd9f38d6,I289736,shopping_mall,anomaly,Viaport Outlet,Kanyon,0.066,high,0.5,Column 'shopping_mall' deviates from similar normal records.,isolation_forest+feature_contribution,True,2026-07-26T11:39:13.813918
8b1bf260-7c82-4c69-abf3-7507935b9bd1,I298983,payment_method,anomaly,Debit Card,Debit Card,0.0632,high,0.5,Column 'payment_method' deviates from similar normal records.,isolation_forest+feature_contribution,True,2026-07-26T11:39:13.842698
280023dc-0475-44ac-aa45-539d793d9e96,I298983,shopping_mall,anomaly,Zorlu Center,Metrocity,0.0632,high,0.5,Column 'shopping_mall' deviates from similar normal records.,isolation_forest+feature_contribution,True,2026-07-26T11:39:13.842698
000d0c24-d569-431c-8402-977044bfbedb,I708668,shopping_mall,anomaly,Zorlu Center,Forum Istanbul,0.0956,high,0.5,Column 'shopping_mall' deviates from similar normal records.,isolation_forest+feature_contribution,True,2026-07-26T11:39:13.912435
e73cabc3-0edf-417e-920f-3a38dcbe4918,I180246,shopping_mall,anomaly,Metropol AVM,Metropol AVM,0.0523,high,0.5,Column 'shopping_mall' deviates from similar normal records.,isolation_forest+feature_contribution,True,2026-07-26T11:39:14.047814
0613fbeb-0714-4b17-9f0d-549e6750bf92,I877403,shopping_mall,anomaly,Emaar Square Mall,Istinye Park,0.0531,high,0.5,Column 'shopping_mall' deviates from similar normal records.,isolation_forest+feature_contribution,True,2026-07-26T11:39:14.171004
6e87093a-a5fc-4cf7-9a23-191561f136f7,I170484,shopping_mall,anomaly,Forum Istanbul,Kanyon,0.002,high,0.5,Column 'shopping_mall' deviates from similar normal records.,isolation_forest+feature_contribution,True,2026-07-26T11:39:14.422418
aa6f40c5-9a1d-4321-bdbb-a7a875c9cacc,I265084,shopping_mall,anomaly,Istinye Park,Kanyon,0.0609,high,0.5,Column 'shopping_mall' deviates from similar normal records.,isolation_forest+feature_contribution,True,2026-07-26T11:39:14.674539
c02f2810-3878-4def-b239-f24d4058ac29,I863394,shopping_mall,anomaly,Metropol AVM,Metropol AVM,0.0253,high,0.5,Column 'shopping_mall' deviates from similar normal records.,isolation_forest+feature_contribution,True,2026-07-26T11:39:14.693226
77fff04c-1d6b-438b-8ffe-f5162537471d,I158477,shopping_mall,anomaly,Forum Istanbul,Forum Istanbul,0.0519,high,0.5,Column 'shopping_mall' deviates from similar normal records.,isolation_forest+feature_contribution,True,2026-07-26T11:39:14.869886
799d1d7d-9522-4771-bc1c-cfbd4b6d9bfc,I993130,shopping_mall,anomaly,Viaport Outlet,Cevahir AVM,0.1316,high,0.5,Column 'shopping_mall' deviates from similar normal records.,isolation_forest+feature_contribution,True,2026-07-26T11:39:14.958039
b9387b0a-d1d1-417c-9d8a-9f3c178a6a3d,I305724,shopping_mall,anomaly,Zorlu Center,Kanyon,0.1163,high,0.5,Column 'shopping_mall' deviates from similar normal records.,isolation_forest+feature_contribution,True,2026-07-26T11:39:14.992355
62f3a4d0-3770-4423-af47-9e8298285809,I213103,shopping_mall,anomaly,Cevahir AVM,Cevahir AVM,0.0621,high,0.5,Column 'shopping_mall' deviates from similar normal records.,isolation_forest+feature_contribution,True,2026-07-26T11:39:15.180386
2110059b-64c8-48d4-a115-c863555fd5f1,I212142,shopping_mall,anomaly,Emaar Square Mall,Kanyon,0.0984,high,0.5,Column 'shopping_mall' deviates from similar normal records.,isolation_forest+feature_contribution,True,2026-07-26T11:39:15.276871
8e90e66f-d5c0-4eb3-8c92-86b0b5884150,I614328,category,anomaly,Souvenir,Food & Beverage,0.1497,high,0.5,Column 'category' deviates from similar normal records.,isolation_forest+feature_contribution,True,2026-07-26T11:39:15.439894
da272c9f-f3ae-49bb-85cb-1416fc9cbf0d,I139221,payment_method,anomaly,Debit Card,Credit Card,0.042,high,0.5,Column 'payment_method' deviates from similar normal records.,isolation_forest+feature_contribution,True,2026-07-26T11:39:15.655984
0d468725-43f0-454c-af06-d8f4b1471861,I149083,shopping_mall,anomaly,Metrocity,Emaar Square Mall,0.055,high,0.5,Column 'shopping_mall' deviates from similar normal records.,isolation_forest+feature_contribution,True,2026-07-26T11:39:15.925565
ea2fdcf3-903b-44b4-8809-7a558077571e,I209633,gender,anomaly,Male,Male,0.1201,high,0.5,Column 'gender' deviates from similar normal records.,isolation_forest+feature_contribution,True,2026-07-26T11:39:15.986740
40bd3707-87d5-42e8-a17c-abd794bfe482,I332408,shopping_mall,anomaly,Zorlu Center,Kanyon,0.0606,high,0.5,Column 'shopping_mall' deviates from similar normal records.,isolation_forest+feature_contribution,True,2026-07-26T11:39:16.018865
d4fcdeff-0670-4baf-a3e9-2fad6ba488f4,I304834,payment_method,anomaly,Debit Card,Credit Card,0.0152,high,0.5,Column 'payment_method' deviates from similar normal records.,isolation_forest+feature_contribution,True,2026-07-26T11:39:16.340599
06aa2529-f3bb-4c67-bfb7-9d4dec9278af,I173213,shopping_mall,anomaly,Forum Istanbul,Metropol AVM,0.1013,high,0.5,Column 'shopping_mall' deviates from similar normal records.,isolation_forest+feature_contribution,True,2026-07-26T11:39:16.541760
43aa8220-f0b0-431e-915f-19651d1e74d4,I228502,shopping_mall,anomaly,Viaport Outlet,Mall of Istanbul,0.0143,high,0.5,Column 'shopping_mall' deviates from similar normal records.,isolation_forest+feature_contribution,True,2026-07-26T11:39:16.694327
2c0803b6-d3fa-4734-873a-b0a72635cda7,I221841,shopping_mall,anomaly,Zorlu Center,Mall of Istanbul,0.0787,high,0.5,Column 'shopping_mall' deviates from similar normal records.,isolation_forest+feature_contribution,True,2026-07-26T11:39:16.767396
fd651304-2219-4616-a3b5-db0e2b99c310,I319491,shopping_mall,anomaly,Forum Istanbul,Viaport Outlet,0.043,high,0.5,Column 'shopping_mall' deviates from similar normal records.,isolation_forest+feature_contribution,True,2026-07-26T11:39:16.801705
bd97a64e-1f3b-454f-bcd4-23ab235b12a1,I202315,shopping_mall,anomaly,Forum Istanbul,Emaar Square Mall,0.0955,high,0.5,Column 'shopping_mall' deviates from similar normal records.,isolation_forest+feature_contribution,True,2026-07-26T11:39:16.954237
803925d5-4c31-47c8-83d7-cd5ae3e73408,I235623,shopping_mall,anomaly,Zorlu Center,Mall of Istanbul,0.0275,high,0.5,Column 'shopping_mall' deviates from similar normal records.,isolation_forest+feature_contribution,True,2026-07-26T11:39:17.017286
a48ad205-c7c2-45ca-ac69-5f587c452c71,I235623,age_group,anomaly,46_55,56_plus,0.0275,high,0.5,Column 'age_group' deviates from similar normal records.,isolation_forest+feature_contribution,True,2026-07-26T11:39:17.019738
d1a0f5ab-dde7-49f8-a4b5-2f9da9cf41ec,I535064,shopping_mall,anomaly,Metropol AVM,Mall of Istanbul,0.0817,high,0.5,Column 'shopping_mall' deviates from similar normal records.,isolation_forest+feature_contribution,True,2026-07-26T11:39:17.053634
1b75bc87-37c1-499c-aa39-6e6fa1f3375a,I332426,shopping_mall,anomaly,Viaport Outlet,Istinye Park,0.0613,high,0.5,Column 'shopping_mall' deviates from similar normal records.,isolation_forest+feature_contribution,True,2026-07-26T11:39:17.146231
0f0d0bdc-a8a5-4d87-88d2-92111878c9ec,I667649,shopping_mall,anomaly,Metropol AVM,Metrocity,0.0431,high,0.5,Column 'shopping_mall' deviates from similar normal records.,isolation_forest+feature_contribution,True,2026-07-26T11:39:17.178356
d3e4007e-4916-46cf-b967-5f69634d70ba,I963356,shopping_mall,anomaly,Metropol AVM,Mall of Istanbul,0.0178,high,0.5,Column 'shopping_mall' deviates from similar normal records.,isolation_forest+feature_contribution,True,2026-07-26T11:39:17.210207
c960b60c-b9b4-448b-9f6b-c60e95eca21e,I231322,shopping_mall,anomaly,Metrocity,Istinye Park,0.1161,high,0.5,Column 'shopping_mall' deviates from similar normal records.,isolation_forest+feature_contribution,True,2026-07-26T11:39:17.244085
5478625c-a8d9-4c08-804d-f55fef2a8580,I414598,shopping_mall,anomaly,Zorlu Center,Mall of Istanbul,0.0276,high,0.5,Column 'shopping_mall' deviates from similar normal records.,isolation_forest+feature_contribution,True,2026-07-26T11:39:17.665387
4fc164be-eef4-43fd-8c1e-26de997f3c86,I170316,shopping_mall,anomaly,Metrocity,Mall of Istanbul,0.045,high,0.5,Column 'shopping_mall' deviates from similar normal records.,isolation_forest+feature_contribution,True,2026-07-26T11:39:17.789791
2d264551-cf04-4740-8571-d620725cbae6,I796103,payment_method,anomaly,Credit Card,Cash,0.0491,high,0.5,Column 'payment_method' deviates from similar normal records.,isolation_forest+feature_contribution,True,2026-07-26T11:39:18.113553
485e186a-bdd4-4701-81b7-c8f8e39edbaa,I143932,shopping_mall,anomaly,Metrocity,Metrocity,0.0376,high,0.5,Column 'shopping_mall' deviates from similar normal records.,isolation_forest+feature_contribution,True,2026-07-26T11:39:18.240459
bca1ab0d-4137-4e0b-ba16-6f9c8bfc512d,I160434,shopping_mall,anomaly,Cevahir AVM,Cevahir AVM,0.1972,high,0.5,Column 'shopping_mall' deviates from similar normal records.,isolation_forest+feature_contribution,True,2026-07-26T11:39:18.304725
209b6078-0a40-40ea-9ca5-3d99f928af47,I159120,payment_method,anomaly,Debit Card,Debit Card,0.1356,high,0.5,Column 'payment_method' deviates from similar normal records.,isolation_forest+feature_contribution,True,2026-07-26T11:39:18.379916
8520c619-c7d0-465b-8099-dddfcdd69cfc,I138927,shopping_mall,anomaly,Forum Istanbul,Mall of Istanbul,0.0337,high,0.5,Column 'shopping_mall' deviates from similar normal records.,isolation_forest+feature_contribution,True,2026-07-26T11:39:18.416546
be3290ed-2a06-4f5e-b890-b773dc7c766d,I262247,shopping_mall,anomaly,Emaar Square Mall,Kanyon,0.0578,high,0.5,Column 'shopping_mall' deviates from similar normal records.,isolation_forest+feature_contribution,True,2026-07-26T11:39:18.448254
665aaf6c-ad95-46e6-8a17-dcb05b7b2a53,I324083,payment_method,anomaly,Credit Card,Cash,0.0072,high,0.5,Column 'payment_method' deviates from similar normal records.,isolation_forest+feature_contribution,True,2026-07-26T11:39:18.480115
644bcc24-4db4-4df3-8000-c8e92b48b52f,I195945,shopping_mall,anomaly,Forum Istanbul,Kanyon,0.0702,high,0.5,Column 'shopping_mall' deviates from similar normal records.,isolation_forest+feature_contribution,True,2026-07-26T11:39:18.544509
a54f47d5-8dee-4aed-b268-e0f4a13d2467,I297513,shopping_mall,anomaly,Emaar Square Mall,Emaar Square Mall,0.007,high,0.5,Column 'shopping_mall' deviates from similar normal records.,isolation_forest+feature_contribution,True,2026-07-26T11:39:18.580931
8a15faf9-d86f-4c81-b53d-392c3f020ded,I153237,payment_method,anomaly,Debit Card,Credit Card,0.1794,high,0.5,Column 'payment_method' deviates from similar normal records.,isolation_forest+feature_contribution,True,2026-07-26T11:39:18.599135
c211e56f-d4e6-496d-be65-e39e9133497f,I216051,shopping_mall,anomaly,Metropol AVM,Kanyon,0.038,high,0.5,Column 'shopping_mall' deviates from similar normal records.,isolation_forest+feature_contribution,True,2026-07-26T11:39:18.678538
a52878e8-48a0-47c9-b86e-f74e2229deb0,I214283,shopping_mall,anomaly,Viaport Outlet,Forum Istanbul,0.0653,high,0.5,Column 'shopping_mall' deviates from similar normal records.,isolation_forest+feature_contribution,True,2026-07-26T11:39:18.712842
cf4eb66a-5fb0-415f-8f7c-9fab5e71343e,I148179,shopping_mall,anomaly,Zorlu Center,Metrocity,0.0326,high,0.5,Column 'shopping_mall' deviates from similar normal records.,isolation_forest+feature_contribution,True,2026-07-26T11:39:18.908180
a20470b1-ccab-42e1-a3a6-11af350acac1,I612784,shopping_mall,anomaly,Zorlu Center,Cevahir AVM,0.0178,high,0.5,Column 'shopping_mall' deviates from similar normal records.,isolation_forest+feature_contribution,True,2026-07-26T11:39:19.097245
b669d350-5dfd-4afa-945a-d81b439515d6,I737333,shopping_mall,anomaly,Zorlu Center,Metrocity,0.0973,high,0.5,Column 'shopping_mall' deviates from similar normal records.,isolation_forest+feature_contribution,True,2026-07-26T11:39:19.222003
7758e68f-3a67-4cec-8e67-4de9dabf624f,I291308,shopping_mall,anomaly,Metropol AVM,Mall of Istanbul,0.0565,high,0.5,Column 'shopping_mall' deviates from similar normal records.,isolation_forest+feature_contribution,True,2026-07-26T11:39:19.388537
ec55501a-d377-4195-9a4f-2d7da5a62882,I833719,shopping_mall,anomaly,Zorlu Center,Kanyon,0.0142,high,0.5,Column 'shopping_mall' deviates from similar normal records.,isolation_forest+feature_contribution,True,2026-07-26T11:39:19.487144
76b1ca0d-922e-401c-b823-ec7dc0e36cf3,I303484,shopping_mall,anomaly,Metropol AVM,Metrocity,0.0388,high,0.5,Column 'shopping_mall' deviates from similar normal records.,isolation_forest+feature_contribution,True,2026-07-26T11:39:19.552588
2cab4c25-8e13-410a-a0b3-ade8382d6aea,I139814,category,anomaly,Souvenir,Cosmetics,0.0541,high,0.5,Column 'category' deviates from similar normal records.,isolation_forest+feature_contribution,True,2026-07-26T11:39:19.583848
06ed8d6b-f1c0-4f24-baa0-5e438b552d38,I324326,category,anomaly,Toys,Cosmetics,0.0163,high,0.5,Column 'category' deviates from similar normal records.,isolation_forest+feature_contribution,True,2026-07-26T11:39:19.636586
55320674-f8e7-41c6-9849-c9a3a7a27253,I293584,shopping_mall,anomaly,Forum Istanbul,Kanyon,0.0217,high,0.5,Column 'shopping_mall' deviates from similar normal records.,isolation_forest+feature_contribution,True,2026-07-26T11:39:19.829842
36027afe-6786-4284-bed2-c89f9ffc90b5,I800173,shopping_mall,anomaly,Cevahir AVM,Cevahir AVM,0.116,high,0.5,Column 'shopping_mall' deviates from similar normal records.,isolation_forest+feature_contribution,True,2026-07-26T11:39:19.861845
1de86413-0962-4102-9577-32451265475b,I157282,shopping_mall,anomaly,Viaport Outlet,Emaar Square Mall,0.0369,high,0.5,Column 'shopping_mall' deviates from similar normal records.,isolation_forest+feature_contribution,True,2026-07-26T11:39:19.941262
33ac52a7-2fa0-46d5-97c6-daee81b1c11a,I253984,shopping_mall,anomaly,Viaport Outlet,Cevahir AVM,0.0207,high,0.5,Column 'shopping_mall' deviates from similar normal records.,isolation_forest+feature_contribution,True,2026-07-26T11:39:20.005128
568a09fa-5d8c-4c81-a3ba-35ced83887fa,I160292,shopping_mall,anomaly,Viaport Outlet,Mall of Istanbul,0.0287,high,0.5,Column 'shopping_mall' deviates from similar normal records.,isolation_forest+feature_contribution,True,2026-07-26T11:39:20.165242
ec76d782-2d00-41ef-9f4b-29dfe7321d7a,I225440,shopping_mall,anomaly,Zorlu Center,Kanyon,0.0454,high,0.5,Column 'shopping_mall' deviates from similar normal records.,isolation_forest+feature_contribution,True,2026-07-26T11:39:20.265947
14598a8f-068c-47c1-b515-d2bb0cf2381a,I310172,shopping_mall,anomaly,Viaport Outlet,Cevahir AVM,0.0922,high,0.5,Column 'shopping_mall' deviates from similar normal records.,isolation_forest+feature_contribution,True,2026-07-26T11:39:20.389885
844eac17-f405-4b96-88cc-9887bd915002,I233819,shopping_mall,anomaly,Forum Istanbul,Mall of Istanbul,0.0617,high,0.5,Column 'shopping_mall' deviates from similar normal records.,isolation_forest+feature_contribution,True,2026-07-26T11:39:20.459567
fdcb4e8f-a30c-43a4-9e7d-7204047d6fd3,I609535,payment_method,anomaly,Debit Card,Cash,0.0343,high,0.5,Column 'payment_method' deviates from similar normal records.,isolation_forest+feature_contribution,True,2026-07-26T11:39:20.506926
b1841a23-f39f-4984-9fe9-927726cf5d9a,I128940,shopping_mall,anomaly,Zorlu Center,Cevahir AVM,0.0183,high,0.5,Column 'shopping_mall' deviates from similar normal records.,isolation_forest+feature_contribution,True,2026-07-26T11:39:20.572417
7372345e-b2ec-4bf2-8c1d-dbc4900dbfa6,I106401,shopping_mall,anomaly,Cevahir AVM,Metrocity,0.1226,high,0.5,Column 'shopping_mall' deviates from similar normal records.,isolation_forest+feature_contribution,True,2026-07-26T11:39:20.637841
40728a63-6afb-4b05-b513-5c92073e763e,I265029,shopping_mall,anomaly,Cevahir AVM,Istinye Park,0.1267,high,0.5,Column 'shopping_mall' deviates from similar normal records.,isolation_forest+feature_contribution,True,2026-07-26T11:39:20.765171
f87b1d3d-6c64-4185-9ec3-c7fe8732753c,I742696,gender,anomaly,Male,Male,0.0246,high,0.5,Column 'gender' deviates from similar normal records.,isolation_forest+feature_contribution,True,2026-07-26T11:39:20.829075
654f2bbf-b0cc-4b02-af50-f7389de29066,I742696,shopping_mall,anomaly,Emaar Square Mall,Emaar Square Mall,0.0246,high,0.5,Column 'shopping_mall' deviates from similar normal records.,isolation_forest+feature_contribution,True,2026-07-26T11:39:20.829075
42c319f8-bde7-45ac-8e5d-13273c0c6357,I286019,gender,anomaly,Male,Female,0.02,high,0.5,Column 'gender' deviates from similar normal records.,isolation_forest+feature_contribution,True,2026-07-26T11:39:20.924820
eef9c4d6-7324-460c-811e-f284a62ab1fa,I364134,shopping_mall,anomaly,Forum Istanbul,Mall of Istanbul,0.1497,high,0.5,Column 'shopping_mall' deviates from similar normal records.,isolation_forest+feature_contribution,True,2026-07-26T11:39:21.188092
3d88a717-f4f0-4d62-a8a2-56c7a57abef8,I415096,shopping_mall,anomaly,Viaport Outlet,Cevahir AVM,0.0176,high,0.5,Column 'shopping_mall' deviates from similar normal records.,isolation_forest+feature_contribution,True,2026-07-26T11:39:21.297467
bd4923c3-0e72-4507-bf12-89020bc19d54,I173267,shopping_mall,anomaly,Viaport Outlet,Mall of Istanbul,0.1325,high,0.5,Column 'shopping_mall' deviates from similar normal records.,isolation_forest+feature_contribution,True,2026-07-26T11:39:21.588974
2217970a-f565-460c-83d2-e13b7e9eac5a,I200554,shopping_mall,anomaly,Viaport Outlet,Metropol AVM,0.0458,high,0.5,Column 'shopping_mall' deviates from similar normal records.,isolation_forest+feature_contribution,True,2026-07-26T11:39:21.772513
8b5f9b19-6d1f-43a5-a58a-f5adcd0d7a44,I839253,payment_method,anomaly,Debit Card,Cash,0.1008,high,0.5,Column 'payment_method' deviates from similar normal records.,isolation_forest+feature_contribution,True,2026-07-26T11:39:21.808392
84ce2dcb-1f63-43c6-ac74-fb1221c4e2fa,I241792,shopping_mall,anomaly,Istinye Park,Kanyon,0.0537,high,0.5,Column 'shopping_mall' deviates from similar normal records.,isolation_forest+feature_contribution,True,2026-07-26T11:39:21.875688
927ab0c5-2c6d-4607-bf40-31da9104ea16,I185363,shopping_mall,anomaly,Viaport Outlet,Emaar Square Mall,0.2,high,0.5,Column 'shopping_mall' deviates from similar normal records.,isolation_forest+feature_contribution,True,2026-07-26T11:39:21.911056
ff25e1a8-99da-4498-9c4a-7c6ffacf550d,I145060,shopping_mall,anomaly,Istinye Park,Kanyon,0.0082,high,0.5,Column 'shopping_mall' deviates from similar normal records.,isolation_forest+feature_contribution,True,2026-07-26T11:39:22.222260
ee121485-176a-4881-b536-88f155a63538,I243563,gender,anomaly,Male,Male,0.0995,high,0.5,Column 'gender' deviates from similar normal records.,isolation_forest+feature_contribution,True,2026-07-26T11:39:22.687089
31f4b407-5524-4fe0-a559-cdf8ffef3855,I243563,shopping_mall,anomaly,Mall of Istanbul,Kanyon,0.0995,high,0.5,Column 'shopping_mall' deviates from similar normal records.,isolation_forest+feature_contribution,True,2026-07-26T11:39:22.687089
05c2727e-5368-405e-817e-68fb0f0b3aab,I300476,shopping_mall,anomaly,Zorlu Center,Istinye Park,0.0263,high,0.5,Column 'shopping_mall' deviates from similar normal records.,isolation_forest+feature_contribution,True,2026-07-26T11:39:22.980512
456046bf-9a6a-4b07-b7e9-dea36a6a479a,I212036,payment_method,anomaly,Credit Card,Cash,0.0475,high,0.5,Column 'payment_method' deviates from similar normal records.,isolation_forest+feature_contribution,True,2026-07-26T11:39:23.000558
b2d8b603-a118-43c5-b8d9-f4716af5fa35,I262742,category,anomaly,Books,Food & Beverage,0.0315,high,0.5,Column 'category' deviates from similar normal records.,isolation_forest+feature_contribution,True,2026-07-26T11:39:23.109969
f23bfc82-4017-4ecc-910a-695b8b7e03a2,I210196,shopping_mall,anomaly,Zorlu Center,Mall of Istanbul,0.0279,high,0.5,Column 'shopping_mall' deviates from similar normal records.,isolation_forest+feature_contribution,True,2026-07-26T11:39:23.174213
748ba8c8-3760-44a0-8200-a55769d67fcf,I373607,shopping_mall,anomaly,Forum Istanbul,Kanyon,0.0617,high,0.5,Column 'shopping_mall' deviates from similar normal records.,isolation_forest+feature_contribution,True,2026-07-26T11:39:23.257797
ab3fdd5f-0280-47c4-b610-3882e37a4986,I569279,shopping_mall,anomaly,Metropol AVM,Viaport Outlet,0.0439,high,0.5,Column 'shopping_mall' deviates from similar normal records.,isolation_forest+feature_contribution,True,2026-07-26T11:39:23.305779
360a7d74-39c8-4a80-ac56-fcb24b07e987,I208718,shopping_mall,anomaly,Viaport Outlet,Mall of Istanbul,0.0434,high,0.5,Column 'shopping_mall' deviates from similar normal records.,isolation_forest+feature_contribution,True,2026-07-26T11:39:23.361327
a2662441-e569-4794-bce4-571139827c84,I109517,shopping_mall,anomaly,Forum Istanbul,Metropol AVM,0.1045,high,0.5,Column 'shopping_mall' deviates from similar normal records.,isolation_forest+feature_contribution,True,2026-07-26T11:39:23.493814
abede700-73e2-4840-8ea1-78cdae56ffa9,I787882,shopping_mall,anomaly,Viaport Outlet,Viaport Outlet,0.0802,high,0.5,Column 'shopping_mall' deviates from similar normal records.,isolation_forest+feature_contribution,True,2026-07-26T11:39:23.519407
6941d2bf-44b2-4440-b397-6432deaea738,I128564,shopping_mall,anomaly,Zorlu Center,Kanyon,0.1004,high,0.5,Column 'shopping_mall' deviates from similar normal records.,isolation_forest+feature_contribution,True,2026-07-26T11:39:23.631056
b22305f4-ccd2-43b9-9295-4c0320205862,I172811,shopping_mall,anomaly,Istinye Park,Mall of Istanbul,0.0475,high,0.5,Column 'shopping_mall' deviates from similar normal records.,isolation_forest+feature_contribution,True,2026-07-26T11:39:23.821507
159618be-7690-40d4-9247-632bb93661a5,I172594,shopping_mall,anomaly,Zorlu Center,Kanyon,0.168,high,0.5,Column 'shopping_mall' deviates from similar normal records.,isolation_forest+feature_contribution,True,2026-07-26T11:39:23.911534
7629399b-9a02-4083-a833-773bc7ecc3ba,I164487,shopping_mall,anomaly,Emaar Square Mall,Emaar Square Mall,0.0721,high,0.5,Column 'shopping_mall' deviates from similar normal records.,isolation_forest+feature_contribution,True,2026-07-26T11:39:23.952635
66b1e1be-3cfa-480c-ab87-f66060443509,I315993,shopping_mall,anomaly,Viaport Outlet,Kanyon,0.0959,high,0.5,Column 'shopping_mall' deviates from similar normal records.,isolation_forest+feature_contribution,True,2026-07-26T11:39:23.971341
f62e5ee4-c43d-47ca-a4c9-f13ef5c73d72,I137619,shopping_mall,anomaly,Viaport Outlet,Cevahir AVM,0.0716,high,0.5,Column 'shopping_mall' deviates from similar normal records.,isolation_forest+feature_contribution,True,2026-07-26T11:39:24.209164
fd1fa552-5945-4dfa-a14d-d2b337d63ee4,I788857,payment_method,anomaly,Credit Card,Cash,0.074,high,0.5,Column 'payment_method' deviates from similar normal records.,isolation_forest+feature_contribution,True,2026-07-26T11:39:24.341086
11ec168d-6eec-49bc-a016-ce0461c428e0,I788857,shopping_mall,anomaly,Viaport Outlet,Cevahir AVM,0.074,high,0.5,Column 'shopping_mall' deviates from similar normal records.,isolation_forest+feature_contribution,True,2026-07-26T11:39:24.341086
d0ad74d7-7585-4138-a865-0ae230ccbd37,I153700,shopping_mall,anomaly,Zorlu Center,Istinye Park,0.1842,high,0.5,Column 'shopping_mall' deviates from similar normal records.,isolation_forest+feature_contribution,True,2026-07-26T11:39:24.405735
c701d512-9fbf-4632-ab49-30d672b2d7c8,I288487,shopping_mall,anomaly,Forum Istanbul,Istinye Park,0.0414,high,0.5,Column 'shopping_mall' deviates from similar normal records.,isolation_forest+feature_contribution,True,2026-07-26T11:39:24.625330
4d11517c-8889-41cb-8114-9cca4ed17acf,I516664,shopping_mall,anomaly,Zorlu Center,Kanyon,0.0343,high,0.5,Column 'shopping_mall' deviates from similar normal records.,isolation_forest+feature_contribution,True,2026-07-26T11:39:24.726301
9c6ac72e-571d-4a7d-8285-59ea96a9195b,I503879,shopping_mall,anomaly,Forum Istanbul,Metrocity,0.0075,high,0.5,Column 'shopping_mall' deviates from similar normal records.,isolation_forest+feature_contribution,True,2026-07-26T11:39:24.819894
3e557a5d-6e6a-4cb7-abd3-7e16aeb1d256,I111010,shopping_mall,anomaly,Viaport Outlet,Forum Istanbul,0.0405,high,0.5,Column 'shopping_mall' deviates from similar normal records.,isolation_forest+feature_contribution,True,2026-07-26T11:39:25.141392
bec963e0-ee51-4325-9167-5483c3f5f36f,I290473,shopping_mall,anomaly,Emaar Square Mall,Cevahir AVM,0.0881,high,0.5,Column 'shopping_mall' deviates from similar normal records.,isolation_forest+feature_contribution,True,2026-07-26T11:39:25.159426
ac0fdeec-e84c-4ba9-b4ed-d7e5b2a80c26,I695389,payment_method,anomaly,Debit Card,Credit Card,0.0684,high,0.5,Column 'payment_method' deviates from similar normal records.,isolation_forest+feature_contribution,True,2026-07-26T11:39:25.499491
f120f0d9-6c22-444d-a3c8-c28bda71b29b,I435010,shopping_mall,anomaly,Zorlu Center,Emaar Square Mall,0.0056,high,0.5,Column 'shopping_mall' deviates from similar normal records.,isolation_forest+feature_contribution,True,2026-07-26T11:39:25.566986
e3074dea-4b66-4469-a226-07045182102d,I929717,payment_method,anomaly,Debit Card,Credit Card,0.132,high,0.5,Column 'payment_method' deviates from similar normal records.,isolation_forest+feature_contribution,True,2026-07-26T11:39:25.630785
9620e944-2343-4bc9-aae3-aa8036452e0c,I102008,shopping_mall,anomaly,Forum Istanbul,Mall of Istanbul,0.0472,high,0.5,Column 'shopping_mall' deviates from similar normal records.,isolation_forest+feature_contribution,True,2026-07-26T11:39:25.716009
a910dde6-ebde-4bb4-96f3-4937f2231cf1,I633363,shopping_mall,anomaly,Viaport Outlet,Kanyon,0.0154,high,0.5,Column 'shopping_mall' deviates from similar normal records.,isolation_forest+feature_contribution,True,2026-07-26T11:39:25.883864
fc31ef61-6a34-4049-8367-9755b368b038,I137745,payment_method,anomaly,Debit Card,Cash,0.1024,high,0.5,Column 'payment_method' deviates from similar normal records.,isolation_forest+feature_contribution,True,2026-07-26T11:39:25.910534
79fca8b7-e377-4cc1-9f64-80174b68f299,I845612,shopping_mall,anomaly,Metropol AVM,Istinye Park,0.0093,high,0.5,Column 'shopping_mall' deviates from similar normal records.,isolation_forest+feature_contribution,True,2026-07-26T11:39:25.972846
06eefb55-eedd-491c-aae5-0af8d8cd039b,I503383,shopping_mall,anomaly,Metropol AVM,Istinye Park,0.0554,high,0.5,Column 'shopping_mall' deviates from similar normal records.,isolation_forest+feature_contribution,True,2026-07-26T11:39:26.126224
a5dde4ea-e3a5-49b8-b23d-269cd2bbdb73,I231684,shopping_mall,anomaly,Metropol AVM,Metrocity,0.0322,high,0.5,Column 'shopping_mall' deviates from similar normal records.,isolation_forest+feature_contribution,True,2026-07-26T11:39:26.354921
fa6b635c-e5d4-424b-94d7-0384965658e8,I198960,shopping_mall,anomaly,Viaport Outlet,Kanyon,0.1324,high,0.5,Column 'shopping_mall' deviates from similar normal records.,isolation_forest+feature_contribution,True,2026-07-26T11:39:26.986507
86eb5aed-8ed1-4dd4-807b-2b0685e9f923,I329713,shopping_mall,anomaly,Viaport Outlet,Mall of Istanbul,0.0224,high,0.5,Column 'shopping_mall' deviates from similar normal records.,isolation_forest+feature_contribution,True,2026-07-26T11:39:27.056239
4ebad1ca-049e-4ee9-9755-b22e2a2c230f,I194751,shopping_mall,anomaly,Cevahir AVM,Mall of Istanbul,0.0229,high,0.5,Column 'shopping_mall' deviates from similar normal records.,isolation_forest+feature_contribution,True,2026-07-26T11:39:27.110539
1e9f2781-81f7-4cb4-bec0-f2bec0e8d48b,I384747,shopping_mall,anomaly,Viaport Outlet,Forum Istanbul,0.0295,high,0.5,Column 'shopping_mall' deviates from similar normal records.,isolation_forest+feature_contribution,True,2026-07-26T11:39:27.292024
78f9cd1e-4245-4bba-84ec-3aa319eae5ef,I169069,payment_method,anomaly,Credit Card,Cash,0.084,high,0.5,Column 'payment_method' deviates from similar normal records.,isolation_forest+feature_contribution,True,2026-07-26T11:39:27.324445
2d7b7c78-e0c7-452f-9bf2-97272b779852,I288053,payment_method,anomaly,Debit Card,Debit Card,0.0337,high,0.5,Column 'payment_method' deviates from similar normal records.,isolation_forest+feature_contribution,True,2026-07-26T11:39:27.346589
40d8603c-b55e-42f0-9f70-e097671887ef,I876385,shopping_mall,anomaly,Forum Istanbul,Metrocity,0.1962,high,0.5,Column 'shopping_mall' deviates from similar normal records.,isolation_forest+feature_contribution,True,2026-07-26T11:39:27.494738
d8aefe51-4190-4c6a-ac7f-d3c8f039bd5c,I303555,shopping_mall,anomaly,Cevahir AVM,Mall of Istanbul,0.0062,high,0.5,Column 'shopping_mall' deviates from similar normal records.,isolation_forest+feature_contribution,True,2026-07-26T11:39:27.546257
ac493c2f-ff7a-4636-9d68-886cb5730bb5,I280787,shopping_mall,anomaly,Metropol AVM,Kanyon,0.1761,high,0.5,Column 'shopping_mall' deviates from similar normal records.,isolation_forest+feature_contribution,True,2026-07-26T11:39:27.817330
6b5030ea-ca6d-4d14-9622-4c1b21c035f9,I259107,shopping_mall,anomaly,Viaport Outlet,Kanyon,0.0303,high,0.5,Column 'shopping_mall' deviates from similar normal records.,isolation_forest+feature_contribution,True,2026-07-26T11:39:27.905257
e51f678f-b605-49d3-aeac-4ea033a89704,I755020,category,anomaly,Toys,Toys,0.167,high,0.5,Column 'category' deviates from similar normal records.,isolation_forest+feature_contribution,True,2026-07-26T11:39:28.048927
2036e98c-db06-4c01-aac9-1cfad676d9a8,I655585,payment_method,anomaly,Debit Card,Credit Card,0.0238,high,0.5,Column 'payment_method' deviates from similar normal records.,isolation_forest+feature_contribution,True,2026-07-26T11:39:28.107174
2db4cd30-d2c3-4818-a5df-ba5c597f5f6a,I246399,shopping_mall,anomaly,Emaar Square Mall,Kanyon,0.0068,high,0.5,Column 'shopping_mall' deviates from similar normal records.,isolation_forest+feature_contribution,True,2026-07-26T11:39:28.138890
5d6ebb3e-015a-407b-b540-53238eacf844,I986326,shopping_mall,anomaly,Emaar Square Mall,Emaar Square Mall,0.0366,high,0.5,Column 'shopping_mall' deviates from similar normal records.,isolation_forest+feature_contribution,True,2026-07-26T11:39:28.208594
4e21f8c3-66cf-404d-816d-6cfcfeb26f11,I225586,shopping_mall,anomaly,Viaport Outlet,Emaar Square Mall,0.0331,high,0.5,Column 'shopping_mall' deviates from similar normal records.,isolation_forest+feature_contribution,True,2026-07-26T11:39:28.235433
39643d99-7d01-4114-845f-89fa7ab92521,I309108,shopping_mall,anomaly,Cevahir AVM,Cevahir AVM,0.0294,high,0.5,Column 'shopping_mall' deviates from similar normal records.,isolation_forest+feature_contribution,True,2026-07-26T11:39:28.304884
88ffff1d-f076-46ee-99a6-5c8a8b689ee4,I869088,shopping_mall,anomaly,Istinye Park,Mall of Istanbul,0.0031,high,0.5,Column 'shopping_mall' deviates from similar normal records.,isolation_forest+feature_contribution,True,2026-07-26T11:39:28.576320
f4eed24d-40fe-4915-a293-505416747a6c,I759200,shopping_mall,anomaly,Kanyon,Kanyon,0.0985,high,0.5,Column 'shopping_mall' deviates from similar normal records.,isolation_forest+feature_contribution,True,2026-07-26T11:39:28.878236
b8539788-2616-45e4-ad05-d5a9fc99f451,I109231,shopping_mall,anomaly,Cevahir AVM,Kanyon,0.116,high,0.5,Column 'shopping_mall' deviates from similar normal records.,isolation_forest+feature_contribution,True,2026-07-26T11:39:28.987230
e929547a-b866-4d0c-b3f5-edf648342eae,I529780,payment_method,anomaly,Debit Card,Cash,0.0164,high,0.5,Column 'payment_method' deviates from similar normal records.,isolation_forest+feature_contribution,True,2026-07-26T11:39:29.045883
ae99c4cf-5926-423c-81fe-f1cfb07743e3,I904438,shopping_mall,anomaly,Metropol AVM,Mall of Istanbul,0.135,high,0.5,Column 'shopping_mall' deviates from similar normal records.,isolation_forest+feature_contribution,True,2026-07-26T11:39:29.194456
a9efeb99-b8ac-439f-a1a0-85da53b9ae42,I224233,shopping_mall,anomaly,Metrocity,Metropol AVM,0.0499,high,0.5,Column 'shopping_mall' deviates from similar normal records.,isolation_forest+feature_contribution,True,2026-07-26T11:39:29.228180
48b80820-fa1b-4e24-9b59-eeb7f463cd10,I164196,shopping_mall,anomaly,Zorlu Center,Kanyon,0.0852,high,0.5,Column 'shopping_mall' deviates from similar normal records.,isolation_forest+feature_contribution,True,2026-07-26T11:39:29.612188
bce004c2-d440-4714-abfe-4ac0e4174178,I749884,payment_method,anomaly,Debit Card,Cash,0.0511,high,0.5,Column 'payment_method' deviates from similar normal records.,isolation_forest+feature_contribution,True,2026-07-26T11:39:29.665698
bc4e0fdb-a0c9-42ce-9d95-1b7b1a7852b6,I359741,payment_method,anomaly,Debit Card,Cash,0.0623,high,0.5,Column 'payment_method' deviates from similar normal records.,isolation_forest+feature_contribution,True,2026-07-26T11:39:30.082478
3db589e4-aa2e-4d96-b4cb-b5fab20647c2,I735611,shopping_mall,anomaly,Zorlu Center,Kanyon,0.0635,high,0.5,Column 'shopping_mall' deviates from similar normal records.,isolation_forest+feature_contribution,True,2026-07-26T11:39:30.595518
6f0d0c38-177a-4f10-985d-a9d72e9200cf,I145782,shopping_mall,anomaly,Viaport Outlet,Cevahir AVM,0.0365,high,0.5,Column 'shopping_mall' deviates from similar normal records.,isolation_forest+feature_contribution,True,2026-07-26T11:39:30.639977
de49f967-a289-4970-a313-0706f660f00b,I590103,category,anomaly,Souvenir,Books,0.0275,high,0.5,Column 'category' deviates from similar normal records.,isolation_forest+feature_contribution,True,2026-07-26T11:39:30.692965
ed987ca6-d4fe-4c1b-8744-331f856de75a,I590103,shopping_mall,anomaly,Forum Istanbul,Forum Istanbul,0.0275,high,0.5,Column 'shopping_mall' deviates from similar normal records.,isolation_forest+feature_contribution,True,2026-07-26T11:39:30.692965
85d978ad-3ca1-4f11-9563-51fba1ad0996,I230777,shopping_mall,anomaly,Viaport Outlet,Emaar Square Mall,0.0039,high,0.5,Column 'shopping_mall' deviates from similar normal records.,isolation_forest+feature_contribution,True,2026-07-26T11:39:30.897699
8d717947-70cc-4b93-a5cd-1086bf901654,I250703,shopping_mall,anomaly,Metropol AVM,Mall of Istanbul,0.0535,high,0.5,Column 'shopping_mall' deviates from similar normal records.,isolation_forest+feature_contribution,True,2026-07-26T11:39:31.015346
fb6ad98c-cd12-43a8-bf86-5dd1ae977112,I986165,shopping_mall,anomaly,Zorlu Center,Metropol AVM,0.0157,high,0.5,Column 'shopping_mall' deviates from similar normal records.,isolation_forest+feature_contribution,True,2026-07-26T11:39:31.083510
4ec59fe9-1251-4060-92ff-2b3ee290feaa,I268103,shopping_mall,anomaly,Cevahir AVM,Mall of Istanbul,0.0494,high,0.5,Column 'shopping_mall' deviates from similar normal records.,isolation_forest+feature_contribution,True,2026-07-26T11:39:31.221951
8537e969-bdfc-4545-b7f6-42e6687d69d4,I141385,shopping_mall,anomaly,Viaport Outlet,Kanyon,0.0509,high,0.5,Column 'shopping_mall' deviates from similar normal records.,isolation_forest+feature_contribution,True,2026-07-26T11:39:31.415927
29d6c193-97d0-4efb-b1b1-39be4f7c45bc,I306388,category,anomaly,Souvenir,Food & Beverage,0.0779,high,0.5,Column 'category' deviates from similar normal records.,isolation_forest+feature_contribution,True,2026-07-26T11:39:31.443851
adecf42d-b16b-4b71-950e-c92267352d3b,I298576,shopping_mall,anomaly,Metropol AVM,Metrocity,0.0305,high,0.5,Column 'shopping_mall' deviates from similar normal records.,isolation_forest+feature_contribution,True,2026-07-26T11:39:31.473388
90a795de-95d2-4044-840b-d86d76e7c3fe,I719442,shopping_mall,anomaly,Emaar Square Mall,Istinye Park,0.0098,high,0.5,Column 'shopping_mall' deviates from similar normal records.,isolation_forest+feature_contribution,True,2026-07-26T11:39:31.646943
f78539bf-bf59-4ae2-bc5f-9616647f3ac9,I286075,payment_method,anomaly,Debit Card,Cash,0.2119,high,0.5,Column 'payment_method' deviates from similar normal records.,isolation_forest+feature_contribution,True,2026-07-26T11:39:31.867277
031863f5-7869-4d8d-aef3-a89026db3411,I680243,shopping_mall,anomaly,Viaport Outlet,Metrocity,0.0961,high,0.5,Column 'shopping_mall' deviates from similar normal records.,isolation_forest+feature_contribution,True,2026-07-26T11:39:31.931574
35efc279-aa72-4638-a849-f47a1706ba95,I890043,shopping_mall,anomaly,Zorlu Center,Kanyon,0.1251,high,0.5,Column 'shopping_mall' deviates from similar normal records.,isolation_forest+feature_contribution,True,2026-07-26T11:39:31.963366
c72db678-926d-46c9-baaa-997ccb586d17,I433647,shopping_mall,anomaly,Forum Istanbul,Mall of Istanbul,0.1335,high,0.5,Column 'shopping_mall' deviates from similar normal records.,isolation_forest+feature_contribution,True,2026-07-26T11:39:32.027100
83d20731-bc4f-437c-a6ed-592f830a15de,I277300,category,anomaly,Food & Beverage,Food & Beverage,0.0095,high,0.5,Column 'category' deviates from similar normal records.,isolation_forest+feature_contribution,True,2026-07-26T11:39:32.104603
fe50495e-3e66-4c72-8b31-60785a286af9,I257858,shopping_mall,anomaly,Emaar Square Mall,Mall of Istanbul,0.0289,high,0.5,Column 'shopping_mall' deviates from similar normal records.,isolation_forest+feature_contribution,True,2026-07-26T11:39:32.327937
20014a13-b857-47a0-98b8-ba47b535265c,I859280,shopping_mall,anomaly,Viaport Outlet,Kanyon,0.1026,high,0.5,Column 'shopping_mall' deviates from similar normal records.,isolation_forest+feature_contribution,True,2026-07-26T11:39:32.436810
f6cd41df-33e2-4f7a-8fee-e3def97fe958,I127209,shopping_mall,anomaly,Metropol AVM,Forum Istanbul,0.1713,high,0.5,Column 'shopping_mall' deviates from similar normal records.,isolation_forest+feature_contribution,True,2026-07-26T11:39:32.501115
196d93af-b79c-433f-87a1-88a59c77ccdb,I984268,gender,anomaly,Male,Female,0.0463,high,0.5,Column 'gender' deviates from similar normal records.,isolation_forest+feature_contribution,True,2026-07-26T11:39:32.814505
aaf26495-6ea2-4aa0-b287-e74f502e7b52,I984268,shopping_mall,anomaly,Forum Istanbul,Kanyon,0.0463,high,0.5,Column 'shopping_mall' deviates from similar normal records.,isolation_forest+feature_contribution,True,2026-07-26T11:39:32.814505
76caf91f-f5a4-42db-90d8-0957c5dfee8c,I765653,shopping_mall,anomaly,Viaport Outlet,Mall of Istanbul,0.0578,high,0.5,Column 'shopping_mall' deviates from similar normal records.,isolation_forest+feature_contribution,True,2026-07-26T11:39:32.877660
6b3dfe76-6512-4063-83f7-04cf9032a667,I100571,shopping_mall,anomaly,Zorlu Center,Mall of Istanbul,0.1837,high,0.5,Column 'shopping_mall' deviates from similar normal records.,isolation_forest+feature_contribution,True,2026-07-26T11:39:32.999440
d16db8ac-293e-4875-90a7-c383c8f0e6d5,I107839,payment_method,anomaly,Debit Card,Cash,0.0161,high,0.5,Column 'payment_method' deviates from similar normal records.,isolation_forest+feature_contribution,True,2026-07-26T11:39:33.190635
361d0524-04a7-4a7c-ae1f-9bf83a51da11,I313721,payment_method,anomaly,Debit Card,Cash,0.0588,high,0.5,Column 'payment_method' deviates from similar normal records.,isolation_forest+feature_contribution,True,2026-07-26T11:39:33.234832
fc7bd65f-af4d-4346-bf84-40246be6385e,I271108,shopping_mall,anomaly,Zorlu Center,Forum Istanbul,0.131,high,0.5,Column 'shopping_mall' deviates from similar normal records.,isolation_forest+feature_contribution,True,2026-07-26T11:39:33.266600
f643001a-c995-4b57-aa49-b2cb9c6928e7,I272705,shopping_mall,anomaly,Viaport Outlet,Metrocity,0.0941,high,0.5,Column 'shopping_mall' deviates from similar normal records.,isolation_forest+feature_contribution,True,2026-07-26T11:39:33.501309
f3b70aea-2c25-4174-ba98-5e6dcb8a8d15,I206450,category,anomaly,Books,Books,0.1333,high,0.5,Column 'category' deviates from similar normal records.,isolation_forest+feature_contribution,True,2026-07-26T11:39:33.536528
78534e16-7ba5-429e-80ab-9f14081addd9,I328245,payment_method,anomaly,Debit Card,Cash,0.0302,high,0.5,Column 'payment_method' deviates from similar normal records.,isolation_forest+feature_contribution,True,2026-07-26T11:39:33.999369
1b60810d-6f0b-4e03-ab7e-388def2f4062,I542773,shopping_mall,anomaly,Cevahir AVM,Mall of Istanbul,0.0549,high,0.5,Column 'shopping_mall' deviates from similar normal records.,isolation_forest+feature_contribution,True,2026-07-26T11:39:34.034155
fef1ccf4-51f9-42ba-901c-762105683e52,I235045,shopping_mall,anomaly,Viaport Outlet,Kanyon,0.087,high,0.5,Column 'shopping_mall' deviates from similar normal records.,isolation_forest+feature_contribution,True,2026-07-26T11:39:34.098229
e75cb86a-73ff-424b-930c-5eac51164a30,I195542,shopping_mall,anomaly,Zorlu Center,Cevahir AVM,0.1909,high,0.5,Column 'shopping_mall' deviates from similar normal records.,isolation_forest+feature_contribution,True,2026-07-26T11:39:34.132718
c450ef90-776e-415a-a8d9-609c8ef0e72d,I335586,shopping_mall,anomaly,Forum Istanbul,Istinye Park,0.0901,high,0.5,Column 'shopping_mall' deviates from similar normal records.,isolation_forest+feature_contribution,True,2026-07-26T11:39:34.242525
224bc7d6-b621-4418-bd47-f3efd0b18766,I117451,shopping_mall,anomaly,Zorlu Center,Istinye Park,0.0316,high,0.5,Column 'shopping_mall' deviates from similar normal records.,isolation_forest+feature_contribution,True,2026-07-26T11:39:34.306741
417cc8f8-9e84-4495-a874-b3451aba0901,I596811,shopping_mall,anomaly,Forum Istanbul,Kanyon,0.0865,high,0.5,Column 'shopping_mall' deviates from similar normal records.,isolation_forest+feature_contribution,True,2026-07-26T11:39:34.341693
02347dd0-008d-460b-b0dd-63033379608e,I458575,shopping_mall,anomaly,Forum Istanbul,Forum Istanbul,0.1057,high,0.5,Column 'shopping_mall' deviates from similar normal records.,isolation_forest+feature_contribution,True,2026-07-26T11:39:34.464677
eecd3826-d39c-4037-9db8-df27ff9d3ba4,I271932,shopping_mall,anomaly,Forum Istanbul,Emaar Square Mall,0.0131,high,0.5,Column 'shopping_mall' deviates from similar normal records.,isolation_forest+feature_contribution,True,2026-07-26T11:39:34.500682
06527907-f321-49a5-8802-8f84cf95864c,I196907,shopping_mall,anomaly,Emaar Square Mall,Kanyon,0.007,high,0.5,Column 'shopping_mall' deviates from similar normal records.,isolation_forest+feature_contribution,True,2026-07-26T11:39:34.534061
0cbc1335-4394-4cb2-b5c3-a37795c053b9,I260022,shopping_mall,anomaly,Viaport Outlet,Mall of Istanbul,0.1606,high,0.5,Column 'shopping_mall' deviates from similar normal records.,isolation_forest+feature_contribution,True,2026-07-26T11:39:34.723472
fccb7d2f-befe-4c85-8d8d-6fc591ca3aa0,I257776,shopping_mall,anomaly,Viaport Outlet,Mall of Istanbul,0.0033,high,0.5,Column 'shopping_mall' deviates from similar normal records.,isolation_forest+feature_contribution,True,2026-07-26T11:39:34.749608
04fc84e2-dda4-42c9-8ce3-637c3131e19e,I303561,shopping_mall,anomaly,Zorlu Center,Kanyon,0.0726,high,0.5,Column 'shopping_mall' deviates from similar normal records.,isolation_forest+feature_contribution,True,2026-07-26T11:39:34.790967
2b4af57c-dd65-4a62-8046-77f36b54f5d3,I659309,shopping_mall,anomaly,Zorlu Center,Istinye Park,0.007,high,0.5,Column 'shopping_mall' deviates from similar normal records.,isolation_forest+feature_contribution,True,2026-07-26T11:39:34.978349
beb5f61a-1888-4e64-9b74-a20ffeda662d,I314012,payment_method,anomaly,Debit Card,Cash,0.1345,high,0.5,Column 'payment_method' deviates from similar normal records.,isolation_forest+feature_contribution,True,2026-07-26T11:39:35.284611
64b220f0-9fae-437d-836f-5e919d26ec06,I214085,shopping_mall,anomaly,Zorlu Center,Kanyon,0.008,high,0.5,Column 'shopping_mall' deviates from similar normal records.,isolation_forest+feature_contribution,True,2026-07-26T11:39:35.551608
33d38909-8e72-4ee0-b032-96d784271b75,I276574,shopping_mall,anomaly,Istinye Park,Kanyon,0.0677,high,0.5,Column 'shopping_mall' deviates from similar normal records.,isolation_forest+feature_contribution,True,2026-07-26T11:39:35.693997
309e1219-29d2-4aff-a4ea-a90f6eaa7d05,I276574,age_group,anomaly,46_55,46_55,0.0677,low,0.0,Column 'age_group' deviates from similar normal records.,isolation_forest+feature_contribution,True,2026-07-26T11:39:35.693997
abe03003-7ccd-4dd7-a1eb-5b37c366ab1b,I268382,shopping_mall,anomaly,Cevahir AVM,Istinye Park,0.1127,high,0.5,Column 'shopping_mall' deviates from similar normal records.,isolation_forest+feature_contribution,True,2026-07-26T11:39:35.750203
d94dc58b-8a13-4404-b0dc-685bdeadb23e,I980371,shopping_mall,anomaly,Metropol AVM,Emaar Square Mall,0.0008,high,0.5,Column 'shopping_mall' deviates from similar normal records.,isolation_forest+feature_contribution,True,2026-07-26T11:39:35.827653
132200bf-4903-4e93-b808-e13c0677432b,I383624,shopping_mall,anomaly,Cevahir AVM,Emaar Square Mall,0.0538,high,0.5,Column 'shopping_mall' deviates from similar normal records.,isolation_forest+feature_contribution,True,2026-07-26T11:39:35.862751
47601fde-5306-4dbc-b2dc-e7af33bd4175,I317486,shopping_mall,anomaly,Emaar Square Mall,Emaar Square Mall,0.1686,high,0.5,Column 'shopping_mall' deviates from similar normal records.,isolation_forest+feature_contribution,True,2026-07-26T11:39:35.971206
7470a333-fce4-49fa-82d7-6d1e3409cc93,I279715,shopping_mall,anomaly,Viaport Outlet,Kanyon,0.0055,high,0.5,Column 'shopping_mall' deviates from similar normal records.,isolation_forest+feature_contribution,True,2026-07-26T11:39:36.009102
dbbf74be-3919-44f5-93b7-af52299f25a0,I311149,shopping_mall,anomaly,Zorlu Center,Metropol AVM,0.045,high,0.5,Column 'shopping_mall' deviates from similar normal records.,isolation_forest+feature_contribution,True,2026-07-26T11:39:36.171663
7b9e8139-40f8-49a0-852d-3270a7ec821e,I108552,shopping_mall,anomaly,Metropol AVM,Metrocity,0.1728,high,0.5,Column 'shopping_mall' deviates from similar normal records.,isolation_forest+feature_contribution,True,2026-07-26T11:39:36.487932
f05a111b-43dc-4666-a046-eba4ef93f480,I179786,shopping_mall,anomaly,Cevahir AVM,Mall of Istanbul,0.07,high,0.5,Column 'shopping_mall' deviates from similar normal records.,isolation_forest+feature_contribution,True,2026-07-26T11:39:36.854227
71e27f52-37a2-42e0-a7b9-e31a9c235feb,I321359,shopping_mall,anomaly,Istinye Park,Cevahir AVM,0.0949,high,0.5,Column 'shopping_mall' deviates from similar normal records.,isolation_forest+feature_contribution,True,2026-07-26T11:39:37.018198
a411b5ca-e6f8-455d-ac50-398745d9d265,I117711,gender,anomaly,Male,Female,0.169,high,0.5,Column 'gender' deviates from similar normal records.,isolation_forest+feature_contribution,True,2026-07-26T11:39:37.152168
1dcd76d9-514c-4cc9-920e-822bbb80608e,I901138,shopping_mall,anomaly,Istinye Park,Cevahir AVM,0.0913,high,0.5,Column 'shopping_mall' deviates from similar normal records.,isolation_forest+feature_contribution,True,2026-07-26T11:39:37.388170
8637f9df-e0ac-455c-90f4-9cf268625e5f,I228060,payment_method,anomaly,Debit Card,Cash,0.1095,high,0.5,Column 'payment_method' deviates from similar normal records.,isolation_forest+feature_contribution,True,2026-07-26T11:39:37.535820
71aa6e57-fb45-4a35-98c2-e1a5dfb1050a,I281373,shopping_mall,anomaly,Forum Istanbul,Mall of Istanbul,0.0201,high,0.5,Column 'shopping_mall' deviates from similar normal records.,isolation_forest+feature_contribution,True,2026-07-26T11:39:37.566339
57163456-c6e9-4a0c-bbb8-ea0b36806fe2,I226004,shopping_mall,anomaly,Istinye Park,Metrocity,0.0154,high,0.5,Column 'shopping_mall' deviates from similar normal records.,isolation_forest+feature_contribution,True,2026-07-26T11:39:37.599480
27779638-76ee-4c17-a097-8ab9e4a473cf,I295535,shopping_mall,anomaly,Emaar Square Mall,Istinye Park,0.0641,high,0.5,Column 'shopping_mall' deviates from similar normal records.,isolation_forest+feature_contribution,True,2026-07-26T11:39:37.909041
ab6ea42d-a488-4802-8338-5cd302ea514c,I317525,shopping_mall,anomaly,Zorlu Center,Mall of Istanbul,0.0419,high,0.5,Column 'shopping_mall' deviates from similar normal records.,isolation_forest+feature_contribution,True,2026-07-26T11:39:38.051687
ffb242be-fdee-4b41-a834-a61fbf507fcf,I418405,payment_method,anomaly,Credit Card,Cash,0.1312,high,0.5,Column 'payment_method' deviates from similar normal records.,isolation_forest+feature_contribution,True,2026-07-26T11:39:38.125265
1480a103-eede-4fca-b972-8a8cbc54ccde,I418405,shopping_mall,anomaly,Metrocity,Kanyon,0.1312,high,0.5,Column 'shopping_mall' deviates from similar normal records.,isolation_forest+feature_contribution,True,2026-07-26T11:39:38.125265
2439e835-9839-4e07-9cc9-8e8404f44382,I985676,shopping_mall,anomaly,Zorlu Center,Istinye Park,0.0295,high,0.5,Column 'shopping_mall' deviates from similar normal records.,isolation_forest+feature_contribution,True,2026-07-26T11:39:38.148069
b9193b0d-359a-4f5e-8fd4-085246cd6062,I227504,shopping_mall,anomaly,Zorlu Center,Kanyon,0.0208,high,0.5,Column 'shopping_mall' deviates from similar normal records.,isolation_forest+feature_contribution,True,2026-07-26T11:39:38.284182
def27c89-778b-43de-b8aa-11b5554c1dc9,I208840,category,anomaly,Toys,Toys,0.0423,high,0.5,Column 'category' deviates from similar normal records.,isolation_forest+feature_contribution,True,2026-07-26T11:39:38.860460
657a1eff-7b80-401e-86f9-f10227d284c6,I105959,shopping_mall,anomaly,Istinye Park,Metrocity,0.0324,high,0.5,Column 'shopping_mall' deviates from similar normal records.,isolation_forest+feature_contribution,True,2026-07-26T11:39:38.895180
3f4435e0-8ec8-4668-94f4-ab80fb7e6b8f,I170504,shopping_mall,anomaly,Zorlu Center,Cevahir AVM,0.0382,high,0.5,Column 'shopping_mall' deviates from similar normal records.,isolation_forest+feature_contribution,True,2026-07-26T11:39:38.964591
