issue_id,row_id,column_name,issue_type,current_value,suggested_value,confidence,severity,reason,can_auto_fix
19c49ea6-da24-4a24-a626-66c81dec80ff,I196704,shopping_mall,invalid,MALL,Cevahir AVM,0.5,medium,"Value is not in allowed values: ['Cevahir AVM', 'Emaar Square Mall', 'Forum Istanbul', 'Istinye Park', 'Kanyon', 'Mall of Istanbul', 'Metrocity', 'Metropol AVM', 'Viaport Outlet', 'Zorlu Center'].",True
d38829b4-6e9f-4517-aa4e-aa4fec8e07a6,I317333,payment_method,anomaly,Debit Card,Cash,0.1494,high,Column 'payment_method' deviates from similar normal records.,True
9d9bf0ad-64e0-472a-85f9-13f834f5f275,I317333,shopping_mall,anomaly,Forum Istanbul,Forum Istanbul,0.1494,high,Column 'shopping_mall' deviates from similar normal records.,True
b18ea74c-c9d5-43d9-a243-88272c2354c2,I688768,shopping_mall,anomaly,Viaport Outlet,Forum Istanbul,0.0499,high,Column 'shopping_mall' deviates from similar normal records.,True
21aa8ab2-4998-4d50-be73-2f5c017f0d7d,I412481,shopping_mall,anomaly,Cevahir AVM,Cevahir AVM,0.0155,high,Column 'shopping_mall' deviates from similar normal records.,True
8722481b-bdb3-4732-8830-7483a54e7bd2,I170160,payment_method,anomaly,Debit Card,Credit Card,0.0759,high,Column 'payment_method' deviates from similar normal records.,True
ef3edba1-b52d-4ae1-80f0-36adefbf4234,I402966,shopping_mall,anomaly,Viaport Outlet,Viaport Outlet,0.1277,high,Column 'shopping_mall' deviates from similar normal records.,True
5fa6c3b0-25df-4526-8494-349b4b659780,I291540,shopping_mall,anomaly,Kanyon,Mall of Istanbul,0.0913,high,Column 'shopping_mall' deviates from similar normal records.,True
cb026a10-194b-40b2-8327-adb6f2033f57,I941223,shopping_mall,anomaly,Emaar Square Mall,Emaar Square Mall,0.0751,high,Column 'shopping_mall' deviates from similar normal records.,True
5ccca36a-f2fd-40bd-95d6-056bc14d301d,I236520,shopping_mall,anomaly,Viaport Outlet,Kanyon,0.0224,high,Column 'shopping_mall' deviates from similar normal records.,True
63c87494-8a9a-49fb-8375-c95a0d3a5bee,I283774,category,anomaly,Toys,Cosmetics,0.2033,high,Column 'category' deviates from similar normal records.,True
8c41563e-4264-4c78-af6a-88e64ab4b757,I251779,shopping_mall,anomaly,Zorlu Center,Kanyon,0.0268,high,Column 'shopping_mall' deviates from similar normal records.,True
e4103752-71f6-47cc-a765-baa4b9e300c6,I251307,payment_method,anomaly,Debit Card,Cash,0.1042,high,Column 'payment_method' deviates from similar normal records.,True
0d8f0886-bd76-4848-9d2c-26d4a98dffcd,I188382,shopping_mall,anomaly,Emaar Square Mall,Metrocity,0.0465,high,Column 'shopping_mall' deviates from similar normal records.,True
b3ff260e-154b-44b1-9aea-cfa01911ab9b,I713320,shopping_mall,anomaly,Zorlu Center,Metrocity,0.0135,high,Column 'shopping_mall' deviates from similar normal records.,True
61bc2262-f76b-4ab1-8fe4-b01f3bfc1e57,I125636,payment_method,anomaly,Debit Card,Debit Card,0.0355,high,Column 'payment_method' deviates from similar normal records.,True
dab3800d-9c51-40a0-bd6a-61a47a3e0041,I846448,payment_method,anomaly,Debit Card,Cash,0.09,high,Column 'payment_method' deviates from similar normal records.,True
93d5a21d-0433-4fc0-8cff-2e847de69b83,I255891,shopping_mall,anomaly,Istinye Park,Mall of Istanbul,0.0758,high,Column 'shopping_mall' deviates from similar normal records.,True
cd02c2be-cd59-453a-b7fa-8a83256764b7,I420393,shopping_mall,anomaly,Metrocity,Metropol AVM,0.0149,high,Column 'shopping_mall' deviates from similar normal records.,True
caa81b05-f2da-41fe-bd5b-bffc8fb888a1,I912553,shopping_mall,anomaly,Cevahir AVM,Cevahir AVM,0.0655,high,Column 'shopping_mall' deviates from similar normal records.,True
76880799-89ea-4df1-9e33-c0e69911e4c9,I284202,shopping_mall,anomaly,Istinye Park,Istinye Park,0.0521,high,Column 'shopping_mall' deviates from similar normal records.,True
11ed8516-8273-4761-8c4a-75646516e508,I176554,shopping_mall,anomaly,Emaar Square Mall,Cevahir AVM,0.0541,high,Column 'shopping_mall' deviates from similar normal records.,True
49cd9d90-f038-4bf5-92ff-63be30bb74f7,I139026,shopping_mall,anomaly,Zorlu Center,Mall of Istanbul,0.0613,high,Column 'shopping_mall' deviates from similar normal records.,True
ab2c026d-1e5e-44a1-aa9a-812e512bd565,I216047,shopping_mall,anomaly,Cevahir AVM,Kanyon,0.071,high,Column 'shopping_mall' deviates from similar normal records.,True
af643fc3-673c-4cf6-8cd7-5729dba25a3d,I400888,shopping_mall,anomaly,Zorlu Center,Istinye Park,0.08,high,Column 'shopping_mall' deviates from similar normal records.,True
3e10f114-0f5a-4070-a3e7-9398e4270ea4,I225296,shopping_mall,anomaly,Viaport Outlet,Metrocity,0.0463,high,Column 'shopping_mall' deviates from similar normal records.,True
500bfd17-f559-4fb4-b3e8-4b1f80aabe07,I312066,shopping_mall,anomaly,Metropol AVM,Metropol AVM,0.0674,high,Column 'shopping_mall' deviates from similar normal records.,True
7de102ff-6419-4f6a-af7c-9e14a0f1ecbb,I572573,shopping_mall,anomaly,Metropol AVM,Kanyon,0.029,high,Column 'shopping_mall' deviates from similar normal records.,True
fdb353ad-67fd-4501-812a-aec32685b586,I341437,shopping_mall,anomaly,Viaport Outlet,Emaar Square Mall,0.0792,high,Column 'shopping_mall' deviates from similar normal records.,True
b10b30cf-c0ae-482d-9cef-77d572abcb50,I737951,shopping_mall,anomaly,Viaport Outlet,Istinye Park,0.0737,high,Column 'shopping_mall' deviates from similar normal records.,True
5957dd10-a9f1-400a-9254-cb7242bd34ab,I163650,shopping_mall,anomaly,Viaport Outlet,Kanyon,0.0117,high,Column 'shopping_mall' deviates from similar normal records.,True
eaecb280-f253-4fab-817c-51068a93485f,I274215,payment_method,anomaly,Debit Card,Credit Card,0.1096,high,Column 'payment_method' deviates from similar normal records.,True
626e48c0-e241-4b24-a04f-abc2e1d36752,I429412,category,anomaly,Toys,Cosmetics,0.1094,high,Column 'category' deviates from similar normal records.,True
3e666dc1-c452-4d90-8206-8462f2512758,I229252,shopping_mall,anomaly,Emaar Square Mall,Metrocity,0.0875,high,Column 'shopping_mall' deviates from similar normal records.,True
fe503305-1757-41b9-92f2-62ab458c2360,I599893,gender,anomaly,Male,Male,0.2223,high,Column 'gender' deviates from similar normal records.,True
275e4dca-edb3-47db-b74e-edd84d83d90d,I999141,shopping_mall,anomaly,Viaport Outlet,Metropol AVM,0.016,high,Column 'shopping_mall' deviates from similar normal records.,True
7cdb71f0-4f17-4226-8a09-a27fc47c47e8,I549888,shopping_mall,anomaly,Viaport Outlet,Mall of Istanbul,0.0028,high,Column 'shopping_mall' deviates from similar normal records.,True
bf3c38ce-0f04-470c-a307-cab7fbdc35b5,I210025,shopping_mall,anomaly,Metropol AVM,Cevahir AVM,0.055,high,Column 'shopping_mall' deviates from similar normal records.,True
83984b86-b724-416c-836e-9784458be94f,I297592,shopping_mall,anomaly,Forum Istanbul,Kanyon,0.0478,high,Column 'shopping_mall' deviates from similar normal records.,True
dbc0fe97-0bcb-4ca0-b15a-64f4094f44cc,I317873,shopping_mall,anomaly,Zorlu Center,Kanyon,0.0383,high,Column 'shopping_mall' deviates from similar normal records.,True
ab33ddb8-ca1a-4017-aa67-53829afc7141,I172841,shopping_mall,anomaly,Zorlu Center,Forum Istanbul,0.0276,high,Column 'shopping_mall' deviates from similar normal records.,True
11e1dfa6-442e-4fa3-819d-bef19099a44d,I141434,shopping_mall,anomaly,Forum Istanbul,Kanyon,0.0789,high,Column 'shopping_mall' deviates from similar normal records.,True
5bafeeab-bf45-4e4a-ad79-f6db4b43bdf4,I515685,category,anomaly,Toys,Toys,0.0265,high,Column 'category' deviates from similar normal records.,True
19f47e14-1834-45ea-bf0a-662f0aef9bdd,I125352,shopping_mall,anomaly,Viaport Outlet,Viaport Outlet,0.0346,high,Column 'shopping_mall' deviates from similar normal records.,True
a8f8e01f-9314-4e6e-8bc8-fb63644f67d8,I266017,shopping_mall,anomaly,Viaport Outlet,Kanyon,0.0459,high,Column 'shopping_mall' deviates from similar normal records.,True
f9a1c5be-70c4-449e-9869-4072e7411c51,I299435,shopping_mall,anomaly,Zorlu Center,Kanyon,0.0321,high,Column 'shopping_mall' deviates from similar normal records.,True
998fb405-deaf-4c63-bfe2-9955ae471e00,I230347,category,anomaly,Souvenir,Souvenir,0.0206,high,Column 'category' deviates from similar normal records.,True
71383395-4550-4a0f-bca3-9a2914159cb9,I154426,shopping_mall,anomaly,Metropol AVM,Kanyon,0.0268,high,Column 'shopping_mall' deviates from similar normal records.,True
82646ba7-00d4-46c6-9478-961bccfd5317,I187818,shopping_mall,anomaly,Viaport Outlet,Cevahir AVM,0.072,high,Column 'shopping_mall' deviates from similar normal records.,True
87e5324f-7c77-4e89-b4f3-4b9cd24272ca,I131648,gender,anomaly,Male,Female,0.0305,high,Column 'gender' deviates from similar normal records.,True
f320b3a2-287a-4080-b22f-b83499a2ecbe,I727960,shopping_mall,anomaly,Viaport Outlet,Emaar Square Mall,0.0215,high,Column 'shopping_mall' deviates from similar normal records.,True
6a28969e-99cf-450c-8e9e-2091e867976c,I133741,shopping_mall,anomaly,Forum Istanbul,Cevahir AVM,0.0384,high,Column 'shopping_mall' deviates from similar normal records.,True
9b70af1f-8132-489e-a51c-89e7b53bd75c,I103865,shopping_mall,anomaly,Viaport Outlet,Zorlu Center,0.0405,high,Column 'shopping_mall' deviates from similar normal records.,True
4a929b78-e5eb-43b4-879e-c67270509b5c,I339038,shopping_mall,anomaly,Forum Istanbul,Cevahir AVM,0.133,high,Column 'shopping_mall' deviates from similar normal records.,True
827cf512-42bf-4c7d-a5d8-615686747544,I229099,shopping_mall,anomaly,Viaport Outlet,Kanyon,0.0827,high,Column 'shopping_mall' deviates from similar normal records.,True
d29018c4-849f-467b-b151-ac7cf0020711,I220604,shopping_mall,anomaly,Viaport Outlet,Kanyon,0.054,high,Column 'shopping_mall' deviates from similar normal records.,True
f75cfd57-4a41-45e8-83f2-6b1bb0ec0e8f,I106587,payment_method,anomaly,Debit Card,Debit Card,0.1322,high,Column 'payment_method' deviates from similar normal records.,True
7235308d-b515-4a19-999c-6a4b77d4a7f5,I309989,shopping_mall,anomaly,Forum Istanbul,Cevahir AVM,0.1215,high,Column 'shopping_mall' deviates from similar normal records.,True
b5cc6f33-30e6-45a8-9da7-3c1f5871ffd3,I232389,shopping_mall,anomaly,Zorlu Center,Emaar Square Mall,0.0677,high,Column 'shopping_mall' deviates from similar normal records.,True
5d4144b7-68dc-47b8-b872-acb677aa614d,I209706,category,anomaly,Toys,Cosmetics,0.1299,high,Column 'category' deviates from similar normal records.,True
bda99b26-067c-415c-8d92-5136228f49dc,I182495,shopping_mall,anomaly,Emaar Square Mall,Forum Istanbul,0.0379,high,Column 'shopping_mall' deviates from similar normal records.,True
1ce42047-d578-4227-8589-2f0911ea417d,I162614,shopping_mall,anomaly,Zorlu Center,Forum Istanbul,0.078,high,Column 'shopping_mall' deviates from similar normal records.,True
6cb16f1a-d998-4439-9a9d-ca4d114034f5,I136997,shopping_mall,anomaly,Viaport Outlet,Kanyon,0.0349,high,Column 'shopping_mall' deviates from similar normal records.,True
ffb2f8ed-462e-4245-a3ed-7c2fd6bbb2d0,I180843,shopping_mall,anomaly,Emaar Square Mall,Istinye Park,0.0211,high,Column 'shopping_mall' deviates from similar normal records.,True
f1575621-bb0f-4dbc-b0fa-e6511f0c1756,I192819,shopping_mall,anomaly,Forum Istanbul,Kanyon,0.0708,high,Column 'shopping_mall' deviates from similar normal records.,True
6c6ab19c-105f-4982-b7e1-daa148761ace,I134517,shopping_mall,anomaly,Emaar Square Mall,Kanyon,0.074,high,Column 'shopping_mall' deviates from similar normal records.,True
9ab5bc33-dedf-4425-8d7b-fee2b225fcae,I548921,shopping_mall,anomaly,Emaar Square Mall,Emaar Square Mall,0.059,high,Column 'shopping_mall' deviates from similar normal records.,True
137ceb5c-d47e-413e-a23f-03ec07432e0e,I200469,shopping_mall,anomaly,Zorlu Center,Kanyon,0.0769,high,Column 'shopping_mall' deviates from similar normal records.,True
75c884ee-3e9d-4a8f-b037-4f5570aefdc8,I286061,shopping_mall,anomaly,Forum Istanbul,Zorlu Center,0.0089,high,Column 'shopping_mall' deviates from similar normal records.,True
df06d23b-bdac-4d97-8c94-55056a756fd5,I919536,shopping_mall,anomaly,Zorlu Center,Mall of Istanbul,0.0517,high,Column 'shopping_mall' deviates from similar normal records.,True
6012352f-49c1-4d2c-a20d-5f4d50faa3a4,I460840,shopping_mall,anomaly,Emaar Square Mall,Metrocity,0.101,high,Column 'shopping_mall' deviates from similar normal records.,True
06cb82ab-bbb2-4e14-bf54-7c45e23ac161,I993488,shopping_mall,anomaly,Forum Istanbul,Kanyon,0.0066,high,Column 'shopping_mall' deviates from similar normal records.,True
2acae771-9e08-4cf8-a11d-ab1fa101f4c9,I273873,shopping_mall,anomaly,Zorlu Center,Zorlu Center,0.0099,high,Column 'shopping_mall' deviates from similar normal records.,True
690aff99-77d0-41cf-9843-2a548f710473,I822053,shopping_mall,anomaly,Zorlu Center,Kanyon,0.0118,high,Column 'shopping_mall' deviates from similar normal records.,True
8ed38801-c0a1-4e16-8916-e269cf923e4c,I577727,shopping_mall,anomaly,Metropol AVM,Forum Istanbul,0.0998,high,Column 'shopping_mall' deviates from similar normal records.,True
d8e868ed-6963-4b3d-90ae-3a1910d1e862,I285409,shopping_mall,anomaly,Metropol AVM,Mall of Istanbul,0.1138,high,Column 'shopping_mall' deviates from similar normal records.,True
e59c77a5-2a9d-44ee-abb2-60e7a2d9e0c3,I289041,shopping_mall,anomaly,Metropol AVM,Cevahir AVM,0.0607,high,Column 'shopping_mall' deviates from similar normal records.,True
d03580c9-4f69-47c3-87f3-e85144ba0092,I111981,shopping_mall,anomaly,Cevahir AVM,Metrocity,0.038,high,Column 'shopping_mall' deviates from similar normal records.,True
ef7ab437-ea2f-4e09-b0b2-57293894f08f,I613345,shopping_mall,anomaly,Cevahir AVM,Istinye Park,0.1074,high,Column 'shopping_mall' deviates from similar normal records.,True
7d55df26-951f-4523-a944-297ac960ee8a,I683539,shopping_mall,anomaly,Emaar Square Mall,Metrocity,0.0587,high,Column 'shopping_mall' deviates from similar normal records.,True
a55cdae2-3053-4dfb-a95b-7f8d3bd4922b,I231273,shopping_mall,anomaly,Viaport Outlet,Forum Istanbul,0.1046,high,Column 'shopping_mall' deviates from similar normal records.,True
377f9219-ebb2-4d9b-b594-b126020758ee,I244506,shopping_mall,anomaly,Metropol AVM,Mall of Istanbul,0.0871,high,Column 'shopping_mall' deviates from similar normal records.,True
8bfe0f74-090f-4264-a7dd-f7a61412363a,I888458,shopping_mall,anomaly,Istinye Park,Istinye Park,0.0039,high,Column 'shopping_mall' deviates from similar normal records.,True
5e894f67-5f58-41d5-8505-40379e25c69e,I806340,shopping_mall,anomaly,Metrocity,Kanyon,0.0207,high,Column 'shopping_mall' deviates from similar normal records.,True
3d64d7e7-9a45-4268-ac41-1899133ae389,I228331,category,anomaly,Toys,Cosmetics,0.1696,high,Column 'category' deviates from similar normal records.,True
0632ca93-6475-4b2b-a277-6c86f8e4fcd1,I228331,shopping_mall,anomaly,Zorlu Center,Istinye Park,0.1696,high,Column 'shopping_mall' deviates from similar normal records.,True
1004895e-b4a5-4875-b6e8-cb4e2fe75da7,I105974,category,anomaly,Souvenir,Food & Beverage,0.0321,high,Column 'category' deviates from similar normal records.,True
3994f1e6-7fe7-4d9b-b72d-1710902c9643,I123728,shopping_mall,anomaly,Viaport Outlet,Mall of Istanbul,0.0838,high,Column 'shopping_mall' deviates from similar normal records.,True
0ebaea04-0837-4511-a61b-c23494826a33,I731863,shopping_mall,anomaly,Forum Istanbul,Metropol AVM,0.0451,high,Column 'shopping_mall' deviates from similar normal records.,True
4c01c434-5c33-4c6c-ac80-8e9b6bd26f92,I953897,shopping_mall,anomaly,Viaport Outlet,Kanyon,0.1284,high,Column 'shopping_mall' deviates from similar normal records.,True
b51eb5a7-93df-46fa-9878-9f7910a977bc,I281448,shopping_mall,anomaly,Emaar Square Mall,Emaar Square Mall,0.0993,high,Column 'shopping_mall' deviates from similar normal records.,True
ad36abf7-67d8-4d10-8db5-6e7eae683ec9,I731511,shopping_mall,anomaly,Zorlu Center,Zorlu Center,0.0099,high,Column 'shopping_mall' deviates from similar normal records.,True
5864c62d-e4f0-48b1-aae4-3d1b1192e3bc,I257504,shopping_mall,anomaly,Viaport Outlet,Mall of Istanbul,0.1401,high,Column 'shopping_mall' deviates from similar normal records.,True
74d92986-4475-4aa8-a07f-46d9c70626c0,I262087,shopping_mall,anomaly,Zorlu Center,Metrocity,0.0211,high,Column 'shopping_mall' deviates from similar normal records.,True
987fc8e0-5a12-4195-87cd-ed23f82383a5,I580142,category,anomaly,Books,Books,0.1777,high,Column 'category' deviates from similar normal records.,True
7df8b404-5dcf-4041-b1d4-f98f3c851a58,I580142,shopping_mall,anomaly,Cevahir AVM,Mall of Istanbul,0.1777,high,Column 'shopping_mall' deviates from similar normal records.,True
09b1dca7-4732-45dc-baa4-84cf130f91f2,I987243,shopping_mall,anomaly,Forum Istanbul,Metropol AVM,0.0812,high,Column 'shopping_mall' deviates from similar normal records.,True
a8557501-2bc6-4e00-b6d0-cb1d0d885ff7,I373164,shopping_mall,anomaly,Viaport Outlet,Istinye Park,0.0275,high,Column 'shopping_mall' deviates from similar normal records.,True
85f027eb-2c1b-41c5-ba0f-9fd28278e083,I243186,shopping_mall,anomaly,Zorlu Center,Metropol AVM,0.0324,high,Column 'shopping_mall' deviates from similar normal records.,True
bb22a203-599d-437e-bd67-21bf0f6fd910,I307858,shopping_mall,anomaly,Viaport Outlet,Emaar Square Mall,0.0845,high,Column 'shopping_mall' deviates from similar normal records.,True
6f47654f-7000-4810-8c24-1b90c590a7c6,I144286,shopping_mall,anomaly,Viaport Outlet,Mall of Istanbul,0.0518,high,Column 'shopping_mall' deviates from similar normal records.,True
50daa761-1a7c-4156-b77d-7160e53db69d,I240050,shopping_mall,anomaly,Mall of Istanbul,Viaport Outlet,0.1633,high,Column 'shopping_mall' deviates from similar normal records.,True
b966c82c-4546-4fba-a0ab-bc2b7bfc8d85,I154304,shopping_mall,anomaly,Metropol AVM,Kanyon,0.0212,high,Column 'shopping_mall' deviates from similar normal records.,True
1513a9a5-aea5-491f-b575-51c2a3d9e341,I306230,payment_method,anomaly,Debit Card,Cash,0.0691,high,Column 'payment_method' deviates from similar normal records.,True
28272155-f64e-47fc-a388-948faf898c43,I106088,payment_method,anomaly,Debit Card,Cash,0.02,high,Column 'payment_method' deviates from similar normal records.,True
3f8b3045-fb86-4bd5-95fd-1990740acce5,I136983,shopping_mall,anomaly,Cevahir AVM,Cevahir AVM,0.0017,high,Column 'shopping_mall' deviates from similar normal records.,True
b977ebdd-7e21-4e4e-9e7d-4a588a8e2171,I249807,shopping_mall,anomaly,Viaport Outlet,Emaar Square Mall,0.0464,high,Column 'shopping_mall' deviates from similar normal records.,True
708e3ea6-92c1-40df-93ba-a150c1acf41f,I252163,shopping_mall,anomaly,Forum Istanbul,Forum Istanbul,0.0043,high,Column 'shopping_mall' deviates from similar normal records.,True
9ec1143b-d5c4-4dbd-9840-862e6ce3868a,I320229,shopping_mall,anomaly,Emaar Square Mall,Mall of Istanbul,0.1758,high,Column 'shopping_mall' deviates from similar normal records.,True
c585dc10-abac-47c7-9a99-96406ed81fe3,I165835,payment_method,anomaly,Debit Card,Credit Card,0.0312,high,Column 'payment_method' deviates from similar normal records.,True
caceaaff-93a7-4525-a8fe-8ca8b39b858a,I110317,category,anomaly,Toys,Cosmetics,0.0108,high,Column 'category' deviates from similar normal records.,True
13e588fc-d933-4653-b0c6-f9afa54dd649,I198546,shopping_mall,anomaly,Cevahir AVM,Mall of Istanbul,0.059,high,Column 'shopping_mall' deviates from similar normal records.,True
9e99ad9f-3aa6-4c67-baea-80632935229f,I722915,payment_method,anomaly,Debit Card,Cash,0.0183,high,Column 'payment_method' deviates from similar normal records.,True
16bd36a7-dcc1-4a13-b731-04044219d37d,I492903,payment_method,anomaly,Debit Card,Credit Card,0.0025,high,Column 'payment_method' deviates from similar normal records.,True
cc539679-243b-4739-9874-35040871307a,I515486,category,anomaly,Souvenir,Food & Beverage,0.038,high,Column 'category' deviates from similar normal records.,True
08545a57-e40c-4124-9225-f17824ed6d0e,I110804,payment_method,anomaly,Debit Card,Credit Card,0.0995,high,Column 'payment_method' deviates from similar normal records.,True
05f0729e-78f0-4a4e-96aa-ab88c5fba985,I166650,shopping_mall,anomaly,Forum Istanbul,Forum Istanbul,0.0264,high,Column 'shopping_mall' deviates from similar normal records.,True
deed55d8-8abd-4dce-a96f-2524cfab5277,I313427,shopping_mall,anomaly,Forum Istanbul,Metrocity,0.0391,high,Column 'shopping_mall' deviates from similar normal records.,True
f2cafd4f-c315-4f50-8b45-6482b7d4ec03,I897591,shopping_mall,anomaly,Viaport Outlet,Istinye Park,0.076,high,Column 'shopping_mall' deviates from similar normal records.,True
38daa78a-95f6-41b6-a02f-73e3bb1301ee,I214685,shopping_mall,anomaly,Emaar Square Mall,Mall of Istanbul,0.0286,high,Column 'shopping_mall' deviates from similar normal records.,True
70d541be-b25f-412c-9319-26b96800e9eb,I288878,shopping_mall,anomaly,Zorlu Center,Mall of Istanbul,0.1239,high,Column 'shopping_mall' deviates from similar normal records.,True
ce9bc963-c351-4459-8087-6896970f8f78,I131684,payment_method,anomaly,Debit Card,Cash,0.0338,high,Column 'payment_method' deviates from similar normal records.,True
071385b4-05de-4d57-b536-147467ee80d2,I124729,shopping_mall,anomaly,Zorlu Center,Mall of Istanbul,0.0186,high,Column 'shopping_mall' deviates from similar normal records.,True
f0ae7fe8-8ed0-48f5-987b-04851dc1b018,I322119,payment_method,anomaly,Debit Card,Debit Card,0.1937,high,Column 'payment_method' deviates from similar normal records.,True
a02fb9ef-69eb-4e58-86c3-c122029442a2,I185069,shopping_mall,anomaly,Zorlu Center,Mall of Istanbul,0.0129,high,Column 'shopping_mall' deviates from similar normal records.,True
db93309a-0e15-4ae2-98e0-aa153a52f0e5,I115640,shopping_mall,anomaly,Cevahir AVM,Mall of Istanbul,0.0297,high,Column 'shopping_mall' deviates from similar normal records.,True
35c2a359-0ba4-451e-b02b-13382d9d9a4b,I254379,payment_method,anomaly,Debit Card,Cash,0.1474,high,Column 'payment_method' deviates from similar normal records.,True
b51b63da-3795-4827-8aaf-d208f11bfc48,I472551,category,anomaly,Souvenir,Food & Beverage,0.1107,high,Column 'category' deviates from similar normal records.,True
08d97952-0892-4349-b297-49b7fb299aca,I281908,shopping_mall,anomaly,Viaport Outlet,Mall of Istanbul,0.0179,high,Column 'shopping_mall' deviates from similar normal records.,True
033b8114-b012-48a2-a269-64d5dda733c3,I109158,shopping_mall,anomaly,Forum Istanbul,Mall of Istanbul,0.0525,high,Column 'shopping_mall' deviates from similar normal records.,True
07371ba5-a4aa-4b08-8833-3ebb2fdd8c54,I278286,shopping_mall,anomaly,Metrocity,Istinye Park,0.0817,high,Column 'shopping_mall' deviates from similar normal records.,True
1a839fd7-9dfb-4150-b98a-c692dcdeeed2,I472987,shopping_mall,anomaly,Cevahir AVM,Mall of Istanbul,0.1479,high,Column 'shopping_mall' deviates from similar normal records.,True
38b71c80-92c3-4b2c-b3b0-28388eeaba76,I131896,shopping_mall,anomaly,Zorlu Center,Istinye Park,0.0111,high,Column 'shopping_mall' deviates from similar normal records.,True
2daa6335-7709-4b64-b4e8-1013739c9632,I133579,shopping_mall,anomaly,Cevahir AVM,Cevahir AVM,0.0026,high,Column 'shopping_mall' deviates from similar normal records.,True
0f5a1a38-7e13-4ef1-b22a-e67f6af5dc66,I321236,category,anomaly,Souvenir,Food & Beverage,0.0509,high,Column 'category' deviates from similar normal records.,True
89213291-752d-4453-9a7a-342814cabcf9,I273831,shopping_mall,anomaly,Istinye Park,Mall of Istanbul,0.0437,high,Column 'shopping_mall' deviates from similar normal records.,True
82f7a494-c88c-45f0-b753-7551d33d1307,I572990,shopping_mall,anomaly,Viaport Outlet,Emaar Square Mall,0.0741,high,Column 'shopping_mall' deviates from similar normal records.,True
aaf3e6e2-7dad-43d6-9a9c-d29d51768bad,I291375,category,anomaly,Toys,Toys,0.0874,high,Column 'category' deviates from similar normal records.,True
be932169-592e-4836-899c-3f3986d5d948,I707253,shopping_mall,anomaly,Cevahir AVM,Cevahir AVM,0.0068,high,Column 'shopping_mall' deviates from similar normal records.,True
eef0edc4-c56a-4fa4-8226-cb0c4a665e13,I954071,gender,anomaly,Male,Male,0.0381,high,Column 'gender' deviates from similar normal records.,True
4c0b80ba-6c9c-4206-a278-a7c8a829a3fc,I264181,shopping_mall,anomaly,Forum Istanbul,Mall of Istanbul,0.0715,high,Column 'shopping_mall' deviates from similar normal records.,True
57a32c90-2c79-498d-abed-4ba2eaffc7bf,I131784,shopping_mall,anomaly,Metropol AVM,Mall of Istanbul,0.0016,high,Column 'shopping_mall' deviates from similar normal records.,True
96dd87f2-c2c4-4ab6-8950-f9829cc4f2ea,I478114,shopping_mall,anomaly,Metrocity,Mall of Istanbul,0.0645,high,Column 'shopping_mall' deviates from similar normal records.,True
a2baa5bb-73ec-4735-b61f-15f7141302a8,I193336,shopping_mall,anomaly,Viaport Outlet,Istinye Park,0.0639,high,Column 'shopping_mall' deviates from similar normal records.,True
79c9ba32-feb8-4f4d-9eaf-61e8de18f623,I433688,shopping_mall,anomaly,Zorlu Center,Mall of Istanbul,0.0034,high,Column 'shopping_mall' deviates from similar normal records.,True
f0273ceb-5838-4321-870d-42599292f044,I310241,shopping_mall,anomaly,Viaport Outlet,Viaport Outlet,0.0076,high,Column 'shopping_mall' deviates from similar normal records.,True
ef8a4c65-eddf-41ea-b319-3bbeb6697dad,I313541,age_group,anomaly,46_55,36_45,0.0667,medium,Column 'age_group' deviates from similar normal records.,True
8f510375-0e62-4518-b0f2-38db4d7f0404,I325667,shopping_mall,anomaly,Viaport Outlet,Kanyon,0.0221,high,Column 'shopping_mall' deviates from similar normal records.,True
60c162b6-ee2b-45ee-a40e-d2ef0a799a54,I118988,shopping_mall,anomaly,Viaport Outlet,Cevahir AVM,0.0521,high,Column 'shopping_mall' deviates from similar normal records.,True
3f7e791f-2bbb-408d-b7ba-86e4a0291998,I351506,shopping_mall,anomaly,Forum Istanbul,Kanyon,0.1101,high,Column 'shopping_mall' deviates from similar normal records.,True
c7716f9e-ddb8-411f-85b1-4d68352e8fc0,I602699,gender,anomaly,Male,Female,0.1524,high,Column 'gender' deviates from similar normal records.,True
1d7beec7-e547-4ead-8b20-75b73cd994cb,I278709,shopping_mall,anomaly,Forum Istanbul,Metropol AVM,0.0735,high,Column 'shopping_mall' deviates from similar normal records.,True
5c447589-6946-4bd6-b86d-1c95e9adfdfe,I285970,shopping_mall,anomaly,Viaport Outlet,Emaar Square Mall,0.0817,high,Column 'shopping_mall' deviates from similar normal records.,True
ed01a671-1d7b-4e93-9d4f-4421a1f5494d,I335926,payment_method,anomaly,Credit Card,Cash,0.0884,high,Column 'payment_method' deviates from similar normal records.,True
deb956cf-cbd0-4a43-aede-ea8b02458d37,I167048,shopping_mall,anomaly,Forum Istanbul,Emaar Square Mall,0.031,high,Column 'shopping_mall' deviates from similar normal records.,True
5228cf4c-133d-4103-8f00-374af44b2933,I333601,shopping_mall,anomaly,Istinye Park,Istinye Park,0.0218,high,Column 'shopping_mall' deviates from similar normal records.,True
651c5847-71c7-4463-9073-732717f0cdc7,I211775,shopping_mall,anomaly,Forum Istanbul,Kanyon,0.0731,high,Column 'shopping_mall' deviates from similar normal records.,True
894aa87b-1d4a-4185-b616-55ab7aa63316,I190672,shopping_mall,anomaly,Viaport Outlet,Emaar Square Mall,0.0593,high,Column 'shopping_mall' deviates from similar normal records.,True
1f5f616d-64aa-4f40-89f8-e7aff8d1c74a,I261689,shopping_mall,anomaly,Zorlu Center,Mall of Istanbul,0.0102,high,Column 'shopping_mall' deviates from similar normal records.,True
ee182b8e-fe49-4896-a9f7-0ebdd3542c2a,I126100,payment_method,anomaly,Debit Card,Cash,0.1849,high,Column 'payment_method' deviates from similar normal records.,True
4a0ee1de-7233-453b-b6af-2c0addf58161,I113134,shopping_mall,anomaly,Istinye Park,Metrocity,0.1248,high,Column 'shopping_mall' deviates from similar normal records.,True
0ae1ee1f-a0e6-45a3-9c35-cad640b2a237,I162524,shopping_mall,anomaly,Forum Istanbul,Mall of Istanbul,0.1365,high,Column 'shopping_mall' deviates from similar normal records.,True
cde868cc-0d6e-4784-8152-e9c382b9b7b9,I210882,shopping_mall,anomaly,Forum Istanbul,Kanyon,0.0586,high,Column 'shopping_mall' deviates from similar normal records.,True
1d4e6cd8-7a32-4bb4-8370-34fb85e71ce9,I150012,shopping_mall,anomaly,Emaar Square Mall,Mall of Istanbul,0.0817,high,Column 'shopping_mall' deviates from similar normal records.,True
d61dabd8-7461-4b1c-959e-5c95a14d8c9f,I806397,shopping_mall,anomaly,Viaport Outlet,Metrocity,0.0578,high,Column 'shopping_mall' deviates from similar normal records.,True
ed9d6e71-8527-431e-b4e8-c73f733e37e1,I264408,shopping_mall,anomaly,Metropol AVM,Istinye Park,0.0363,high,Column 'shopping_mall' deviates from similar normal records.,True
1e9b273d-0866-4e58-a35f-aec1379b3ab3,I131679,category,anomaly,Souvenir,Souvenir,0.0035,high,Column 'category' deviates from similar normal records.,True
d587b189-8fbe-483e-a17e-2f5fa802408c,I561238,shopping_mall,anomaly,Zorlu Center,Kanyon,0.0863,high,Column 'shopping_mall' deviates from similar normal records.,True
f2135dee-e9cb-4e20-a4aa-10311582dcc1,I789374,shopping_mall,anomaly,Viaport Outlet,Kanyon,0.0417,high,Column 'shopping_mall' deviates from similar normal records.,True
ffb21fb1-e305-4200-a1f5-ba23e04a7f0c,I312120,shopping_mall,anomaly,Forum Istanbul,Metropol AVM,0.0301,high,Column 'shopping_mall' deviates from similar normal records.,True
89aab832-320c-4af9-b151-aaf2a412c034,I229187,shopping_mall,anomaly,Zorlu Center,Cevahir AVM,0.1014,high,Column 'shopping_mall' deviates from similar normal records.,True
b622018e-3f4b-48b4-b9ce-da5896145119,I289004,shopping_mall,anomaly,Metropol AVM,Mall of Istanbul,0.0237,high,Column 'shopping_mall' deviates from similar normal records.,True
874fb4b3-9c2d-40c9-bda7-f097c68f5332,I511790,shopping_mall,anomaly,Emaar Square Mall,Kanyon,0.0659,high,Column 'shopping_mall' deviates from similar normal records.,True
87a57405-cf92-49e9-bdec-1c5cadfbb0dd,I165654,shopping_mall,anomaly,Zorlu Center,Cevahir AVM,0.0273,high,Column 'shopping_mall' deviates from similar normal records.,True
6e227608-b322-4176-bf2b-66150803fd3a,I132006,shopping_mall,anomaly,Forum Istanbul,Mall of Istanbul,0.0932,high,Column 'shopping_mall' deviates from similar normal records.,True
35566b55-07f1-4433-b563-5046ebd649a6,I245989,gender,anomaly,Male,Female,0.093,high,Column 'gender' deviates from similar normal records.,True
dc8d0271-8b02-4480-b843-62540ef4f359,I333209,payment_method,anomaly,Debit Card,Cash,0.0082,high,Column 'payment_method' deviates from similar normal records.,True
8f84f975-99f8-4c3b-8549-eb7ffb5c1127,I132262,shopping_mall,anomaly,Metropol AVM,Metrocity,0.1626,high,Column 'shopping_mall' deviates from similar normal records.,True
9fe31073-6951-4522-bb71-a55b25ce70cd,I493539,shopping_mall,anomaly,Emaar Square Mall,Emaar Square Mall,0.042,high,Column 'shopping_mall' deviates from similar normal records.,True
7eb8309d-83d7-41c0-a111-3f46e6af3351,I140971,shopping_mall,anomaly,Viaport Outlet,Forum Istanbul,0.034,high,Column 'shopping_mall' deviates from similar normal records.,True
1b47ad96-4671-40f3-bcf7-b9d9a9f4ab77,I215184,shopping_mall,anomaly,Emaar Square Mall,Mall of Istanbul,0.0945,high,Column 'shopping_mall' deviates from similar normal records.,True
46d67189-01e9-49ad-885b-b1af97201fe6,I483830,shopping_mall,anomaly,Viaport Outlet,Metropol AVM,0.0532,high,Column 'shopping_mall' deviates from similar normal records.,True
255f19c4-1593-4be2-b7da-b30f125675e6,I891558,shopping_mall,anomaly,Viaport Outlet,Istinye Park,0.0079,high,Column 'shopping_mall' deviates from similar normal records.,True
99f2ce64-bff7-42df-9239-675fca961699,I107883,shopping_mall,anomaly,Forum Istanbul,Metrocity,0.0658,high,Column 'shopping_mall' deviates from similar normal records.,True
b5a0eed0-be4c-40f6-aa86-b7adace98265,I302744,shopping_mall,anomaly,Viaport Outlet,Mall of Istanbul,0.1184,high,Column 'shopping_mall' deviates from similar normal records.,True
326c4480-bc26-4146-8070-239f2d6f26a0,I288379,payment_method,anomaly,Debit Card,Credit Card,0.223,high,Column 'payment_method' deviates from similar normal records.,True
079d8f3e-69d3-4161-b9a0-e777950a1ea0,I117192,shopping_mall,anomaly,Viaport Outlet,Kanyon,0.0105,high,Column 'shopping_mall' deviates from similar normal records.,True
c7289bf8-b8fa-4307-87bd-777becf803d6,I114499,payment_method,anomaly,Debit Card,Cash,0.0837,high,Column 'payment_method' deviates from similar normal records.,True
83f25a10-7b01-4784-880c-c3a7fe088189,I197153,shopping_mall,anomaly,Viaport Outlet,Viaport Outlet,0.0839,high,Column 'shopping_mall' deviates from similar normal records.,True
1a86cba3-b1c1-4d80-b14c-2448cec02700,I185809,shopping_mall,anomaly,Forum Istanbul,Istinye Park,0.0007,high,Column 'shopping_mall' deviates from similar normal records.,True
c8473eaf-9268-4a4b-8778-503a243bf549,I239917,category,anomaly,Souvenir,Books,0.0237,high,Column 'category' deviates from similar normal records.,True
ba4348c6-0184-4a25-b4dc-ccb5815eb3da,I207935,shopping_mall,anomaly,Forum Istanbul,Metrocity,0.168,high,Column 'shopping_mall' deviates from similar normal records.,True
a839c40e-719c-4560-a7ba-0d8719ee36b7,I952489,shopping_mall,anomaly,Metrocity,Metrocity,0.0182,high,Column 'shopping_mall' deviates from similar normal records.,True
6a1c1548-e65a-4e71-95d4-d8c1f0b39ab9,I232328,shopping_mall,anomaly,Viaport Outlet,Istinye Park,0.0321,high,Column 'shopping_mall' deviates from similar normal records.,True
8d3b26df-f382-45e9-a587-f887aa3ca889,I172231,payment_method,anomaly,Debit Card,Cash,0.0801,high,Column 'payment_method' deviates from similar normal records.,True
b203199e-c4f0-4a0c-aab4-803d0ce67547,I340072,payment_method,anomaly,Debit Card,Cash,0.1472,high,Column 'payment_method' deviates from similar normal records.,True
fd33bfed-e4cf-4df6-9f46-9b9265922294,I780426,gender,anomaly,Female,Female,0.0997,high,Column 'gender' deviates from similar normal records.,True
0c63ac23-5878-4e5c-a2f5-d2004e207236,I780426,shopping_mall,anomaly,Viaport Outlet,Forum Istanbul,0.0997,high,Column 'shopping_mall' deviates from similar normal records.,True
e088e2a7-1d34-46f2-baff-717154cdf1a8,I133186,category,anomaly,Books,Cosmetics,0.0572,high,Column 'category' deviates from similar normal records.,True
583e53bd-65d4-48ec-a6e5-78921f722e15,I153289,shopping_mall,anomaly,Metropol AVM,Mall of Istanbul,0.0548,high,Column 'shopping_mall' deviates from similar normal records.,True
ce45335f-f163-4cc8-85ab-b1178c192dcc,I305541,shopping_mall,anomaly,Zorlu Center,Emaar Square Mall,0.0073,high,Column 'shopping_mall' deviates from similar normal records.,True
784d4c5d-371f-47f0-b2ab-9037142f2457,I329962,shopping_mall,anomaly,Emaar Square Mall,Cevahir AVM,0.0342,high,Column 'shopping_mall' deviates from similar normal records.,True
d584ea54-4d68-4170-9806-770c286ea8ce,I200864,shopping_mall,anomaly,Forum Istanbul,Cevahir AVM,0.0927,high,Column 'shopping_mall' deviates from similar normal records.,True
df282b92-e769-4152-a194-b97612004eba,I180685,shopping_mall,anomaly,Metropol AVM,Istinye Park,0.0065,high,Column 'shopping_mall' deviates from similar normal records.,True
c1c11b62-58a5-43b3-8896-ccd666e5e6f3,I260556,shopping_mall,anomaly,Viaport Outlet,Cevahir AVM,0.0478,high,Column 'shopping_mall' deviates from similar normal records.,True
9c6a0b94-a587-4d83-b941-2c1962bc78ce,I162481,category,anomaly,Toys,Cosmetics,0.0452,high,Column 'category' deviates from similar normal records.,True
d18d4244-c69b-4a19-ab0b-ed639b84026c,I317137,shopping_mall,anomaly,Zorlu Center,Istinye Park,0.0212,high,Column 'shopping_mall' deviates from similar normal records.,True
bccf9710-76d7-4c9d-9a55-2991085c3a7b,I142647,shopping_mall,anomaly,Zorlu Center,Kanyon,0.0091,high,Column 'shopping_mall' deviates from similar normal records.,True
daee9580-97f3-44c9-97c2-4adca3372da1,I167124,payment_method,anomaly,Debit Card,Cash,0.0361,high,Column 'payment_method' deviates from similar normal records.,True
c3e82f3e-1cab-4fee-b9e4-7410a4f529b3,I650439,shopping_mall,anomaly,Zorlu Center,Kanyon,0.1201,high,Column 'shopping_mall' deviates from similar normal records.,True
12715d9e-65ad-42c6-b991-dfa6a60f48ca,I779982,shopping_mall,anomaly,Zorlu Center,Kanyon,0.0946,high,Column 'shopping_mall' deviates from similar normal records.,True
21e2b2b2-da06-4692-9059-dbf3532430fd,I344975,shopping_mall,anomaly,Kanyon,Cevahir AVM,0.0143,high,Column 'shopping_mall' deviates from similar normal records.,True
b86f8a82-7f9b-4e07-a0c5-b213ca665111,I226793,shopping_mall,anomaly,Zorlu Center,Mall of Istanbul,0.0072,high,Column 'shopping_mall' deviates from similar normal records.,True
a9313ee2-239f-479d-a934-015c97755f7a,I208400,payment_method,anomaly,Debit Card,Debit Card,0.0764,high,Column 'payment_method' deviates from similar normal records.,True
8e8b11d0-0269-4fbf-989c-29b894c7136b,I289371,shopping_mall,anomaly,Zorlu Center,Kanyon,0.0037,high,Column 'shopping_mall' deviates from similar normal records.,True
9fa6f784-c40e-47f6-9e1e-8a7d75b258c8,I233565,shopping_mall,anomaly,Zorlu Center,Istinye Park,0.0879,high,Column 'shopping_mall' deviates from similar normal records.,True
0bc1d131-ade4-423f-8904-cfc763286a15,I284715,shopping_mall,anomaly,Metrocity,Istinye Park,0.047,high,Column 'shopping_mall' deviates from similar normal records.,True
87a5d57a-d8eb-4bce-9de0-b62ad3808ed1,I100911,payment_method,anomaly,Credit Card,Cash,0.002,high,Column 'payment_method' deviates from similar normal records.,True
adf9d045-3a98-4ed2-93c6-6a89e97749bb,I100911,shopping_mall,anomaly,Metrocity,Kanyon,0.002,high,Column 'shopping_mall' deviates from similar normal records.,True
7664dada-8c71-4794-8dc8-62763d1a84b3,I159332,shopping_mall,anomaly,Metrocity,Mall of Istanbul,0.0241,high,Column 'shopping_mall' deviates from similar normal records.,True
812fdf9b-54e4-410a-ac03-611cfdd7a2cb,I322537,shopping_mall,anomaly,Viaport Outlet,Kanyon,0.0493,high,Column 'shopping_mall' deviates from similar normal records.,True
f14a3dfa-f20b-4607-af80-80b1050da654,I320388,category,anomaly,Cosmetics,Cosmetics,0.1276,high,Column 'category' deviates from similar normal records.,True
960bd6f4-bc95-4c6e-bbea-a052ed69dcd1,I133977,shopping_mall,anomaly,Zorlu Center,Kanyon,0.0199,high,Column 'shopping_mall' deviates from similar normal records.,True
fe3b55fc-d22d-4b07-bffb-917f97ed58ca,I165948,shopping_mall,anomaly,Viaport Outlet,Istinye Park,0.0405,high,Column 'shopping_mall' deviates from similar normal records.,True
3f0514a3-b75c-4f76-a1e2-9b1917f1e8b0,I278203,shopping_mall,anomaly,Mall of Istanbul,Forum Istanbul,0.0007,high,Column 'shopping_mall' deviates from similar normal records.,True
a9059b57-1129-4c45-90c4-38f80f34d377,I279728,shopping_mall,anomaly,Emaar Square Mall,Mall of Istanbul,0.0202,high,Column 'shopping_mall' deviates from similar normal records.,True
d95aa502-e88e-4121-a1be-2bccd9e2e51a,I334784,shopping_mall,anomaly,Zorlu Center,Metrocity,0.0321,high,Column 'shopping_mall' deviates from similar normal records.,True
e3c7eace-7161-4e54-a4fb-a716b471df95,I123886,shopping_mall,anomaly,Forum Istanbul,Metrocity,0.1629,high,Column 'shopping_mall' deviates from similar normal records.,True
cd62eb3d-d411-44db-8701-ff9b59cc843a,I259119,shopping_mall,anomaly,Zorlu Center,Kanyon,0.0643,high,Column 'shopping_mall' deviates from similar normal records.,True
d4ee238c-882a-4060-b861-36192cb3d036,I248638,shopping_mall,anomaly,Emaar Square Mall,Metrocity,0.0118,high,Column 'shopping_mall' deviates from similar normal records.,True
e7b6b27d-addc-4a38-abf3-6b741589e175,I822257,payment_method,anomaly,Debit Card,Cash,0.032,high,Column 'payment_method' deviates from similar normal records.,True
175a2c66-9bae-47ae-a63b-5c59fa2dd749,I207450,shopping_mall,anomaly,Emaar Square Mall,Mall of Istanbul,0.0228,high,Column 'shopping_mall' deviates from similar normal records.,True
426669a7-efe4-4c8f-ba93-084aaf125104,I209927,shopping_mall,anomaly,Forum Istanbul,Istinye Park,0.06,high,Column 'shopping_mall' deviates from similar normal records.,True
f6b0bc24-256d-490a-bd51-bdb0ef287fd0,I245258,shopping_mall,anomaly,Forum Istanbul,Forum Istanbul,0.0071,high,Column 'shopping_mall' deviates from similar normal records.,True
10a53410-bb4c-4880-a102-9da2d6ff8642,I152925,shopping_mall,anomaly,Viaport Outlet,Forum Istanbul,0.0488,high,Column 'shopping_mall' deviates from similar normal records.,True
1e37c75c-b201-4072-9f24-ab99f6bfa2a0,I332412,payment_method,anomaly,Debit Card,Cash,0.1365,high,Column 'payment_method' deviates from similar normal records.,True
75f3a0f9-d538-4a91-a3a4-e2cdd52bd309,I278649,shopping_mall,anomaly,Viaport Outlet,Metropol AVM,0.0822,high,Column 'shopping_mall' deviates from similar normal records.,True
0e9e5211-a212-4836-a531-0790c6e63863,I321812,shopping_mall,anomaly,Emaar Square Mall,Cevahir AVM,0.0186,high,Column 'shopping_mall' deviates from similar normal records.,True
29bf1d03-6bb9-40fc-9ef6-5d5946358ddd,I228698,shopping_mall,anomaly,Emaar Square Mall,Emaar Square Mall,0.0159,high,Column 'shopping_mall' deviates from similar normal records.,True
d3ba2f0b-6da6-4802-a757-a05cea4ecadb,I162189,shopping_mall,anomaly,Metropol AVM,Metropol AVM,0.0635,high,Column 'shopping_mall' deviates from similar normal records.,True
52bf2b9b-8dff-4261-bf15-88a7dd8d1fea,I422843,shopping_mall,anomaly,Forum Istanbul,Cevahir AVM,0.0394,high,Column 'shopping_mall' deviates from similar normal records.,True
7239cde2-8b16-442b-b845-ddffd9873f92,I150601,shopping_mall,anomaly,Viaport Outlet,Kanyon,0.0407,high,Column 'shopping_mall' deviates from similar normal records.,True
8e30cb40-a643-4e00-9baa-1d4f8e6b7d3f,I271416,shopping_mall,anomaly,Metropol AVM,Mall of Istanbul,0.0079,high,Column 'shopping_mall' deviates from similar normal records.,True
69843c52-853c-485b-84bb-992837da0670,I160925,shopping_mall,anomaly,Mall of Istanbul,Mall of Istanbul,0.0586,high,Column 'shopping_mall' deviates from similar normal records.,True
9d01e84d-56cc-44d6-87d9-9c64920deadf,I217070,payment_method,anomaly,Credit Card,Cash,0.042,high,Column 'payment_method' deviates from similar normal records.,True
a9372ee4-e934-4fb2-bae2-35a6dc643d8c,I217070,shopping_mall,anomaly,Forum Istanbul,Metrocity,0.042,high,Column 'shopping_mall' deviates from similar normal records.,True
93ed3671-179c-4c80-9c60-cdae322388e8,I199167,shopping_mall,anomaly,Viaport Outlet,Emaar Square Mall,0.0104,high,Column 'shopping_mall' deviates from similar normal records.,True
ef5448f7-464a-47f5-b9d9-ef468d4b0668,I194943,shopping_mall,anomaly,Cevahir AVM,Cevahir AVM,0.1012,high,Column 'shopping_mall' deviates from similar normal records.,True
5525cb8e-de39-4858-9ebd-b4cb957fd2e9,I289455,shopping_mall,anomaly,Metrocity,Metrocity,0.0444,high,Column 'shopping_mall' deviates from similar normal records.,True
65f4a994-da5f-4f26-a4f5-9b855f81d8b7,I298560,shopping_mall,anomaly,Cevahir AVM,Cevahir AVM,0.0739,high,Column 'shopping_mall' deviates from similar normal records.,True
e290ad59-fe06-4df1-afc5-863819e26157,I134740,shopping_mall,anomaly,Viaport Outlet,Emaar Square Mall,0.0026,high,Column 'shopping_mall' deviates from similar normal records.,True
fdde8a5e-e351-41d3-b59d-2b8b776a8aa2,I945015,payment_method,anomaly,Debit Card,Cash,0.1624,high,Column 'payment_method' deviates from similar normal records.,True
e57ea97d-770e-4043-9304-f1929563f66b,I282873,category,anomaly,Souvenir,Cosmetics,0.0362,high,Column 'category' deviates from similar normal records.,True
5496da7b-0910-4f36-afd1-34f13d1d00ba,I313574,shopping_mall,anomaly,Forum Istanbul,Forum Istanbul,0.0657,high,Column 'shopping_mall' deviates from similar normal records.,True
8c9a798e-1d96-40ba-a87d-16fddfb133f5,I242381,shopping_mall,anomaly,Viaport Outlet,Metrocity,0.068,high,Column 'shopping_mall' deviates from similar normal records.,True
3fbf34cf-535c-4d69-be31-f27138ca4f8a,I679731,shopping_mall,anomaly,Forum Istanbul,Forum Istanbul,0.0178,high,Column 'shopping_mall' deviates from similar normal records.,True
56538a88-aace-4b83-a3d9-5ea925244175,I276905,shopping_mall,anomaly,Forum Istanbul,Mall of Istanbul,0.0358,high,Column 'shopping_mall' deviates from similar normal records.,True
f87676de-adfd-4f95-be4f-605192ea5042,I203816,payment_method,anomaly,Debit Card,Credit Card,0.0397,high,Column 'payment_method' deviates from similar normal records.,True
dcb21179-a363-4879-9ce4-d382f4eca4e1,I219745,shopping_mall,anomaly,Emaar Square Mall,Emaar Square Mall,0.0043,high,Column 'shopping_mall' deviates from similar normal records.,True
9ae42ef1-898f-4a60-89cb-593a65a01a72,I276082,shopping_mall,anomaly,Istinye Park,Istinye Park,0.1521,high,Column 'shopping_mall' deviates from similar normal records.,True
35e991b7-aee1-4347-a55f-9d12e50c121e,I283882,shopping_mall,anomaly,Metrocity,Mall of Istanbul,0.0633,high,Column 'shopping_mall' deviates from similar normal records.,True
8ab77c68-fd18-466a-b29d-f09161c11ed3,I305569,shopping_mall,anomaly,Zorlu Center,Kanyon,0.0543,high,Column 'shopping_mall' deviates from similar normal records.,True
32fd2f55-52ee-44ad-afc0-7ee4291f233f,I120046,payment_method,anomaly,Debit Card,Credit Card,0.0632,high,Column 'payment_method' deviates from similar normal records.,True
0b75a598-e193-43ca-a8c8-86189a8da820,I815253,shopping_mall,anomaly,Viaport Outlet,Viaport Outlet,0.0245,high,Column 'shopping_mall' deviates from similar normal records.,True
14b14c3d-30ec-4311-9b59-e7e9ac3b3a71,I318813,shopping_mall,anomaly,Forum Istanbul,Forum Istanbul,0.0099,high,Column 'shopping_mall' deviates from similar normal records.,True
27fe220f-cf69-4763-b2d2-f92a6e16d8ae,I167938,shopping_mall,anomaly,Metrocity,Kanyon,0.0079,high,Column 'shopping_mall' deviates from similar normal records.,True
e8b35e4c-d7a3-4ec7-a9f2-4e632e1035b9,I263515,shopping_mall,anomaly,Viaport Outlet,Kanyon,0.0454,high,Column 'shopping_mall' deviates from similar normal records.,True
96e2596b-1bc6-425d-8692-c39a0c9076d1,I133536,payment_method,anomaly,Debit Card,Cash,0.0088,high,Column 'payment_method' deviates from similar normal records.,True
edf4bdb8-9dde-4f13-ab70-54b0d4591387,I303691,shopping_mall,anomaly,Zorlu Center,Kanyon,0.0284,high,Column 'shopping_mall' deviates from similar normal records.,True
692c1e95-ec35-4194-afd9-9baa66a953b0,I308587,category,anomaly,Souvenir,Books,0.0861,high,Column 'category' deviates from similar normal records.,True
d60075b5-9cd2-4207-b371-f3ea6ae5d8a7,I317655,shopping_mall,anomaly,Forum Istanbul,Kanyon,0.0587,high,Column 'shopping_mall' deviates from similar normal records.,True
48adb349-cb13-415d-9f17-24383a311267,I185458,shopping_mall,anomaly,Metrocity,Metrocity,0.1479,high,Column 'shopping_mall' deviates from similar normal records.,True
2b72dcf0-bbda-442e-ac27-e4fb9564fd9f,I161894,category,anomaly,Souvenir,Food & Beverage,0.0753,high,Column 'category' deviates from similar normal records.,True
29403295-8f85-4a30-aebb-49a04d11673c,I962152,shopping_mall,anomaly,Zorlu Center,Metrocity,0.0655,high,Column 'shopping_mall' deviates from similar normal records.,True
97f72c71-144f-4f60-af9f-cd3266eb9606,I265430,shopping_mall,anomaly,Zorlu Center,Metropol AVM,0.0321,high,Column 'shopping_mall' deviates from similar normal records.,True
dce89503-6de9-4d23-9bdf-01dc727954f9,I269853,shopping_mall,anomaly,Kanyon,Kanyon,0.0942,high,Column 'shopping_mall' deviates from similar normal records.,True
fb67b83e-956e-4e08-b590-f9ab251ae66a,I333918,shopping_mall,anomaly,Viaport Outlet,Emaar Square Mall,0.0594,high,Column 'shopping_mall' deviates from similar normal records.,True
3e382b8e-b289-48ac-a5a6-8a32e9b9828d,I707177,shopping_mall,anomaly,Viaport Outlet,Kanyon,0.0171,high,Column 'shopping_mall' deviates from similar normal records.,True
c5cbecef-3562-45b4-bf93-0456b108abac,I533383,shopping_mall,anomaly,Metropol AVM,Mall of Istanbul,0.0344,high,Column 'shopping_mall' deviates from similar normal records.,True
4dbd1baa-a52a-4a23-a033-1bbccea3236f,I164832,shopping_mall,anomaly,Forum Istanbul,Kanyon,0.0097,high,Column 'shopping_mall' deviates from similar normal records.,True
b1d2810d-6c50-4f08-aa24-7028d1fde7c9,I314313,shopping_mall,anomaly,Emaar Square Mall,Emaar Square Mall,0.0617,high,Column 'shopping_mall' deviates from similar normal records.,True
88505d80-5ab3-40a6-ad1f-90c4dffe697e,I622019,shopping_mall,anomaly,Viaport Outlet,Emaar Square Mall,0.0818,high,Column 'shopping_mall' deviates from similar normal records.,True
ce0379cd-7974-44da-8fb0-1ade834d4bdd,I204083,shopping_mall,anomaly,Viaport Outlet,Mall of Istanbul,0.1963,high,Column 'shopping_mall' deviates from similar normal records.,True
177f39eb-411f-462c-9e5c-be31d7a4de15,I261372,shopping_mall,anomaly,Viaport Outlet,Istinye Park,0.0405,high,Column 'shopping_mall' deviates from similar normal records.,True
3927792e-80b4-476f-bf81-939c288bb8d4,I414220,payment_method,anomaly,Debit Card,Cash,0.0501,high,Column 'payment_method' deviates from similar normal records.,True
d17991ab-b592-4899-9d98-27bbe7578920,I816878,shopping_mall,anomaly,Forum Istanbul,Cevahir AVM,0.0121,high,Column 'shopping_mall' deviates from similar normal records.,True
5c3a743b-b067-42f3-aa10-d4a0483c0b63,I638469,shopping_mall,anomaly,Emaar Square Mall,Mall of Istanbul,0.136,high,Column 'shopping_mall' deviates from similar normal records.,True
981cab5c-129d-4dc3-a5dd-7690736c38db,I695570,shopping_mall,anomaly,Zorlu Center,Kanyon,0.0353,high,Column 'shopping_mall' deviates from similar normal records.,True
fe55a533-24bb-4290-8fe7-809957dcea2a,I322281,shopping_mall,anomaly,Forum Istanbul,Mall of Istanbul,0.1331,high,Column 'shopping_mall' deviates from similar normal records.,True
0add4418-73ca-436f-b711-db77f497c638,I745304,payment_method,anomaly,Debit Card,Cash,0.0443,high,Column 'payment_method' deviates from similar normal records.,True
19221835-eaaa-4776-bf14-21207f1a8400,I105302,shopping_mall,anomaly,Emaar Square Mall,Kanyon,0.008,high,Column 'shopping_mall' deviates from similar normal records.,True
79d37fdb-659f-4ec0-ac81-1fb3bc48d2d3,I138114,shopping_mall,anomaly,Zorlu Center,Istinye Park,0.1401,high,Column 'shopping_mall' deviates from similar normal records.,True
9483e95c-44ec-4a0e-acd1-d1489305733f,I150806,category,anomaly,Books,Food & Beverage,0.1674,high,Column 'category' deviates from similar normal records.,True
d390e421-8ad2-43ac-abf2-760055660dea,I281638,shopping_mall,anomaly,Viaport Outlet,Mall of Istanbul,0.0005,high,Column 'shopping_mall' deviates from similar normal records.,True
fac08da7-e420-464b-9455-69170f216a6b,I224276,shopping_mall,anomaly,Viaport Outlet,Kanyon,0.0343,high,Column 'shopping_mall' deviates from similar normal records.,True
cb7b705f-0c30-4761-b5e8-152d7be3cdb7,I186816,category,anomaly,Souvenir,Cosmetics,0.0454,high,Column 'category' deviates from similar normal records.,True
688f95db-0c1e-4505-8339-88947cc5e33a,I214864,shopping_mall,anomaly,Metrocity,Metrocity,0.0227,high,Column 'shopping_mall' deviates from similar normal records.,True
a22e6277-03e4-49fd-b923-f6796bc15f02,I162108,shopping_mall,anomaly,Viaport Outlet,Istinye Park,0.1486,high,Column 'shopping_mall' deviates from similar normal records.,True
0444e6f2-f4e0-4f1a-805c-c6f7bda63880,I250244,shopping_mall,anomaly,Forum Istanbul,Kanyon,0.0281,high,Column 'shopping_mall' deviates from similar normal records.,True
998d852f-e485-44da-a4d8-9b033857f783,I210842,shopping_mall,anomaly,Viaport Outlet,Mall of Istanbul,0.0634,high,Column 'shopping_mall' deviates from similar normal records.,True
67d85823-5c5a-47c6-8091-2062bfa70a98,I203065,shopping_mall,anomaly,Emaar Square Mall,Emaar Square Mall,0.0354,high,Column 'shopping_mall' deviates from similar normal records.,True
d216100d-d666-49d1-88d6-4a11b2ee876b,I108369,shopping_mall,anomaly,Viaport Outlet,Mall of Istanbul,0.0147,high,Column 'shopping_mall' deviates from similar normal records.,True
f11ae0fe-325b-4443-acda-e9cfcb9860c6,I164875,shopping_mall,anomaly,Emaar Square Mall,Metropol AVM,0.0405,high,Column 'shopping_mall' deviates from similar normal records.,True
62b89330-7c0d-4c0e-ad8c-5d3b63fc7577,I295103,category,anomaly,Souvenir,Toys,0.0812,high,Column 'category' deviates from similar normal records.,True
1ef5ba99-b1ea-4c41-b26a-a571ba8eb1a5,I194942,payment_method,anomaly,Debit Card,Debit Card,0.0056,high,Column 'payment_method' deviates from similar normal records.,True
d7bb976a-aa56-43bd-b8c8-6786849764bd,I457685,shopping_mall,anomaly,Mall of Istanbul,Kanyon,0.0126,high,Column 'shopping_mall' deviates from similar normal records.,True
8bd4d072-e951-4a74-951c-b3ebb9680bd6,I229265,payment_method,anomaly,Debit Card,Cash,0.046,high,Column 'payment_method' deviates from similar normal records.,True
464aed5a-2293-4cb7-a674-b95cca6e82ba,I473241,shopping_mall,anomaly,Cevahir AVM,Cevahir AVM,0.0248,high,Column 'shopping_mall' deviates from similar normal records.,True
5c3c6715-3b06-45ed-9f78-63cbcd9e17e1,I332814,gender,anomaly,Male,Male,0.1403,high,Column 'gender' deviates from similar normal records.,True
028c0fb5-a148-4f00-93d3-19048e8b51ea,I734969,shopping_mall,anomaly,Zorlu Center,Mall of Istanbul,0.0105,high,Column 'shopping_mall' deviates from similar normal records.,True
5fd47223-3e1e-4924-873f-a35d56690cde,I192953,shopping_mall,anomaly,Viaport Outlet,Istinye Park,0.0153,high,Column 'shopping_mall' deviates from similar normal records.,True
2f12ffda-5228-4e60-ae91-209840bd301b,I123414,category,anomaly,Souvenir,Food & Beverage,0.0459,high,Column 'category' deviates from similar normal records.,True
806f5bb5-8ce5-4978-862b-3a5b8ad2efac,I891069,shopping_mall,anomaly,Zorlu Center,Kanyon,0.0993,high,Column 'shopping_mall' deviates from similar normal records.,True
7c8a2813-6c3b-4ecf-be92-d9bbc5ae6afc,I277107,payment_method,anomaly,Debit Card,Cash,0.0128,high,Column 'payment_method' deviates from similar normal records.,True
1429f1c4-49d9-42da-a2b8-952e4fa5b609,I327309,shopping_mall,anomaly,Cevahir AVM,Cevahir AVM,0.2526,high,Column 'shopping_mall' deviates from similar normal records.,True
1bc68cd3-d1bf-44a4-8dac-384c29d5bbbc,I335995,shopping_mall,anomaly,Emaar Square Mall,Mall of Istanbul,0.0085,high,Column 'shopping_mall' deviates from similar normal records.,True
cb203d0e-0203-4e7d-9b51-13b2dc42b75d,I312000,shopping_mall,anomaly,Zorlu Center,Cevahir AVM,0.0477,high,Column 'shopping_mall' deviates from similar normal records.,True
664bce32-485c-46f7-9117-76f2cb89eb37,I863900,shopping_mall,anomaly,Cevahir AVM,Cevahir AVM,0.0105,high,Column 'shopping_mall' deviates from similar normal records.,True
840b7aca-f0c5-4389-9fdd-ce47aef2c84b,I227328,payment_method,anomaly,Debit Card,Cash,0.0061,high,Column 'payment_method' deviates from similar normal records.,True
7fed1a0c-7187-4457-ba61-0d2dfa16d8c0,I298687,shopping_mall,anomaly,Cevahir AVM,Cevahir AVM,0.0004,high,Column 'shopping_mall' deviates from similar normal records.,True
0e4af3ae-535e-40d6-b8ca-351eed8c9340,I139494,shopping_mall,anomaly,Cevahir AVM,Kanyon,0.0986,high,Column 'shopping_mall' deviates from similar normal records.,True
c9e6aff5-3de2-4c9e-beec-61dd75b283ea,I294475,shopping_mall,anomaly,Cevahir AVM,Cevahir AVM,0.0144,high,Column 'shopping_mall' deviates from similar normal records.,True
b27290e9-a6a8-4d47-952b-ffeff93065d9,I220192,shopping_mall,anomaly,Emaar Square Mall,Metrocity,0.0296,high,Column 'shopping_mall' deviates from similar normal records.,True
9107a5c3-50c1-4be9-b9e6-f2fcfdc6b979,I602776,category,anomaly,Food & Beverage,Food & Beverage,0.0017,high,Column 'category' deviates from similar normal records.,True
a2bcbab0-4edb-4c37-8cee-ce64fb4991aa,I165352,shopping_mall,anomaly,Cevahir AVM,Cevahir AVM,0.0338,high,Column 'shopping_mall' deviates from similar normal records.,True
c5ebefd1-92b5-4433-bff6-0f05de8b0819,I291613,shopping_mall,anomaly,Viaport Outlet,Mall of Istanbul,0.0409,high,Column 'shopping_mall' deviates from similar normal records.,True
a37d3574-a734-4d13-a039-09823f87f648,I122753,shopping_mall,anomaly,Zorlu Center,Metrocity,0.0786,high,Column 'shopping_mall' deviates from similar normal records.,True
6e7923aa-a77f-404e-91f1-6ed17f1ba7c0,I176784,category,anomaly,Souvenir,Souvenir,0.0751,high,Column 'category' deviates from similar normal records.,True
e5f1fdd9-e67a-429d-be1b-056d25b66de4,I220264,shopping_mall,anomaly,Metropol AVM,Metropol AVM,0.0768,high,Column 'shopping_mall' deviates from similar normal records.,True
5cfbfe53-908b-44cf-9881-036c22ce1279,I164781,shopping_mall,anomaly,Forum Istanbul,Forum Istanbul,0.1151,high,Column 'shopping_mall' deviates from similar normal records.,True
7873012f-b999-4f33-9bde-4628e13b4053,I280954,shopping_mall,anomaly,Forum Istanbul,Forum Istanbul,0.0574,high,Column 'shopping_mall' deviates from similar normal records.,True
f3ea5a41-bfdf-4fbb-a5d2-88f1152e3b5b,I160099,shopping_mall,anomaly,Zorlu Center,Zorlu Center,0.0184,high,Column 'shopping_mall' deviates from similar normal records.,True
37ecf3c2-a72a-4159-ad90-3db759b394a0,I153221,shopping_mall,anomaly,Emaar Square Mall,Istinye Park,0.0196,high,Column 'shopping_mall' deviates from similar normal records.,True
0ff2eaaf-1cb9-4edb-a7cd-374af79fd5ad,I306144,shopping_mall,anomaly,Forum Istanbul,Kanyon,0.0194,high,Column 'shopping_mall' deviates from similar normal records.,True
3d0972f7-c8e0-450a-b260-b775dd75cb58,I163763,shopping_mall,anomaly,Metropol AVM,Emaar Square Mall,0.0468,high,Column 'shopping_mall' deviates from similar normal records.,True
bd679b2c-edd8-4dc4-b116-68989048bc00,I242928,shopping_mall,anomaly,Emaar Square Mall,Metropol AVM,0.0082,high,Column 'shopping_mall' deviates from similar normal records.,True
2add5161-2950-4c7e-8f42-529db792ebd1,I121448,shopping_mall,anomaly,Cevahir AVM,Metrocity,0.0763,high,Column 'shopping_mall' deviates from similar normal records.,True
269630fd-4b1c-4b50-9121-80e949549641,I285624,shopping_mall,anomaly,Viaport Outlet,Metropol AVM,0.1016,high,Column 'shopping_mall' deviates from similar normal records.,True
13b5b0f4-9219-4669-a965-5eb651e63bfe,I176458,payment_method,anomaly,Debit Card,Cash,0.0178,high,Column 'payment_method' deviates from similar normal records.,True
cfffae9e-01ca-4b3d-b9d6-a089edc3fec0,I256915,shopping_mall,anomaly,Zorlu Center,Metropol AVM,0.0559,high,Column 'shopping_mall' deviates from similar normal records.,True
a58b4a80-a63c-4f59-a3a7-c0c07f5649ce,I315677,shopping_mall,anomaly,Metrocity,Mall of Istanbul,0.011,high,Column 'shopping_mall' deviates from similar normal records.,True
8930efb5-0cd7-432f-80de-dc580e478c69,I308597,shopping_mall,anomaly,Viaport Outlet,Forum Istanbul,0.1221,high,Column 'shopping_mall' deviates from similar normal records.,True
c9a8cc19-63cc-481b-a24e-d6231899e0f1,I324733,category,anomaly,Souvenir,Food & Beverage,0.0182,high,Column 'category' deviates from similar normal records.,True
c5f8d12e-ed71-44c4-839a-bc8251410cfa,I528714,shopping_mall,anomaly,Emaar Square Mall,Kanyon,0.1117,high,Column 'shopping_mall' deviates from similar normal records.,True
cd656e5b-3dda-4e01-b2e6-e8785b220628,I470653,shopping_mall,anomaly,Zorlu Center,Kanyon,0.0298,high,Column 'shopping_mall' deviates from similar normal records.,True
40de777a-7f17-4fb8-b9d9-f2dc31d5c677,I295649,category,anomaly,Souvenir,Books,0.0247,high,Column 'category' deviates from similar normal records.,True
6ed6f851-043c-461e-9e4c-137fdd25c730,I294675,shopping_mall,anomaly,Cevahir AVM,Kanyon,0.003,high,Column 'shopping_mall' deviates from similar normal records.,True
e25dd0de-c16b-4189-96cc-26342957541c,I151118,shopping_mall,anomaly,Metropol AVM,Kanyon,0.0261,high,Column 'shopping_mall' deviates from similar normal records.,True
64dafde7-e24a-4a7c-b895-8f682fc87dc7,I260875,shopping_mall,anomaly,Metrocity,Kanyon,0.0161,high,Column 'shopping_mall' deviates from similar normal records.,True
2009b85b-9cde-495c-8cfe-8f00d3ae08ef,I290935,shopping_mall,anomaly,Metropol AVM,Kanyon,0.0373,high,Column 'shopping_mall' deviates from similar normal records.,True
c7688a68-00ea-43fa-8682-67b1dfa91c07,I320191,shopping_mall,anomaly,Zorlu Center,Istinye Park,0.0292,high,Column 'shopping_mall' deviates from similar normal records.,True
283055a5-89ec-4789-952c-99e0a67501bf,I245974,shopping_mall,anomaly,Viaport Outlet,Istinye Park,0.0268,high,Column 'shopping_mall' deviates from similar normal records.,True
84aae78e-beb1-4314-8fa7-425fe4e0ee2e,I538256,shopping_mall,anomaly,Viaport Outlet,Istinye Park,0.0106,high,Column 'shopping_mall' deviates from similar normal records.,True
91b338cb-de33-4548-8907-8a2f256703f4,I317622,shopping_mall,anomaly,Emaar Square Mall,Emaar Square Mall,0.0973,high,Column 'shopping_mall' deviates from similar normal records.,True
9bce5c41-9655-4045-97ff-b608f8628d88,I269966,category,anomaly,Souvenir,Food & Beverage,0.0271,high,Column 'category' deviates from similar normal records.,True
277dce21-b6fb-421c-8828-a116d193250b,I398585,shopping_mall,anomaly,Zorlu Center,Kanyon,0.0111,high,Column 'shopping_mall' deviates from similar normal records.,True
9b7a9bf8-4325-43a2-a6b7-ccff06c8d6c8,I326189,shopping_mall,anomaly,Zorlu Center,Cevahir AVM,0.0721,high,Column 'shopping_mall' deviates from similar normal records.,True
bb390f53-b13a-481c-b6ec-4735975f2266,I140842,shopping_mall,anomaly,Zorlu Center,Kanyon,0.0148,high,Column 'shopping_mall' deviates from similar normal records.,True
230143c4-e6a1-496d-a662-c103061f3837,I224475,shopping_mall,anomaly,Viaport Outlet,Istinye Park,0.0507,high,Column 'shopping_mall' deviates from similar normal records.,True
b62b7607-0a18-41f4-9cbb-58b86ca727f6,I279631,category,anomaly,Souvenir,Food & Beverage,0.0683,high,Column 'category' deviates from similar normal records.,True
e837b8c6-dafb-4ad0-8a81-48302e8fc13a,I256318,payment_method,anomaly,Debit Card,Credit Card,0.0089,high,Column 'payment_method' deviates from similar normal records.,True
4d6b342d-1683-4385-b68a-ca2e3c6c8f69,I246506,shopping_mall,anomaly,Forum Istanbul,Forum Istanbul,0.1974,high,Column 'shopping_mall' deviates from similar normal records.,True
cc3ee8ce-a33e-46a8-9a4c-a984db7c4423,I223466,shopping_mall,anomaly,Forum Istanbul,Forum Istanbul,0.001,high,Column 'shopping_mall' deviates from similar normal records.,True
f339c5ab-fe50-4ecd-9c33-ea67f900f284,I264139,shopping_mall,anomaly,Forum Istanbul,Emaar Square Mall,0.0948,high,Column 'shopping_mall' deviates from similar normal records.,True
572e1d2a-707e-4589-9290-4b016a928473,I255705,shopping_mall,anomaly,Viaport Outlet,Mall of Istanbul,0.0154,high,Column 'shopping_mall' deviates from similar normal records.,True
abe4c662-41de-439c-87c1-6c1a0e9414a3,I246059,shopping_mall,anomaly,Viaport Outlet,Viaport Outlet,0.0738,high,Column 'shopping_mall' deviates from similar normal records.,True
e950b34d-aec9-4887-9645-bce73a3e5174,I743434,category,anomaly,Toys,Toys,0.1869,high,Column 'category' deviates from similar normal records.,True
8be4c664-1400-4926-a705-4dbec8c04948,I924625,payment_method,anomaly,Debit Card,Cash,0.0049,high,Column 'payment_method' deviates from similar normal records.,True
da5581ee-c8e8-468c-ac84-37bbed0f9360,I330751,shopping_mall,anomaly,Zorlu Center,Kanyon,0.0376,high,Column 'shopping_mall' deviates from similar normal records.,True
3b1e0ebf-8c82-45e0-8741-5c9743366d64,I128315,shopping_mall,anomaly,Metrocity,Kanyon,0.0237,high,Column 'shopping_mall' deviates from similar normal records.,True
eace1029-6577-4e91-835d-b45e99e59c86,I103854,shopping_mall,anomaly,Emaar Square Mall,Mall of Istanbul,0.1298,high,Column 'shopping_mall' deviates from similar normal records.,True
19b05985-dc9b-4bc4-9dcb-097611aa7607,I104590,category,anomaly,Books,Books,0.0537,high,Column 'category' deviates from similar normal records.,True
32008355-41d6-4187-b2ee-ec5c295b7d88,I285912,shopping_mall,anomaly,Forum Istanbul,Kanyon,0.0093,high,Column 'shopping_mall' deviates from similar normal records.,True
94af6290-d4e4-4f57-a0e3-c4fa3dcc1e93,I133609,shopping_mall,anomaly,Viaport Outlet,Istinye Park,0.0109,high,Column 'shopping_mall' deviates from similar normal records.,True
def896cc-e801-4a5c-ba25-e5cf30e9199a,I146501,shopping_mall,anomaly,Viaport Outlet,Istinye Park,0.0197,high,Column 'shopping_mall' deviates from similar normal records.,True
afe4850f-1e06-4c27-bb86-0eab00e7f790,I117899,shopping_mall,anomaly,Viaport Outlet,Mall of Istanbul,0.1596,high,Column 'shopping_mall' deviates from similar normal records.,True
3b814d3c-908f-4906-b635-50efcad4a883,I290403,shopping_mall,anomaly,Viaport Outlet,Forum Istanbul,0.0117,high,Column 'shopping_mall' deviates from similar normal records.,True
8625253b-085d-4f98-91da-cc4624629835,I699078,shopping_mall,anomaly,Mall of Istanbul,Emaar Square Mall,0.0655,high,Column 'shopping_mall' deviates from similar normal records.,True
5a883521-7521-43e6-b12c-1ee29cfd15c9,I258138,payment_method,anomaly,Debit Card,Cash,0.0423,high,Column 'payment_method' deviates from similar normal records.,True
046c0746-dd3f-465c-bc15-051665552bd9,I172903,shopping_mall,anomaly,Metropol AVM,Mall of Istanbul,0.1657,high,Column 'shopping_mall' deviates from similar normal records.,True
dcd690e9-b132-44cd-bfa9-7b53d2699d1c,I178612,shopping_mall,anomaly,Forum Istanbul,Kanyon,0.1097,high,Column 'shopping_mall' deviates from similar normal records.,True
632e5269-5af9-4e66-a441-8b42911166a0,I160802,shopping_mall,anomaly,Metropol AVM,Emaar Square Mall,0.0206,high,Column 'shopping_mall' deviates from similar normal records.,True
31c47436-3a8b-49c3-996a-115dc4574a78,I129858,shopping_mall,anomaly,Viaport Outlet,Mall of Istanbul,0.0195,high,Column 'shopping_mall' deviates from similar normal records.,True
c8e4b126-57c7-4794-af5b-eca749f13779,I202346,shopping_mall,anomaly,Viaport Outlet,Kanyon,0.0001,high,Column 'shopping_mall' deviates from similar normal records.,True
e2ba8b9b-826c-4e3f-acbc-45ac4922d8ae,I330988,shopping_mall,anomaly,Emaar Square Mall,Emaar Square Mall,0.0987,high,Column 'shopping_mall' deviates from similar normal records.,True
8ac3513b-be1d-433e-bac7-57cc2ecb726f,I102286,category,anomaly,Souvenir,Souvenir,0.0518,high,Column 'category' deviates from similar normal records.,True
dd852217-38d0-498d-a862-567f8cfa1369,I302962,payment_method,anomaly,Debit Card,Cash,0.1004,high,Column 'payment_method' deviates from similar normal records.,True
4edf418b-7d43-4b96-8bc3-446532187f44,I302962,shopping_mall,anomaly,Metropol AVM,Metrocity,0.1004,high,Column 'shopping_mall' deviates from similar normal records.,True
1b697d4a-1c36-44fd-a2d3-569379a849a7,I626303,payment_method,anomaly,Debit Card,Cash,0.0532,high,Column 'payment_method' deviates from similar normal records.,True
0a464879-2b56-4c0f-81ce-d6f70de302be,I626303,shopping_mall,anomaly,Metropol AVM,Forum Istanbul,0.0532,high,Column 'shopping_mall' deviates from similar normal records.,True
156e6e09-043f-44f9-bbe8-7a61dc84d738,I319507,shopping_mall,anomaly,Viaport Outlet,Kanyon,0.0118,high,Column 'shopping_mall' deviates from similar normal records.,True
819b05e3-032a-48f7-a185-7815e191fb8e,I436368,payment_method,anomaly,Debit Card,Cash,0.0963,high,Column 'payment_method' deviates from similar normal records.,True
21b53457-22b1-456a-adb7-c22eb87dcf43,I383728,shopping_mall,anomaly,Metropol AVM,Kanyon,0.0637,high,Column 'shopping_mall' deviates from similar normal records.,True
76d91b45-f240-4004-8fe3-e47c00b58289,I270750,shopping_mall,anomaly,Zorlu Center,Mall of Istanbul,0.023,high,Column 'shopping_mall' deviates from similar normal records.,True
7433758b-b85e-4b84-b018-cb02ddc00b22,I306063,payment_method,anomaly,Debit Card,Cash,0.0548,high,Column 'payment_method' deviates from similar normal records.,True
d900907d-8c0a-4bc6-9eaf-c1135c613ab8,I161400,shopping_mall,anomaly,Forum Istanbul,Kanyon,0.036,high,Column 'shopping_mall' deviates from similar normal records.,True
c887cceb-f8c9-4f67-8f09-21206a1bc00a,I790331,shopping_mall,anomaly,Viaport Outlet,Mall of Istanbul,0.1834,high,Column 'shopping_mall' deviates from similar normal records.,True
9df3ad4d-2cca-4d86-bd85-d29c9243b58b,I292245,shopping_mall,anomaly,Metropol AVM,Mall of Istanbul,0.0053,high,Column 'shopping_mall' deviates from similar normal records.,True
5f95129d-af0d-4aa5-b460-40892cdd50e3,I191915,shopping_mall,anomaly,Viaport Outlet,Viaport Outlet,0.0066,high,Column 'shopping_mall' deviates from similar normal records.,True
c097ca7e-7dcf-421a-931f-35f5a6ea82ed,I172579,shopping_mall,anomaly,Istinye Park,Istinye Park,0.1591,high,Column 'shopping_mall' deviates from similar normal records.,True
32264c53-c334-4db5-b5f5-87d4b250e667,I907378,shopping_mall,anomaly,Emaar Square Mall,Metropol AVM,0.0314,high,Column 'shopping_mall' deviates from similar normal records.,True
bd5921d6-9761-40f0-b870-56982ba9e21d,I134249,shopping_mall,anomaly,Emaar Square Mall,Emaar Square Mall,0.048,high,Column 'shopping_mall' deviates from similar normal records.,True
7196eb6e-c885-4621-880f-c0e9abd1f3cb,I553237,shopping_mall,anomaly,Emaar Square Mall,Mall of Istanbul,0.0219,high,Column 'shopping_mall' deviates from similar normal records.,True
c55f3cc4-2b9f-464a-ba4a-14c45ac1458c,I107606,shopping_mall,anomaly,Cevahir AVM,Metrocity,0.1606,high,Column 'shopping_mall' deviates from similar normal records.,True
a0a8e366-bb03-4bdc-b081-6aa98ba886a4,I586260,shopping_mall,anomaly,Istinye Park,Emaar Square Mall,0.0884,high,Column 'shopping_mall' deviates from similar normal records.,True
6785fa6a-4a7d-43a0-8e56-c5af55dcd937,I261136,category,anomaly,Souvenir,Food & Beverage,0.0751,high,Column 'category' deviates from similar normal records.,True
69507a69-3fbc-4d19-a474-cc6c4cece092,I328378,shopping_mall,anomaly,Metropol AVM,Kanyon,0.0833,high,Column 'shopping_mall' deviates from similar normal records.,True
fa57e684-552c-41d9-a9cc-1d66ee7a150c,I214653,shopping_mall,anomaly,Forum Istanbul,Cevahir AVM,0.0926,high,Column 'shopping_mall' deviates from similar normal records.,True
1ef4151e-9827-4aa0-9f28-7e2926015834,I277009,category,anomaly,Toys,Cosmetics,0.0043,high,Column 'category' deviates from similar normal records.,True
3e53bc5a-46af-45df-b6f4-d669297ced0f,I137437,category,anomaly,Books,Books,0.0097,high,Column 'category' deviates from similar normal records.,True
f8c69459-c914-4104-81ed-beb0d0b56ad0,I202099,shopping_mall,anomaly,Emaar Square Mall,Forum Istanbul,0.0494,high,Column 'shopping_mall' deviates from similar normal records.,True
1aacef35-95b5-47d6-b7c1-d0139bd3ad94,I258808,shopping_mall,anomaly,Metrocity,Metrocity,0.0459,high,Column 'shopping_mall' deviates from similar normal records.,True
2d95696d-ca19-4e7e-acaa-c57ce777b563,I278370,payment_method,anomaly,Debit Card,Credit Card,0.0504,high,Column 'payment_method' deviates from similar normal records.,True
7518875a-b801-47ae-9023-75d5df22bca5,I149828,shopping_mall,anomaly,Viaport Outlet,Mall of Istanbul,0.1928,high,Column 'shopping_mall' deviates from similar normal records.,True
7747918e-bd05-4a51-827e-accdb7505b28,I287352,payment_method,anomaly,Debit Card,Credit Card,0.0774,high,Column 'payment_method' deviates from similar normal records.,True
1c54bd8e-2f2e-47df-b996-dc0fac7a1678,I287352,shopping_mall,anomaly,Viaport Outlet,Kanyon,0.0774,high,Column 'shopping_mall' deviates from similar normal records.,True
f6417b0f-1427-4763-adbd-71b097457e6b,I480306,shopping_mall,anomaly,Zorlu Center,Zorlu Center,0.064,high,Column 'shopping_mall' deviates from similar normal records.,True
d8505569-7f8e-47c7-92ba-8863213ed94a,I157804,shopping_mall,anomaly,Forum Istanbul,Metrocity,0.0336,high,Column 'shopping_mall' deviates from similar normal records.,True
d5e3200e-be71-4acb-b5a5-70601052e177,I258656,shopping_mall,anomaly,Viaport Outlet,Emaar Square Mall,0.079,high,Column 'shopping_mall' deviates from similar normal records.,True
c387d402-d6db-437a-abdd-e99d30ff2d20,I567719,shopping_mall,anomaly,Zorlu Center,Mall of Istanbul,0.0305,high,Column 'shopping_mall' deviates from similar normal records.,True
29613d17-627d-4997-bd2a-6a231830b505,I304182,payment_method,anomaly,Debit Card,Debit Card,0.001,high,Column 'payment_method' deviates from similar normal records.,True
aa28c47a-052b-4772-b6ce-9ac7b0056fe3,I323357,shopping_mall,anomaly,Cevahir AVM,Metrocity,0.0459,high,Column 'shopping_mall' deviates from similar normal records.,True
6b55d861-badf-4f52-9b0c-98a00d747e54,I526894,age_group,anomaly,26_35,26_35,0.0444,low,Column 'age_group' deviates from similar normal records.,True
9026c298-09c8-41eb-83d0-7a7df9cdab2d,I736672,shopping_mall,anomaly,Istinye Park,Emaar Square Mall,0.0147,high,Column 'shopping_mall' deviates from similar normal records.,True
b8b75e53-6d82-4c32-ae5a-07576656c070,I325338,payment_method,anomaly,Debit Card,Credit Card,0.0653,high,Column 'payment_method' deviates from similar normal records.,True
2cbab3f1-8ddd-42c1-8a0d-aa7ac53937fe,I431697,shopping_mall,anomaly,Emaar Square Mall,Emaar Square Mall,0.0742,high,Column 'shopping_mall' deviates from similar normal records.,True
b4058eb6-9fbc-4840-85ac-51fbbaa1b86d,I664214,shopping_mall,anomaly,Viaport Outlet,Forum Istanbul,0.0261,high,Column 'shopping_mall' deviates from similar normal records.,True
62ed3961-ca00-427d-b7d8-5fb67d175ded,I300134,shopping_mall,anomaly,Emaar Square Mall,Cevahir AVM,0.0406,high,Column 'shopping_mall' deviates from similar normal records.,True
6fbc97d2-0aaf-4f90-aecc-c3438c973d4d,I311188,shopping_mall,anomaly,Cevahir AVM,Istinye Park,0.0053,high,Column 'shopping_mall' deviates from similar normal records.,True
9f2b9f7b-d7ac-4c1f-9701-cc1859a7436f,I328138,category,anomaly,Souvenir,Food & Beverage,0.058,high,Column 'category' deviates from similar normal records.,True
166a6ade-055d-4aaf-ba3d-87023f8dc06d,I151794,shopping_mall,anomaly,Forum Istanbul,Forum Istanbul,0.0902,high,Column 'shopping_mall' deviates from similar normal records.,True
9365c29a-c0ee-4168-8e1e-1b04c1e3e09f,I760505,shopping_mall,anomaly,Zorlu Center,Forum Istanbul,0.0486,high,Column 'shopping_mall' deviates from similar normal records.,True
24c34a75-adb4-45ed-a507-76c5f9603738,I340389,category,anomaly,Souvenir,Souvenir,0.0721,high,Column 'category' deviates from similar normal records.,True
7f10911c-3638-4232-83a4-57a54bfc17a0,I112775,shopping_mall,anomaly,Istinye Park,Istinye Park,0.0941,high,Column 'shopping_mall' deviates from similar normal records.,True
e8b6ab78-07a6-4180-9894-54ef7fbff88e,I328287,shopping_mall,anomaly,Viaport Outlet,Kanyon,0.0467,high,Column 'shopping_mall' deviates from similar normal records.,True
e2bd4053-86cd-4728-a791-9e9da01eeb88,I319970,shopping_mall,anomaly,Zorlu Center,Mall of Istanbul,0.0187,high,Column 'shopping_mall' deviates from similar normal records.,True
2a666489-51ae-4a17-8300-c86cd64d3d5e,I393504,shopping_mall,anomaly,Zorlu Center,Emaar Square Mall,0.0204,high,Column 'shopping_mall' deviates from similar normal records.,True
c09973e7-afd0-4de5-abab-67c543dd4ef0,I286555,payment_method,anomaly,Debit Card,Cash,0.0112,high,Column 'payment_method' deviates from similar normal records.,True
94ce0ae5-3f85-4447-9821-ba7190dcc247,I161060,shopping_mall,anomaly,Viaport Outlet,Kanyon,0.0068,high,Column 'shopping_mall' deviates from similar normal records.,True
23b25c68-8649-4dd4-9af3-cbc86919e738,I157538,shopping_mall,anomaly,Forum Istanbul,Mall of Istanbul,0.0087,high,Column 'shopping_mall' deviates from similar normal records.,True
98324f5a-95c5-4ed4-a41a-12ff58f7e1c7,I203911,shopping_mall,anomaly,Zorlu Center,Emaar Square Mall,0.0276,high,Column 'shopping_mall' deviates from similar normal records.,True
e94adb2d-79a0-4cdf-81bb-12d82d1bac84,I214485,shopping_mall,anomaly,Istinye Park,Kanyon,0.0655,high,Column 'shopping_mall' deviates from similar normal records.,True
3896c2c7-5bfc-461f-a94a-3d06ac63c872,I468236,shopping_mall,anomaly,Istinye Park,Istinye Park,0.0656,high,Column 'shopping_mall' deviates from similar normal records.,True
32d07558-b6a7-4632-952a-45798e10de7d,I430262,shopping_mall,anomaly,Viaport Outlet,Metrocity,0.0228,high,Column 'shopping_mall' deviates from similar normal records.,True
052719e5-511e-497c-94d4-4dd802e29fa9,I337142,shopping_mall,anomaly,Viaport Outlet,Kanyon,0.033,high,Column 'shopping_mall' deviates from similar normal records.,True
1b9bfeb2-7a29-48f2-9198-ea409c9e21fb,I966801,shopping_mall,anomaly,Istinye Park,Istinye Park,0.0441,high,Column 'shopping_mall' deviates from similar normal records.,True
c758f86c-67e5-4e50-baed-ae0f20bf4346,I141647,shopping_mall,anomaly,Viaport Outlet,Metrocity,0.1297,high,Column 'shopping_mall' deviates from similar normal records.,True
0b54432d-a605-4baa-8f97-dc5d11931771,I243364,shopping_mall,anomaly,Istinye Park,Istinye Park,0.0466,high,Column 'shopping_mall' deviates from similar normal records.,True
bcc9427b-a7ba-4a7c-ac11-17ecbb4272e0,I320950,shopping_mall,anomaly,Viaport Outlet,Forum Istanbul,0.0166,high,Column 'shopping_mall' deviates from similar normal records.,True
d94db9e6-c490-4359-9eeb-8bfaa1a99e27,I129370,shopping_mall,anomaly,Viaport Outlet,Emaar Square Mall,0.0138,high,Column 'shopping_mall' deviates from similar normal records.,True
3019acc9-c31c-4d19-ba54-56ec333cc3a8,I195677,age_group,anomaly,46_55,46_55,0.0135,low,Column 'age_group' deviates from similar normal records.,True
94a41cf5-214b-48eb-8885-67741686e972,I141956,gender,anomaly,Male,Male,0.0963,high,Column 'gender' deviates from similar normal records.,True
c0697b22-9634-4f77-b5ae-5b8feeee7bfc,I325537,payment_method,anomaly,Debit Card,Debit Card,0.0341,high,Column 'payment_method' deviates from similar normal records.,True
59384e07-ca6d-4b1d-8be7-6f2b8e11e597,I179817,shopping_mall,anomaly,Zorlu Center,Forum Istanbul,0.0883,high,Column 'shopping_mall' deviates from similar normal records.,True
7c1d4ef9-bac5-416e-8c66-d65492a69f6d,I376143,shopping_mall,anomaly,Metrocity,Forum Istanbul,0.014,high,Column 'shopping_mall' deviates from similar normal records.,True
00df1e71-fc67-4fc3-9f0b-fb00dd814a40,I194327,shopping_mall,anomaly,Metropol AVM,Mall of Istanbul,0.0006,high,Column 'shopping_mall' deviates from similar normal records.,True
95d430f9-7597-4354-be17-a2aa5a48c1df,I320743,shopping_mall,anomaly,Viaport Outlet,Emaar Square Mall,0.1444,high,Column 'shopping_mall' deviates from similar normal records.,True
cacb0d5d-fb89-4c34-bafd-c69879e982d2,I314022,category,anomaly,Souvenir,Cosmetics,0.027,high,Column 'category' deviates from similar normal records.,True
90d4e9a5-2652-4946-8d80-9f935b1b7235,I222256,shopping_mall,anomaly,Cevahir AVM,Cevahir AVM,0.0279,high,Column 'shopping_mall' deviates from similar normal records.,True
3adc3aa5-4376-4ade-b1b6-7cb90ec23b98,I295781,payment_method,anomaly,Debit Card,Cash,0.0453,high,Column 'payment_method' deviates from similar normal records.,True
675f5850-754f-4790-a3ee-d82da823c2e7,I301824,shopping_mall,anomaly,Viaport Outlet,Istinye Park,0.0429,high,Column 'shopping_mall' deviates from similar normal records.,True
b4576b28-d7d6-4ca1-ac04-6da82c859f3e,I158770,shopping_mall,anomaly,Zorlu Center,Mall of Istanbul,0.0223,high,Column 'shopping_mall' deviates from similar normal records.,True
ec38ca8a-589c-4a93-9274-d0a4fdc50f30,I145873,shopping_mall,anomaly,Zorlu Center,Viaport Outlet,0.0124,high,Column 'shopping_mall' deviates from similar normal records.,True
405cd3d7-a614-4b14-a0bd-d29334869b64,I227938,shopping_mall,anomaly,Cevahir AVM,Kanyon,0.0009,high,Column 'shopping_mall' deviates from similar normal records.,True
abeb82c8-026c-4365-980c-241d116f5634,I330887,payment_method,anomaly,Debit Card,Cash,0.1438,high,Column 'payment_method' deviates from similar normal records.,True
e6b4a1d6-0896-4753-9fd4-4ad9cf110c51,I150596,shopping_mall,anomaly,Forum Istanbul,Cevahir AVM,0.1633,high,Column 'shopping_mall' deviates from similar normal records.,True
30234357-f913-49f6-886a-cc335dfd3c47,I190807,shopping_mall,anomaly,Istinye Park,Istinye Park,0.0131,high,Column 'shopping_mall' deviates from similar normal records.,True
1c70edb6-2248-46ce-8a13-69e4ed5b6543,I886851,shopping_mall,anomaly,Zorlu Center,Mall of Istanbul,0.0036,high,Column 'shopping_mall' deviates from similar normal records.,True
caa31c1c-7ce0-4e05-be86-602f002159ad,I263732,shopping_mall,anomaly,Viaport Outlet,Kanyon,0.0467,high,Column 'shopping_mall' deviates from similar normal records.,True
7f12c6a3-33ad-4cf9-b173-f68feb03d5e1,I250096,shopping_mall,anomaly,Istinye Park,Metropol AVM,0.0142,high,Column 'shopping_mall' deviates from similar normal records.,True
4a4ea2f3-d261-4e12-aa40-11b691efc0f7,I333047,shopping_mall,anomaly,Cevahir AVM,Kanyon,0.0171,high,Column 'shopping_mall' deviates from similar normal records.,True
caca0f8b-45d1-48a5-87e7-b5a1a33df844,I280630,shopping_mall,anomaly,Forum Istanbul,Metrocity,0.0409,high,Column 'shopping_mall' deviates from similar normal records.,True
6a4de069-1388-4eaf-818d-a7ec4c9b4461,I103170,shopping_mall,anomaly,Cevahir AVM,Cevahir AVM,0.0435,high,Column 'shopping_mall' deviates from similar normal records.,True
6aeef26c-0ade-48e6-a96f-a2d41fdb62ec,I262391,shopping_mall,anomaly,Zorlu Center,Emaar Square Mall,0.0561,high,Column 'shopping_mall' deviates from similar normal records.,True
718c515d-e6b2-4c8e-91bd-564b444188d8,I136744,shopping_mall,anomaly,Cevahir AVM,Metropol AVM,0.0164,high,Column 'shopping_mall' deviates from similar normal records.,True
fbe07b55-5894-4b6c-9021-17729a1785d2,I143778,shopping_mall,anomaly,Viaport Outlet,Istinye Park,0.0551,high,Column 'shopping_mall' deviates from similar normal records.,True
b4a50b6a-c99a-40c6-90de-cb19fba01e92,I468302,shopping_mall,anomaly,Metrocity,Forum Istanbul,0.0869,high,Column 'shopping_mall' deviates from similar normal records.,True
c115f493-0281-4d65-85c3-2c3939b81b28,I161550,age_group,anomaly,36_45,26_35,0.0649,medium,Column 'age_group' deviates from similar normal records.,True
dd1d8ca9-fde7-4d9a-b79b-a688b890247b,I267133,payment_method,anomaly,Debit Card,Credit Card,0.1032,high,Column 'payment_method' deviates from similar normal records.,True
5fd97865-f59f-4b81-9f3b-2193482e3341,I643142,shopping_mall,anomaly,Metrocity,Metrocity,0.0026,high,Column 'shopping_mall' deviates from similar normal records.,True
f6883b06-d7c4-4732-8e1e-6504ff3aa64f,I123590,payment_method,anomaly,Debit Card,Cash,0.1285,high,Column 'payment_method' deviates from similar normal records.,True
536eb0b7-2584-41ae-81b0-bbc7f48b8207,I228362,gender,anomaly,Male,Female,0.0498,high,Column 'gender' deviates from similar normal records.,True
840824b4-b61a-4ed1-9131-40150b904c45,I283870,payment_method,anomaly,Debit Card,Cash,0.1293,high,Column 'payment_method' deviates from similar normal records.,True
4084f33f-66c9-4e79-ae3d-4a04b92474dd,I103021,category,anomaly,Books,Books,0.199,high,Column 'category' deviates from similar normal records.,True
5688c618-a9ab-4acb-a446-2fe453af5cf1,I857843,payment_method,anomaly,Debit Card,Cash,0.0333,high,Column 'payment_method' deviates from similar normal records.,True
760875c8-1dd4-4404-81a2-3806c634e179,I144160,shopping_mall,anomaly,Viaport Outlet,Mall of Istanbul,0.0154,high,Column 'shopping_mall' deviates from similar normal records.,True
e43285ac-51e6-45c7-af1f-a54104268f5e,I993331,shopping_mall,anomaly,Viaport Outlet,Kanyon,0.0815,high,Column 'shopping_mall' deviates from similar normal records.,True
0bed47d3-5eb2-4b61-bbd3-b48b68ad69e3,I825734,shopping_mall,anomaly,Forum Istanbul,Mall of Istanbul,0.0137,high,Column 'shopping_mall' deviates from similar normal records.,True
2fd9df47-e578-4c3e-a9d6-6b28e6c783d9,I282972,shopping_mall,anomaly,Viaport Outlet,Kanyon,0.0614,high,Column 'shopping_mall' deviates from similar normal records.,True
6e3ec54f-ed52-4b6e-8f57-693320abaecd,I104209,shopping_mall,anomaly,Forum Istanbul,Cevahir AVM,0.1329,high,Column 'shopping_mall' deviates from similar normal records.,True
2d38672a-85ef-4410-8f03-fb4b486be9aa,I166508,shopping_mall,anomaly,Istinye Park,Metropol AVM,0.0513,high,Column 'shopping_mall' deviates from similar normal records.,True
b6653f06-080b-46e7-b4a8-e6809db09702,I503183,shopping_mall,anomaly,Cevahir AVM,Mall of Istanbul,0.0285,high,Column 'shopping_mall' deviates from similar normal records.,True
b25d690f-1ad5-4c0e-845b-335ac2124d2f,I139439,shopping_mall,anomaly,Viaport Outlet,Mall of Istanbul,0.0517,high,Column 'shopping_mall' deviates from similar normal records.,True
4a7ce43c-83b2-46c2-ac6b-ecc77f7213fe,I252857,payment_method,anomaly,Debit Card,Credit Card,0.007,high,Column 'payment_method' deviates from similar normal records.,True
c7eb41df-1889-4abc-aa38-729b7007ab2a,I214588,shopping_mall,anomaly,Kanyon,Mall of Istanbul,0.0217,high,Column 'shopping_mall' deviates from similar normal records.,True
464de227-19e6-4d55-970e-12e53968d14f,I323243,shopping_mall,anomaly,Cevahir AVM,Metrocity,0.025,high,Column 'shopping_mall' deviates from similar normal records.,True
8b04da47-8288-4d53-9f6a-8332955681b4,I173738,payment_method,anomaly,Debit Card,Cash,0.0597,high,Column 'payment_method' deviates from similar normal records.,True
cb9c7de6-5995-486e-9771-864e930c2da8,I319101,shopping_mall,anomaly,Viaport Outlet,Kanyon,0.026,high,Column 'shopping_mall' deviates from similar normal records.,True
ef30ca8e-0dd6-4aa9-b1a3-0e5c92177502,I337960,shopping_mall,anomaly,Forum Istanbul,Forum Istanbul,0.045,high,Column 'shopping_mall' deviates from similar normal records.,True
acce301a-30b4-4950-a346-ebea35c38f39,I318472,shopping_mall,anomaly,Viaport Outlet,Istinye Park,0.0604,high,Column 'shopping_mall' deviates from similar normal records.,True
2191003f-c507-401a-bfd7-895888a69399,I301337,gender,anomaly,Male,Female,0.0126,high,Column 'gender' deviates from similar normal records.,True
6944635a-c5a9-4989-891a-dc06d7997bb9,I327653,shopping_mall,anomaly,Viaport Outlet,Cevahir AVM,0.0303,high,Column 'shopping_mall' deviates from similar normal records.,True
7bc8550a-1363-4a48-b23d-7e51eab5a716,I155164,category,anomaly,Books,Food & Beverage,0.2477,high,Column 'category' deviates from similar normal records.,True
820646d5-7c34-45e8-a9be-0086b9a25280,I198864,shopping_mall,anomaly,Metropol AVM,Kanyon,0.0856,high,Column 'shopping_mall' deviates from similar normal records.,True
a667e42d-bc8e-4fff-ad05-1198a130ccfd,I354814,shopping_mall,anomaly,Istinye Park,Istinye Park,0.0327,high,Column 'shopping_mall' deviates from similar normal records.,True
88c8d626-5cb7-4ef3-b7ee-467eb23d5e29,I279476,shopping_mall,anomaly,Viaport Outlet,Istinye Park,0.074,high,Column 'shopping_mall' deviates from similar normal records.,True
677afdb2-e051-4ea8-8bb0-e578de89f353,I139441,shopping_mall,anomaly,Istinye Park,Metropol AVM,0.0636,high,Column 'shopping_mall' deviates from similar normal records.,True
725788d3-3aab-4ff6-9e00-4581ecfae767,I304874,category,anomaly,Books,Food & Beverage,0.0286,high,Column 'category' deviates from similar normal records.,True
1c142c39-3a81-43d1-b1a3-18f34c2127f8,I270437,shopping_mall,anomaly,Zorlu Center,Metrocity,0.064,high,Column 'shopping_mall' deviates from similar normal records.,True
49383df6-2913-46f2-8feb-79ec84398f71,I185910,shopping_mall,anomaly,Zorlu Center,Istinye Park,0.0782,high,Column 'shopping_mall' deviates from similar normal records.,True
65446bbd-15fc-4db1-800f-4c958cff8c0f,I172220,shopping_mall,anomaly,Metropol AVM,Metrocity,0.0492,high,Column 'shopping_mall' deviates from similar normal records.,True
1257ffae-d041-483f-8de0-b5e34c2c578b,I648274,shopping_mall,anomaly,Forum Istanbul,Forum Istanbul,0.0016,high,Column 'shopping_mall' deviates from similar normal records.,True
8a424a9c-0b97-49f3-9b58-cb9383d7d00e,I152591,payment_method,anomaly,Debit Card,Cash,0.002,high,Column 'payment_method' deviates from similar normal records.,True
a535dba4-9f8f-48ed-abb7-8bd920e83ce2,I244811,shopping_mall,anomaly,Cevahir AVM,Kanyon,0.0191,high,Column 'shopping_mall' deviates from similar normal records.,True
476c651b-4c34-46fc-a36c-b41441ade7dd,I224858,shopping_mall,anomaly,Forum Istanbul,Mall of Istanbul,0.0455,high,Column 'shopping_mall' deviates from similar normal records.,True
6ef55da5-c848-4e7d-820c-5b330a193a5b,I330011,payment_method,anomaly,Debit Card,Cash,0.1562,high,Column 'payment_method' deviates from similar normal records.,True
e756f0f0-8b09-4d34-9e93-72a0fe93a4f6,I226812,shopping_mall,anomaly,Cevahir AVM,Kanyon,0.0806,high,Column 'shopping_mall' deviates from similar normal records.,True
a938ce2d-00d8-458d-bb6f-14c2fe1a216b,I211920,shopping_mall,anomaly,Zorlu Center,Kanyon,0.0192,high,Column 'shopping_mall' deviates from similar normal records.,True
45fc1c6e-7510-449e-a628-8d01f43d8a3b,I944658,gender,anomaly,Male,Male,0.0175,high,Column 'gender' deviates from similar normal records.,True
bb08ed72-85e3-4740-a2eb-ce7059b7bedc,I623341,shopping_mall,anomaly,Zorlu Center,Cevahir AVM,0.0076,high,Column 'shopping_mall' deviates from similar normal records.,True
a8dad71e-5119-4667-a6a8-19d0e7ec59b1,I976733,shopping_mall,anomaly,Zorlu Center,Metropol AVM,0.0064,high,Column 'shopping_mall' deviates from similar normal records.,True
cdec9fc8-d720-4ff0-8e86-c5caead0cd1d,I949274,shopping_mall,anomaly,Emaar Square Mall,Metropol AVM,0.1283,high,Column 'shopping_mall' deviates from similar normal records.,True
189d9c09-55f0-4317-a647-a269eab42506,I195681,shopping_mall,anomaly,Cevahir AVM,Mall of Istanbul,0.0087,high,Column 'shopping_mall' deviates from similar normal records.,True
455ec6bd-09f7-4d94-af7d-1fbabbf0af49,I120767,shopping_mall,anomaly,Forum Istanbul,Kanyon,0.034,high,Column 'shopping_mall' deviates from similar normal records.,True
cb8eba92-e008-4224-8b2b-a1a0d473d4d1,I317097,shopping_mall,anomaly,Zorlu Center,Metrocity,0.0194,high,Column 'shopping_mall' deviates from similar normal records.,True
2174c51b-9232-4000-8727-3bb466d97b1c,I109040,shopping_mall,anomaly,Emaar Square Mall,Emaar Square Mall,0.0184,high,Column 'shopping_mall' deviates from similar normal records.,True
7072d20d-da67-4fad-aea4-9d91df875825,I269599,payment_method,anomaly,Debit Card,Cash,0.0936,high,Column 'payment_method' deviates from similar normal records.,True
6fde43a6-35e1-4fe1-8007-fac52610b1f5,I269599,shopping_mall,anomaly,Forum Istanbul,Forum Istanbul,0.0936,high,Column 'shopping_mall' deviates from similar normal records.,True
4353d687-5381-4f14-823d-8d482ea63d5d,I183818,shopping_mall,anomaly,Zorlu Center,Istinye Park,0.04,high,Column 'shopping_mall' deviates from similar normal records.,True
18398c99-26ee-48c3-a028-aed9e4a17f6c,I293149,shopping_mall,anomaly,Zorlu Center,Kanyon,0.0812,high,Column 'shopping_mall' deviates from similar normal records.,True
2adb9b2c-d625-42d9-988d-ed4018cedae1,I292165,shopping_mall,anomaly,Emaar Square Mall,Emaar Square Mall,0.0415,high,Column 'shopping_mall' deviates from similar normal records.,True
8af56da1-dfd3-4152-b3e8-8dc0012884c1,I986693,shopping_mall,anomaly,Istinye Park,Metrocity,0.0034,high,Column 'shopping_mall' deviates from similar normal records.,True
139ac0e5-450b-4000-ad3c-59913fc3c6fd,I317111,shopping_mall,anomaly,Viaport Outlet,Mall of Istanbul,0.0419,high,Column 'shopping_mall' deviates from similar normal records.,True
4e8a67cb-08d3-411e-9c5f-9abb97abe5a9,I610989,shopping_mall,anomaly,Emaar Square Mall,Istinye Park,0.09,high,Column 'shopping_mall' deviates from similar normal records.,True
31cc1962-2caf-4825-9f99-16400e3a89b1,I255833,shopping_mall,anomaly,Zorlu Center,Forum Istanbul,0.0518,high,Column 'shopping_mall' deviates from similar normal records.,True
204a0005-7ccc-43b0-a22d-d3f2a442c224,I325554,shopping_mall,anomaly,Zorlu Center,Kanyon,0.1194,high,Column 'shopping_mall' deviates from similar normal records.,True
7deca243-b831-449e-93f5-b8f2935b22fe,I263649,shopping_mall,anomaly,Istinye Park,Metropol AVM,0.2239,high,Column 'shopping_mall' deviates from similar normal records.,True
4f02f8b4-72bb-4d88-bd70-1fb0270c608b,I308275,shopping_mall,anomaly,Viaport Outlet,Metrocity,0.0347,high,Column 'shopping_mall' deviates from similar normal records.,True
d8b558bb-6f78-4c91-b05c-50e15144a85c,I233742,shopping_mall,anomaly,Viaport Outlet,Cevahir AVM,0.0472,high,Column 'shopping_mall' deviates from similar normal records.,True
0162b42e-b850-46ef-bf69-6c4dfaf6aeb1,I193416,payment_method,anomaly,Debit Card,Cash,0.0273,high,Column 'payment_method' deviates from similar normal records.,True
02631f96-e37a-4c00-b026-d186930ba1f2,I325472,shopping_mall,anomaly,Zorlu Center,Metropol AVM,0.027,high,Column 'shopping_mall' deviates from similar normal records.,True
9165f658-5c56-4aac-b6c7-df9aa8fd092b,I528598,category,anomaly,Souvenir,Books,0.011,high,Column 'category' deviates from similar normal records.,True
f24f664c-1919-4d7a-aa69-c1f6d7ae04e4,I138403,shopping_mall,anomaly,Viaport Outlet,Istinye Park,0.008,high,Column 'shopping_mall' deviates from similar normal records.,True
82487676-30a2-4b37-a9fd-b348a955ee01,I140635,shopping_mall,anomaly,Viaport Outlet,Mall of Istanbul,0.0745,high,Column 'shopping_mall' deviates from similar normal records.,True
e6a371c6-d19e-42a4-ba47-98efae32097a,I622400,shopping_mall,anomaly,Forum Istanbul,Cevahir AVM,0.0071,high,Column 'shopping_mall' deviates from similar normal records.,True
f7839e2e-b107-48f7-ab90-523524a7c244,I367714,shopping_mall,anomaly,Istinye Park,Kanyon,0.0002,high,Column 'shopping_mall' deviates from similar normal records.,True
c0fec2e1-4adb-4d79-ad6a-33eb7979d894,I987501,shopping_mall,anomaly,Zorlu Center,Zorlu Center,0.0135,high,Column 'shopping_mall' deviates from similar normal records.,True
b4b04c72-d9de-47f9-aa4c-cd4734916889,I180691,shopping_mall,anomaly,Zorlu Center,Kanyon,0.1382,high,Column 'shopping_mall' deviates from similar normal records.,True
5f9d63c7-e948-4ea7-8565-9c80f44c922f,I832125,shopping_mall,anomaly,Viaport Outlet,Istinye Park,0.0231,high,Column 'shopping_mall' deviates from similar normal records.,True
4a751ce7-55bd-4914-b5bb-27eac83abc5a,I114195,shopping_mall,anomaly,Istinye Park,Mall of Istanbul,0.1726,high,Column 'shopping_mall' deviates from similar normal records.,True
0cce062a-060f-4504-9203-e695c4bf6904,I326171,payment_method,anomaly,Debit Card,Debit Card,0.0137,high,Column 'payment_method' deviates from similar normal records.,True
8ff70220-9774-440e-b8cb-5475fd956aa0,I872564,shopping_mall,anomaly,Zorlu Center,Cevahir AVM,0.1005,high,Column 'shopping_mall' deviates from similar normal records.,True
3a11e8b5-3f7b-48e6-8648-9693989098aa,I939070,shopping_mall,anomaly,Metrocity,Emaar Square Mall,0.0167,high,Column 'shopping_mall' deviates from similar normal records.,True
a404895e-c985-4afe-8595-b0f26dd0f1b1,I992710,shopping_mall,anomaly,Emaar Square Mall,Mall of Istanbul,0.0039,high,Column 'shopping_mall' deviates from similar normal records.,True
3d915812-07ba-4b99-966d-d797bc70b568,I108723,shopping_mall,anomaly,Cevahir AVM,Cevahir AVM,0.0495,high,Column 'shopping_mall' deviates from similar normal records.,True
a5fdbcf4-9fb9-40b4-8857-1a1efdda907c,I147736,payment_method,anomaly,Debit Card,Credit Card,0.0342,high,Column 'payment_method' deviates from similar normal records.,True
e68b1e5f-34d8-43db-a03f-5670384609c4,I240064,shopping_mall,anomaly,Cevahir AVM,Cevahir AVM,0.0482,high,Column 'shopping_mall' deviates from similar normal records.,True
73545496-6bd7-431d-a8bd-5e56bab1ce7c,I158677,shopping_mall,anomaly,Forum Istanbul,Kanyon,0.1438,high,Column 'shopping_mall' deviates from similar normal records.,True
9f8d3b98-538a-4513-be35-57983eebbd64,I158691,shopping_mall,anomaly,Zorlu Center,Metropol AVM,0.0885,high,Column 'shopping_mall' deviates from similar normal records.,True
883c5f34-bfbf-4031-b8f0-035348a05dd2,I661557,shopping_mall,anomaly,Viaport Outlet,Metropol AVM,0.0193,high,Column 'shopping_mall' deviates from similar normal records.,True
fd2768c1-492b-4d14-bb4b-97a3b1e74f52,I111287,shopping_mall,anomaly,Emaar Square Mall,Emaar Square Mall,0.0981,high,Column 'shopping_mall' deviates from similar normal records.,True
81600784-3156-42be-875c-3feae69e5b08,I747668,payment_method,anomaly,Debit Card,Credit Card,0.0221,high,Column 'payment_method' deviates from similar normal records.,True
19669bc7-2f9b-4181-a814-0ee4e27ce5db,I341463,shopping_mall,anomaly,Forum Istanbul,Forum Istanbul,0.062,high,Column 'shopping_mall' deviates from similar normal records.,True
ba0613b9-e5ff-4866-9980-5a0d6042f717,I231405,shopping_mall,anomaly,Cevahir AVM,Kanyon,0.1028,high,Column 'shopping_mall' deviates from similar normal records.,True
b43f88f8-b57e-46ac-a13d-41f8cb8b95b7,I156649,shopping_mall,anomaly,Metropol AVM,Cevahir AVM,0.0242,high,Column 'shopping_mall' deviates from similar normal records.,True
dfc3db18-673d-4bfe-b2f6-b474a784203d,I247346,shopping_mall,anomaly,Forum Istanbul,Istinye Park,0.0057,high,Column 'shopping_mall' deviates from similar normal records.,True
62704146-acce-4da5-bef9-7a68d8b3114d,I452321,shopping_mall,anomaly,Viaport Outlet,Mall of Istanbul,0.0714,high,Column 'shopping_mall' deviates from similar normal records.,True
7df83115-9f45-47e1-a457-11bcc996f076,I179469,shopping_mall,anomaly,Viaport Outlet,Viaport Outlet,0.0015,high,Column 'shopping_mall' deviates from similar normal records.,True
ee0bba4f-967d-402e-b1bf-9ea949f1fc18,I178837,payment_method,anomaly,Debit Card,Debit Card,0.1314,high,Column 'payment_method' deviates from similar normal records.,True
e9fa85be-df63-437c-a5ac-2f886345dc1f,I178837,shopping_mall,anomaly,Cevahir AVM,Metrocity,0.1314,high,Column 'shopping_mall' deviates from similar normal records.,True
65cf3c6e-3d81-4ee2-848b-74c31a49513a,I126168,shopping_mall,anomaly,Cevahir AVM,Mall of Istanbul,0.0722,high,Column 'shopping_mall' deviates from similar normal records.,True
23c27b6e-d3c4-4528-a914-f8f34f15ffa7,I662901,shopping_mall,anomaly,Emaar Square Mall,Cevahir AVM,0.0267,high,Column 'shopping_mall' deviates from similar normal records.,True
2d83274c-8f15-441d-a440-a79a7c19bca4,I182181,shopping_mall,anomaly,Viaport Outlet,Mall of Istanbul,0.0098,high,Column 'shopping_mall' deviates from similar normal records.,True
2a0883e3-f8cb-4e77-a8e5-6402a6701569,I637404,category,anomaly,Books,Books,0.0022,high,Column 'category' deviates from similar normal records.,True
25bf5e93-eabd-4d6a-850b-6f39fd34b38c,I279011,shopping_mall,anomaly,Forum Istanbul,Cevahir AVM,0.0567,high,Column 'shopping_mall' deviates from similar normal records.,True
1c15f07b-af10-4ade-ad53-548c943ae6eb,I783811,shopping_mall,anomaly,Emaar Square Mall,Istinye Park,0.0849,high,Column 'shopping_mall' deviates from similar normal records.,True
f15c50fa-19f2-48b3-9edf-ae590c01797b,I688955,payment_method,anomaly,Debit Card,Cash,0.0764,high,Column 'payment_method' deviates from similar normal records.,True
9ca77e74-b272-44d2-9a48-70cc8159375c,I123369,shopping_mall,anomaly,Cevahir AVM,Mall of Istanbul,0.0243,high,Column 'shopping_mall' deviates from similar normal records.,True
d2ea5ae3-605d-486e-b1b9-d1c027fd7d46,I221821,shopping_mall,anomaly,Viaport Outlet,Mall of Istanbul,0.1044,high,Column 'shopping_mall' deviates from similar normal records.,True
6b7a45e5-e200-44ff-bb00-0a7f129fda3d,I240828,shopping_mall,anomaly,Metropol AVM,Mall of Istanbul,0.0279,high,Column 'shopping_mall' deviates from similar normal records.,True
c05f93c0-a0af-46cf-8263-a8c082cd8cbb,I182524,shopping_mall,anomaly,Metropol AVM,Zorlu Center,0.0596,high,Column 'shopping_mall' deviates from similar normal records.,True
60a6a2e7-533a-46e0-94af-a9d6d7ed40e3,I256215,shopping_mall,anomaly,Emaar Square Mall,Cevahir AVM,0.025,high,Column 'shopping_mall' deviates from similar normal records.,True
6a877de2-978b-4e6b-89b9-45ee8311f08e,I239532,shopping_mall,anomaly,Viaport Outlet,Kanyon,0.0232,high,Column 'shopping_mall' deviates from similar normal records.,True
f010a213-f203-4dae-85f8-eaf262a4b606,I101993,shopping_mall,anomaly,Zorlu Center,Metropol AVM,0.0402,high,Column 'shopping_mall' deviates from similar normal records.,True
b1449fd8-981e-4e90-89cf-5b3570a1c157,I200268,shopping_mall,anomaly,Forum Istanbul,Forum Istanbul,0.0676,high,Column 'shopping_mall' deviates from similar normal records.,True
3dab217d-a0c5-4e60-90e3-7bb53cca6ca6,I132992,shopping_mall,anomaly,Emaar Square Mall,Zorlu Center,0.0753,high,Column 'shopping_mall' deviates from similar normal records.,True
f73bdd67-25d6-48da-8c86-5671ed996833,I326999,shopping_mall,anomaly,Zorlu Center,Emaar Square Mall,0.0443,high,Column 'shopping_mall' deviates from similar normal records.,True
ed2849e1-ba20-4d8a-b9cc-aa50b8dc1e63,I269827,shopping_mall,anomaly,Emaar Square Mall,Metrocity,0.1639,high,Column 'shopping_mall' deviates from similar normal records.,True
45c39ba2-9f27-469a-9d62-949db33b5fff,I167563,shopping_mall,anomaly,Forum Istanbul,Forum Istanbul,0.0203,high,Column 'shopping_mall' deviates from similar normal records.,True
177ccc4d-cabb-423d-9f7d-a57154dd6353,I250624,category,anomaly,Souvenir,Food & Beverage,0.0912,high,Column 'category' deviates from similar normal records.,True
db5106a6-7b66-4308-837c-09007dab148d,I119361,shopping_mall,anomaly,Mall of Istanbul,Mall of Istanbul,0.1158,high,Column 'shopping_mall' deviates from similar normal records.,True
c8486558-55db-4838-a260-5345dab16349,I247815,shopping_mall,anomaly,Metrocity,Emaar Square Mall,0.0402,high,Column 'shopping_mall' deviates from similar normal records.,True
9538682e-f00e-4d1c-b814-83c2462c8d77,I132697,shopping_mall,anomaly,Emaar Square Mall,Kanyon,0.0097,high,Column 'shopping_mall' deviates from similar normal records.,True
b07d4484-5364-4fe2-a25a-1b52e18fdfa7,I790465,shopping_mall,anomaly,Zorlu Center,Metropol AVM,0.0746,high,Column 'shopping_mall' deviates from similar normal records.,True
0f258c11-611a-40ff-9161-2916cb415285,I259604,shopping_mall,anomaly,Metrocity,Metrocity,0.0033,high,Column 'shopping_mall' deviates from similar normal records.,True
9a2bf916-57a5-4be9-9a7b-f09e6ba5bdc1,I203657,shopping_mall,anomaly,Emaar Square Mall,Mall of Istanbul,0.0614,high,Column 'shopping_mall' deviates from similar normal records.,True
05cab3b8-26ec-44fa-9824-1dc2ccc4b616,I273142,payment_method,anomaly,Debit Card,Debit Card,0.0819,high,Column 'payment_method' deviates from similar normal records.,True
3dda4764-661f-4d56-b38b-a1ba5eca9bfc,I143964,shopping_mall,anomaly,Metropol AVM,Cevahir AVM,0.0744,high,Column 'shopping_mall' deviates from similar normal records.,True
35b9accc-912a-4a5c-8d0c-93190f631e4f,I240878,payment_method,anomaly,Debit Card,Debit Card,0.0633,high,Column 'payment_method' deviates from similar normal records.,True
2b0f127e-78c1-4dba-b291-4af5be5a7b6e,I240878,shopping_mall,anomaly,Viaport Outlet,Viaport Outlet,0.0633,high,Column 'shopping_mall' deviates from similar normal records.,True
efa0f1c2-5316-46b5-8719-6fe3ff771f79,I899087,shopping_mall,anomaly,Cevahir AVM,Metrocity,0.0416,high,Column 'shopping_mall' deviates from similar normal records.,True
3f174b17-2d16-42be-9c64-c9836dce430b,I249568,shopping_mall,anomaly,Emaar Square Mall,Cevahir AVM,0.089,high,Column 'shopping_mall' deviates from similar normal records.,True
f9c40e2a-e2fb-444f-a0ff-57d4c11b1ab7,I677958,payment_method,anomaly,Debit Card,Cash,0.1478,high,Column 'payment_method' deviates from similar normal records.,True
7dadc0d0-b670-4632-894b-fe02df754537,I251328,shopping_mall,anomaly,Emaar Square Mall,Emaar Square Mall,0.0611,high,Column 'shopping_mall' deviates from similar normal records.,True
0b8f5a92-8f40-43d7-8ce8-7def5d511b2d,I155532,shopping_mall,anomaly,Metropol AVM,Mall of Istanbul,0.0212,high,Column 'shopping_mall' deviates from similar normal records.,True
c4828a91-ef3c-4e4e-9dc7-f11fef2b652e,I282808,shopping_mall,anomaly,Forum Istanbul,Kanyon,0.0144,high,Column 'shopping_mall' deviates from similar normal records.,True
7ca1d7da-3a6e-4a6f-b95b-cd65cbd5bcbe,I141754,shopping_mall,anomaly,Metropol AVM,Kanyon,0.0968,high,Column 'shopping_mall' deviates from similar normal records.,True
78f11973-eb1e-4b5b-b909-ca4025a0eed0,I236957,shopping_mall,anomaly,Zorlu Center,Forum Istanbul,0.0643,high,Column 'shopping_mall' deviates from similar normal records.,True
c199a1e0-f0e6-4e39-99ef-1a5b139cb2bf,I378028,shopping_mall,anomaly,Zorlu Center,Istinye Park,0.0884,high,Column 'shopping_mall' deviates from similar normal records.,True
66870968-59a1-40f9-914f-29fbf59e69b6,I982603,payment_method,anomaly,Debit Card,Cash,0.0782,high,Column 'payment_method' deviates from similar normal records.,True
ef0b0ce7-0333-4ab1-831d-10d5e000979e,I177163,shopping_mall,anomaly,Cevahir AVM,Metrocity,0.0083,high,Column 'shopping_mall' deviates from similar normal records.,True
8a3eb90c-5d6c-41e7-afbf-0e043a873120,I185387,shopping_mall,anomaly,Istinye Park,Cevahir AVM,0.0427,high,Column 'shopping_mall' deviates from similar normal records.,True
c897c1ea-5cb1-4785-8d8e-ff1411a6073d,I206972,category,anomaly,Souvenir,Books,0.0487,high,Column 'category' deviates from similar normal records.,True
6ad3c5ef-a87e-4751-aef9-681927aa0872,I528859,shopping_mall,anomaly,Forum Istanbul,Metropol AVM,0.0229,high,Column 'shopping_mall' deviates from similar normal records.,True
540e6b8e-b8b2-48b3-a68d-9ab48519c371,I975823,category,anomaly,Food & Beverage,Food & Beverage,0.0862,high,Column 'category' deviates from similar normal records.,True
e3b1ca50-b0cf-4642-9e84-fe990cf78efb,I998895,shopping_mall,anomaly,Metropol AVM,Istinye Park,0.0217,high,Column 'shopping_mall' deviates from similar normal records.,True
513abf1f-eb07-47ee-bddd-5809c9af045e,I321409,shopping_mall,anomaly,Metropol AVM,Emaar Square Mall,0.0255,high,Column 'shopping_mall' deviates from similar normal records.,True
20461fbd-03a5-41c0-a361-f7a8f83910b3,I250697,shopping_mall,anomaly,Mall of Istanbul,Istinye Park,0.019,high,Column 'shopping_mall' deviates from similar normal records.,True
5462f8ad-c600-4e44-894e-54cd8169bf76,I170845,shopping_mall,anomaly,Metrocity,Forum Istanbul,0.0925,high,Column 'shopping_mall' deviates from similar normal records.,True
7f1e2788-306d-474b-b7fd-659bd62c8b12,I164540,shopping_mall,anomaly,Viaport Outlet,Metrocity,0.0603,high,Column 'shopping_mall' deviates from similar normal records.,True
4454d300-87fc-40fc-b5cd-55efe9102b95,I129192,payment_method,anomaly,Debit Card,Cash,0.0144,high,Column 'payment_method' deviates from similar normal records.,True
6ab5e9ee-d802-453c-9fe6-e59bf5e94898,I184270,shopping_mall,anomaly,Forum Istanbul,Emaar Square Mall,0.0097,high,Column 'shopping_mall' deviates from similar normal records.,True
61a989e9-4a1f-4771-adad-ea560960ac7f,I220666,shopping_mall,anomaly,Viaport Outlet,Kanyon,0.0652,high,Column 'shopping_mall' deviates from similar normal records.,True
f475c2b5-d821-4444-94b4-f2d4cad63b20,I315590,shopping_mall,anomaly,Viaport Outlet,Metrocity,0.0761,high,Column 'shopping_mall' deviates from similar normal records.,True
ea518b5a-1acd-4c9f-90e6-706d9ad186cc,I199199,shopping_mall,anomaly,Viaport Outlet,Mall of Istanbul,0.0958,high,Column 'shopping_mall' deviates from similar normal records.,True
06fa2815-a893-40cf-8b72-c526ea108765,I126465,shopping_mall,anomaly,Forum Istanbul,Kanyon,0.086,high,Column 'shopping_mall' deviates from similar normal records.,True
5b170552-a920-40c4-b7de-829ca01661d8,I289294,shopping_mall,anomaly,Viaport Outlet,Kanyon,0.0654,high,Column 'shopping_mall' deviates from similar normal records.,True
cec439d0-1395-42b1-aeb5-40062d63fe3a,I568312,shopping_mall,anomaly,Viaport Outlet,Metrocity,0.0236,high,Column 'shopping_mall' deviates from similar normal records.,True
3db71c0c-ab2e-47c3-933e-c70734be29af,I134596,shopping_mall,anomaly,Istinye Park,Metropol AVM,0.0101,high,Column 'shopping_mall' deviates from similar normal records.,True
25f72a4c-1bf4-444b-9816-f236595893a4,I871468,shopping_mall,anomaly,Metrocity,Mall of Istanbul,0.0221,high,Column 'shopping_mall' deviates from similar normal records.,True
35771518-de08-42d8-a5ce-aea4cbbe19eb,I210508,shopping_mall,anomaly,Forum Istanbul,Mall of Istanbul,0.0785,high,Column 'shopping_mall' deviates from similar normal records.,True
612c4a42-f192-47f9-962b-7b25559c6ec6,I226467,shopping_mall,anomaly,Cevahir AVM,Mall of Istanbul,0.1137,high,Column 'shopping_mall' deviates from similar normal records.,True
73b18c67-7098-4e84-920d-197748cd43d2,I295333,payment_method,anomaly,Debit Card,Debit Card,0.0143,high,Column 'payment_method' deviates from similar normal records.,True
c8c9ceae-2f22-45ac-9b5b-5ff793f565bc,I797284,payment_method,anomaly,Debit Card,Cash,0.1418,high,Column 'payment_method' deviates from similar normal records.,True
6f0d06cf-a3f4-40d7-9ada-35fe12c80458,I159345,shopping_mall,anomaly,Metropol AVM,Kanyon,0.0972,high,Column 'shopping_mall' deviates from similar normal records.,True
6bd647c3-0e01-4a74-b6ec-7338e0cc1938,I279249,shopping_mall,anomaly,Viaport Outlet,Istinye Park,0.0278,high,Column 'shopping_mall' deviates from similar normal records.,True
0af97aac-8a38-4d46-8ebe-297934aa8c29,I191468,shopping_mall,anomaly,Viaport Outlet,Metropol AVM,0.0437,high,Column 'shopping_mall' deviates from similar normal records.,True
b341ff82-e36e-45f1-96fc-c68bf29e8927,I964106,shopping_mall,anomaly,Forum Istanbul,Kanyon,0.1349,high,Column 'shopping_mall' deviates from similar normal records.,True
5f5203ed-b398-4bcc-b553-cb9a3e473f6f,I281173,shopping_mall,anomaly,Viaport Outlet,Kanyon,0.0988,high,Column 'shopping_mall' deviates from similar normal records.,True
d9c268b1-8c07-4ba9-9fbf-21779f670950,I123440,shopping_mall,anomaly,Viaport Outlet,Emaar Square Mall,0.1092,high,Column 'shopping_mall' deviates from similar normal records.,True
b808cdda-9eb2-4674-b9f6-8bd069d7de40,I268178,shopping_mall,anomaly,Viaport Outlet,Mall of Istanbul,0.1202,high,Column 'shopping_mall' deviates from similar normal records.,True
2ff2df80-782a-46ee-a756-d4a3429693ac,I194617,shopping_mall,anomaly,Mall of Istanbul,Istinye Park,0.1215,high,Column 'shopping_mall' deviates from similar normal records.,True
b18c67a8-08d4-4cfc-9229-8250719e000c,I580090,shopping_mall,anomaly,Viaport Outlet,Istinye Park,0.0012,high,Column 'shopping_mall' deviates from similar normal records.,True
4273b301-3245-419e-a71b-5f1d29c09a1e,I151455,shopping_mall,anomaly,Zorlu Center,Mall of Istanbul,0.0092,high,Column 'shopping_mall' deviates from similar normal records.,True
8152145d-e15c-427d-8e2e-096e29572852,I153246,shopping_mall,anomaly,Cevahir AVM,Cevahir AVM,0.0787,high,Column 'shopping_mall' deviates from similar normal records.,True
45e17c5b-4d28-4dfa-b99e-fbfffd985892,I174784,shopping_mall,anomaly,Metropol AVM,Metropol AVM,0.0582,high,Column 'shopping_mall' deviates from similar normal records.,True
d2cc5b28-8ec3-4892-9a43-d5c438c4e778,I111084,shopping_mall,anomaly,Viaport Outlet,Cevahir AVM,0.0028,high,Column 'shopping_mall' deviates from similar normal records.,True
6e5d491d-e1cb-49cb-bbd4-be512fd20dd1,I161995,category,anomaly,Souvenir,Food & Beverage,0.0369,high,Column 'category' deviates from similar normal records.,True
9666d214-f987-4084-9590-323a5c53f3d9,I158160,shopping_mall,anomaly,Metropol AVM,Mall of Istanbul,0.0043,high,Column 'shopping_mall' deviates from similar normal records.,True
dddff1e5-c712-4975-be97-eef69d4768cb,I107042,shopping_mall,anomaly,Zorlu Center,Metropol AVM,0.0145,high,Column 'shopping_mall' deviates from similar normal records.,True
9c725a66-f045-48e0-bb09-8e90fcfcc73c,I257428,shopping_mall,anomaly,Emaar Square Mall,Emaar Square Mall,0.006,high,Column 'shopping_mall' deviates from similar normal records.,True
fcffc770-8729-4f07-b90c-e428b4ed6f20,I104783,payment_method,anomaly,Debit Card,Debit Card,0.1602,high,Column 'payment_method' deviates from similar normal records.,True
94be06b1-d740-437e-b5c7-2d57a5c26b76,I581086,payment_method,anomaly,Debit Card,Credit Card,0.0128,high,Column 'payment_method' deviates from similar normal records.,True
e3063b82-88a2-42dc-bfe4-26cb5be32676,I319886,shopping_mall,anomaly,Emaar Square Mall,Kanyon,0.0316,high,Column 'shopping_mall' deviates from similar normal records.,True
c24e1cf8-5519-4c06-ae2f-f59db87ba817,I107969,shopping_mall,anomaly,Zorlu Center,Metrocity,0.0372,high,Column 'shopping_mall' deviates from similar normal records.,True
14dc8b01-cee8-437c-926f-11ed26fac8bc,I198624,category,anomaly,Food & Beverage,Food & Beverage,0.0234,high,Column 'category' deviates from similar normal records.,True
0cafa1a4-fd31-4301-b088-935e6a2cc247,I187440,shopping_mall,anomaly,Emaar Square Mall,Kanyon,0.1174,high,Column 'shopping_mall' deviates from similar normal records.,True
f112ddad-5199-4a5b-aa12-5df2634ded63,I193419,shopping_mall,anomaly,Metropol AVM,Mall of Istanbul,0.0402,high,Column 'shopping_mall' deviates from similar normal records.,True
92289901-d373-43ec-a482-d7959858e64c,I325048,shopping_mall,anomaly,Istinye Park,Forum Istanbul,0.0787,high,Column 'shopping_mall' deviates from similar normal records.,True
7a019749-4bee-4feb-b323-ad94b42ea08d,I157615,shopping_mall,anomaly,Viaport Outlet,Metrocity,0.023,high,Column 'shopping_mall' deviates from similar normal records.,True
d7860eac-7e26-40d4-b68d-adc362ba44cd,I285144,shopping_mall,anomaly,Cevahir AVM,Cevahir AVM,0.0319,high,Column 'shopping_mall' deviates from similar normal records.,True
352904b9-8792-4b5d-9a4d-6f6a408eb039,I336773,category,anomaly,Souvenir,Food & Beverage,0.0512,high,Column 'category' deviates from similar normal records.,True
fb751bd3-fea5-4d8d-8cd6-a2b8eef1d690,I151258,shopping_mall,anomaly,Metropol AVM,Mall of Istanbul,0.0413,high,Column 'shopping_mall' deviates from similar normal records.,True
e676f2e6-a546-497a-9581-6fda15a0f621,I218024,shopping_mall,anomaly,Metropol AVM,Cevahir AVM,0.0695,high,Column 'shopping_mall' deviates from similar normal records.,True
0462891b-5cd3-4934-b227-89c0838da48c,I173920,shopping_mall,anomaly,Viaport Outlet,Mall of Istanbul,0.0021,high,Column 'shopping_mall' deviates from similar normal records.,True
7311e39a-131f-4eee-90cf-e1456d3758eb,I274258,category,anomaly,Souvenir,Souvenir,0.0328,high,Column 'category' deviates from similar normal records.,True
377e40df-458e-41d0-9b9a-7d7ad7087b40,I989148,shopping_mall,anomaly,Metropol AVM,Emaar Square Mall,0.0648,high,Column 'shopping_mall' deviates from similar normal records.,True
62798725-62ec-47d8-9005-d323f2ed1779,I226599,payment_method,anomaly,Debit Card,Cash,0.048,high,Column 'payment_method' deviates from similar normal records.,True
461a924e-354f-4f56-a6e3-162af2f5db0b,I114624,category,anomaly,Souvenir,Souvenir,0.0076,high,Column 'category' deviates from similar normal records.,True
1e8d800d-00bd-4feb-ab8b-127f5c1de707,I208419,shopping_mall,anomaly,Zorlu Center,Metropol AVM,0.0497,high,Column 'shopping_mall' deviates from similar normal records.,True
990671d4-ad54-407e-8079-ebc2c750d4c0,I279850,category,anomaly,Books,Food & Beverage,0.0333,high,Column 'category' deviates from similar normal records.,True
c4c3266f-0500-4a7f-bde7-9b1ab83fb6a6,I135210,shopping_mall,anomaly,Istinye Park,Forum Istanbul,0.0064,high,Column 'shopping_mall' deviates from similar normal records.,True
b08b2c4c-70f5-4338-8793-0c21d0249b96,I284827,shopping_mall,anomaly,Cevahir AVM,Metropol AVM,0.1037,high,Column 'shopping_mall' deviates from similar normal records.,True
f2b514c6-69db-47c1-a3ff-43c1baf79ceb,I115378,shopping_mall,anomaly,Cevahir AVM,Cevahir AVM,0.018,high,Column 'shopping_mall' deviates from similar normal records.,True
02f62aff-582a-434d-8eaa-0d3b84e4e52a,I127611,payment_method,anomaly,Debit Card,Cash,0.0412,high,Column 'payment_method' deviates from similar normal records.,True
7007a2e6-8548-452c-b904-394299a817d6,I208416,gender,anomaly,Male,Female,0.0026,high,Column 'gender' deviates from similar normal records.,True
6afd51cc-0684-4e6a-939c-5ac8032b3cd2,I147523,shopping_mall,anomaly,Viaport Outlet,Metrocity,0.0591,high,Column 'shopping_mall' deviates from similar normal records.,True
674b64d9-1ff9-46b1-ab8c-afa165901726,I133619,shopping_mall,anomaly,Forum Istanbul,Mall of Istanbul,0.0155,high,Column 'shopping_mall' deviates from similar normal records.,True
555514af-2131-41be-bc74-18d04ca34cb6,I317411,shopping_mall,anomaly,Zorlu Center,Kanyon,0.0453,high,Column 'shopping_mall' deviates from similar normal records.,True
09dd232e-f112-4b7c-8ab4-0b5930031a0c,I678866,shopping_mall,anomaly,Cevahir AVM,Cevahir AVM,0.0164,high,Column 'shopping_mall' deviates from similar normal records.,True
adb6dd05-be77-4b70-bb9d-e397bff6628e,I116954,shopping_mall,anomaly,Viaport Outlet,Istinye Park,0.1349,high,Column 'shopping_mall' deviates from similar normal records.,True
1e372c05-ab27-473e-9c62-11fde91cfd18,I181587,shopping_mall,anomaly,Zorlu Center,Mall of Istanbul,0.0335,high,Column 'shopping_mall' deviates from similar normal records.,True
2edc7823-81e8-4f79-9ab4-c988e968ed98,I664450,shopping_mall,anomaly,Viaport Outlet,Kanyon,0.0099,high,Column 'shopping_mall' deviates from similar normal records.,True
923c8114-ff99-453c-914c-27f2ae95f2a2,I104616,shopping_mall,anomaly,Cevahir AVM,Cevahir AVM,0.0693,high,Column 'shopping_mall' deviates from similar normal records.,True
aa267fc7-7402-466f-af8e-78b3bc863ebe,I177010,shopping_mall,anomaly,Viaport Outlet,Emaar Square Mall,0.0595,high,Column 'shopping_mall' deviates from similar normal records.,True
71167227-a621-4a8e-bf20-fb13172f96b3,I121964,shopping_mall,anomaly,Viaport Outlet,Cevahir AVM,0.0103,high,Column 'shopping_mall' deviates from similar normal records.,True
ba4c2c48-cd20-44f8-aebf-7a3ab306e3d3,I366906,shopping_mall,anomaly,Zorlu Center,Cevahir AVM,0.0716,high,Column 'shopping_mall' deviates from similar normal records.,True
bbfb3230-917f-40c9-9a04-59fcdb111625,I298514,category,anomaly,Cosmetics,Toys,0.1242,high,Column 'category' deviates from similar normal records.,True
ba96003d-787b-4eb4-ae4e-c4cf7907585e,I291517,age_group,anomaly,56_plus,56_plus,0.0094,high,Column 'age_group' deviates from similar normal records.,True
187acc91-466c-4a1a-b0e6-b3b8dd09f541,I276876,category,anomaly,Books,Souvenir,0.0079,high,Column 'category' deviates from similar normal records.,True
80bcb43d-9a01-4c9e-9ea0-055257259b24,I236986,shopping_mall,anomaly,Zorlu Center,Kanyon,0.0248,high,Column 'shopping_mall' deviates from similar normal records.,True
feeca3d1-ad4d-4074-9b8b-70ac331a0f44,I167985,payment_method,anomaly,Debit Card,Credit Card,0.1714,high,Column 'payment_method' deviates from similar normal records.,True
3dc078e7-54d9-44d7-908c-6d71d1eced4a,I135837,shopping_mall,anomaly,Metropol AVM,Forum Istanbul,0.0273,high,Column 'shopping_mall' deviates from similar normal records.,True
ad1b0e35-0b2c-4b80-a3a3-8acf5d8f15d5,I214661,shopping_mall,anomaly,Metrocity,Mall of Istanbul,0.2202,high,Column 'shopping_mall' deviates from similar normal records.,True
55d161b0-1665-45e2-bb27-e7d381cd79a3,I295594,shopping_mall,anomaly,Emaar Square Mall,Kanyon,0.0064,high,Column 'shopping_mall' deviates from similar normal records.,True
00b23649-1d45-4bfa-9317-a4ae2764d788,I422597,shopping_mall,anomaly,Cevahir AVM,Emaar Square Mall,0.0862,high,Column 'shopping_mall' deviates from similar normal records.,True
b58cb302-db39-43da-a8c2-bd2c5da34e42,I237292,category,anomaly,Books,Books,0.1482,high,Column 'category' deviates from similar normal records.,True
827491c4-3db8-40fb-ba3e-efb23eecf19e,I192582,payment_method,anomaly,Debit Card,Cash,0.1372,high,Column 'payment_method' deviates from similar normal records.,True
8667bfe8-dfaf-4799-88fe-8ed8c4bff0ef,I199930,shopping_mall,anomaly,Emaar Square Mall,Metropol AVM,0.0077,high,Column 'shopping_mall' deviates from similar normal records.,True
09876e7d-fed6-4426-8426-461a40b7af81,I159240,payment_method,anomaly,Debit Card,Cash,0.0054,high,Column 'payment_method' deviates from similar normal records.,True
11bea25f-d953-4a41-b920-e0d38b1804e2,I881513,shopping_mall,anomaly,Viaport Outlet,Emaar Square Mall,0.0252,high,Column 'shopping_mall' deviates from similar normal records.,True
84aac526-8970-43ea-9276-195596b88bb3,I180127,shopping_mall,anomaly,Forum Istanbul,Forum Istanbul,0.0593,high,Column 'shopping_mall' deviates from similar normal records.,True
fb9a3180-b2d4-498c-8569-b7112e55f914,I106980,shopping_mall,anomaly,Zorlu Center,Emaar Square Mall,0.0415,high,Column 'shopping_mall' deviates from similar normal records.,True
c1dd1e81-3a85-45d2-a0c0-0c4e17d09512,I229214,shopping_mall,anomaly,Forum Istanbul,Mall of Istanbul,0.0091,high,Column 'shopping_mall' deviates from similar normal records.,True
51ff1880-228c-4eae-acaa-077b7e605d56,I100445,shopping_mall,anomaly,Istinye Park,Kanyon,0.1209,high,Column 'shopping_mall' deviates from similar normal records.,True
85028695-3a8e-4976-b526-4555d091b2ee,I158069,shopping_mall,anomaly,Cevahir AVM,Forum Istanbul,0.0671,high,Column 'shopping_mall' deviates from similar normal records.,True
9cc7d6d2-43d4-4b89-aff7-cff713e7d1c8,I308179,shopping_mall,anomaly,Metropol AVM,Mall of Istanbul,0.0431,high,Column 'shopping_mall' deviates from similar normal records.,True
f161994b-1061-4166-84f9-9f8ad480c1e8,I124970,shopping_mall,anomaly,Zorlu Center,Cevahir AVM,0.1174,high,Column 'shopping_mall' deviates from similar normal records.,True
5d02bd9f-8957-40d5-be12-1f0106d6be80,I211564,payment_method,anomaly,Debit Card,Cash,0.0384,high,Column 'payment_method' deviates from similar normal records.,True
67f9fb03-936d-4614-998b-51042e068765,I211564,shopping_mall,anomaly,Mall of Istanbul,Metrocity,0.0384,high,Column 'shopping_mall' deviates from similar normal records.,True
be02863e-2236-4789-8bbc-854015cf20e1,I131303,shopping_mall,anomaly,Forum Istanbul,Mall of Istanbul,0.0487,high,Column 'shopping_mall' deviates from similar normal records.,True
fe41a052-2de2-4238-bb95-2ef83f07335f,I162030,shopping_mall,anomaly,Zorlu Center,Cevahir AVM,0.0214,high,Column 'shopping_mall' deviates from similar normal records.,True
82bf8b93-b3db-430f-ad19-68c18e014bd7,I158625,shopping_mall,anomaly,Zorlu Center,Istinye Park,0.0502,high,Column 'shopping_mall' deviates from similar normal records.,True
02980f5b-7f7e-46b6-8681-85fbe7b802ba,I221556,shopping_mall,anomaly,Cevahir AVM,Cevahir AVM,0.1085,high,Column 'shopping_mall' deviates from similar normal records.,True
b4d78996-db95-4a4e-a057-b74fa9282f81,I241639,shopping_mall,anomaly,Emaar Square Mall,Istinye Park,0.0103,high,Column 'shopping_mall' deviates from similar normal records.,True
735a06c0-6a90-4036-b88e-42694aa4cd85,I130864,shopping_mall,anomaly,Forum Istanbul,Metropol AVM,0.0783,high,Column 'shopping_mall' deviates from similar normal records.,True
f5fd612e-7ffc-4960-89b6-c91f1d3242f5,I132013,shopping_mall,anomaly,Emaar Square Mall,Kanyon,0.0026,high,Column 'shopping_mall' deviates from similar normal records.,True
8d049834-2fc1-4bb9-b4c9-d70295d558e7,I293949,category,anomaly,Toys,Toys,0.153,high,Column 'category' deviates from similar normal records.,True
97a3eb0d-2672-4245-ab4c-643aca15eeaf,I440953,shopping_mall,anomaly,Cevahir AVM,Cevahir AVM,0.0325,high,Column 'shopping_mall' deviates from similar normal records.,True
627fe94b-f0d2-471a-8210-b1ac815875fe,I317813,shopping_mall,anomaly,Zorlu Center,Mall of Istanbul,0.0635,high,Column 'shopping_mall' deviates from similar normal records.,True
26703192-e1db-4795-906a-cf80d1a2e87c,I162244,category,anomaly,Cosmetics,Cosmetics,0.0694,high,Column 'category' deviates from similar normal records.,True
921c6c92-f3f3-4fc9-895e-63adb32f82a9,I128385,shopping_mall,anomaly,Forum Istanbul,Emaar Square Mall,0.0026,high,Column 'shopping_mall' deviates from similar normal records.,True
0633e8c7-8e09-4f51-99c8-6b02edc3ddf6,I309040,shopping_mall,anomaly,Forum Istanbul,Mall of Istanbul,0.0874,high,Column 'shopping_mall' deviates from similar normal records.,True
761abe61-58f8-4326-a5e9-7870c3595703,I227652,shopping_mall,anomaly,Viaport Outlet,Kanyon,0.0892,high,Column 'shopping_mall' deviates from similar normal records.,True
ce74fc3a-a8ce-4e92-b016-a55bbe214208,I250229,shopping_mall,anomaly,Metropol AVM,Emaar Square Mall,0.0516,high,Column 'shopping_mall' deviates from similar normal records.,True
c56e044a-624b-4114-ab43-4755120c0320,I212113,shopping_mall,anomaly,Emaar Square Mall,Metrocity,0.0998,high,Column 'shopping_mall' deviates from similar normal records.,True
11129c48-091f-4441-8e24-59eeac9bc26d,I181728,shopping_mall,anomaly,Viaport Outlet,Metrocity,0.1149,high,Column 'shopping_mall' deviates from similar normal records.,True
d5ec33f1-6cc4-4f5b-9fd7-4399c00b267a,I210978,shopping_mall,anomaly,Viaport Outlet,Cevahir AVM,0.0491,high,Column 'shopping_mall' deviates from similar normal records.,True
ecf37449-e875-4a5c-a3af-96aca12d3d20,I534991,shopping_mall,anomaly,Zorlu Center,Mall of Istanbul,0.0136,high,Column 'shopping_mall' deviates from similar normal records.,True
a9d8af5b-aeb0-4ffe-85eb-b14030aefa19,I284333,shopping_mall,anomaly,Metrocity,Kanyon,0.0138,high,Column 'shopping_mall' deviates from similar normal records.,True
702b0032-6db8-44d2-8b2e-f0474f1f3fa1,I156405,category,anomaly,Souvenir,Souvenir,0.0653,high,Column 'category' deviates from similar normal records.,True
3b3ae0fd-fae0-4c35-8906-fcd4da136e0e,I286515,shopping_mall,anomaly,Zorlu Center,Cevahir AVM,0.0608,high,Column 'shopping_mall' deviates from similar normal records.,True
c5ad5f45-5af2-40e6-93aa-9001f63997c9,I314561,shopping_mall,anomaly,Emaar Square Mall,Mall of Istanbul,0.0009,high,Column 'shopping_mall' deviates from similar normal records.,True
dae99b52-8408-46fb-9356-4f3f3d1b53f9,I106945,shopping_mall,anomaly,Viaport Outlet,Kanyon,0.188,high,Column 'shopping_mall' deviates from similar normal records.,True
eefb17d3-a523-4e98-915e-4e8f3ea9d5be,I174573,shopping_mall,anomaly,Forum Istanbul,Mall of Istanbul,0.0096,high,Column 'shopping_mall' deviates from similar normal records.,True
2903b17b-811a-4007-bb04-dac1b8979c66,I310321,shopping_mall,anomaly,Mall of Istanbul,Mall of Istanbul,0.1194,high,Column 'shopping_mall' deviates from similar normal records.,True
2b3ada89-4ff8-4c6e-a070-8fde98ae1aa0,I404860,shopping_mall,anomaly,Forum Istanbul,Forum Istanbul,0.0096,high,Column 'shopping_mall' deviates from similar normal records.,True
a1c2dd87-36e3-40af-8c36-d7553b9148cb,I212695,category,anomaly,Souvenir,Food & Beverage,0.0318,high,Column 'category' deviates from similar normal records.,True
6e09a3f5-5e95-4af1-992c-8577801a161b,I206724,payment_method,anomaly,Debit Card,Cash,0.0117,high,Column 'payment_method' deviates from similar normal records.,True
eb15e88c-fa42-4f0c-a313-14448a1de8bd,I321980,category,anomaly,Toys,Toys,0.077,high,Column 'category' deviates from similar normal records.,True
69acef7a-aea1-4bc7-8468-38e90e1cb937,I141415,shopping_mall,anomaly,Cevahir AVM,Kanyon,0.0703,high,Column 'shopping_mall' deviates from similar normal records.,True
a8e25830-6548-4b12-99dd-ee0e9b7815d4,I745035,shopping_mall,anomaly,Zorlu Center,Mall of Istanbul,0.0708,high,Column 'shopping_mall' deviates from similar normal records.,True
b3ea9edf-046b-4112-b915-ab09a49cafc9,I134539,category,anomaly,Souvenir,Souvenir,0.0561,high,Column 'category' deviates from similar normal records.,True
78d64491-daa4-4ded-85ed-5899aad4ad15,I113648,payment_method,anomaly,Debit Card,Cash,0.0285,high,Column 'payment_method' deviates from similar normal records.,True
ae9209a8-25d6-4a98-8f42-91c6fd09ac05,I171288,shopping_mall,anomaly,Forum Istanbul,Kanyon,0.0631,high,Column 'shopping_mall' deviates from similar normal records.,True
a3d02052-184a-4b21-a392-45de8447bf3f,I224114,shopping_mall,anomaly,Emaar Square Mall,Emaar Square Mall,0.0085,high,Column 'shopping_mall' deviates from similar normal records.,True
bae72258-6ebb-4961-b05f-bd6903b7c2dd,I297817,shopping_mall,anomaly,Forum Istanbul,Cevahir AVM,0.0327,high,Column 'shopping_mall' deviates from similar normal records.,True
2b9adddf-252f-4f7a-a920-aed5a03d100b,I244823,shopping_mall,anomaly,Emaar Square Mall,Emaar Square Mall,0.2269,high,Column 'shopping_mall' deviates from similar normal records.,True
ff2858dd-9ce4-49d7-ba29-2996d4b34a63,I594648,shopping_mall,anomaly,Metrocity,Mall of Istanbul,0.0351,high,Column 'shopping_mall' deviates from similar normal records.,True
e761f603-aa50-40c5-a204-842e1d8dfce4,I106670,payment_method,anomaly,Debit Card,Cash,0.0695,high,Column 'payment_method' deviates from similar normal records.,True
160ef006-4369-48ab-a442-74313dbd68c1,I197816,shopping_mall,anomaly,Zorlu Center,Emaar Square Mall,0.0638,high,Column 'shopping_mall' deviates from similar normal records.,True
d3c0dee9-d827-4a0c-94e8-30bbb816bdc4,I351433,shopping_mall,anomaly,Mall of Istanbul,Metrocity,0.0607,high,Column 'shopping_mall' deviates from similar normal records.,True
719ea70b-ce03-4c33-9de4-96752a27e9a5,I218673,shopping_mall,anomaly,Metrocity,Metropol AVM,0.0322,high,Column 'shopping_mall' deviates from similar normal records.,True
ae76988b-707f-45b9-b93d-41b12af76cb3,I189365,payment_method,anomaly,Debit Card,Credit Card,0.0216,high,Column 'payment_method' deviates from similar normal records.,True
efdeaa74-d8a4-499e-acf5-32e9c7bf3c44,I298978,shopping_mall,anomaly,Viaport Outlet,Metrocity,0.0881,high,Column 'shopping_mall' deviates from similar normal records.,True
5192a67b-5620-49f5-82a4-4c6c0b87668e,I277186,shopping_mall,anomaly,Viaport Outlet,Emaar Square Mall,0.083,high,Column 'shopping_mall' deviates from similar normal records.,True
1ef96c4a-afa4-41ab-b1b0-25ed7266fc47,I122010,payment_method,anomaly,Debit Card,Cash,0.1557,high,Column 'payment_method' deviates from similar normal records.,True
9696b9c3-cbcc-4741-bc27-d6e73c2e8c45,I122010,shopping_mall,anomaly,Viaport Outlet,Mall of Istanbul,0.1557,high,Column 'shopping_mall' deviates from similar normal records.,True
7d40c627-aba8-4277-8b1d-617d69bc5cd4,I228339,category,anomaly,Books,Books,0.0272,high,Column 'category' deviates from similar normal records.,True
7b417d84-f349-465c-bed3-e05b637fbf28,I202928,shopping_mall,anomaly,Forum Istanbul,Kanyon,0.0158,high,Column 'shopping_mall' deviates from similar normal records.,True
e6af822b-f0b6-4944-a72d-78b66cd5ccdc,I930274,shopping_mall,anomaly,Metropol AVM,Cevahir AVM,0.0477,high,Column 'shopping_mall' deviates from similar normal records.,True
7669a8ae-4af4-4e0c-8fd2-39dbba03412c,I158714,shopping_mall,anomaly,Viaport Outlet,Viaport Outlet,0.2043,high,Column 'shopping_mall' deviates from similar normal records.,True
e36c73c9-fa0f-4786-9aca-5ebb8048e110,I310888,payment_method,anomaly,Debit Card,Credit Card,0.1809,high,Column 'payment_method' deviates from similar normal records.,True
5f949d93-09b3-43d3-b652-40f9f66b51ee,I237744,payment_method,anomaly,Debit Card,Cash,0.0423,high,Column 'payment_method' deviates from similar normal records.,True
f0e40a0e-a9a3-4fed-b948-d364fa3cee0a,I182885,shopping_mall,anomaly,Cevahir AVM,Metropol AVM,0.1201,high,Column 'shopping_mall' deviates from similar normal records.,True
07c85fdb-1f03-4976-acb6-a3433861e149,I132208,shopping_mall,anomaly,Forum Istanbul,Kanyon,0.0668,high,Column 'shopping_mall' deviates from similar normal records.,True
78e745b6-e92c-4bf3-a549-ff74984d2625,I116511,shopping_mall,anomaly,Cevahir AVM,Mall of Istanbul,0.0781,high,Column 'shopping_mall' deviates from similar normal records.,True
7d9efaf4-f468-4bb7-868f-65d2e1146a3e,I256659,shopping_mall,anomaly,Viaport Outlet,Emaar Square Mall,0.1996,high,Column 'shopping_mall' deviates from similar normal records.,True
a7ed7024-c7d3-4ad9-a19f-8626304db6b0,I253587,shopping_mall,anomaly,Forum Istanbul,Cevahir AVM,0.0277,high,Column 'shopping_mall' deviates from similar normal records.,True
daf6f50b-273c-4f9c-aef1-a1f59850c568,I268896,shopping_mall,anomaly,Forum Istanbul,Mall of Istanbul,0.0102,high,Column 'shopping_mall' deviates from similar normal records.,True
b13e5ec4-0d3b-4e2d-8612-5f430709ba53,I282454,shopping_mall,anomaly,Zorlu Center,Istinye Park,0.0063,high,Column 'shopping_mall' deviates from similar normal records.,True
cf45533b-d3d3-450d-a6e9-0770e45d21b8,I188239,shopping_mall,anomaly,Forum Istanbul,Cevahir AVM,0.0219,high,Column 'shopping_mall' deviates from similar normal records.,True
4432303d-df98-4208-875b-b9cc47dc1cca,I428548,shopping_mall,anomaly,Kanyon,Metrocity,0.0145,high,Column 'shopping_mall' deviates from similar normal records.,True
07a80356-798e-4a04-926f-a8623b0debcf,I307312,shopping_mall,anomaly,Zorlu Center,Istinye Park,0.0214,high,Column 'shopping_mall' deviates from similar normal records.,True
171a92b5-4145-4fda-a24d-1a7c96c40ead,I272897,shopping_mall,anomaly,Cevahir AVM,Emaar Square Mall,0.1066,high,Column 'shopping_mall' deviates from similar normal records.,True
f00d479f-db16-4495-b418-1cb0ffa454f9,I174437,shopping_mall,anomaly,Zorlu Center,Forum Istanbul,0.0748,high,Column 'shopping_mall' deviates from similar normal records.,True
577a3689-3a0c-4888-b93c-dac4e20a854d,I183215,category,anomaly,Souvenir,Souvenir,0.004,high,Column 'category' deviates from similar normal records.,True
4499fc4b-e347-46c8-b0a2-9b23ecf5a103,I490089,payment_method,anomaly,Debit Card,Cash,0.0848,high,Column 'payment_method' deviates from similar normal records.,True
ae918afb-677d-4e62-a6d5-2385a050f389,I202554,shopping_mall,anomaly,Forum Istanbul,Mall of Istanbul,0.0132,high,Column 'shopping_mall' deviates from similar normal records.,True
2f6a19dc-f634-4040-a2da-e48c1d5af47b,I217719,category,anomaly,Books,Books,0.0294,high,Column 'category' deviates from similar normal records.,True
af41812e-c076-43a9-b6f5-939177dd57ca,I294618,shopping_mall,anomaly,Zorlu Center,Forum Istanbul,0.0281,high,Column 'shopping_mall' deviates from similar normal records.,True
d2c7c6dc-865b-4ed1-b371-6cb5cf08794f,I809156,shopping_mall,anomaly,Metropol AVM,Mall of Istanbul,0.0188,high,Column 'shopping_mall' deviates from similar normal records.,True
388d8f31-b056-4cb1-ae03-cf593a796679,I213030,shopping_mall,anomaly,Zorlu Center,Cevahir AVM,0.0198,high,Column 'shopping_mall' deviates from similar normal records.,True
4ee46dac-d52d-42c8-a54d-564e1721b175,I320807,shopping_mall,anomaly,Viaport Outlet,Viaport Outlet,0.0553,high,Column 'shopping_mall' deviates from similar normal records.,True
f602944b-a4c6-4616-ac36-70737fb7b6a1,I457739,shopping_mall,anomaly,Metropol AVM,Mall of Istanbul,0.0723,high,Column 'shopping_mall' deviates from similar normal records.,True
a9976904-534e-4aa5-8998-e5baa9de2444,I112458,payment_method,anomaly,Debit Card,Cash,0.0885,high,Column 'payment_method' deviates from similar normal records.,True
a61d1a9b-cdaf-404c-8129-61e11980ef25,I164362,shopping_mall,anomaly,Forum Istanbul,Cevahir AVM,0.1352,high,Column 'shopping_mall' deviates from similar normal records.,True
e28fb93f-af76-458a-b0e4-23dda907ebad,I137151,payment_method,anomaly,Credit Card,Cash,0.0166,high,Column 'payment_method' deviates from similar normal records.,True
f40604e1-c584-49dc-bb4c-eb962d7b04b6,I173336,shopping_mall,anomaly,Forum Istanbul,Cevahir AVM,0.0241,high,Column 'shopping_mall' deviates from similar normal records.,True
1f85d77b-267c-4850-969d-ebd92b89f3c8,I748093,shopping_mall,anomaly,Viaport Outlet,Kanyon,0.0531,high,Column 'shopping_mall' deviates from similar normal records.,True
2b66dbd1-446d-464c-b6be-7707c7f80905,I734843,payment_method,anomaly,Debit Card,Cash,0.015,high,Column 'payment_method' deviates from similar normal records.,True
b995cacc-0beb-403c-8293-9e285fc85e44,I333302,shopping_mall,anomaly,Zorlu Center,Mall of Istanbul,0.0752,high,Column 'shopping_mall' deviates from similar normal records.,True
7d684f87-d2b1-49ef-b5bb-e263ec1e2d59,I818720,shopping_mall,anomaly,Viaport Outlet,Metrocity,0.0646,high,Column 'shopping_mall' deviates from similar normal records.,True
e5180672-3757-4afd-af22-3ed3abedaf61,I209586,payment_method,anomaly,Debit Card,Cash,0.1262,high,Column 'payment_method' deviates from similar normal records.,True
cdf6871d-c2f0-4cbd-a61d-355c883a5f1d,I201878,shopping_mall,anomaly,Emaar Square Mall,Cevahir AVM,0.066,high,Column 'shopping_mall' deviates from similar normal records.,True
d6635f74-c051-4d55-87dc-3bf50185920e,I188576,shopping_mall,anomaly,Cevahir AVM,Cevahir AVM,0.24,high,Column 'shopping_mall' deviates from similar normal records.,True
6073df72-66dd-42db-bb50-b9dbe3d11a0e,I335099,shopping_mall,anomaly,Emaar Square Mall,Kanyon,0.1426,high,Column 'shopping_mall' deviates from similar normal records.,True
26fcb6b4-a2fd-49b1-84c5-088ea41956f4,I280373,shopping_mall,anomaly,Viaport Outlet,Mall of Istanbul,0.1588,high,Column 'shopping_mall' deviates from similar normal records.,True
b71b3cfa-5af9-46b6-aee1-46c2593e52bc,I172481,shopping_mall,anomaly,Emaar Square Mall,Cevahir AVM,0.0599,high,Column 'shopping_mall' deviates from similar normal records.,True
259fc825-0759-4329-8a07-ec2ddd4d1fc7,I164931,shopping_mall,anomaly,Viaport Outlet,Kanyon,0.0249,high,Column 'shopping_mall' deviates from similar normal records.,True
f98ebc66-0343-487a-8587-e0e3cd53db2b,I743746,shopping_mall,anomaly,Emaar Square Mall,Forum Istanbul,0.0168,high,Column 'shopping_mall' deviates from similar normal records.,True
a30aa316-adcb-48f8-8e0e-9c655fdbce9f,I422137,category,anomaly,Souvenir,Books,0.0116,high,Column 'category' deviates from similar normal records.,True
75265109-3937-4f73-a74c-b6b8774a25db,I434211,shopping_mall,anomaly,Kanyon,Metrocity,0.0828,high,Column 'shopping_mall' deviates from similar normal records.,True
a988ada8-a3e0-4ef0-8239-4e1e8a4f2161,I171638,shopping_mall,anomaly,Istinye Park,Kanyon,0.0284,high,Column 'shopping_mall' deviates from similar normal records.,True
56a7d0b4-427f-4e25-b262-e177e954596f,I181779,shopping_mall,anomaly,Zorlu Center,Kanyon,0.0493,high,Column 'shopping_mall' deviates from similar normal records.,True
7c4fad58-17cf-402e-818d-4c0ac4e65254,I332916,shopping_mall,anomaly,Forum Istanbul,Emaar Square Mall,0.0277,high,Column 'shopping_mall' deviates from similar normal records.,True
ce3dc5f1-e05e-4dee-8a0e-822b8bbb9e64,I466828,shopping_mall,anomaly,Forum Istanbul,Forum Istanbul,0.1686,high,Column 'shopping_mall' deviates from similar normal records.,True
3e992aca-b4af-4822-bc19-9d881ce75ec8,I580531,shopping_mall,anomaly,Cevahir AVM,Cevahir AVM,0.0636,high,Column 'shopping_mall' deviates from similar normal records.,True
570f7992-f42d-4266-a6ec-4975854c85ae,I888205,shopping_mall,anomaly,Viaport Outlet,Kanyon,0.0439,high,Column 'shopping_mall' deviates from similar normal records.,True
05542cc5-8823-4251-aea2-756bd700d83a,I859994,shopping_mall,anomaly,Forum Istanbul,Mall of Istanbul,0.0143,high,Column 'shopping_mall' deviates from similar normal records.,True
be59382b-be66-48ff-947b-a64867880aae,I163570,payment_method,anomaly,Credit Card,Cash,0.1109,high,Column 'payment_method' deviates from similar normal records.,True
218cbc21-41e9-49e6-a490-414ff59e0309,I181323,shopping_mall,anomaly,Viaport Outlet,Istinye Park,0.0427,high,Column 'shopping_mall' deviates from similar normal records.,True
d9a6aae2-9b02-4df3-8399-18f94c7840d7,I235537,shopping_mall,anomaly,Metrocity,Metropol AVM,0.0023,high,Column 'shopping_mall' deviates from similar normal records.,True
dfdb23f2-671e-4447-b85e-01b2b944c434,I107433,shopping_mall,anomaly,Forum Istanbul,Mall of Istanbul,0.2156,high,Column 'shopping_mall' deviates from similar normal records.,True
fcc16c18-3ed5-42ce-a5e9-1c5e61d36bcf,I422015,shopping_mall,anomaly,Emaar Square Mall,Mall of Istanbul,0.0225,high,Column 'shopping_mall' deviates from similar normal records.,True
fcbbebb6-0631-43a2-9287-cfef0d609fe6,I139132,shopping_mall,anomaly,Emaar Square Mall,Mall of Istanbul,0.0298,high,Column 'shopping_mall' deviates from similar normal records.,True
6ad3d59c-a68d-4025-9366-d36619cb305e,I148535,shopping_mall,anomaly,Emaar Square Mall,Metropol AVM,0.0112,high,Column 'shopping_mall' deviates from similar normal records.,True
da16770e-458d-4e63-9678-43bea4608d41,I121798,shopping_mall,anomaly,Cevahir AVM,Mall of Istanbul,0.1075,high,Column 'shopping_mall' deviates from similar normal records.,True
a2beebc8-a5be-41f9-bc36-8543b7ca5f1c,I904576,shopping_mall,anomaly,Emaar Square Mall,Kanyon,0.1194,high,Column 'shopping_mall' deviates from similar normal records.,True
11036fa3-cb1c-489a-81b7-b47fcc65c6ae,I117110,shopping_mall,anomaly,Metropol AVM,Mall of Istanbul,0.0334,high,Column 'shopping_mall' deviates from similar normal records.,True
b0dbcdeb-9179-430e-8f65-4121522d4126,I117641,payment_method,anomaly,Debit Card,Cash,0.0846,high,Column 'payment_method' deviates from similar normal records.,True
ede69d52-891e-49ed-bfd9-7f4975b09746,I145874,shopping_mall,anomaly,Viaport Outlet,Mall of Istanbul,0.0063,high,Column 'shopping_mall' deviates from similar normal records.,True
99895a12-2978-4ea6-8a64-39ef37bc16d5,I203002,payment_method,anomaly,Debit Card,Cash,0.0301,high,Column 'payment_method' deviates from similar normal records.,True
9548228b-4645-4d9f-8da9-579700e25fa3,I292728,shopping_mall,anomaly,Metropol AVM,Emaar Square Mall,0.0099,high,Column 'shopping_mall' deviates from similar normal records.,True
7aeac7da-b972-4361-a281-3564dbdd36f3,I398767,shopping_mall,anomaly,Zorlu Center,Metrocity,0.0329,high,Column 'shopping_mall' deviates from similar normal records.,True
a7969eec-cb1b-46c7-8194-0e2d23c249d9,I259234,payment_method,anomaly,Debit Card,Cash,0.0471,high,Column 'payment_method' deviates from similar normal records.,True
0b35fea7-a5b4-4004-83d2-aee103a2aae5,I146665,shopping_mall,anomaly,Cevahir AVM,Kanyon,0.0163,high,Column 'shopping_mall' deviates from similar normal records.,True
94614df2-267d-4a73-8bf1-ca2351465a11,I122581,payment_method,anomaly,Debit Card,Cash,0.0616,high,Column 'payment_method' deviates from similar normal records.,True
c3317d51-66bb-48c3-83c0-aa1bde9ff24c,I183049,payment_method,anomaly,Debit Card,Cash,0.0254,high,Column 'payment_method' deviates from similar normal records.,True
15793576-a08c-499d-9b42-c73e68c49031,I834811,shopping_mall,anomaly,Viaport Outlet,Forum Istanbul,0.0071,high,Column 'shopping_mall' deviates from similar normal records.,True
b60aaa69-022a-4f20-bd20-76d22bf2816f,I693185,shopping_mall,anomaly,Viaport Outlet,Mall of Istanbul,0.0314,high,Column 'shopping_mall' deviates from similar normal records.,True
5d1874d1-575e-449e-a465-66083bcd851f,I433586,shopping_mall,anomaly,Metropol AVM,Kanyon,0.0126,high,Column 'shopping_mall' deviates from similar normal records.,True
c87afabf-e8ae-46fa-a2c6-c2dc0e356835,I163478,category,anomaly,Toys,Toys,0.1014,high,Column 'category' deviates from similar normal records.,True
c49dd759-d4f7-488e-9431-bccd89089cfd,I278996,payment_method,anomaly,Debit Card,Cash,0.1975,high,Column 'payment_method' deviates from similar normal records.,True
6040fe5d-4b41-4d2f-a53d-d71d18c002c1,I141617,shopping_mall,anomaly,Zorlu Center,Cevahir AVM,0.1701,high,Column 'shopping_mall' deviates from similar normal records.,True
b8629e1b-28a4-4b3b-b22e-b5d5a632afce,I194102,shopping_mall,anomaly,Zorlu Center,Forum Istanbul,0.1075,high,Column 'shopping_mall' deviates from similar normal records.,True
bdcbc8f5-b1c1-4291-9e7e-fd72bb3d5abe,I101146,shopping_mall,anomaly,Viaport Outlet,Mall of Istanbul,0.0512,high,Column 'shopping_mall' deviates from similar normal records.,True
b3685399-3ab4-4f17-92bc-ae88d27e9f0d,I339822,payment_method,anomaly,Debit Card,Cash,0.0812,high,Column 'payment_method' deviates from similar normal records.,True
7b825255-69c5-489b-98fa-5d37ef24ea60,I237396,shopping_mall,anomaly,Viaport Outlet,Metrocity,0.1159,high,Column 'shopping_mall' deviates from similar normal records.,True
81d7ce7e-1927-4559-8204-df156008e449,I333923,shopping_mall,anomaly,Viaport Outlet,Istinye Park,0.0902,high,Column 'shopping_mall' deviates from similar normal records.,True
869d170c-49af-4e9e-8631-b11f09496a6c,I150581,shopping_mall,anomaly,Viaport Outlet,Kanyon,0.0126,high,Column 'shopping_mall' deviates from similar normal records.,True
ca6f3ce8-d307-40ef-af0e-fd7ef1806e52,I278590,payment_method,anomaly,Debit Card,Credit Card,0.0628,high,Column 'payment_method' deviates from similar normal records.,True
fe183877-1865-457c-87e3-f732ddb6c732,I101852,gender,anomaly,Male,Male,0.039,high,Column 'gender' deviates from similar normal records.,True
ed996a8a-3134-47f0-bc73-a49f531a121f,I238384,category,anomaly,Books,Books,0.0204,high,Column 'category' deviates from similar normal records.,True
1aa6a6d4-2847-4313-b821-405e2846b17e,I250504,shopping_mall,anomaly,Zorlu Center,Metrocity,0.026,high,Column 'shopping_mall' deviates from similar normal records.,True
2d247aec-dd99-4607-8719-92bda25b9f04,I278327,shopping_mall,anomaly,Viaport Outlet,Cevahir AVM,0.0152,high,Column 'shopping_mall' deviates from similar normal records.,True
95ef9299-417b-4d5f-9622-451ee65c3b4f,I251164,shopping_mall,anomaly,Viaport Outlet,Mall of Istanbul,0.1399,high,Column 'shopping_mall' deviates from similar normal records.,True
e7aac8a0-7f59-438e-ba6f-5774ab24ece0,I226605,shopping_mall,anomaly,Emaar Square Mall,Cevahir AVM,0.0763,high,Column 'shopping_mall' deviates from similar normal records.,True
927f45fa-ac20-4f29-9378-ae13903e8724,I121100,shopping_mall,anomaly,Emaar Square Mall,Emaar Square Mall,0.056,high,Column 'shopping_mall' deviates from similar normal records.,True
d06979e8-12e2-4838-b9f4-256c596f807d,I312511,payment_method,anomaly,Debit Card,Credit Card,0.1021,high,Column 'payment_method' deviates from similar normal records.,True
2ae3efa1-7458-46e8-a341-be729409087a,I337780,payment_method,anomaly,Credit Card,Cash,0.0012,high,Column 'payment_method' deviates from similar normal records.,True
33468989-25a4-4a07-b338-da717ffcc67d,I198808,shopping_mall,anomaly,Viaport Outlet,Kanyon,0.0569,high,Column 'shopping_mall' deviates from similar normal records.,True
9a42baf7-1b6a-43e6-93da-04f7df4c645a,I176007,shopping_mall,anomaly,Forum Istanbul,Emaar Square Mall,0.0644,high,Column 'shopping_mall' deviates from similar normal records.,True
1c35799e-be84-4866-967b-616604e8cad8,I168944,shopping_mall,anomaly,Forum Istanbul,Kanyon,0.026,high,Column 'shopping_mall' deviates from similar normal records.,True
2f1a9c26-22c1-456a-9785-03ce80b64923,I191031,shopping_mall,anomaly,Viaport Outlet,Forum Istanbul,0.0471,high,Column 'shopping_mall' deviates from similar normal records.,True
0affe5e6-6d5b-4df5-b58b-0cd2cce8363c,I218639,shopping_mall,anomaly,Metropol AVM,Metropol AVM,0.0081,high,Column 'shopping_mall' deviates from similar normal records.,True
be80a568-9617-4340-b7da-26da09e6d9fa,I230856,shopping_mall,anomaly,Emaar Square Mall,Istinye Park,0.0788,high,Column 'shopping_mall' deviates from similar normal records.,True
b3bf7b19-4a6f-4269-ae8d-72563e140c88,I220173,shopping_mall,anomaly,Cevahir AVM,Mall of Istanbul,0.1043,high,Column 'shopping_mall' deviates from similar normal records.,True
5b109d30-25f3-43d1-bbeb-f42e5aa8f97a,I339678,shopping_mall,anomaly,Zorlu Center,Istinye Park,0.0235,high,Column 'shopping_mall' deviates from similar normal records.,True
fb9a439f-a1df-4e57-9166-dbaeafba8d18,I154640,shopping_mall,anomaly,Metropol AVM,Forum Istanbul,0.1699,high,Column 'shopping_mall' deviates from similar normal records.,True
c83c3d99-da54-4318-bb54-16ff6dca6f86,I291280,payment_method,anomaly,Debit Card,Debit Card,0.0717,high,Column 'payment_method' deviates from similar normal records.,True
f13b8dfc-f55c-4d63-94c9-b23cb47aa513,I205957,shopping_mall,anomaly,Istinye Park,Kanyon,0.0202,high,Column 'shopping_mall' deviates from similar normal records.,True
380909c7-cb93-45c8-b303-3bba37da1011,I166454,shopping_mall,anomaly,Emaar Square Mall,Istinye Park,0.0027,high,Column 'shopping_mall' deviates from similar normal records.,True
964763f1-1cb0-4ebf-88bf-b471b55160f5,I609140,shopping_mall,anomaly,Emaar Square Mall,Istinye Park,0.1315,high,Column 'shopping_mall' deviates from similar normal records.,True
66692b05-e29a-424d-a506-3663c617f526,I256734,payment_method,anomaly,Debit Card,Cash,0.0447,high,Column 'payment_method' deviates from similar normal records.,True
c75dfe74-ff76-4d26-9720-5455d4f41ebc,I293761,shopping_mall,anomaly,Viaport Outlet,Metrocity,0.0825,high,Column 'shopping_mall' deviates from similar normal records.,True
3445e59f-5d2a-48ea-9cfb-83192a38bfbd,I201272,shopping_mall,anomaly,Emaar Square Mall,Metrocity,0.043,high,Column 'shopping_mall' deviates from similar normal records.,True
df94ab26-714b-4742-9e7c-147169d68c77,I309514,payment_method,anomaly,Debit Card,Cash,0.0449,high,Column 'payment_method' deviates from similar normal records.,True
344ce00e-80dc-4232-906f-98411755f3f5,I725950,shopping_mall,anomaly,Zorlu Center,Forum Istanbul,0.0011,high,Column 'shopping_mall' deviates from similar normal records.,True
f19b4b70-77a1-4f53-8f5d-f6a2744e38ad,I248551,shopping_mall,anomaly,Zorlu Center,Metropol AVM,0.0806,high,Column 'shopping_mall' deviates from similar normal records.,True
c867720f-debd-4ee8-87bd-e45cc5050586,I117780,shopping_mall,anomaly,Zorlu Center,Metrocity,0.0228,high,Column 'shopping_mall' deviates from similar normal records.,True
a97a58d5-3e39-4187-a53c-74d589f693bf,I233397,shopping_mall,anomaly,Forum Istanbul,Emaar Square Mall,0.0753,high,Column 'shopping_mall' deviates from similar normal records.,True
e4ca4db2-b408-4809-b575-242011fd5c71,I182126,shopping_mall,anomaly,Cevahir AVM,Cevahir AVM,0.0203,high,Column 'shopping_mall' deviates from similar normal records.,True
bd205277-0c58-4920-8da8-993a23c6d44b,I154452,shopping_mall,anomaly,Kanyon,Kanyon,0.0183,high,Column 'shopping_mall' deviates from similar normal records.,True
fc736047-05a7-45be-9e3e-cbf03e9e04b2,I530987,shopping_mall,anomaly,Zorlu Center,Metrocity,0.0206,high,Column 'shopping_mall' deviates from similar normal records.,True
fa85a841-72e5-4939-970c-3bba5fe6c769,I279063,shopping_mall,anomaly,Viaport Outlet,Cevahir AVM,0.0447,high,Column 'shopping_mall' deviates from similar normal records.,True
8f879867-f605-455b-9213-7ea41675815a,I393524,shopping_mall,anomaly,Viaport Outlet,Metropol AVM,0.0505,high,Column 'shopping_mall' deviates from similar normal records.,True
811458ee-0c00-4f61-b330-fb634e75842e,I297918,shopping_mall,anomaly,Cevahir AVM,Kanyon,0.1222,high,Column 'shopping_mall' deviates from similar normal records.,True
8bcc58eb-049b-41ff-bf0f-603d8da84206,I288413,shopping_mall,anomaly,Cevahir AVM,Emaar Square Mall,0.0073,high,Column 'shopping_mall' deviates from similar normal records.,True
bfa19c35-1a50-4e56-ab3c-dc8992d5cb92,I195379,shopping_mall,anomaly,Metropol AVM,Kanyon,0.008,high,Column 'shopping_mall' deviates from similar normal records.,True
03feaf22-4434-46d2-9e0d-c88d56b245ff,I111453,shopping_mall,anomaly,Metropol AVM,Mall of Istanbul,0.0252,high,Column 'shopping_mall' deviates from similar normal records.,True
d96bf54a-119d-44cc-9e3a-77815f016687,I257038,payment_method,anomaly,Debit Card,Credit Card,0.0717,high,Column 'payment_method' deviates from similar normal records.,True
b51e082b-93ac-421e-83ea-0266f33ea410,I143207,gender,anomaly,Male,Female,0.0461,high,Column 'gender' deviates from similar normal records.,True
89e77dc8-feb5-43ed-bede-50f5347f4529,I845945,shopping_mall,anomaly,Cevahir AVM,Kanyon,0.0089,high,Column 'shopping_mall' deviates from similar normal records.,True
0632f162-5b09-444a-8b4a-cffd556c7ac6,I284504,shopping_mall,anomaly,Viaport Outlet,Cevahir AVM,0.0584,high,Column 'shopping_mall' deviates from similar normal records.,True
318422c7-070d-4ac5-84a0-47dc52f2c510,I229363,shopping_mall,anomaly,Viaport Outlet,Mall of Istanbul,0.0884,high,Column 'shopping_mall' deviates from similar normal records.,True
5cea4c31-2929-41b7-b5ac-180f006fac62,I218046,shopping_mall,anomaly,Istinye Park,Metropol AVM,0.1082,high,Column 'shopping_mall' deviates from similar normal records.,True
6f79265b-6a96-456c-9200-79c44f433fe5,I331834,payment_method,anomaly,Debit Card,Cash,0.0201,high,Column 'payment_method' deviates from similar normal records.,True
5dcad724-1c88-4054-8710-8414aff9fbe7,I245494,shopping_mall,anomaly,Viaport Outlet,Mall of Istanbul,0.0234,high,Column 'shopping_mall' deviates from similar normal records.,True
86902278-e891-4cc8-a67b-5570b51701db,I257338,shopping_mall,anomaly,Forum Istanbul,Metrocity,0.0026,high,Column 'shopping_mall' deviates from similar normal records.,True
35cc2ec7-53f9-42c0-8b70-1a147112795c,I315595,shopping_mall,anomaly,Zorlu Center,Metrocity,0.008,high,Column 'shopping_mall' deviates from similar normal records.,True
d4d50299-1cef-46d4-acdc-bc45c3bdbf10,I280122,shopping_mall,anomaly,Kanyon,Mall of Istanbul,0.0672,high,Column 'shopping_mall' deviates from similar normal records.,True
58049d5a-0c1b-4c4d-96d1-f79844c6b67a,I301961,shopping_mall,anomaly,Viaport Outlet,Istinye Park,0.0471,high,Column 'shopping_mall' deviates from similar normal records.,True
706c8e17-fbc9-4271-b2e1-4bd335fbce49,I114957,category,anomaly,Souvenir,Food & Beverage,0.0932,high,Column 'category' deviates from similar normal records.,True
d1ad2f51-dab0-47d3-83a9-87b4dbd8d108,I161397,shopping_mall,anomaly,Emaar Square Mall,Mall of Istanbul,0.0231,high,Column 'shopping_mall' deviates from similar normal records.,True
3ad3edf2-781f-43bf-83b5-a7292b177b29,I658582,shopping_mall,anomaly,Zorlu Center,Kanyon,0.0959,high,Column 'shopping_mall' deviates from similar normal records.,True
52236530-1c16-46f4-927a-564504d0c890,I407808,shopping_mall,anomaly,Emaar Square Mall,Kanyon,0.0382,high,Column 'shopping_mall' deviates from similar normal records.,True
35485e6f-1ea2-4918-8d9f-fbd214e53899,I138602,shopping_mall,anomaly,Forum Istanbul,Metrocity,0.0767,high,Column 'shopping_mall' deviates from similar normal records.,True
47504177-e457-41c6-a1a0-bedb5118169f,I119313,category,anomaly,Souvenir,Books,0.0544,high,Column 'category' deviates from similar normal records.,True
5d26a3ea-f960-411e-a699-bc54ca38af09,I309542,category,anomaly,Souvenir,Books,0.0307,high,Column 'category' deviates from similar normal records.,True
84e45174-8f73-49cd-8c59-36b8b5933cee,I223506,shopping_mall,anomaly,Metrocity,Forum Istanbul,0.0186,high,Column 'shopping_mall' deviates from similar normal records.,True
8295ac0f-05f9-4576-985a-80749a5c9f73,I164101,shopping_mall,anomaly,Zorlu Center,Istinye Park,0.0579,high,Column 'shopping_mall' deviates from similar normal records.,True
5ad10e48-4201-47af-9288-93a68e5143e9,I205353,shopping_mall,anomaly,Viaport Outlet,Forum Istanbul,0.0551,high,Column 'shopping_mall' deviates from similar normal records.,True
5d9e955d-80e3-4cd0-a98f-075241bde816,I294250,shopping_mall,anomaly,Emaar Square Mall,Emaar Square Mall,0.1214,high,Column 'shopping_mall' deviates from similar normal records.,True
f55aed3f-caef-496a-acb6-9a694891172d,I811074,shopping_mall,anomaly,Istinye Park,Istinye Park,0.0176,high,Column 'shopping_mall' deviates from similar normal records.,True
f33e6a91-e792-4d69-9709-34f045bbb35f,I163354,shopping_mall,anomaly,Zorlu Center,Mall of Istanbul,0.1028,high,Column 'shopping_mall' deviates from similar normal records.,True
25637293-1362-492f-8925-f426afe6fa14,I193466,category,anomaly,Books,Books,0.1408,high,Column 'category' deviates from similar normal records.,True
93b7ad45-4a19-4e99-97b7-56d8c0f7a923,I125803,shopping_mall,anomaly,Viaport Outlet,Mall of Istanbul,0.07,high,Column 'shopping_mall' deviates from similar normal records.,True
47d486df-18fc-4f0d-9939-52ed0adc75d8,I181188,shopping_mall,anomaly,Viaport Outlet,Kanyon,0.0077,high,Column 'shopping_mall' deviates from similar normal records.,True
636a0f6f-8579-4bda-80a3-7e6396096ede,I241394,shopping_mall,anomaly,Metropol AVM,Mall of Istanbul,0.0306,high,Column 'shopping_mall' deviates from similar normal records.,True
b9016508-18da-4373-8064-be915bb0efe8,I194587,payment_method,anomaly,Debit Card,Credit Card,0.2661,high,Column 'payment_method' deviates from similar normal records.,True
b2d8bcdf-3e59-41f2-8779-274a1123d431,I726341,shopping_mall,anomaly,Zorlu Center,Cevahir AVM,0.0261,high,Column 'shopping_mall' deviates from similar normal records.,True
acb83f46-4a32-4bb8-85cd-e476aaddaf3e,I130518,shopping_mall,anomaly,Forum Istanbul,Kanyon,0.0924,high,Column 'shopping_mall' deviates from similar normal records.,True
621d4cc0-6806-4b2c-b6da-566cf7582dd6,I999973,shopping_mall,anomaly,Mall of Istanbul,Mall of Istanbul,0.098,high,Column 'shopping_mall' deviates from similar normal records.,True
ad882854-bbdc-4bb9-89b0-b9d01685138b,I191745,shopping_mall,anomaly,Zorlu Center,Istinye Park,0.0531,high,Column 'shopping_mall' deviates from similar normal records.,True
a9e1ca67-0661-46ff-a1f3-c28f45a85acf,I155165,shopping_mall,anomaly,Emaar Square Mall,Mall of Istanbul,0.0352,high,Column 'shopping_mall' deviates from similar normal records.,True
a4128778-8b7e-42af-9131-191c7b8c69b2,I214149,payment_method,anomaly,Debit Card,Cash,0.044,high,Column 'payment_method' deviates from similar normal records.,True
c6f91fbd-b57b-4387-a4e8-6293b6462491,I475070,shopping_mall,anomaly,Forum Istanbul,Mall of Istanbul,0.0997,high,Column 'shopping_mall' deviates from similar normal records.,True
d866dd12-84c8-4533-9fc1-8c55f369a034,I674521,category,anomaly,Books,Books,0.0243,high,Column 'category' deviates from similar normal records.,True
d7d73a30-fad1-4865-97b3-344d28c50318,I251652,shopping_mall,anomaly,Emaar Square Mall,Mall of Istanbul,0.0303,high,Column 'shopping_mall' deviates from similar normal records.,True
eb3d0ceb-3570-45dc-940a-227c1faf5dd7,I510813,shopping_mall,anomaly,Viaport Outlet,Metrocity,0.0051,high,Column 'shopping_mall' deviates from similar normal records.,True
c70dde1d-c4d6-49f9-91fc-66b4a10c752a,I361409,gender,anomaly,Male,Female,0.0494,high,Column 'gender' deviates from similar normal records.,True
f265a10f-73bf-4487-9ad1-07daf766a57f,I244846,payment_method,anomaly,Debit Card,Cash,0.055,high,Column 'payment_method' deviates from similar normal records.,True
fcbda045-b328-419d-9f5e-e7b7ea7b72cc,I220393,shopping_mall,anomaly,Metropol AVM,Istinye Park,0.096,high,Column 'shopping_mall' deviates from similar normal records.,True
d50fa2e8-8829-4e9b-9753-b72a487cac3d,I248240,shopping_mall,anomaly,Forum Istanbul,Forum Istanbul,0.003,high,Column 'shopping_mall' deviates from similar normal records.,True
7ff28832-83c2-40e5-a59b-555d580eb98c,I248240,age_group,anomaly,26_35,18_25,0.003,medium,Column 'age_group' deviates from similar normal records.,True
ed413a9d-168a-4f7a-91b0-a037df3901ad,I100863,shopping_mall,anomaly,Emaar Square Mall,Metrocity,0.0466,high,Column 'shopping_mall' deviates from similar normal records.,True
4d758cbc-5ae0-4443-a606-4c35d86038ae,I141250,shopping_mall,anomaly,Zorlu Center,Zorlu Center,0.0291,high,Column 'shopping_mall' deviates from similar normal records.,True
8df5690f-00b6-44b7-b5f5-76b4a4608c8a,I197618,shopping_mall,anomaly,Metropol AVM,Metropol AVM,0.0231,high,Column 'shopping_mall' deviates from similar normal records.,True
15369c12-1ae7-49d9-a5a5-c0fcc27dd864,I762777,payment_method,anomaly,Debit Card,Credit Card,0.0402,high,Column 'payment_method' deviates from similar normal records.,True
96c0d6b1-750f-48cb-a560-b1af5a51bc9b,I337638,shopping_mall,anomaly,Zorlu Center,Metropol AVM,0.0688,high,Column 'shopping_mall' deviates from similar normal records.,True
953d0a3e-c5e3-4a96-be5e-092b43154ae7,I951962,shopping_mall,anomaly,Emaar Square Mall,Forum Istanbul,0.0782,high,Column 'shopping_mall' deviates from similar normal records.,True
4d1b2f31-063a-4057-b61b-c4bba876d79a,I698113,shopping_mall,anomaly,Emaar Square Mall,Viaport Outlet,0.0292,high,Column 'shopping_mall' deviates from similar normal records.,True
75b0af77-29e9-455c-9c94-d839551d9278,I348027,shopping_mall,anomaly,Metropol AVM,Emaar Square Mall,0.0432,high,Column 'shopping_mall' deviates from similar normal records.,True
6aef5982-e1eb-4315-b6f6-d21fa9d492a8,I272654,shopping_mall,anomaly,Istinye Park,Metrocity,0.0002,high,Column 'shopping_mall' deviates from similar normal records.,True
6942eb2a-f6ab-43c9-9de5-94de5088b5fc,I253787,shopping_mall,anomaly,Forum Istanbul,Metrocity,0.0305,high,Column 'shopping_mall' deviates from similar normal records.,True
dba48b05-1ad2-4748-bce5-6fc519ee4384,I269157,payment_method,anomaly,Debit Card,Cash,0.1285,high,Column 'payment_method' deviates from similar normal records.,True
3ced603d-d730-4507-ab9c-fa72e1faf2e6,I133048,shopping_mall,anomaly,Zorlu Center,Istinye Park,0.143,high,Column 'shopping_mall' deviates from similar normal records.,True
8f768914-fed1-4c6c-920d-59b7d55d4bc1,I534276,shopping_mall,anomaly,Viaport Outlet,Cevahir AVM,0.0473,high,Column 'shopping_mall' deviates from similar normal records.,True
cded05a1-a94a-4535-92ca-47fcb387a6d6,I531679,shopping_mall,anomaly,Zorlu Center,Kanyon,0.0689,high,Column 'shopping_mall' deviates from similar normal records.,True
464b9fce-1990-4cb1-87e1-877b7bbc2301,I247492,payment_method,anomaly,Debit Card,Credit Card,0.032,high,Column 'payment_method' deviates from similar normal records.,True
2814e967-a686-4bf8-ab75-b699da05b821,I953148,category,anomaly,Books,Books,0.0687,high,Column 'category' deviates from similar normal records.,True
cfbf7571-afb8-4918-9da3-4c2124e0bee0,I167444,shopping_mall,anomaly,Viaport Outlet,Forum Istanbul,0.0802,high,Column 'shopping_mall' deviates from similar normal records.,True
f5e2e139-858e-4a73-97ba-d869ac9dc6ad,I625749,shopping_mall,anomaly,Viaport Outlet,Mall of Istanbul,0.0357,high,Column 'shopping_mall' deviates from similar normal records.,True
709ccc2d-149c-46c6-adf5-60befb24b287,I174773,shopping_mall,anomaly,Zorlu Center,Mall of Istanbul,0.089,high,Column 'shopping_mall' deviates from similar normal records.,True
00bf6fa0-f391-4b4f-a2fe-a2eba1bb5783,I333238,payment_method,anomaly,Debit Card,Cash,0.0699,high,Column 'payment_method' deviates from similar normal records.,True
bb7c4621-753e-4d90-bfc8-9b47882522bb,I280994,shopping_mall,anomaly,Zorlu Center,Kanyon,0.0295,high,Column 'shopping_mall' deviates from similar normal records.,True
8df30a1e-21e3-4e94-9c77-b5945911cbf6,I273479,payment_method,anomaly,Debit Card,Credit Card,0.0019,high,Column 'payment_method' deviates from similar normal records.,True
97e34606-72f4-473c-8a83-0337003557d7,I140093,shopping_mall,anomaly,Viaport Outlet,Kanyon,0.0198,high,Column 'shopping_mall' deviates from similar normal records.,True
4d35f56b-ba6f-44fc-b6f2-c17944ebd238,I944940,shopping_mall,anomaly,Zorlu Center,Mall of Istanbul,0.0132,high,Column 'shopping_mall' deviates from similar normal records.,True
ed369f99-131e-46b9-9974-5e015b64deb6,I241635,category,anomaly,Books,Food & Beverage,0.0244,high,Column 'category' deviates from similar normal records.,True
b97acf71-5f26-4f94-9f65-8b0ab7716f19,I213716,shopping_mall,anomaly,Metropol AVM,Mall of Istanbul,0.0583,high,Column 'shopping_mall' deviates from similar normal records.,True
9554e86c-1876-49d3-a084-57dfc780d5b2,I112163,shopping_mall,anomaly,Cevahir AVM,Kanyon,0.0182,high,Column 'shopping_mall' deviates from similar normal records.,True
f4a74211-9693-4bde-8813-11e76ce8a867,I270813,shopping_mall,anomaly,Emaar Square Mall,Kanyon,0.1217,high,Column 'shopping_mall' deviates from similar normal records.,True
7afd1e1d-a4cc-4c33-8fe6-3beb8a031c14,I406506,shopping_mall,anomaly,Metropol AVM,Forum Istanbul,0.012,high,Column 'shopping_mall' deviates from similar normal records.,True
d5918d35-1ddc-404e-bfbc-387011bc530a,I168471,shopping_mall,anomaly,Metrocity,Cevahir AVM,0.0311,high,Column 'shopping_mall' deviates from similar normal records.,True
1119cb4d-68b7-4a56-b9d8-67c75f25db7f,I437195,shopping_mall,anomaly,Emaar Square Mall,Metrocity,0.0503,high,Column 'shopping_mall' deviates from similar normal records.,True
2a23f52e-8d2c-442a-b15e-1cd310877524,I186888,shopping_mall,anomaly,Forum Istanbul,Kanyon,0.033,high,Column 'shopping_mall' deviates from similar normal records.,True
1407cf44-05fe-4a86-9dcd-5e2b83e6417d,I166189,shopping_mall,anomaly,Emaar Square Mall,Mall of Istanbul,0.0614,high,Column 'shopping_mall' deviates from similar normal records.,True
58e6a0c1-43a8-470d-9c4e-bae976829f23,I141563,payment_method,anomaly,Debit Card,Credit Card,0.0167,high,Column 'payment_method' deviates from similar normal records.,True
67a57515-d87c-4464-8ced-cdf1b2aff93f,I197591,shopping_mall,anomaly,Istinye Park,Metrocity,0.018,high,Column 'shopping_mall' deviates from similar normal records.,True
53c84bb9-d92b-4d27-8803-4cb2e38447b5,I207786,shopping_mall,anomaly,Metropol AVM,Mall of Istanbul,0.0516,high,Column 'shopping_mall' deviates from similar normal records.,True
0846d106-2f9c-4901-aaa5-fe217506234f,I237495,shopping_mall,anomaly,Cevahir AVM,Istinye Park,0.0462,high,Column 'shopping_mall' deviates from similar normal records.,True
cc60d771-8a53-43f5-b148-17d2a129fe34,I193378,shopping_mall,anomaly,Zorlu Center,Mall of Istanbul,0.0008,high,Column 'shopping_mall' deviates from similar normal records.,True
d2a3ee0b-c3eb-4f42-ab7b-9e94c677e69f,I201037,shopping_mall,anomaly,Zorlu Center,Kanyon,0.0327,high,Column 'shopping_mall' deviates from similar normal records.,True
83dcd6c7-f9eb-4cd9-9184-8941dcd7fc90,I180653,shopping_mall,anomaly,Zorlu Center,Emaar Square Mall,0.0363,high,Column 'shopping_mall' deviates from similar normal records.,True
69770721-2ba5-4df1-a04f-dfebc404ca3f,I120831,shopping_mall,anomaly,Zorlu Center,Mall of Istanbul,0.0477,high,Column 'shopping_mall' deviates from similar normal records.,True
d53ea814-b96d-4847-84db-714b3cf50324,I684363,shopping_mall,anomaly,Zorlu Center,Kanyon,0.0674,high,Column 'shopping_mall' deviates from similar normal records.,True
27d865ee-f757-47c2-a0b4-850485d9d178,I179345,shopping_mall,anomaly,Zorlu Center,Forum Istanbul,0.046,high,Column 'shopping_mall' deviates from similar normal records.,True
1218cd03-7873-420c-968b-169536b379d4,I237361,shopping_mall,anomaly,Forum Istanbul,Mall of Istanbul,0.0233,high,Column 'shopping_mall' deviates from similar normal records.,True
32a37cd7-4b5f-4f3c-9430-cf60196be2cf,I109122,shopping_mall,anomaly,Zorlu Center,Metrocity,0.1005,high,Column 'shopping_mall' deviates from similar normal records.,True
6095113a-a536-45ec-8c42-e3c26dbd03a9,I303739,shopping_mall,anomaly,Cevahir AVM,Metropol AVM,0.0697,high,Column 'shopping_mall' deviates from similar normal records.,True
bbd9856a-bcad-4015-9308-0f477cbf5faa,I330974,shopping_mall,anomaly,Metropol AVM,Kanyon,0.0123,high,Column 'shopping_mall' deviates from similar normal records.,True
f8891c23-855e-4a4b-b817-f787474db53a,I109876,shopping_mall,anomaly,Zorlu Center,Mall of Istanbul,0.0263,high,Column 'shopping_mall' deviates from similar normal records.,True
6a88d072-f4c3-414d-beaf-f5110c5b6d18,I153699,payment_method,anomaly,Debit Card,Cash,0.0346,high,Column 'payment_method' deviates from similar normal records.,True
d47ed299-4c22-4e06-aea0-082c3a8a4827,I153699,shopping_mall,anomaly,Viaport Outlet,Cevahir AVM,0.0346,high,Column 'shopping_mall' deviates from similar normal records.,True
f0a60f9a-a2d4-45b0-bbde-ab1055e65142,I150335,shopping_mall,anomaly,Zorlu Center,Kanyon,0.0035,high,Column 'shopping_mall' deviates from similar normal records.,True
ca9c1d03-b715-4cd1-9df2-b4ffd9502e00,I220937,category,anomaly,Toys,Toys,0.0025,high,Column 'category' deviates from similar normal records.,True
010d6c00-fa3e-45a9-8f5c-b733cd06b8e5,I320104,shopping_mall,anomaly,Zorlu Center,Cevahir AVM,0.1183,high,Column 'shopping_mall' deviates from similar normal records.,True
8948a510-4f09-4b5c-b146-02e50fe63fad,I946235,shopping_mall,anomaly,Forum Istanbul,Kanyon,0.1007,high,Column 'shopping_mall' deviates from similar normal records.,True
6c696cca-7fb8-49f9-99e5-5ebb035265f4,I131341,shopping_mall,anomaly,Emaar Square Mall,Forum Istanbul,0.09,high,Column 'shopping_mall' deviates from similar normal records.,True
11bc8ffc-9ba4-4fa4-ade0-a175efa46c30,I312404,shopping_mall,anomaly,Metropol AVM,Kanyon,0.0907,high,Column 'shopping_mall' deviates from similar normal records.,True
126e72f0-8769-4929-b4cf-8ee001a2b7d3,I208397,shopping_mall,anomaly,Viaport Outlet,Mall of Istanbul,0.143,high,Column 'shopping_mall' deviates from similar normal records.,True
635d3f57-26f3-431b-b5f6-97810e89bfb8,I200463,payment_method,anomaly,Debit Card,Cash,0.0102,high,Column 'payment_method' deviates from similar normal records.,True
05a76ced-de37-45e0-9d97-a2a49642bfe9,I185455,shopping_mall,anomaly,Zorlu Center,Cevahir AVM,0.1495,high,Column 'shopping_mall' deviates from similar normal records.,True
e3ac24c2-182f-45c5-b01f-3a756fee4cff,I290621,shopping_mall,anomaly,Metropol AVM,Kanyon,0.089,high,Column 'shopping_mall' deviates from similar normal records.,True
30d2642c-ff26-47b9-8efd-a4661f3ac5b4,I212326,payment_method,anomaly,Debit Card,Credit Card,0.0563,high,Column 'payment_method' deviates from similar normal records.,True
b0451ace-c046-4730-977e-b0dcb8c41d8f,I110751,shopping_mall,anomaly,Viaport Outlet,Metrocity,0.0093,high,Column 'shopping_mall' deviates from similar normal records.,True
e5adf15e-dae8-4352-aa68-b32011359f03,I244159,shopping_mall,anomaly,Istinye Park,Mall of Istanbul,0.054,high,Column 'shopping_mall' deviates from similar normal records.,True
4f3b0a92-48c5-4873-8d51-db70cce4ae2b,I210802,category,anomaly,Shoes,Shoes,0.198,high,Column 'category' deviates from similar normal records.,True
bc239634-753a-4865-a41c-c2ba383e1951,I233159,shopping_mall,anomaly,Viaport Outlet,Kanyon,0.081,high,Column 'shopping_mall' deviates from similar normal records.,True
e371a7ca-7a0c-40ab-a658-b6f62a2d2335,I687023,shopping_mall,anomaly,Forum Istanbul,Forum Istanbul,0.0039,high,Column 'shopping_mall' deviates from similar normal records.,True
efac7966-68d8-420d-b4e8-73be6602c3e0,I210986,shopping_mall,anomaly,Metrocity,Istinye Park,0.0194,high,Column 'shopping_mall' deviates from similar normal records.,True
e43da51e-70d8-44d9-b3f7-c8093e2a4baf,I148105,gender,anomaly,Male,Female,0.0331,high,Column 'gender' deviates from similar normal records.,True
02302f47-ae65-46d4-b0c6-c25386f5961c,I248791,payment_method,anomaly,Credit Card,Credit Card,0.0296,high,Column 'payment_method' deviates from similar normal records.,True
6adbf652-771a-46ee-a7cc-8a7deb76bf89,I462357,category,anomaly,Souvenir,Books,0.0611,high,Column 'category' deviates from similar normal records.,True
741fbf01-9540-4585-b37e-610dc4aab122,I625408,shopping_mall,anomaly,Forum Istanbul,Cevahir AVM,0.0209,high,Column 'shopping_mall' deviates from similar normal records.,True
411406ab-ae02-4ff0-bd40-760e5eed5982,I250276,shopping_mall,anomaly,Zorlu Center,Mall of Istanbul,0.0426,high,Column 'shopping_mall' deviates from similar normal records.,True
986a95c5-e934-4d01-97c5-5e68bd832f4a,I190385,shopping_mall,anomaly,Cevahir AVM,Kanyon,0.1307,high,Column 'shopping_mall' deviates from similar normal records.,True
88b7da8c-86be-4a99-a5c9-a2d90fa042c8,I322973,shopping_mall,anomaly,Forum Istanbul,Forum Istanbul,0.0056,high,Column 'shopping_mall' deviates from similar normal records.,True
749e511f-8ec5-492c-a2b2-023098443f60,I199806,payment_method,anomaly,Debit Card,Cash,0.0883,high,Column 'payment_method' deviates from similar normal records.,True
e8799e92-e83d-4098-b70d-dfc393b14545,I116795,shopping_mall,anomaly,Istinye Park,Istinye Park,0.0169,high,Column 'shopping_mall' deviates from similar normal records.,True
53753032-abae-4d18-b8e4-2a5b711a4499,I118292,shopping_mall,anomaly,Metropol AVM,Kanyon,0.0631,high,Column 'shopping_mall' deviates from similar normal records.,True
ccd1c059-fdb4-47cd-92a5-79f57bef4407,I820068,shopping_mall,anomaly,Cevahir AVM,Kanyon,0.1499,high,Column 'shopping_mall' deviates from similar normal records.,True
1b2df388-37f1-4977-8223-d8cc2282e4cb,I185022,shopping_mall,anomaly,Zorlu Center,Metrocity,0.0937,high,Column 'shopping_mall' deviates from similar normal records.,True
09698698-9389-4368-9092-63c6ee138903,I245013,payment_method,anomaly,Debit Card,Credit Card,0.0029,high,Column 'payment_method' deviates from similar normal records.,True
71160269-9284-44b8-ba05-80428f54ce14,I139822,shopping_mall,anomaly,Emaar Square Mall,Emaar Square Mall,0.0003,high,Column 'shopping_mall' deviates from similar normal records.,True
1236ecef-1f96-4dd6-9e34-0d8653f02e78,I198592,shopping_mall,anomaly,Metropol AVM,Mall of Istanbul,0.0313,high,Column 'shopping_mall' deviates from similar normal records.,True
db44445d-8238-4165-bb69-ee384eb823d3,I543808,shopping_mall,anomaly,Viaport Outlet,Cevahir AVM,0.1068,high,Column 'shopping_mall' deviates from similar normal records.,True
775a38ee-c307-47b0-94c9-8cda6a6bb1d3,I213362,shopping_mall,anomaly,Viaport Outlet,Kanyon,0.1262,high,Column 'shopping_mall' deviates from similar normal records.,True
fcf199c1-97b2-4c8c-92fc-ae9f4b451210,I279575,category,anomaly,Souvenir,Souvenir,0.0346,high,Column 'category' deviates from similar normal records.,True
01f4a39a-2713-4ca3-afe8-18be4a8ceab7,I200024,shopping_mall,anomaly,Mall of Istanbul,Mall of Istanbul,0.0121,high,Column 'shopping_mall' deviates from similar normal records.,True
8f1db3f9-5e19-4265-b834-83a4f7070623,I261870,payment_method,anomaly,Debit Card,Cash,0.0359,high,Column 'payment_method' deviates from similar normal records.,True
85e081aa-1c97-411d-ab44-7a062abec9cc,I151224,shopping_mall,anomaly,Metropol AVM,Kanyon,0.0355,high,Column 'shopping_mall' deviates from similar normal records.,True
ecfdff24-a9da-48dc-aab9-95618a992868,I235094,shopping_mall,anomaly,Viaport Outlet,Cevahir AVM,0.0155,high,Column 'shopping_mall' deviates from similar normal records.,True
a8434c53-5f19-4494-93a2-f958de5b6f35,I937342,payment_method,anomaly,Debit Card,Cash,0.0169,high,Column 'payment_method' deviates from similar normal records.,True
840b5e15-cee0-4888-a04a-052f2affec53,I293770,shopping_mall,anomaly,Emaar Square Mall,Cevahir AVM,0.1,high,Column 'shopping_mall' deviates from similar normal records.,True
1b56d247-9983-422d-ba9d-6ea390557fc8,I242734,shopping_mall,anomaly,Forum Istanbul,Zorlu Center,0.0371,high,Column 'shopping_mall' deviates from similar normal records.,True
7cc38fa7-c7eb-4690-9b64-fad43cdc288b,I107543,shopping_mall,anomaly,Emaar Square Mall,Metropol AVM,0.0008,high,Column 'shopping_mall' deviates from similar normal records.,True
fac9bbb9-0423-40fd-b5f4-88facf625c4f,I976025,payment_method,anomaly,Credit Card,Credit Card,0.0262,high,Column 'payment_method' deviates from similar normal records.,True
7fbea5b6-5753-4749-8ae3-5c6ae8a0b258,I688741,shopping_mall,anomaly,Cevahir AVM,Mall of Istanbul,0.0799,high,Column 'shopping_mall' deviates from similar normal records.,True
e14d8a65-e203-4348-bce8-c0e4ff2b3d6a,I506170,payment_method,anomaly,Debit Card,Cash,0.1286,high,Column 'payment_method' deviates from similar normal records.,True
4cac81b3-13bc-4063-8264-cce748693972,I506170,shopping_mall,anomaly,Cevahir AVM,Cevahir AVM,0.1286,high,Column 'shopping_mall' deviates from similar normal records.,True
06d0987a-d2f1-4f79-a7ba-8fcb0fb01a5c,I110807,shopping_mall,anomaly,Emaar Square Mall,Cevahir AVM,0.0075,high,Column 'shopping_mall' deviates from similar normal records.,True
b1c2d8bb-d06b-4d50-9c04-7a73280e2202,I139034,shopping_mall,anomaly,Istinye Park,Kanyon,0.0654,high,Column 'shopping_mall' deviates from similar normal records.,True
05686b7a-bcef-4921-86e8-210249d2f911,I283822,shopping_mall,anomaly,Forum Istanbul,Kanyon,0.1082,high,Column 'shopping_mall' deviates from similar normal records.,True
98dc9b29-8fbb-4d41-ba71-33658648a1c1,I715518,payment_method,anomaly,Debit Card,Cash,0.1531,high,Column 'payment_method' deviates from similar normal records.,True
ac05d7db-9aae-43d7-98c0-6c49657be594,I175448,category,anomaly,Souvenir,Food & Beverage,0.0555,high,Column 'category' deviates from similar normal records.,True
666c9235-4821-4380-b66a-3ef5c34ca28c,I175448,shopping_mall,anomaly,Istinye Park,Cevahir AVM,0.0555,high,Column 'shopping_mall' deviates from similar normal records.,True
57e522c0-8ca1-4914-8e22-a50f89b6c252,I279416,shopping_mall,anomaly,Viaport Outlet,Mall of Istanbul,0.0653,high,Column 'shopping_mall' deviates from similar normal records.,True
5e1b72b6-3e95-47a5-a1e5-915b4217a8cf,I181261,shopping_mall,anomaly,Metropol AVM,Metropol AVM,0.0671,high,Column 'shopping_mall' deviates from similar normal records.,True
b0b602b4-7709-45da-bf95-81e5342c81ce,I320885,shopping_mall,anomaly,Viaport Outlet,Viaport Outlet,0.2261,high,Column 'shopping_mall' deviates from similar normal records.,True
ccd154b7-a95c-412d-a248-de2a51d761d8,I233825,shopping_mall,anomaly,Zorlu Center,Mall of Istanbul,0.043,high,Column 'shopping_mall' deviates from similar normal records.,True
85876f7d-82bc-4415-95e0-b7ba192a425f,I312324,category,anomaly,Books,Cosmetics,0.1058,high,Column 'category' deviates from similar normal records.,True
1aa936a7-7b6a-457d-97f7-ba228492e486,I312324,shopping_mall,anomaly,Metrocity,Viaport Outlet,0.1058,high,Column 'shopping_mall' deviates from similar normal records.,True
ab222856-012f-45ae-89fd-943c42c386d8,I165096,shopping_mall,anomaly,Mall of Istanbul,Mall of Istanbul,0.1045,high,Column 'shopping_mall' deviates from similar normal records.,True
80d36ab1-188a-4e40-b9d8-7e85804ba0b8,I313895,shopping_mall,anomaly,Zorlu Center,Forum Istanbul,0.038,high,Column 'shopping_mall' deviates from similar normal records.,True
0610fb15-fcc8-4f7a-9d74-b6d59d8f30f8,I127347,shopping_mall,anomaly,Emaar Square Mall,Emaar Square Mall,0.0727,high,Column 'shopping_mall' deviates from similar normal records.,True
7983f0da-1fd7-4f3c-a425-23b2e425e425,I198089,shopping_mall,anomaly,Metropol AVM,Forum Istanbul,0.0949,high,Column 'shopping_mall' deviates from similar normal records.,True
ad2fda3d-acc6-4d5b-8621-f31554eb95aa,I476356,shopping_mall,anomaly,Viaport Outlet,Kanyon,0.0032,high,Column 'shopping_mall' deviates from similar normal records.,True
dd303409-bca1-4681-9142-b300655bc739,I284226,category,anomaly,Souvenir,Books,0.0337,high,Column 'category' deviates from similar normal records.,True
4841c80d-2b42-4081-9962-05cdd5bb356a,I284226,shopping_mall,anomaly,Metropol AVM,Istinye Park,0.0337,high,Column 'shopping_mall' deviates from similar normal records.,True
46bf61cb-f7c3-441d-b060-d754312398e5,I283706,category,anomaly,Books,Books,0.0648,high,Column 'category' deviates from similar normal records.,True
92597c91-9a17-4098-8d13-44c756d583fd,I119521,category,anomaly,Books,Souvenir,0.0493,high,Column 'category' deviates from similar normal records.,True
d2f04f78-560a-4470-b2cc-31bfd24643ff,I130480,shopping_mall,anomaly,Istinye Park,Kanyon,0.0341,high,Column 'shopping_mall' deviates from similar normal records.,True
60ea629a-77a9-4069-a79a-7ebe9a3dd68b,I112058,shopping_mall,anomaly,Forum Istanbul,Mall of Istanbul,0.0567,high,Column 'shopping_mall' deviates from similar normal records.,True
58fdcbbb-9472-46e2-b419-71e324a941d8,I195834,gender,anomaly,Male,Female,0.0643,high,Column 'gender' deviates from similar normal records.,True
88ee96a6-a270-4eb2-904e-6e25200d1614,I312923,category,anomaly,Books,Food & Beverage,0.0652,high,Column 'category' deviates from similar normal records.,True
983e77a5-0d12-454d-bfea-c4532bd28621,I501694,shopping_mall,anomaly,Zorlu Center,Metrocity,0.0113,high,Column 'shopping_mall' deviates from similar normal records.,True
5249c09e-50c9-49bb-a00f-efbcab5924f8,I205884,shopping_mall,anomaly,Viaport Outlet,Metropol AVM,0.0525,high,Column 'shopping_mall' deviates from similar normal records.,True
e980b4e1-fd92-471e-8e4f-ea3dd0b1abdf,I135620,shopping_mall,anomaly,Metrocity,Mall of Istanbul,0.0098,high,Column 'shopping_mall' deviates from similar normal records.,True
d57af29c-01b3-4e86-8be0-81ca2fd643fa,I493545,shopping_mall,anomaly,Istinye Park,Metrocity,0.0443,high,Column 'shopping_mall' deviates from similar normal records.,True
ed1a8dde-b89d-47f7-b3b6-bd7a58743080,I205989,shopping_mall,anomaly,Zorlu Center,Mall of Istanbul,0.0355,high,Column 'shopping_mall' deviates from similar normal records.,True
fcd11be4-6a25-471e-8337-103f98077b26,I207014,shopping_mall,anomaly,Forum Istanbul,Kanyon,0.0517,high,Column 'shopping_mall' deviates from similar normal records.,True
10bbef0f-56a7-4aa3-9817-25a49a533a67,I771177,shopping_mall,anomaly,Forum Istanbul,Mall of Istanbul,0.056,high,Column 'shopping_mall' deviates from similar normal records.,True
3e8001cd-00a1-4020-8097-3a81902e3c7e,I194577,shopping_mall,anomaly,Metropol AVM,Mall of Istanbul,0.1022,high,Column 'shopping_mall' deviates from similar normal records.,True
0a12ce81-0333-4447-bb6a-482d37cd67cb,I711208,shopping_mall,anomaly,Emaar Square Mall,Forum Istanbul,0.0248,high,Column 'shopping_mall' deviates from similar normal records.,True
f3a35d30-45d8-4a3a-a6ac-089bb718c6ae,I163212,shopping_mall,anomaly,Emaar Square Mall,Emaar Square Mall,0.0323,high,Column 'shopping_mall' deviates from similar normal records.,True
f8ce3113-6f1d-4e87-94b6-4590e482fb50,I268887,shopping_mall,anomaly,Viaport Outlet,Cevahir AVM,0.0064,high,Column 'shopping_mall' deviates from similar normal records.,True
ef963797-9429-4721-8fe5-dc503ce2780a,I197007,gender,anomaly,Male,Female,0.0236,high,Column 'gender' deviates from similar normal records.,True
748ee4c3-b717-4653-a798-f95dafedc84f,I197007,shopping_mall,anomaly,Istinye Park,Istinye Park,0.0236,high,Column 'shopping_mall' deviates from similar normal records.,True
6dbe3441-258d-4ddd-9ee7-55abdc5fc43b,I153608,shopping_mall,anomaly,Zorlu Center,Kanyon,0.0447,high,Column 'shopping_mall' deviates from similar normal records.,True
a505c6dc-1381-43d8-bd70-0ba04586cc79,I460943,shopping_mall,anomaly,Mall of Istanbul,Metrocity,0.0169,high,Column 'shopping_mall' deviates from similar normal records.,True
026a021b-bf8d-4166-a599-dc594605aa02,I140007,shopping_mall,anomaly,Viaport Outlet,Metrocity,0.0193,high,Column 'shopping_mall' deviates from similar normal records.,True
2d8c3107-023e-4f5a-9a70-4cb29cd4b970,I295221,shopping_mall,anomaly,Metropol AVM,Mall of Istanbul,0.0752,high,Column 'shopping_mall' deviates from similar normal records.,True
c2ba25db-fe12-43c2-83c2-cca18f1b6711,I592272,shopping_mall,anomaly,Zorlu Center,Forum Istanbul,0.0108,high,Column 'shopping_mall' deviates from similar normal records.,True
90773b91-0c2d-4064-b20c-f481bc3c72b6,I265867,shopping_mall,anomaly,Metropol AVM,Mall of Istanbul,0.0817,high,Column 'shopping_mall' deviates from similar normal records.,True
ad3d6e28-9d63-4517-aa9c-64ee9ce4576d,I226264,shopping_mall,anomaly,Viaport Outlet,Mall of Istanbul,0.0566,high,Column 'shopping_mall' deviates from similar normal records.,True
c564751b-180e-4543-9dfd-0b5c788b6e26,I309029,payment_method,anomaly,Debit Card,Cash,0.0302,high,Column 'payment_method' deviates from similar normal records.,True
6514bc1e-3d65-42c1-85d6-2e9e4f92ec49,I289778,shopping_mall,anomaly,Metropol AVM,Istinye Park,0.0273,high,Column 'shopping_mall' deviates from similar normal records.,True
219fd1f9-f4cb-41db-a0a9-0d8379da9e04,I206510,shopping_mall,anomaly,Zorlu Center,Metrocity,0.0281,high,Column 'shopping_mall' deviates from similar normal records.,True
2210a0b7-c0b9-4b8e-b1b1-3f0e3324cce2,I325693,payment_method,anomaly,Debit Card,Cash,0.0665,high,Column 'payment_method' deviates from similar normal records.,True
968179a3-1470-4879-ad21-41edca8da429,I315714,shopping_mall,anomaly,Cevahir AVM,Cevahir AVM,0.0102,high,Column 'shopping_mall' deviates from similar normal records.,True
e10108ab-604d-4334-8863-ee9cc9e7ee21,I316146,shopping_mall,anomaly,Viaport Outlet,Kanyon,0.0598,high,Column 'shopping_mall' deviates from similar normal records.,True
2b8eea2a-da82-41bd-be6f-445994215c47,I684949,shopping_mall,anomaly,Forum Istanbul,Mall of Istanbul,0.003,high,Column 'shopping_mall' deviates from similar normal records.,True
5d15597f-df93-4042-bbdb-d342f209fc8b,I163471,shopping_mall,anomaly,Emaar Square Mall,Istinye Park,0.023,high,Column 'shopping_mall' deviates from similar normal records.,True
4221b14c-806b-48e6-9972-2de80b2cfe4c,I253182,shopping_mall,anomaly,Viaport Outlet,Kanyon,0.1016,high,Column 'shopping_mall' deviates from similar normal records.,True
6959bb5e-c32d-4091-bfbf-f6ff2e71d88e,I290098,shopping_mall,anomaly,Metropol AVM,Metrocity,0.0724,high,Column 'shopping_mall' deviates from similar normal records.,True
4d546e03-c478-4b71-80fe-63441b7f1fe5,I581582,shopping_mall,anomaly,Zorlu Center,Emaar Square Mall,0.0091,high,Column 'shopping_mall' deviates from similar normal records.,True
08f47782-30ad-4bc7-86c4-f56c05abaccb,I328028,shopping_mall,anomaly,Istinye Park,Cevahir AVM,0.0004,high,Column 'shopping_mall' deviates from similar normal records.,True
7a427eaa-1f24-4a0b-b91c-cfe96d52eb68,I102115,payment_method,anomaly,Debit Card,Cash,0.0597,high,Column 'payment_method' deviates from similar normal records.,True
4c87ab16-b0cc-4c37-83aa-b58933dd855d,I224468,shopping_mall,anomaly,Viaport Outlet,Istinye Park,0.081,high,Column 'shopping_mall' deviates from similar normal records.,True
0909e03f-658b-4b5f-b7ad-0bd0f97c6808,I629327,shopping_mall,anomaly,Mall of Istanbul,Kanyon,0.0099,high,Column 'shopping_mall' deviates from similar normal records.,True
fab326c8-e8f9-4e7d-acb4-3e68b80b4bb9,I338573,shopping_mall,anomaly,Emaar Square Mall,Metrocity,0.1009,high,Column 'shopping_mall' deviates from similar normal records.,True
6bb63383-527e-4eb7-9419-c0db38fd87f4,I293016,shopping_mall,anomaly,Emaar Square Mall,Cevahir AVM,0.0057,high,Column 'shopping_mall' deviates from similar normal records.,True
4cf27814-229f-4bd7-b372-83df18c80e8b,I148595,shopping_mall,anomaly,Forum Istanbul,Kanyon,0.046,high,Column 'shopping_mall' deviates from similar normal records.,True
0e4d9ab2-4288-410c-a444-d8622f29e351,I237994,shopping_mall,anomaly,Viaport Outlet,Cevahir AVM,0.0911,high,Column 'shopping_mall' deviates from similar normal records.,True
7767515b-9109-4d1b-8b3a-9268704663b9,I157830,shopping_mall,anomaly,Metropol AVM,Kanyon,0.0346,high,Column 'shopping_mall' deviates from similar normal records.,True
75d8c74a-386f-4981-b620-b484bcb9b40d,I288842,payment_method,anomaly,Debit Card,Debit Card,0.0549,high,Column 'payment_method' deviates from similar normal records.,True
c66a2f5c-6d1e-4bc8-bfa1-5a1e8c88fac0,I306615,shopping_mall,anomaly,Zorlu Center,Mall of Istanbul,0.0403,high,Column 'shopping_mall' deviates from similar normal records.,True
255e26e7-484f-40d6-98f6-b07103c240a2,I235507,shopping_mall,anomaly,Forum Istanbul,Metrocity,0.04,high,Column 'shopping_mall' deviates from similar normal records.,True
10bfefcc-2959-41f6-b211-37ef6c2d68bc,I639493,shopping_mall,anomaly,Metropol AVM,Istinye Park,0.1761,high,Column 'shopping_mall' deviates from similar normal records.,True
36645933-2d74-4194-b0ce-3322ae9306bf,I232791,shopping_mall,anomaly,Metropol AVM,Kanyon,0.0271,high,Column 'shopping_mall' deviates from similar normal records.,True
1eee4862-599e-4b47-a39c-3b77f1380582,I141748,payment_method,anomaly,Debit Card,Cash,0.0468,high,Column 'payment_method' deviates from similar normal records.,True
4e9bdc35-6e64-4f54-9911-7e446d7c86ba,I101934,shopping_mall,anomaly,Emaar Square Mall,Kanyon,0.0978,high,Column 'shopping_mall' deviates from similar normal records.,True
50bf2d98-79da-4506-a2bf-67135e2fbe6a,I348593,shopping_mall,anomaly,Istinye Park,Kanyon,0.0897,high,Column 'shopping_mall' deviates from similar normal records.,True
a9befd00-c248-4878-9082-00aa03c10542,I305703,age_group,anomaly,36_45,36_45,0.1422,low,Column 'age_group' deviates from similar normal records.,True
8ca710cd-1132-45f8-8cd7-0f592932583b,I601755,shopping_mall,anomaly,Metrocity,Mall of Istanbul,0.1702,high,Column 'shopping_mall' deviates from similar normal records.,True
9d41a53d-100c-405a-8a55-12deffcd3463,I257956,shopping_mall,anomaly,Viaport Outlet,Forum Istanbul,0.0015,high,Column 'shopping_mall' deviates from similar normal records.,True
7a9b3488-17c7-4ede-8029-3a8ee7fefa59,I344727,gender,anomaly,Male,Male,0.1563,high,Column 'gender' deviates from similar normal records.,True
6f5df97d-25ec-4639-9580-5eca70677e5c,I327427,shopping_mall,anomaly,Zorlu Center,Cevahir AVM,0.1706,high,Column 'shopping_mall' deviates from similar normal records.,True
60080582-84f9-48de-96c4-da711e7a0dcb,I303771,shopping_mall,anomaly,Metrocity,Kanyon,0.0138,high,Column 'shopping_mall' deviates from similar normal records.,True
a28c3fb2-12fe-4dd9-b43c-2d175dd0f6a3,I119362,category,anomaly,Toys,Cosmetics,0.1755,high,Column 'category' deviates from similar normal records.,True
42530ac8-94d2-4822-8877-6d2b61a2c0ee,I136523,category,anomaly,Food & Beverage,Food & Beverage,0.055,high,Column 'category' deviates from similar normal records.,True
8900381d-71a5-4a9d-b066-de662e0fcd88,I136523,shopping_mall,anomaly,Istinye Park,Metrocity,0.055,high,Column 'shopping_mall' deviates from similar normal records.,True
5b6d9de1-ac4c-443b-989f-5b6bc45d3684,I314648,category,anomaly,Books,Cosmetics,0.1792,high,Column 'category' deviates from similar normal records.,True
2e5ff34a-eae5-4f65-9800-150d5701b39a,I758572,shopping_mall,anomaly,Viaport Outlet,Metropol AVM,0.0532,high,Column 'shopping_mall' deviates from similar normal records.,True
7811939f-e33e-47a5-90ab-d22b72ab2c82,I136922,shopping_mall,anomaly,Viaport Outlet,Metropol AVM,0.0389,high,Column 'shopping_mall' deviates from similar normal records.,True
9f131834-172e-4fd6-b6d5-3eeae9bd8d52,I248554,payment_method,anomaly,Debit Card,Cash,0.1409,high,Column 'payment_method' deviates from similar normal records.,True
ecdf4609-2ba0-408c-a3a2-84cfd51f74e3,I417454,shopping_mall,anomaly,Emaar Square Mall,Emaar Square Mall,0.1372,high,Column 'shopping_mall' deviates from similar normal records.,True
74276aba-5909-4a17-a6fe-d4cf80254149,I230538,shopping_mall,anomaly,Emaar Square Mall,Mall of Istanbul,0.0041,high,Column 'shopping_mall' deviates from similar normal records.,True
42cb3d39-1db7-4c9d-ac06-1c318faf3fb7,I148691,shopping_mall,anomaly,Metropol AVM,Mall of Istanbul,0.0048,high,Column 'shopping_mall' deviates from similar normal records.,True
2c5ded88-2f46-437b-a4d2-3f31b3215e20,I240019,shopping_mall,anomaly,Emaar Square Mall,Kanyon,0.025,high,Column 'shopping_mall' deviates from similar normal records.,True
2b378454-1927-4a15-9b84-b208e9f264c5,I132540,shopping_mall,anomaly,Zorlu Center,Cevahir AVM,0.0954,high,Column 'shopping_mall' deviates from similar normal records.,True
2eaf881d-f40d-48ec-9db8-3324966bd4e5,I603244,shopping_mall,anomaly,Emaar Square Mall,Cevahir AVM,0.055,high,Column 'shopping_mall' deviates from similar normal records.,True
1e7e2b3c-29bd-4e3a-9a03-192076f8cc75,I327632,shopping_mall,anomaly,Viaport Outlet,Emaar Square Mall,0.0191,high,Column 'shopping_mall' deviates from similar normal records.,True
579346b0-11b4-4d70-8d19-8248d7ce91d2,I929227,category,anomaly,Cosmetics,Cosmetics,0.0977,high,Column 'category' deviates from similar normal records.,True
ebdbdf9b-9535-424c-9914-65426fb0a3e6,I242387,shopping_mall,anomaly,Zorlu Center,Emaar Square Mall,0.0403,high,Column 'shopping_mall' deviates from similar normal records.,True
aaede7eb-6e65-4f83-8183-c989da7b22bb,I111045,shopping_mall,anomaly,Zorlu Center,Kanyon,0.1173,high,Column 'shopping_mall' deviates from similar normal records.,True
061dcc8c-8f19-4cfa-a091-59260749303a,I871712,shopping_mall,anomaly,Forum Istanbul,Forum Istanbul,0.0846,high,Column 'shopping_mall' deviates from similar normal records.,True
6d4c308b-59bc-47fe-8432-fea1bce23eb3,I162154,category,anomaly,Toys,Toys,0.0726,high,Column 'category' deviates from similar normal records.,True
8024f6c6-5c5d-479d-b106-58e3942adf4a,I162154,shopping_mall,anomaly,Forum Istanbul,Forum Istanbul,0.0726,high,Column 'shopping_mall' deviates from similar normal records.,True
1e9056f5-671f-44fb-a43a-5a6b85e095f5,I212206,shopping_mall,anomaly,Cevahir AVM,Cevahir AVM,0.1083,high,Column 'shopping_mall' deviates from similar normal records.,True
ffbb95be-071b-4bbb-b1b1-c1b7360dd723,I339916,shopping_mall,anomaly,Zorlu Center,Cevahir AVM,0.003,high,Column 'shopping_mall' deviates from similar normal records.,True
9a1daae6-76db-4dc4-bd1e-6ff299b1a93c,I303650,shopping_mall,anomaly,Viaport Outlet,Mall of Istanbul,0.1103,high,Column 'shopping_mall' deviates from similar normal records.,True
4efd5b82-74ff-4828-b2c0-0175b0afecff,I151192,shopping_mall,anomaly,Metropol AVM,Kanyon,0.0857,high,Column 'shopping_mall' deviates from similar normal records.,True
38dcda98-aed3-48f7-a889-7bf238261606,I150055,shopping_mall,anomaly,Viaport Outlet,Emaar Square Mall,0.0006,high,Column 'shopping_mall' deviates from similar normal records.,True
4e41d731-3701-4a87-889a-f8f127da4e37,I963727,category,anomaly,Toys,Toys,0.0452,high,Column 'category' deviates from similar normal records.,True
084d5d62-6e62-47fd-8980-7c0078ba4d30,I274110,shopping_mall,anomaly,Istinye Park,Emaar Square Mall,0.0567,high,Column 'shopping_mall' deviates from similar normal records.,True
4da939b7-9237-4962-9edd-35092a754a97,I116290,payment_method,anomaly,Debit Card,Debit Card,0.0573,high,Column 'payment_method' deviates from similar normal records.,True
ef4e7bdc-60ce-4335-9aaa-b47c6e3b0e08,I116290,shopping_mall,anomaly,Metropol AVM,Zorlu Center,0.0573,high,Column 'shopping_mall' deviates from similar normal records.,True
1380ee0e-9128-460d-8237-0f038e3dff7b,I664043,shopping_mall,anomaly,Forum Istanbul,Forum Istanbul,0.0443,high,Column 'shopping_mall' deviates from similar normal records.,True
575a582c-22b3-4f87-b19e-aaf82d21789d,I207875,shopping_mall,anomaly,Zorlu Center,Kanyon,0.0282,high,Column 'shopping_mall' deviates from similar normal records.,True
ab07dbf2-9c49-4bc4-a596-09f85eb0932f,I143153,shopping_mall,anomaly,Emaar Square Mall,Metropol AVM,0.0759,high,Column 'shopping_mall' deviates from similar normal records.,True
c1af8fef-4fb2-469c-91e8-6d97e77f8732,I114206,shopping_mall,anomaly,Viaport Outlet,Metropol AVM,0.0459,high,Column 'shopping_mall' deviates from similar normal records.,True
8c9e05b9-cc0b-4ce6-aa6d-812f86aec8e8,I206704,shopping_mall,anomaly,Istinye Park,Metrocity,0.0283,high,Column 'shopping_mall' deviates from similar normal records.,True
a22c1cdb-0ff1-4184-a2c9-c0cf30ce5bfd,I111463,shopping_mall,anomaly,Viaport Outlet,Metropol AVM,0.0034,high,Column 'shopping_mall' deviates from similar normal records.,True
ef75223d-087d-420f-a57a-f201adac5480,I317061,shopping_mall,anomaly,Viaport Outlet,Istinye Park,0.0421,high,Column 'shopping_mall' deviates from similar normal records.,True
a1ff833e-28f1-463e-bca4-bf6de593bff5,I175289,category,anomaly,Souvenir,Books,0.0408,high,Column 'category' deviates from similar normal records.,True
1ec9051c-71d6-4bd9-a4eb-8b89233c666f,I175289,shopping_mall,anomaly,Forum Istanbul,Metrocity,0.0408,high,Column 'shopping_mall' deviates from similar normal records.,True
dd1f8bb1-55c3-4a6b-9579-4676648241ef,I325057,shopping_mall,anomaly,Viaport Outlet,Kanyon,0.0078,high,Column 'shopping_mall' deviates from similar normal records.,True
58b35c68-6247-4b04-be80-f650eefd6f37,I163317,shopping_mall,anomaly,Zorlu Center,Kanyon,0.1118,high,Column 'shopping_mall' deviates from similar normal records.,True
c45c6aa7-6580-4111-9b74-a94785658df5,I155568,shopping_mall,anomaly,Viaport Outlet,Zorlu Center,0.0205,high,Column 'shopping_mall' deviates from similar normal records.,True
bd55a7f3-c9b3-4818-8406-03638046b74a,I557394,shopping_mall,anomaly,Viaport Outlet,Kanyon,0.0391,high,Column 'shopping_mall' deviates from similar normal records.,True
7fb372dc-774e-4485-ba2b-85c2dbd9ef70,I348913,shopping_mall,anomaly,Cevahir AVM,Kanyon,0.097,high,Column 'shopping_mall' deviates from similar normal records.,True
f4bb9610-f44f-4360-8a61-7dd20e79ecc9,I436198,shopping_mall,anomaly,Metropol AVM,Forum Istanbul,0.0286,high,Column 'shopping_mall' deviates from similar normal records.,True
33d57d66-0bc2-4716-b3cc-ae497acfa41a,I319864,shopping_mall,anomaly,Metropol AVM,Cevahir AVM,0.1244,high,Column 'shopping_mall' deviates from similar normal records.,True
abb531fc-0047-450e-86e2-9c439b11a0d0,I223514,shopping_mall,anomaly,Cevahir AVM,Mall of Istanbul,0.1569,high,Column 'shopping_mall' deviates from similar normal records.,True
3735585d-6240-480c-919c-c049174c6edc,I125299,category,anomaly,Toys,Cosmetics,0.131,high,Column 'category' deviates from similar normal records.,True
a5eeb81f-8379-430a-adf2-59d2f22e9648,I164712,shopping_mall,anomaly,Emaar Square Mall,Emaar Square Mall,0.0162,high,Column 'shopping_mall' deviates from similar normal records.,True
c239eda1-b549-494f-ae68-6c369b217aca,I787564,shopping_mall,anomaly,Viaport Outlet,Kanyon,0.0555,high,Column 'shopping_mall' deviates from similar normal records.,True
4ee99adf-d60c-44be-89ad-34c171f71875,I297034,category,anomaly,Souvenir,Books,0.0267,high,Column 'category' deviates from similar normal records.,True
cd5845cd-da89-4537-a102-7f6e7e7b1997,I185285,shopping_mall,anomaly,Emaar Square Mall,Emaar Square Mall,0.0022,high,Column 'shopping_mall' deviates from similar normal records.,True
7223b5f8-79a8-4cf2-90c5-2105ca0637b8,I396308,shopping_mall,anomaly,Emaar Square Mall,Emaar Square Mall,0.1385,high,Column 'shopping_mall' deviates from similar normal records.,True
3bee75c2-eae5-42fc-9f83-67c71af51352,I171126,shopping_mall,anomaly,Viaport Outlet,Mall of Istanbul,0.1959,high,Column 'shopping_mall' deviates from similar normal records.,True
796087d8-bae3-4872-a098-e102cb735a48,I223542,shopping_mall,anomaly,Zorlu Center,Istinye Park,0.0831,high,Column 'shopping_mall' deviates from similar normal records.,True
27663919-054c-4bb4-a2ca-a0fe2b4a519c,I278701,shopping_mall,anomaly,Viaport Outlet,Metrocity,0.0288,high,Column 'shopping_mall' deviates from similar normal records.,True
0308fcc9-eaea-4f0a-8cd8-c5d9b3334bae,I111617,payment_method,anomaly,Debit Card,Cash,0.0043,high,Column 'payment_method' deviates from similar normal records.,True
c6d1d46d-3fdd-4a81-a681-56732f991a60,I221216,payment_method,anomaly,Credit Card,Cash,0.0142,high,Column 'payment_method' deviates from similar normal records.,True
1c0cdb48-43d6-463a-95eb-d9375ffb7953,I261182,shopping_mall,anomaly,Viaport Outlet,Cevahir AVM,0.1404,high,Column 'shopping_mall' deviates from similar normal records.,True
bb54fac1-59f9-4c35-9c59-3daa4e1a604d,I139709,shopping_mall,anomaly,Viaport Outlet,Metrocity,0.0654,high,Column 'shopping_mall' deviates from similar normal records.,True
8729d54a-3543-4e83-ae0d-cb38e608f732,I115900,shopping_mall,anomaly,Emaar Square Mall,Istinye Park,0.0834,high,Column 'shopping_mall' deviates from similar normal records.,True
73e4e731-54cb-4ecf-9b38-be960d0d3c3d,I180813,shopping_mall,anomaly,Zorlu Center,Metropol AVM,0.1075,high,Column 'shopping_mall' deviates from similar normal records.,True
7c73c8f1-cfc1-4ea7-9108-4d0919d24864,I335068,shopping_mall,anomaly,Metropol AVM,Istinye Park,0.0293,high,Column 'shopping_mall' deviates from similar normal records.,True
a7142d5c-68b9-4666-827c-6d6e10211d51,I247958,shopping_mall,anomaly,Zorlu Center,Cevahir AVM,0.1366,high,Column 'shopping_mall' deviates from similar normal records.,True
e4dd4d3e-bf0e-42d3-9c80-cc91d5bbbc8a,I164533,shopping_mall,anomaly,Cevahir AVM,Kanyon,0.0124,high,Column 'shopping_mall' deviates from similar normal records.,True
24d157d7-7ab8-4352-b4c5-460ba16f02f6,I879955,payment_method,anomaly,Debit Card,Cash,0.1639,high,Column 'payment_method' deviates from similar normal records.,True
aae3b1a9-4998-4e7f-a8ee-49efff6c789f,I879955,shopping_mall,anomaly,Viaport Outlet,Kanyon,0.1639,high,Column 'shopping_mall' deviates from similar normal records.,True
49bb8f75-2fc3-4eda-b9d0-82c996755f89,I520022,shopping_mall,anomaly,Forum Istanbul,Kanyon,0.0596,high,Column 'shopping_mall' deviates from similar normal records.,True
2ba74a1e-079e-4c1f-a528-7d62b7c250ee,I580869,payment_method,anomaly,Debit Card,Cash,0.0759,high,Column 'payment_method' deviates from similar normal records.,True
ade8a793-1c95-4f39-aff5-01df95033d3e,I655937,category,anomaly,Books,Cosmetics,0.0243,high,Column 'category' deviates from similar normal records.,True
d8b98a1d-c6e8-4f2e-be81-02c443bb2202,I160376,shopping_mall,anomaly,Viaport Outlet,Cevahir AVM,0.0405,high,Column 'shopping_mall' deviates from similar normal records.,True
7a5ff122-0e6d-4b6d-878a-887165dfd57c,I103637,payment_method,anomaly,Debit Card,Cash,0.0949,high,Column 'payment_method' deviates from similar normal records.,True
2ddea32f-26b2-44cc-a959-cd3416d9052f,I557283,shopping_mall,anomaly,Zorlu Center,Metropol AVM,0.0627,high,Column 'shopping_mall' deviates from similar normal records.,True
9b5395cd-c190-4892-b573-95839558f05d,I667057,shopping_mall,anomaly,Zorlu Center,Kanyon,0.1295,high,Column 'shopping_mall' deviates from similar normal records.,True
967e5978-b7ac-4202-ac94-b0df0280f700,I851862,shopping_mall,anomaly,Emaar Square Mall,Cevahir AVM,0.0716,high,Column 'shopping_mall' deviates from similar normal records.,True
e2627b83-7f41-4088-925a-ff946b6f2e5d,I304147,shopping_mall,anomaly,Cevahir AVM,Kanyon,0.083,high,Column 'shopping_mall' deviates from similar normal records.,True
3b160990-0abc-4235-a18f-7d8bc10a45ab,I112922,shopping_mall,anomaly,Metropol AVM,Mall of Istanbul,0.0077,high,Column 'shopping_mall' deviates from similar normal records.,True
898af2dc-b28c-4ba5-9ab8-07c5aebaf2f8,I310874,payment_method,anomaly,Debit Card,Debit Card,0.0158,high,Column 'payment_method' deviates from similar normal records.,True
2c3970b4-3e22-4c29-8fc5-9a351cfb5d29,I888125,shopping_mall,anomaly,Cevahir AVM,Kanyon,0.0017,high,Column 'shopping_mall' deviates from similar normal records.,True
cac58c48-b484-4d7e-8fd3-a94ae609ad40,I246953,shopping_mall,anomaly,Viaport Outlet,Istinye Park,0.0171,high,Column 'shopping_mall' deviates from similar normal records.,True
a952850d-dba7-4a6f-89b9-30aa19eb1709,I268349,category,anomaly,Toys,Books,0.1173,high,Column 'category' deviates from similar normal records.,True
5012bd56-7460-4f9a-a05d-9a7bf75e9d5d,I172687,shopping_mall,anomaly,Viaport Outlet,Istinye Park,0.0339,high,Column 'shopping_mall' deviates from similar normal records.,True
91814068-e8de-4498-b396-fafaec3c1d29,I333415,shopping_mall,anomaly,Metropol AVM,Cevahir AVM,0.0663,high,Column 'shopping_mall' deviates from similar normal records.,True
52175f5d-abc9-4548-8fca-6a07353feb20,I310185,shopping_mall,anomaly,Emaar Square Mall,Mall of Istanbul,0.0774,high,Column 'shopping_mall' deviates from similar normal records.,True
d9921c4f-b402-48cd-9dbf-035c6c5be2c2,I310624,payment_method,anomaly,Debit Card,Credit Card,0.0297,high,Column 'payment_method' deviates from similar normal records.,True
c1b8a038-bb2f-4efb-8bbc-e2402c3b92a3,I527291,shopping_mall,anomaly,Viaport Outlet,Mall of Istanbul,0.0534,high,Column 'shopping_mall' deviates from similar normal records.,True
2a29a9c4-6aa9-41b9-93cd-d20148a67977,I803455,category,anomaly,Books,Food & Beverage,0.0798,high,Column 'category' deviates from similar normal records.,True
1474d261-0581-4bfb-888c-54c5fde2f4d9,I311721,shopping_mall,anomaly,Zorlu Center,Cevahir AVM,0.0232,high,Column 'shopping_mall' deviates from similar normal records.,True
fb6e692d-730e-449b-b2fd-97240b79b1fe,I232091,category,anomaly,Souvenir,Food & Beverage,0.0272,high,Column 'category' deviates from similar normal records.,True
ef3e8047-fdef-4828-a28a-4fcc5681a78a,I232091,shopping_mall,anomaly,Zorlu Center,Zorlu Center,0.0272,high,Column 'shopping_mall' deviates from similar normal records.,True
7f3a402c-956f-4f71-ad31-8f04579720f7,I722391,shopping_mall,anomaly,Zorlu Center,Metrocity,0.0075,high,Column 'shopping_mall' deviates from similar normal records.,True
1cb6b409-368a-4246-80f4-487ba7a743e1,I172168,shopping_mall,anomaly,Metropol AVM,Kanyon,0.0215,high,Column 'shopping_mall' deviates from similar normal records.,True
151c7c37-8b92-4a62-8bac-2fb18d113cb9,I457905,shopping_mall,anomaly,Emaar Square Mall,Istinye Park,0.1819,high,Column 'shopping_mall' deviates from similar normal records.,True
7530ecf4-4dc8-4fea-8fa2-b341276659cf,I369550,payment_method,anomaly,Debit Card,Credit Card,0.1176,high,Column 'payment_method' deviates from similar normal records.,True
1dc71c7d-37b9-4a77-b5ed-73e3ace24a7c,I694259,shopping_mall,anomaly,Zorlu Center,Metrocity,0.0507,high,Column 'shopping_mall' deviates from similar normal records.,True
2ba23895-cc11-4e04-af8d-237c843cc591,I185869,shopping_mall,anomaly,Viaport Outlet,Emaar Square Mall,0.16,high,Column 'shopping_mall' deviates from similar normal records.,True
913fd291-608c-4536-a1ca-d554ae5a8b33,I373133,shopping_mall,anomaly,Metropol AVM,Kanyon,0.0987,high,Column 'shopping_mall' deviates from similar normal records.,True
bc0f9330-a07b-4888-8065-71e192977b72,I129728,payment_method,anomaly,Debit Card,Debit Card,0.2259,high,Column 'payment_method' deviates from similar normal records.,True
b2d696bb-0d90-44a8-a963-f9ee5abc0443,I849925,shopping_mall,anomaly,Emaar Square Mall,Emaar Square Mall,0.0862,high,Column 'shopping_mall' deviates from similar normal records.,True
6af970b7-6a16-47f5-8662-e67a5bb3e99c,I198818,shopping_mall,anomaly,Cevahir AVM,Emaar Square Mall,0.065,high,Column 'shopping_mall' deviates from similar normal records.,True
c55a3878-aad3-4c03-ac5d-0e82bc759ca5,I312216,shopping_mall,anomaly,Zorlu Center,Metrocity,0.048,high,Column 'shopping_mall' deviates from similar normal records.,True
88046afb-740f-4a26-a3bc-3b046875733e,I243409,shopping_mall,anomaly,Zorlu Center,Mall of Istanbul,0.1149,high,Column 'shopping_mall' deviates from similar normal records.,True
63fa0667-0e23-4bbc-be69-a4e06c8aeea8,I251437,category,anomaly,Souvenir,Books,0.1641,high,Column 'category' deviates from similar normal records.,True
cafc750a-e323-4e9b-ab70-c44a6e1ab9c7,I332726,shopping_mall,anomaly,Viaport Outlet,Cevahir AVM,0.0904,high,Column 'shopping_mall' deviates from similar normal records.,True
c6701036-cf47-44ad-abdc-2e1296c18391,I148777,shopping_mall,anomaly,Istinye Park,Kanyon,0.0144,high,Column 'shopping_mall' deviates from similar normal records.,True
f6000c5d-931c-44f6-b9b9-48d1e0b1d224,I309630,payment_method,anomaly,Debit Card,Cash,0.1435,high,Column 'payment_method' deviates from similar normal records.,True
9f06115d-9f2c-408a-9c54-9362a777ae4e,I982463,shopping_mall,anomaly,Zorlu Center,Istinye Park,0.0342,high,Column 'shopping_mall' deviates from similar normal records.,True
9af53c9d-3abb-41f5-aff0-0d7ac1c991da,I275631,shopping_mall,anomaly,Emaar Square Mall,Cevahir AVM,0.0943,high,Column 'shopping_mall' deviates from similar normal records.,True
9df4c4c2-a147-4c1b-8ae0-5167fd69acc1,I356430,shopping_mall,anomaly,Metropol AVM,Cevahir AVM,0.0184,high,Column 'shopping_mall' deviates from similar normal records.,True
8070a45a-79d5-4478-b703-a579526bb038,I128963,shopping_mall,anomaly,Emaar Square Mall,Metrocity,0.0082,high,Column 'shopping_mall' deviates from similar normal records.,True
ac84edec-c477-489a-bc7e-feb5b6375f01,I155932,shopping_mall,anomaly,Metropol AVM,Metrocity,0.087,high,Column 'shopping_mall' deviates from similar normal records.,True
aa4948a5-844b-4da0-8968-3637588a28f1,I275484,shopping_mall,anomaly,Forum Istanbul,Mall of Istanbul,0.1268,high,Column 'shopping_mall' deviates from similar normal records.,True
9fb2f938-5758-4a59-ac7f-adf569e1424b,I307771,shopping_mall,anomaly,Zorlu Center,Forum Istanbul,0.0224,high,Column 'shopping_mall' deviates from similar normal records.,True
33e3c4ab-611e-4f40-bbe8-658563719073,I203322,category,anomaly,Books,Books,0.0189,high,Column 'category' deviates from similar normal records.,True
d037a4a5-9e8e-4541-a1e9-f3df8efe46a1,I107300,shopping_mall,anomaly,Forum Istanbul,Kanyon,0.1247,high,Column 'shopping_mall' deviates from similar normal records.,True
d9bf10d5-9888-4e3c-adba-7592aaea9cc5,I162002,shopping_mall,anomaly,Emaar Square Mall,Forum Istanbul,0.2947,high,Column 'shopping_mall' deviates from similar normal records.,True
287ebdce-7d43-41b2-8735-44709b1b2d7a,I331187,shopping_mall,anomaly,Viaport Outlet,Istinye Park,0.1077,high,Column 'shopping_mall' deviates from similar normal records.,True
34e879ac-d2ca-4310-8ad2-eae4ae4e01ac,I276252,shopping_mall,anomaly,Forum Istanbul,Mall of Istanbul,0.1052,high,Column 'shopping_mall' deviates from similar normal records.,True
83f8d9f9-5c07-48aa-be81-65c7f001ec1b,I444153,payment_method,anomaly,Debit Card,Cash,0.0238,high,Column 'payment_method' deviates from similar normal records.,True
95c8fae2-675f-40e9-86f0-5e5a2ccb44a6,I250864,age_group,anomaly,18_25,18_25,0.0964,low,Column 'age_group' deviates from similar normal records.,True
163016d3-2505-4816-adce-e77d4ec993b4,I282433,shopping_mall,anomaly,Metropol AVM,Metropol AVM,0.0649,high,Column 'shopping_mall' deviates from similar normal records.,True
788a1e41-2215-4042-96e3-0d7f9af0aaf6,I225856,shopping_mall,anomaly,Viaport Outlet,Emaar Square Mall,0.0326,high,Column 'shopping_mall' deviates from similar normal records.,True
b8ae5bd8-0204-4e1c-91e9-bd8962f573c9,I309583,shopping_mall,anomaly,Viaport Outlet,Mall of Istanbul,0.1023,high,Column 'shopping_mall' deviates from similar normal records.,True
86d3b703-c91a-4cf5-95a5-8a00072703a2,I279299,shopping_mall,anomaly,Forum Istanbul,Forum Istanbul,0.1549,high,Column 'shopping_mall' deviates from similar normal records.,True
38ccf8a8-99d9-4bc9-9af1-60ada0cf5947,I193576,shopping_mall,anomaly,Emaar Square Mall,Mall of Istanbul,0.0464,high,Column 'shopping_mall' deviates from similar normal records.,True
8bd8b7e1-038a-4af8-a4d7-fe29ad3e832e,I386330,shopping_mall,anomaly,Viaport Outlet,Istinye Park,0.0078,high,Column 'shopping_mall' deviates from similar normal records.,True
3664bd68-a7fd-4281-b04d-8f17cc8ca338,I696954,shopping_mall,anomaly,Metropol AVM,Istinye Park,0.0002,high,Column 'shopping_mall' deviates from similar normal records.,True
1e817e09-26de-4654-ae51-a28703eaa2cd,I331678,category,anomaly,Souvenir,Food & Beverage,0.0539,high,Column 'category' deviates from similar normal records.,True
edefa7c3-9503-41d8-91e5-57c22b00cff0,I523587,shopping_mall,anomaly,Emaar Square Mall,Istinye Park,0.0637,high,Column 'shopping_mall' deviates from similar normal records.,True
b3a0d76c-ad96-4afa-924c-2c51ab0f2542,I590497,shopping_mall,anomaly,Metropol AVM,Metropol AVM,0.017,high,Column 'shopping_mall' deviates from similar normal records.,True
a51aa572-29ea-4b73-995b-344e39c041d3,I950813,shopping_mall,anomaly,Viaport Outlet,Mall of Istanbul,0.0235,high,Column 'shopping_mall' deviates from similar normal records.,True
808c948c-9f40-4cf3-8640-0a631923eb97,I798728,payment_method,anomaly,Debit Card,Cash,0.1183,high,Column 'payment_method' deviates from similar normal records.,True
efe7f0c0-c2cf-49f1-9ad5-21445bbf5023,I197053,shopping_mall,anomaly,Zorlu Center,Istinye Park,0.0174,high,Column 'shopping_mall' deviates from similar normal records.,True
40dc4d67-ce5d-44f7-8535-1a2c5a973594,I267253,shopping_mall,anomaly,Istinye Park,Mall of Istanbul,0.0529,high,Column 'shopping_mall' deviates from similar normal records.,True
94f93b44-355b-4f4b-9cbd-11ae07cd7046,I253254,shopping_mall,anomaly,Metropol AVM,Mall of Istanbul,0.012,high,Column 'shopping_mall' deviates from similar normal records.,True
fab14f12-154b-45e1-bf0b-fb1d5ce99737,I559598,shopping_mall,anomaly,Forum Istanbul,Istinye Park,0.0829,high,Column 'shopping_mall' deviates from similar normal records.,True
88198966-ce84-4573-ae9d-5810835f5a36,I147274,shopping_mall,anomaly,Zorlu Center,Kanyon,0.0731,high,Column 'shopping_mall' deviates from similar normal records.,True
20cce0d6-bd9c-43cb-82c1-17e3bdebbd43,I120592,shopping_mall,anomaly,Zorlu Center,Metropol AVM,0.0324,high,Column 'shopping_mall' deviates from similar normal records.,True
d4391182-5a66-4192-ae2e-18d9d81fa799,I218501,shopping_mall,anomaly,Forum Istanbul,Kanyon,0.0057,high,Column 'shopping_mall' deviates from similar normal records.,True
59a6a9d3-d51f-4ed8-bd98-f7126e4f9c14,I262633,shopping_mall,anomaly,Viaport Outlet,Mall of Istanbul,0.0245,high,Column 'shopping_mall' deviates from similar normal records.,True
8c3f5a22-4ed1-4cdc-975a-8040fbcf752a,I883337,shopping_mall,anomaly,Viaport Outlet,Istinye Park,0.1059,high,Column 'shopping_mall' deviates from similar normal records.,True
997176d1-00eb-4fb1-bc75-5934276e162d,I370039,category,anomaly,Toys,Cosmetics,0.045,high,Column 'category' deviates from similar normal records.,True
48069f3b-9c21-4b26-a3fc-414e205697ef,I331605,shopping_mall,anomaly,Zorlu Center,Metropol AVM,0.0108,high,Column 'shopping_mall' deviates from similar normal records.,True
51877c39-2432-4268-b947-be6876034e8d,I176411,shopping_mall,anomaly,Emaar Square Mall,Mall of Istanbul,0.2044,high,Column 'shopping_mall' deviates from similar normal records.,True
567a7dc7-6c3c-42fd-8928-635bccc05d1f,I255610,shopping_mall,anomaly,Forum Istanbul,Kanyon,0.019,high,Column 'shopping_mall' deviates from similar normal records.,True
9f87aecd-2ae1-472f-83af-d3e26dc31176,I267694,shopping_mall,anomaly,Viaport Outlet,Kanyon,0.0291,high,Column 'shopping_mall' deviates from similar normal records.,True
c05600b6-65fa-427f-955a-5e94a89d443d,I728871,shopping_mall,anomaly,Emaar Square Mall,Kanyon,0.2292,high,Column 'shopping_mall' deviates from similar normal records.,True
61df24cd-8c13-4c4d-acb7-f37a84900d46,I302466,shopping_mall,anomaly,Viaport Outlet,Mall of Istanbul,0.0344,high,Column 'shopping_mall' deviates from similar normal records.,True
59159896-6360-4005-9fee-be87230cf1c2,I301388,shopping_mall,anomaly,Zorlu Center,Mall of Istanbul,0.0948,high,Column 'shopping_mall' deviates from similar normal records.,True
76951816-6147-416a-933d-9d25cf6790f7,I267559,shopping_mall,anomaly,Forum Istanbul,Kanyon,0.0196,high,Column 'shopping_mall' deviates from similar normal records.,True
99628640-7c3d-472e-a2de-0eb6370a3a8f,I132698,shopping_mall,anomaly,Emaar Square Mall,Istinye Park,0.0959,high,Column 'shopping_mall' deviates from similar normal records.,True
4bacc725-33cf-4176-a82e-b6e7e65d4ab3,I508674,shopping_mall,anomaly,Viaport Outlet,Kanyon,0.0436,high,Column 'shopping_mall' deviates from similar normal records.,True
36366baf-2454-488c-8496-dee97beb5d53,I188177,shopping_mall,anomaly,Metropol AVM,Forum Istanbul,0.0852,high,Column 'shopping_mall' deviates from similar normal records.,True
8397da03-84da-48b0-baaa-1c3aef613df7,I316047,shopping_mall,anomaly,Cevahir AVM,Forum Istanbul,0.0785,high,Column 'shopping_mall' deviates from similar normal records.,True
a0077752-0a24-4936-a805-34ee17683df9,I196731,payment_method,anomaly,Debit Card,Credit Card,0.124,high,Column 'payment_method' deviates from similar normal records.,True
b772a882-d80a-4ea2-b7b8-955a46647607,I307740,shopping_mall,anomaly,Viaport Outlet,Istinye Park,0.0196,high,Column 'shopping_mall' deviates from similar normal records.,True
9ce94e69-6c1a-4970-95ed-88a85855cb35,I325740,shopping_mall,anomaly,Emaar Square Mall,Emaar Square Mall,0.0518,high,Column 'shopping_mall' deviates from similar normal records.,True
bb60856e-b606-4c57-9023-f801fe906254,I914528,shopping_mall,anomaly,Cevahir AVM,Istinye Park,0.0709,high,Column 'shopping_mall' deviates from similar normal records.,True
8edb22cc-af3c-40a4-b395-9615f769e8bb,I149858,shopping_mall,anomaly,Viaport Outlet,Viaport Outlet,0.0659,high,Column 'shopping_mall' deviates from similar normal records.,True
d46d2c58-e02b-4d7a-b131-48bf6fa539a5,I242412,gender,anomaly,Male,Male,0.0403,high,Column 'gender' deviates from similar normal records.,True
66c9deb0-e1cd-4cc3-ae8b-12fc0791b66e,I369874,payment_method,anomaly,Debit Card,Debit Card,0.0265,high,Column 'payment_method' deviates from similar normal records.,True
35ab4c55-5b87-4d82-a1f4-369edec0113c,I278473,shopping_mall,anomaly,Viaport Outlet,Metrocity,0.0934,high,Column 'shopping_mall' deviates from similar normal records.,True
df5065b2-4f55-4e90-a086-21e6a25647ed,I160531,category,anomaly,Souvenir,Cosmetics,0.0588,high,Column 'category' deviates from similar normal records.,True
1af320c8-84f6-409f-8724-35b6b78b4ace,I257574,category,anomaly,Books,Books,0.0153,high,Column 'category' deviates from similar normal records.,True
02c8fdfd-5056-47a2-a9cd-dfcdc5f74fa5,I194653,shopping_mall,anomaly,Viaport Outlet,Mall of Istanbul,0.0432,high,Column 'shopping_mall' deviates from similar normal records.,True
a352a479-4930-4451-8aa3-426c93f653aa,I176629,shopping_mall,anomaly,Zorlu Center,Istinye Park,0.031,high,Column 'shopping_mall' deviates from similar normal records.,True
5f1bcdf8-1c21-40dd-ae48-bb8af9d32fa4,I519079,payment_method,anomaly,Debit Card,Cash,0.009,high,Column 'payment_method' deviates from similar normal records.,True
20c4694b-5377-400f-8a3b-5b417b9a6651,I269854,shopping_mall,anomaly,Forum Istanbul,Cevahir AVM,0.0569,high,Column 'shopping_mall' deviates from similar normal records.,True
c070008a-b789-40c3-87e7-d6d94e9d3c16,I133530,shopping_mall,anomaly,Viaport Outlet,Kanyon,0.0703,high,Column 'shopping_mall' deviates from similar normal records.,True
6851f742-5136-40fe-b71e-0490d1ff20c2,I117041,shopping_mall,anomaly,Viaport Outlet,Mall of Istanbul,0.0933,high,Column 'shopping_mall' deviates from similar normal records.,True
5ee986f4-bce5-4ced-9910-2d94029fad43,I102244,shopping_mall,anomaly,Viaport Outlet,Metrocity,0.0808,high,Column 'shopping_mall' deviates from similar normal records.,True
507681a4-1b9c-4f11-a1bb-e8ab5c3a8ac8,I237562,shopping_mall,anomaly,Zorlu Center,Cevahir AVM,0.0028,high,Column 'shopping_mall' deviates from similar normal records.,True
83277c36-2141-46e3-a666-f0d2080d2239,I378202,payment_method,anomaly,Debit Card,Credit Card,0.0601,high,Column 'payment_method' deviates from similar normal records.,True
dc052c07-8a46-495d-93e1-31f1025c534b,I721671,shopping_mall,anomaly,Cevahir AVM,Viaport Outlet,0.0022,high,Column 'shopping_mall' deviates from similar normal records.,True
d9b773d6-b2a5-4344-8197-38af9bd284fb,I129317,shopping_mall,anomaly,Viaport Outlet,Kanyon,0.0535,high,Column 'shopping_mall' deviates from similar normal records.,True
a742bcb9-13b1-4a5d-9713-7ac0fac66a9c,I664361,shopping_mall,anomaly,Viaport Outlet,Kanyon,0.0829,high,Column 'shopping_mall' deviates from similar normal records.,True
e3d1a4b0-3ec1-4d83-93c1-75032c6b07c3,I106800,shopping_mall,anomaly,Istinye Park,Istinye Park,0.0881,high,Column 'shopping_mall' deviates from similar normal records.,True
737e3922-74c3-4667-b2e8-31c338738dc2,I142592,shopping_mall,anomaly,Emaar Square Mall,Metropol AVM,0.1373,high,Column 'shopping_mall' deviates from similar normal records.,True
0ffad33f-cc64-486a-92d6-118254cb8ef5,I319155,shopping_mall,anomaly,Zorlu Center,Kanyon,0.0688,high,Column 'shopping_mall' deviates from similar normal records.,True
aefa6b29-3f22-4a6c-80fe-14d60deb2a51,I337470,shopping_mall,anomaly,Emaar Square Mall,Istinye Park,0.0388,high,Column 'shopping_mall' deviates from similar normal records.,True
88bd7032-9112-4bd2-8e34-60491640b23e,I332438,shopping_mall,anomaly,Viaport Outlet,Mall of Istanbul,0.054,high,Column 'shopping_mall' deviates from similar normal records.,True
ec68c756-a2bf-47bc-b01f-e071f7a06c30,I174030,shopping_mall,anomaly,Viaport Outlet,Cevahir AVM,0.029,high,Column 'shopping_mall' deviates from similar normal records.,True
8d21e85d-7a63-43e8-8601-09f6353ad292,I303857,shopping_mall,anomaly,Cevahir AVM,Forum Istanbul,0.0494,high,Column 'shopping_mall' deviates from similar normal records.,True
719acf6e-a95c-45d0-81df-dd6a8025fb31,I226988,shopping_mall,anomaly,Viaport Outlet,Mall of Istanbul,0.0216,high,Column 'shopping_mall' deviates from similar normal records.,True
e0382477-63d3-4b0c-a618-f22f3d5775af,I861119,shopping_mall,anomaly,Metropol AVM,Emaar Square Mall,0.0225,high,Column 'shopping_mall' deviates from similar normal records.,True
be99bf7b-6d6e-4ccc-9035-2aad46deaee0,I574226,shopping_mall,anomaly,Cevahir AVM,Viaport Outlet,0.0827,high,Column 'shopping_mall' deviates from similar normal records.,True
1f806b78-b14f-48a5-896d-33951f215890,I321609,category,anomaly,Souvenir,Souvenir,0.0246,high,Column 'category' deviates from similar normal records.,True
aae33688-28b5-4057-a0d5-8be99176231b,I921729,shopping_mall,anomaly,Mall of Istanbul,Metrocity,0.0256,high,Column 'shopping_mall' deviates from similar normal records.,True
d56ef256-576b-46ed-ba4a-95f0bc8075f6,I335799,shopping_mall,anomaly,Metropol AVM,Kanyon,0.0744,high,Column 'shopping_mall' deviates from similar normal records.,True
afcc7ed2-e3b6-4b25-8925-db1a34663792,I663837,payment_method,anomaly,Debit Card,Cash,0.1179,high,Column 'payment_method' deviates from similar normal records.,True
5b6757d7-1aa0-45ca-bfc9-25ce864d0b65,I663837,shopping_mall,anomaly,Viaport Outlet,Istinye Park,0.1179,high,Column 'shopping_mall' deviates from similar normal records.,True
a6edc6e1-fc29-4936-bb38-0e9920326783,I104562,shopping_mall,anomaly,Zorlu Center,Istinye Park,0.0663,high,Column 'shopping_mall' deviates from similar normal records.,True
8e98a54e-4c27-4c3c-afc1-8e76985f9c73,I289398,shopping_mall,anomaly,Forum Istanbul,Cevahir AVM,0.0045,high,Column 'shopping_mall' deviates from similar normal records.,True
5ebd7772-6b63-4285-933a-53f61e710fae,I258183,shopping_mall,anomaly,Cevahir AVM,Cevahir AVM,0.0563,high,Column 'shopping_mall' deviates from similar normal records.,True
639483e0-d1cf-4557-a633-42f994d01c41,I147262,shopping_mall,anomaly,Viaport Outlet,Metrocity,0.1172,high,Column 'shopping_mall' deviates from similar normal records.,True
33748b70-60c0-4852-bed8-105ea7f04ca4,I327907,shopping_mall,anomaly,Zorlu Center,Mall of Istanbul,0.0179,high,Column 'shopping_mall' deviates from similar normal records.,True
c9faa17c-0bc7-4e0b-87b9-a2dd8b071de5,I162310,shopping_mall,anomaly,Forum Istanbul,Forum Istanbul,0.0471,high,Column 'shopping_mall' deviates from similar normal records.,True
06c83dee-d046-43fb-a2a4-eb771998a70f,I823548,payment_method,anomaly,Debit Card,Cash,0.0612,high,Column 'payment_method' deviates from similar normal records.,True
a52dabb1-cd16-4036-9504-6120bba4f259,I237241,category,anomaly,Souvenir,Food & Beverage,0.0307,high,Column 'category' deviates from similar normal records.,True
5f5d6edb-fcf4-40a2-a384-3480cdde1437,I269746,shopping_mall,anomaly,Forum Istanbul,Metrocity,0.0292,high,Column 'shopping_mall' deviates from similar normal records.,True
2ebcbadb-75b9-4d2f-9e5f-28971a2fd2bd,I255346,shopping_mall,anomaly,Zorlu Center,Kanyon,0.0068,high,Column 'shopping_mall' deviates from similar normal records.,True
fbe650a2-e0d9-42ca-b375-f2060acebacb,I893304,shopping_mall,anomaly,Viaport Outlet,Metrocity,0.0063,high,Column 'shopping_mall' deviates from similar normal records.,True
d0e83fb6-f25f-40b5-9864-ac7659323a6f,I744901,shopping_mall,anomaly,Forum Istanbul,Kanyon,0.0142,high,Column 'shopping_mall' deviates from similar normal records.,True
dc32f518-d493-42fe-884f-7807ca9bace7,I880465,shopping_mall,anomaly,Zorlu Center,Forum Istanbul,0.0364,high,Column 'shopping_mall' deviates from similar normal records.,True
12f7040f-e885-4810-ad1d-42eb79236063,I276207,shopping_mall,anomaly,Viaport Outlet,Kanyon,0.0965,high,Column 'shopping_mall' deviates from similar normal records.,True
d36d5acc-3e2a-4aa8-a1ad-6c61982ce121,I408144,shopping_mall,anomaly,Mall of Istanbul,Kanyon,0.0184,high,Column 'shopping_mall' deviates from similar normal records.,True
8a8039d8-81a4-4d3e-bb17-89dc1357cdb3,I184948,shopping_mall,anomaly,Zorlu Center,Mall of Istanbul,0.0079,high,Column 'shopping_mall' deviates from similar normal records.,True
b3b7aa3a-c01d-4675-804c-e0346a8b5516,I565410,shopping_mall,anomaly,Viaport Outlet,Kanyon,0.0529,high,Column 'shopping_mall' deviates from similar normal records.,True
044652c2-7b7e-43a7-91f2-550beac684a9,I170649,shopping_mall,anomaly,Emaar Square Mall,Emaar Square Mall,0.1403,high,Column 'shopping_mall' deviates from similar normal records.,True
f95aece2-7c61-43cc-91eb-9b4861e3689b,I550234,shopping_mall,anomaly,Viaport Outlet,Metropol AVM,0.0389,high,Column 'shopping_mall' deviates from similar normal records.,True
a9134786-4dde-4ac0-a1b2-8d602fed1d9a,I104894,shopping_mall,anomaly,Cevahir AVM,Metrocity,0.1141,high,Column 'shopping_mall' deviates from similar normal records.,True
a438e3de-3cd3-431c-9097-178d84f33a4e,I228282,shopping_mall,anomaly,Metropol AVM,Metrocity,0.0187,high,Column 'shopping_mall' deviates from similar normal records.,True
60a77339-a1a0-4945-a5ac-ab28c4c6ec06,I678156,payment_method,anomaly,Debit Card,Cash,0.1515,high,Column 'payment_method' deviates from similar normal records.,True
ab63a876-f6c7-48a7-ae65-c3198ee7ec32,I168221,shopping_mall,anomaly,Cevahir AVM,Istinye Park,0.014,high,Column 'shopping_mall' deviates from similar normal records.,True
58f5a737-2cf4-4f07-8b2d-feba861d6e7d,I131149,shopping_mall,anomaly,Zorlu Center,Istinye Park,0.0043,high,Column 'shopping_mall' deviates from similar normal records.,True
3239a927-c7b4-4a7e-918a-5e0aec45c4d2,I563387,payment_method,anomaly,Debit Card,Cash,0.0431,high,Column 'payment_method' deviates from similar normal records.,True
0bcfb7c6-1c8e-4d80-b6aa-ce5655409706,I152561,category,anomaly,Souvenir,Food & Beverage,0.06,high,Column 'category' deviates from similar normal records.,True
e36c4025-cfa0-45ed-9458-b9f51c501861,I195098,shopping_mall,anomaly,Viaport Outlet,Istinye Park,0.0878,high,Column 'shopping_mall' deviates from similar normal records.,True
49a4027e-6c90-4323-a5aa-27c9df986d55,I319353,shopping_mall,anomaly,Metropol AVM,Mall of Istanbul,0.0208,high,Column 'shopping_mall' deviates from similar normal records.,True
81664087-88d7-434b-9ea5-813cf41a9cdb,I839134,shopping_mall,anomaly,Emaar Square Mall,Emaar Square Mall,0.1206,high,Column 'shopping_mall' deviates from similar normal records.,True
a624cd8f-cc06-439a-acdc-085d217444a9,I659986,shopping_mall,anomaly,Zorlu Center,Cevahir AVM,0.0623,high,Column 'shopping_mall' deviates from similar normal records.,True
a9de21ef-b5ea-473d-be8d-c2b8e9289926,I257661,shopping_mall,anomaly,Viaport Outlet,Mall of Istanbul,0.085,high,Column 'shopping_mall' deviates from similar normal records.,True
f0f21822-2035-4143-900a-3af5b500763c,I949689,shopping_mall,anomaly,Forum Istanbul,Cevahir AVM,0.0453,high,Column 'shopping_mall' deviates from similar normal records.,True
0f879837-95f1-4f0a-819b-a0df489324ee,I188854,shopping_mall,anomaly,Forum Istanbul,Emaar Square Mall,0.0229,high,Column 'shopping_mall' deviates from similar normal records.,True
2a8aab0b-acda-44f9-966b-8275d2f9d22e,I610483,shopping_mall,anomaly,Cevahir AVM,Kanyon,0.0053,high,Column 'shopping_mall' deviates from similar normal records.,True
df5b21c6-590c-4a54-ab3e-a01d0b9c36e1,I571248,payment_method,anomaly,Debit Card,Cash,0.086,high,Column 'payment_method' deviates from similar normal records.,True
69a9cc55-2272-4f92-9692-670003e482ba,I146793,shopping_mall,anomaly,Viaport Outlet,Istinye Park,0.0745,high,Column 'shopping_mall' deviates from similar normal records.,True
b987dff3-e18d-499b-b33e-1c29be99027c,I101318,payment_method,anomaly,Debit Card,Cash,0.0163,high,Column 'payment_method' deviates from similar normal records.,True
3e2b8382-0ab0-4387-b3eb-6a488a6ddc5c,I318264,shopping_mall,anomaly,Kanyon,Mall of Istanbul,0.0561,high,Column 'shopping_mall' deviates from similar normal records.,True
6e88e6e8-305a-49f0-8551-e9c26034ac5a,I136673,quantity_band,anomaly,single,single,0.0312,high,Column 'quantity_band' deviates from similar normal records.,True
dfaf3105-a7f9-4b63-80df-887fcf23cef8,I193478,shopping_mall,anomaly,Viaport Outlet,Forum Istanbul,0.0329,high,Column 'shopping_mall' deviates from similar normal records.,True
42550ef2-fa06-478f-a99d-dc3a96b1516f,I543064,payment_method,anomaly,Debit Card,Cash,0.029,high,Column 'payment_method' deviates from similar normal records.,True
97a5c7a4-e38c-4e1d-8e7e-a2d94979cdf2,I219695,shopping_mall,anomaly,Emaar Square Mall,Emaar Square Mall,0.0564,high,Column 'shopping_mall' deviates from similar normal records.,True
147bf10b-1dc9-4dd2-90d5-e7beb4916b7a,I743732,shopping_mall,anomaly,Viaport Outlet,Kanyon,0.1252,high,Column 'shopping_mall' deviates from similar normal records.,True
79b9b734-d778-4c14-a058-02ceecf68caf,I324606,shopping_mall,anomaly,Metropol AVM,Viaport Outlet,0.0021,high,Column 'shopping_mall' deviates from similar normal records.,True
9aabc14c-21f4-4377-b6d2-912865eba3ab,I418942,gender,anomaly,Male,Female,0.0282,high,Column 'gender' deviates from similar normal records.,True
ecd131c5-aefe-43a8-8343-6de7b2ee3e94,I281968,shopping_mall,anomaly,Viaport Outlet,Cevahir AVM,0.1043,high,Column 'shopping_mall' deviates from similar normal records.,True
dfd94497-cb16-42c3-a40c-83792d95f457,I239833,payment_method,anomaly,Cash,Cash,0.1349,high,Column 'payment_method' deviates from similar normal records.,True
9a15153b-bdec-4d62-af51-abd503be16aa,I239833,shopping_mall,anomaly,Metropol AVM,Forum Istanbul,0.1349,high,Column 'shopping_mall' deviates from similar normal records.,True
b5423a7b-aa6d-4168-8704-fbd3490e2b62,I133401,shopping_mall,anomaly,Forum Istanbul,Forum Istanbul,0.0194,high,Column 'shopping_mall' deviates from similar normal records.,True
2f9aca67-ce54-4550-b1a5-3a29ec1d4f4b,I204616,shopping_mall,anomaly,Metropol AVM,Mall of Istanbul,0.0603,high,Column 'shopping_mall' deviates from similar normal records.,True
19c8ae68-3ac9-463a-af4c-c234435dc91d,I518454,payment_method,anomaly,Debit Card,Cash,0.0388,high,Column 'payment_method' deviates from similar normal records.,True
c4403285-07d2-4be4-b01f-57d152ee1fa3,I109374,shopping_mall,anomaly,Emaar Square Mall,Cevahir AVM,0.0302,high,Column 'shopping_mall' deviates from similar normal records.,True
8e2e1916-c1e4-4565-8357-a11616a7b328,I325753,shopping_mall,anomaly,Viaport Outlet,Kanyon,0.032,high,Column 'shopping_mall' deviates from similar normal records.,True
47417b2f-7001-4d4c-8195-22c3e2f1b639,I137226,category,anomaly,Souvenir,Food & Beverage,0.092,high,Column 'category' deviates from similar normal records.,True
4838227e-f6e4-44b3-a5ff-7f3d6dd5c221,I100186,payment_method,anomaly,Debit Card,Credit Card,0.1495,high,Column 'payment_method' deviates from similar normal records.,True
ef537917-6067-4ebd-a638-ce3df67fbfdf,I100186,shopping_mall,anomaly,Zorlu Center,Cevahir AVM,0.1495,high,Column 'shopping_mall' deviates from similar normal records.,True
76980402-1c94-4db0-8b95-db24bc7543b2,I201244,payment_method,anomaly,Debit Card,Credit Card,0.0378,high,Column 'payment_method' deviates from similar normal records.,True
7302245b-4a28-44cb-8571-0db07c128248,I339531,shopping_mall,anomaly,Viaport Outlet,Metropol AVM,0.0655,high,Column 'shopping_mall' deviates from similar normal records.,True
62223a3d-cad7-43d5-8a65-bbd9fa873f49,I268549,shopping_mall,anomaly,Forum Istanbul,Cevahir AVM,0.0082,high,Column 'shopping_mall' deviates from similar normal records.,True
076c0265-71de-4e8e-b4c4-a65f598009f6,I291051,shopping_mall,anomaly,Zorlu Center,Forum Istanbul,0.0115,high,Column 'shopping_mall' deviates from similar normal records.,True
fe1b7f33-1cac-4877-b527-f861b9e3032c,I305676,shopping_mall,anomaly,Viaport Outlet,Viaport Outlet,0.1005,high,Column 'shopping_mall' deviates from similar normal records.,True
2c8caf29-aded-420e-9e68-cd30375393d2,I224144,shopping_mall,anomaly,Emaar Square Mall,Mall of Istanbul,0.0953,high,Column 'shopping_mall' deviates from similar normal records.,True
e9ce227e-6bd2-41f4-bd98-e2ad05ae5e17,I820704,shopping_mall,anomaly,Emaar Square Mall,Kanyon,0.0365,high,Column 'shopping_mall' deviates from similar normal records.,True
13bb2cd2-ac5d-4b3f-8522-4ccb6611910f,I154860,shopping_mall,anomaly,Viaport Outlet,Mall of Istanbul,0.1588,high,Column 'shopping_mall' deviates from similar normal records.,True
dfc4f521-fa9d-4dae-8b9e-094f0133daf7,I128677,shopping_mall,anomaly,Emaar Square Mall,Cevahir AVM,0.0441,high,Column 'shopping_mall' deviates from similar normal records.,True
30f23f4c-5a70-4cef-bfa2-a7f4ef63df7c,I694091,payment_method,anomaly,Debit Card,Cash,0.0263,high,Column 'payment_method' deviates from similar normal records.,True
f195d226-6c82-4b7b-b3a6-7f654442b4fe,I317853,shopping_mall,anomaly,Zorlu Center,Kanyon,0.0002,high,Column 'shopping_mall' deviates from similar normal records.,True
cc8db426-45bf-4ac4-a810-94488328fcbb,I179846,shopping_mall,anomaly,Emaar Square Mall,Mall of Istanbul,0.0216,high,Column 'shopping_mall' deviates from similar normal records.,True
7e65a441-b8b0-4dc3-9587-f9c97cf80dc3,I124685,payment_method,anomaly,Debit Card,Debit Card,0.0026,high,Column 'payment_method' deviates from similar normal records.,True
1ae6a49d-c8b1-4581-b55b-a6a937634ef7,I285003,gender,anomaly,Female,Male,0.0615,high,Column 'gender' deviates from similar normal records.,True
c15e3553-1e5a-4147-8e39-da8df596b672,I899450,shopping_mall,anomaly,Emaar Square Mall,Cevahir AVM,0.164,high,Column 'shopping_mall' deviates from similar normal records.,True
294b70f2-3888-42f0-9cb3-f74674ad7418,I105531,shopping_mall,anomaly,Cevahir AVM,Mall of Istanbul,0.0539,high,Column 'shopping_mall' deviates from similar normal records.,True
2f6a09cd-8acf-4685-9791-5b2eee932336,I120168,shopping_mall,anomaly,Cevahir AVM,Metrocity,0.0305,high,Column 'shopping_mall' deviates from similar normal records.,True
50e3e52a-3322-40e3-a88d-cc3940cdb5b5,I325760,shopping_mall,anomaly,Metrocity,Forum Istanbul,0.0694,high,Column 'shopping_mall' deviates from similar normal records.,True
af3bc2bf-2095-4ce1-9121-4c106d44cb9f,I119541,shopping_mall,anomaly,Metropol AVM,Mall of Istanbul,0.0809,high,Column 'shopping_mall' deviates from similar normal records.,True
b25108d2-e7b6-4f04-afee-8b2161c03825,I278112,shopping_mall,anomaly,Forum Istanbul,Mall of Istanbul,0.0144,high,Column 'shopping_mall' deviates from similar normal records.,True
087aacf5-a918-4c36-96c1-38fe5ce04122,I129783,payment_method,anomaly,Debit Card,Cash,0.0471,high,Column 'payment_method' deviates from similar normal records.,True
4489ba9a-591f-4635-913b-ba0c55d714d5,I324192,category,anomaly,Souvenir,Books,0.1182,high,Column 'category' deviates from similar normal records.,True
a7fc7086-53fd-4cab-9f8f-8c0f47010856,I191025,shopping_mall,anomaly,Zorlu Center,Istinye Park,0.1059,high,Column 'shopping_mall' deviates from similar normal records.,True
b0f40f1f-3913-40ad-8ef9-2a116216270b,I279594,shopping_mall,anomaly,Viaport Outlet,Istinye Park,0.032,high,Column 'shopping_mall' deviates from similar normal records.,True
d3b1f14c-26e9-4987-96eb-72a87461584b,I145772,shopping_mall,anomaly,Cevahir AVM,Cevahir AVM,0.0096,high,Column 'shopping_mall' deviates from similar normal records.,True
6d74df5f-a259-4d39-a7d1-190f5f04d4c8,I381790,shopping_mall,anomaly,Metropol AVM,Zorlu Center,0.0158,high,Column 'shopping_mall' deviates from similar normal records.,True
1e53a347-ac98-4bea-8034-5e071514896d,I418988,shopping_mall,anomaly,Emaar Square Mall,Kanyon,0.0108,high,Column 'shopping_mall' deviates from similar normal records.,True
95a15d0f-478b-43bf-8c96-0f8dff604eea,I205617,shopping_mall,anomaly,Emaar Square Mall,Cevahir AVM,0.2,high,Column 'shopping_mall' deviates from similar normal records.,True
06bf05a2-16d1-45df-84a7-d0e908d64a07,I166101,shopping_mall,anomaly,Forum Istanbul,Mall of Istanbul,0.0593,high,Column 'shopping_mall' deviates from similar normal records.,True
4b6d7f11-4267-4681-b501-bfafe3a4d1e1,I909349,shopping_mall,anomaly,Forum Istanbul,Emaar Square Mall,0.0057,high,Column 'shopping_mall' deviates from similar normal records.,True
2d1041bd-8b2d-424a-91ce-0bc291457c45,I185918,shopping_mall,anomaly,Viaport Outlet,Cevahir AVM,0.0027,high,Column 'shopping_mall' deviates from similar normal records.,True
7233ee3d-5219-4e0e-9cc3-6d8c8e8bd70e,I203615,category,anomaly,Books,Books,0.0102,high,Column 'category' deviates from similar normal records.,True
2d9e4293-f594-4997-894d-3228eea761cc,I288567,shopping_mall,anomaly,Viaport Outlet,Kanyon,0.077,high,Column 'shopping_mall' deviates from similar normal records.,True
e566fe3a-cf6f-444a-8eb2-94e516cfe70a,I143576,shopping_mall,anomaly,Cevahir AVM,Cevahir AVM,0.0279,high,Column 'shopping_mall' deviates from similar normal records.,True
aea267eb-afd9-4223-bf96-2a6eec22b01f,I172099,shopping_mall,anomaly,Zorlu Center,Istinye Park,0.0277,high,Column 'shopping_mall' deviates from similar normal records.,True
fcdbb864-4825-421e-8a99-a66a16976993,I241891,shopping_mall,anomaly,Cevahir AVM,Metropol AVM,0.0207,high,Column 'shopping_mall' deviates from similar normal records.,True
885c32be-b7ae-419e-9f97-c989885d0542,I140783,payment_method,anomaly,Debit Card,Debit Card,0.0131,high,Column 'payment_method' deviates from similar normal records.,True
1dcb8b25-c84f-44d4-87ed-a5830360ef4e,I116858,shopping_mall,anomaly,Cevahir AVM,Mall of Istanbul,0.0321,high,Column 'shopping_mall' deviates from similar normal records.,True
74c0e03d-08b5-4778-8fb1-8232e98e5897,I136119,shopping_mall,anomaly,Metropol AVM,Viaport Outlet,0.1437,high,Column 'shopping_mall' deviates from similar normal records.,True
d0dbafeb-34d4-4bb2-b67c-b12974c9c706,I235267,shopping_mall,anomaly,Viaport Outlet,Kanyon,0.0672,high,Column 'shopping_mall' deviates from similar normal records.,True
8402439a-6f9d-4a8a-8288-befb385a1cb6,I863376,shopping_mall,anomaly,Forum Istanbul,Istinye Park,0.1052,high,Column 'shopping_mall' deviates from similar normal records.,True
ef5c1249-ddf5-4237-a396-bc17db087de7,I270701,shopping_mall,anomaly,Emaar Square Mall,Metrocity,0.0807,high,Column 'shopping_mall' deviates from similar normal records.,True
04c4dcc2-c9ae-473f-974f-e7f5a74163e3,I167243,shopping_mall,anomaly,Emaar Square Mall,Mall of Istanbul,0.0958,high,Column 'shopping_mall' deviates from similar normal records.,True
ad6c7d84-eb6b-4405-9f61-2771342f4377,I953267,shopping_mall,anomaly,Viaport Outlet,Emaar Square Mall,0.0247,high,Column 'shopping_mall' deviates from similar normal records.,True
bd8eee22-e897-49d3-8059-c6c9519ecd1f,I168935,shopping_mall,anomaly,Zorlu Center,Mall of Istanbul,0.015,high,Column 'shopping_mall' deviates from similar normal records.,True
f5193be3-9d54-4a6d-9fd9-833fa7482f0d,I210027,payment_method,anomaly,Debit Card,Debit Card,0.0293,high,Column 'payment_method' deviates from similar normal records.,True
0d999876-6617-40a3-a9fb-306b300a1d36,I313872,shopping_mall,anomaly,Zorlu Center,Kanyon,0.0659,high,Column 'shopping_mall' deviates from similar normal records.,True
f1b03981-db92-4665-9544-91fd14185eeb,I174987,shopping_mall,anomaly,Metropol AVM,Kanyon,0.05,high,Column 'shopping_mall' deviates from similar normal records.,True
949a910f-7613-4900-bd60-38d2cbc2b8e4,I161372,payment_method,anomaly,Debit Card,Credit Card,0.2379,high,Column 'payment_method' deviates from similar normal records.,True
a54aeb21-b528-4179-bff6-fbc1f2d81f96,I540684,category,anomaly,Books,Food & Beverage,0.0498,high,Column 'category' deviates from similar normal records.,True
1c04b6c7-3c9b-4fe4-98fe-7ff82c9e9414,I211884,shopping_mall,anomaly,Cevahir AVM,Mall of Istanbul,0.0546,high,Column 'shopping_mall' deviates from similar normal records.,True
88a6f8ee-2aab-4e2f-997f-2f70f77d49fc,I912659,category,anomaly,Books,Cosmetics,0.1605,high,Column 'category' deviates from similar normal records.,True
c79b73b6-3838-45b0-a431-97f2bb070f80,I192868,payment_method,anomaly,Debit Card,Credit Card,0.026,high,Column 'payment_method' deviates from similar normal records.,True
a44be98c-e353-41cf-a799-ff6bf76c188f,I290920,payment_method,anomaly,Debit Card,Debit Card,0.063,high,Column 'payment_method' deviates from similar normal records.,True
65bbd79d-4144-4168-89a4-b685a809c5a6,I290920,shopping_mall,anomaly,Viaport Outlet,Forum Istanbul,0.063,high,Column 'shopping_mall' deviates from similar normal records.,True
5766ff86-edef-4bcc-a585-5466b21d30a9,I303714,shopping_mall,anomaly,Viaport Outlet,Mall of Istanbul,0.0545,high,Column 'shopping_mall' deviates from similar normal records.,True
1c5aabf8-682e-42a0-98d7-63d71fd8aa24,I208917,shopping_mall,anomaly,Forum Istanbul,Kanyon,0.0577,high,Column 'shopping_mall' deviates from similar normal records.,True
b5b2d5e6-5c03-4f2d-b1b8-23585ce8118e,I257174,shopping_mall,anomaly,Zorlu Center,Forum Istanbul,0.0317,high,Column 'shopping_mall' deviates from similar normal records.,True
5f0c4ad8-1b3a-469f-bba4-f44a64a0ae09,I817749,shopping_mall,anomaly,Cevahir AVM,Kanyon,0.1059,high,Column 'shopping_mall' deviates from similar normal records.,True
c301bb8e-136c-4654-9a9f-3c83f701956e,I306448,category,anomaly,Toys,Toys,0.0037,high,Column 'category' deviates from similar normal records.,True
659dffd5-7ec9-4c59-9178-c7bf5f2ef4c6,I220395,payment_method,anomaly,Debit Card,Cash,0.1363,high,Column 'payment_method' deviates from similar normal records.,True
76a3fe7b-e07d-4b94-a1a3-e190c903b57b,I443570,shopping_mall,anomaly,Cevahir AVM,Mall of Istanbul,0.005,high,Column 'shopping_mall' deviates from similar normal records.,True
09a09090-69bf-4502-8e7b-8045d13b51dc,I281898,shopping_mall,anomaly,Emaar Square Mall,Mall of Istanbul,0.0825,high,Column 'shopping_mall' deviates from similar normal records.,True
a4b48b2c-295c-4546-b52d-4fe3191a5bb1,I637022,shopping_mall,anomaly,Cevahir AVM,Cevahir AVM,0.0816,high,Column 'shopping_mall' deviates from similar normal records.,True
f9a74f7e-300c-45d0-8af1-6f95cd3fec8f,I229238,shopping_mall,anomaly,Cevahir AVM,Kanyon,0.0181,high,Column 'shopping_mall' deviates from similar normal records.,True
57bd31b8-b394-4cda-9137-f2c040005195,I487866,shopping_mall,anomaly,Viaport Outlet,Kanyon,0.0609,high,Column 'shopping_mall' deviates from similar normal records.,True
a5cda0e4-5472-4b44-bf70-ee3823d43cbd,I227329,shopping_mall,anomaly,Zorlu Center,Kanyon,0.0515,high,Column 'shopping_mall' deviates from similar normal records.,True
4a8e7e6c-5072-4e9e-b50e-fbc1d7cbbaee,I649638,shopping_mall,anomaly,Cevahir AVM,Istinye Park,0.1337,high,Column 'shopping_mall' deviates from similar normal records.,True
8ced4000-4d60-443b-9f55-14e7283b4e33,I223278,shopping_mall,anomaly,Zorlu Center,Emaar Square Mall,0.0736,high,Column 'shopping_mall' deviates from similar normal records.,True
144772f1-5e58-4297-83a0-9c219b961dc4,I873057,payment_method,anomaly,Debit Card,Credit Card,0.0842,high,Column 'payment_method' deviates from similar normal records.,True
df32079f-0956-49a0-9540-6236c7747393,I257704,shopping_mall,anomaly,Cevahir AVM,Viaport Outlet,0.0888,high,Column 'shopping_mall' deviates from similar normal records.,True
9e53c699-2b34-45cf-9472-d6e471d10a53,I317265,shopping_mall,anomaly,Cevahir AVM,Kanyon,0.0321,high,Column 'shopping_mall' deviates from similar normal records.,True
38047bd1-97bc-4a25-8980-c6d098aadde1,I213328,shopping_mall,anomaly,Zorlu Center,Istinye Park,0.0005,high,Column 'shopping_mall' deviates from similar normal records.,True
cda12525-5f17-4e27-8c67-7d4df1b568c4,I224191,shopping_mall,anomaly,Zorlu Center,Kanyon,0.0268,high,Column 'shopping_mall' deviates from similar normal records.,True
03adf581-b8d5-410d-9786-497f4601a95e,I807687,payment_method,anomaly,Debit Card,Cash,0.1182,high,Column 'payment_method' deviates from similar normal records.,True
facc95b7-caf9-4563-94e9-ad272bf402ba,I139372,shopping_mall,anomaly,Emaar Square Mall,Mall of Istanbul,0.0558,high,Column 'shopping_mall' deviates from similar normal records.,True
ee042062-ffe6-4b3c-adfa-1e292be41398,I368769,shopping_mall,anomaly,Emaar Square Mall,Metropol AVM,0.0304,high,Column 'shopping_mall' deviates from similar normal records.,True
6bf64a90-59cb-4383-96b1-8519c5392065,I223874,shopping_mall,anomaly,Zorlu Center,Cevahir AVM,0.0534,high,Column 'shopping_mall' deviates from similar normal records.,True
769b65d4-c97c-4512-91bd-b2a706906923,I311025,shopping_mall,anomaly,Emaar Square Mall,Istinye Park,0.0736,high,Column 'shopping_mall' deviates from similar normal records.,True
5ec37c88-097f-4ef7-ae42-dc6d98e17f75,I291781,payment_method,anomaly,Debit Card,Credit Card,0.0184,high,Column 'payment_method' deviates from similar normal records.,True
cd73c050-3f46-4294-991a-2787b2903764,I192851,payment_method,anomaly,Debit Card,Debit Card,0.1156,high,Column 'payment_method' deviates from similar normal records.,True
1f48cf43-04ce-4d98-a54d-2ddf619cbe1f,I192851,shopping_mall,anomaly,Emaar Square Mall,Kanyon,0.1156,high,Column 'shopping_mall' deviates from similar normal records.,True
b2afa761-b02e-458c-8faa-cee24eba8b14,I160951,shopping_mall,anomaly,Viaport Outlet,Mall of Istanbul,0.0078,high,Column 'shopping_mall' deviates from similar normal records.,True
cb7890d0-247f-4c73-ad86-4422ea7005ad,I769180,shopping_mall,anomaly,Viaport Outlet,Kanyon,0.1196,high,Column 'shopping_mall' deviates from similar normal records.,True
e1998226-4ffa-44c6-8d1b-f0b503e23b82,I283760,shopping_mall,anomaly,Viaport Outlet,Cevahir AVM,0.1151,high,Column 'shopping_mall' deviates from similar normal records.,True
883038da-1ba8-4586-9995-265282ea47a1,I219121,payment_method,anomaly,Credit Card,Debit Card,0.0378,high,Column 'payment_method' deviates from similar normal records.,True
0cb7dac5-83f3-403a-ad03-26bf06b47c09,I219121,shopping_mall,anomaly,Viaport Outlet,Cevahir AVM,0.0378,high,Column 'shopping_mall' deviates from similar normal records.,True
d51931d1-53db-49fa-b640-f897d05b3cf5,I130115,shopping_mall,anomaly,Viaport Outlet,Mall of Istanbul,0.0024,high,Column 'shopping_mall' deviates from similar normal records.,True
f7c47eca-9938-47d9-bab8-582d0fff6a55,I411874,shopping_mall,anomaly,Viaport Outlet,Kanyon,0.0696,high,Column 'shopping_mall' deviates from similar normal records.,True
e24531cd-01d5-4451-aef8-d48602700e04,I277831,shopping_mall,anomaly,Zorlu Center,Kanyon,0.0301,high,Column 'shopping_mall' deviates from similar normal records.,True
42728eba-84e1-492d-a427-c005c475fdf1,I324335,shopping_mall,anomaly,Viaport Outlet,Metrocity,0.056,high,Column 'shopping_mall' deviates from similar normal records.,True
ec1d0f6f-df1d-45b9-a7fd-a132b6b007dd,I923046,shopping_mall,anomaly,Cevahir AVM,Forum Istanbul,0.0056,high,Column 'shopping_mall' deviates from similar normal records.,True
41fe39a5-4f29-4413-9b0e-15a7463ec218,I952692,shopping_mall,anomaly,Cevahir AVM,Metropol AVM,0.0203,high,Column 'shopping_mall' deviates from similar normal records.,True
54bab4e5-4130-4744-b213-1b1623f68c0f,I235804,shopping_mall,anomaly,Viaport Outlet,Mall of Istanbul,0.1126,high,Column 'shopping_mall' deviates from similar normal records.,True
14b88f39-91ad-4b1d-94a1-6afd93b5e56d,I141550,category,anomaly,Souvenir,Food & Beverage,0.073,high,Column 'category' deviates from similar normal records.,True
f2079f31-0835-4aba-b31d-064c84f22bd6,I207880,shopping_mall,anomaly,Viaport Outlet,Mall of Istanbul,0.1148,high,Column 'shopping_mall' deviates from similar normal records.,True
bb850d76-b4e2-405b-a933-d4f8f03354ff,I170820,payment_method,anomaly,Debit Card,Cash,0.1132,high,Column 'payment_method' deviates from similar normal records.,True
3f4bee71-8fb2-4cdb-b238-89e3f238ac5f,I170820,shopping_mall,anomaly,Metropol AVM,Metrocity,0.1132,high,Column 'shopping_mall' deviates from similar normal records.,True
1fc04dc4-2b5f-40ef-9fd2-91a7dc5833e6,I317534,shopping_mall,anomaly,Viaport Outlet,Zorlu Center,0.0481,high,Column 'shopping_mall' deviates from similar normal records.,True
35530b20-a768-4458-bf51-536e72583634,I266007,shopping_mall,anomaly,Metropol AVM,Kanyon,0.1058,high,Column 'shopping_mall' deviates from similar normal records.,True
182affb9-7e84-4556-a2aa-dba3b5bf00d1,I853133,shopping_mall,anomaly,Emaar Square Mall,Mall of Istanbul,0.0281,high,Column 'shopping_mall' deviates from similar normal records.,True
71ee3eb3-b122-4029-8a6e-a1bc591ce6de,I302399,payment_method,anomaly,Debit Card,Credit Card,0.03,high,Column 'payment_method' deviates from similar normal records.,True
5469be85-8359-4284-a960-9ad05e580fe0,I152994,shopping_mall,anomaly,Viaport Outlet,Kanyon,0.0712,high,Column 'shopping_mall' deviates from similar normal records.,True
2f1ee16a-e749-4a94-915c-27b5b83527e7,I195974,payment_method,anomaly,Debit Card,Cash,0.0775,high,Column 'payment_method' deviates from similar normal records.,True
ec56bdf6-1bb7-4757-9f08-b4239711b797,I315662,shopping_mall,anomaly,Forum Istanbul,Kanyon,0.0296,high,Column 'shopping_mall' deviates from similar normal records.,True
ec625c3e-105f-4355-a7f6-2ee764c9cce4,I262033,shopping_mall,anomaly,Forum Istanbul,Cevahir AVM,0.0298,high,Column 'shopping_mall' deviates from similar normal records.,True
05b33d3f-419d-4fc9-ab3e-29e7d42e39fc,I198479,shopping_mall,anomaly,Kanyon,Kanyon,0.0539,high,Column 'shopping_mall' deviates from similar normal records.,True
85e6f09d-1d83-422f-baef-3c985a2ae08d,I140040,shopping_mall,anomaly,Emaar Square Mall,Emaar Square Mall,0.1151,high,Column 'shopping_mall' deviates from similar normal records.,True
97f2373d-1a55-4e9a-a025-0141e7694ffc,I139858,shopping_mall,anomaly,Zorlu Center,Mall of Istanbul,0.0376,high,Column 'shopping_mall' deviates from similar normal records.,True
01d38638-8196-44c7-a40a-25df50f63392,I249531,payment_method,anomaly,Debit Card,Debit Card,0.0734,high,Column 'payment_method' deviates from similar normal records.,True
a0378968-a5b6-4b07-a129-f7a0272e15d4,I310759,category,anomaly,Souvenir,Souvenir,0.0515,high,Column 'category' deviates from similar normal records.,True
dd524084-96ef-481d-b68b-aaf2abc62050,I627544,shopping_mall,anomaly,Emaar Square Mall,Kanyon,0.2324,high,Column 'shopping_mall' deviates from similar normal records.,True
4590067e-ec0c-4e9e-9f45-36ee876468d6,I559284,category,anomaly,Souvenir,Books,0.187,high,Column 'category' deviates from similar normal records.,True
66d85635-9162-4bbc-a351-7736dc01be19,I396328,shopping_mall,anomaly,Zorlu Center,Kanyon,0.024,high,Column 'shopping_mall' deviates from similar normal records.,True
c8fe7901-c9f3-413f-8dce-8ce3c842fbcc,I126735,category,anomaly,Toys,Toys,0.0034,high,Column 'category' deviates from similar normal records.,True
aabcffb5-9298-408a-8906-2da4a552a944,I319350,gender,anomaly,Male,Male,0.1479,high,Column 'gender' deviates from similar normal records.,True
d4b47a4d-25ef-4401-8ee4-c7e1775a6324,I124690,shopping_mall,anomaly,Emaar Square Mall,Kanyon,0.0266,high,Column 'shopping_mall' deviates from similar normal records.,True
b29f348f-39ce-4cc4-9d66-1e26c96408b5,I190436,shopping_mall,anomaly,Viaport Outlet,Emaar Square Mall,0.086,high,Column 'shopping_mall' deviates from similar normal records.,True
e6094732-9fd2-44cc-8066-0b76c7db4fb0,I640740,shopping_mall,anomaly,Cevahir AVM,Forum Istanbul,0.0173,high,Column 'shopping_mall' deviates from similar normal records.,True
f78076d6-6dc0-42b8-9013-91dc2637c227,I623734,shopping_mall,anomaly,Viaport Outlet,Metrocity,0.0099,high,Column 'shopping_mall' deviates from similar normal records.,True
c5297fe6-bc97-4e2b-94c4-6b3b47af0c5f,I420944,payment_method,anomaly,Debit Card,Cash,0.0312,high,Column 'payment_method' deviates from similar normal records.,True
dc569f05-64da-43d4-8fc2-e330f7b81bd8,I695998,shopping_mall,anomaly,Emaar Square Mall,Kanyon,0.1419,high,Column 'shopping_mall' deviates from similar normal records.,True
4ebff224-638f-41ce-acca-d35e489e023b,I112615,shopping_mall,anomaly,Metrocity,Mall of Istanbul,0.0507,high,Column 'shopping_mall' deviates from similar normal records.,True
5a2e91ec-b756-4175-baa3-df01d5b2b97f,I879454,shopping_mall,anomaly,Cevahir AVM,Mall of Istanbul,0.0184,high,Column 'shopping_mall' deviates from similar normal records.,True
d0226d9f-34d1-4083-a272-2ace7af2f7b9,I280611,shopping_mall,anomaly,Metropol AVM,Mall of Istanbul,0.0139,high,Column 'shopping_mall' deviates from similar normal records.,True
608e7ba1-2888-4367-88e0-477bdc94cf0b,I868506,shopping_mall,anomaly,Metropol AVM,Emaar Square Mall,0.0387,high,Column 'shopping_mall' deviates from similar normal records.,True
eecebc22-feb5-4386-a90e-ef2756e77dbb,I119569,shopping_mall,anomaly,Emaar Square Mall,Kanyon,0.1637,high,Column 'shopping_mall' deviates from similar normal records.,True
25a9bc0e-c695-494a-bea2-7091dfb04074,I277775,payment_method,anomaly,Debit Card,Cash,0.228,high,Column 'payment_method' deviates from similar normal records.,True
04cc96f4-6feb-4785-a7ac-d3a1149fdd2a,I297472,category,anomaly,Souvenir,Books,0.0558,high,Column 'category' deviates from similar normal records.,True
072680c2-408d-4ab5-8d4e-e0699b3af7d3,I120996,shopping_mall,anomaly,Zorlu Center,Mall of Istanbul,0.0468,high,Column 'shopping_mall' deviates from similar normal records.,True
5df1a26e-3695-4b5c-8200-7f1cc5ad64ef,I184514,shopping_mall,anomaly,Zorlu Center,Metropol AVM,0.0224,high,Column 'shopping_mall' deviates from similar normal records.,True
2cd25a51-8a06-4b37-a5c4-df42b0f599ae,I597971,shopping_mall,anomaly,Emaar Square Mall,Emaar Square Mall,0.0512,high,Column 'shopping_mall' deviates from similar normal records.,True
0e2a331e-f33a-430d-81ff-36053d056423,I680634,shopping_mall,anomaly,Emaar Square Mall,Cevahir AVM,0.0182,high,Column 'shopping_mall' deviates from similar normal records.,True
a9b763d8-8e5a-4d86-8dba-ef0d47875bc4,I148730,shopping_mall,anomaly,Forum Istanbul,Mall of Istanbul,0.0151,high,Column 'shopping_mall' deviates from similar normal records.,True
1497d8b5-9273-4e9d-bf3c-f5697b4c99c1,I615020,shopping_mall,anomaly,Viaport Outlet,Mall of Istanbul,0.0523,high,Column 'shopping_mall' deviates from similar normal records.,True
35b881f2-6c26-47a1-b812-84a82a9a736d,I111204,shopping_mall,anomaly,Cevahir AVM,Metrocity,0.0013,high,Column 'shopping_mall' deviates from similar normal records.,True
0c8a94a9-1174-4a79-96e5-34bcaad7f9fa,I190703,shopping_mall,anomaly,Zorlu Center,Zorlu Center,0.144,high,Column 'shopping_mall' deviates from similar normal records.,True
b54de228-a8e7-47fe-b966-988cf27c9cfc,I299927,shopping_mall,anomaly,Zorlu Center,Zorlu Center,0.0251,high,Column 'shopping_mall' deviates from similar normal records.,True
517d7ce4-73a0-445f-a4f6-320dbab68b32,I238968,payment_method,anomaly,Debit Card,Cash,0.0823,high,Column 'payment_method' deviates from similar normal records.,True
51f5c6ce-c1fb-4217-9b33-55935a3c5b21,I645818,shopping_mall,anomaly,Metropol AVM,Metrocity,0.1196,high,Column 'shopping_mall' deviates from similar normal records.,True
e961cf5d-96fa-421d-9280-cd465df3c8da,I138122,shopping_mall,anomaly,Cevahir AVM,Forum Istanbul,0.0012,high,Column 'shopping_mall' deviates from similar normal records.,True
663bd8a7-8c5e-4378-9cff-0f3808ecbed0,I746273,shopping_mall,anomaly,Viaport Outlet,Kanyon,0.0068,high,Column 'shopping_mall' deviates from similar normal records.,True
09c4e326-7dcf-4bfb-b7ac-26c06fc64679,I312026,shopping_mall,anomaly,Emaar Square Mall,Mall of Istanbul,0.0238,high,Column 'shopping_mall' deviates from similar normal records.,True
ddbd0700-a5db-4613-87c7-080b637fac08,I977124,shopping_mall,anomaly,Metrocity,Mall of Istanbul,0.0185,high,Column 'shopping_mall' deviates from similar normal records.,True
a8fa5422-66a7-4fad-99fd-453993515e80,I261114,shopping_mall,anomaly,Emaar Square Mall,Kanyon,0.0544,high,Column 'shopping_mall' deviates from similar normal records.,True
8a3e3b7d-2665-4d7e-8dc8-a482e5190ff1,I293217,shopping_mall,anomaly,Viaport Outlet,Kanyon,0.0362,high,Column 'shopping_mall' deviates from similar normal records.,True
3dbdcb6c-c64d-4c2b-84ed-493030111319,I134210,category,anomaly,Food & Beverage,Food & Beverage,0.033,high,Column 'category' deviates from similar normal records.,True
4ff36e0c-0a56-474e-b24e-6927d3a31fe4,I959982,shopping_mall,anomaly,Viaport Outlet,Kanyon,0.1308,high,Column 'shopping_mall' deviates from similar normal records.,True
d9623e3d-eb64-45f5-b5b9-34a320fa1503,I174950,shopping_mall,anomaly,Viaport Outlet,Mall of Istanbul,0.0894,high,Column 'shopping_mall' deviates from similar normal records.,True
f6c35fee-ab7e-4d5f-bbf0-84d4c4d9bc75,I304164,shopping_mall,anomaly,Viaport Outlet,Kanyon,0.091,high,Column 'shopping_mall' deviates from similar normal records.,True
f80c64c8-2df0-4a04-92bb-a497352fdd65,I138639,shopping_mall,anomaly,Viaport Outlet,Kanyon,0.0886,high,Column 'shopping_mall' deviates from similar normal records.,True
700956a5-1521-4e14-8f8f-6e8a4dc74947,I100699,category,anomaly,Books,Books,0.0456,high,Column 'category' deviates from similar normal records.,True
166e5056-b5df-4903-800b-a44c4730eb36,I168635,payment_method,anomaly,Debit Card,Debit Card,0.1284,high,Column 'payment_method' deviates from similar normal records.,True
2f854847-fe63-494d-a080-89d836897e5b,I836471,shopping_mall,anomaly,Viaport Outlet,Metrocity,0.0037,high,Column 'shopping_mall' deviates from similar normal records.,True
1e3a4571-9ccb-40bd-9d93-6e6b4f2d842f,I892714,gender,anomaly,Male,Female,0.0618,high,Column 'gender' deviates from similar normal records.,True
4c726b42-8f95-4bc6-90c0-85ddad9aab7f,I714676,payment_method,anomaly,Debit Card,Credit Card,0.2133,high,Column 'payment_method' deviates from similar normal records.,True
82f23704-f958-4eac-bb38-b560e770e948,I314998,payment_method,anomaly,Debit Card,Credit Card,0.1759,high,Column 'payment_method' deviates from similar normal records.,True
2c5468de-6d97-48d5-aa5d-cc3dda5e1bf0,I187964,shopping_mall,anomaly,Cevahir AVM,Kanyon,0.0061,high,Column 'shopping_mall' deviates from similar normal records.,True
b71893e6-be29-4b64-9b37-8c2c36641e60,I270560,shopping_mall,anomaly,Viaport Outlet,Metrocity,0.0673,high,Column 'shopping_mall' deviates from similar normal records.,True
f0047b32-8ce2-47d7-b679-99d32c549532,I155970,age_group,anomaly,36_45,56_plus,0.0053,high,Column 'age_group' deviates from similar normal records.,True
54d87a5b-2fd6-4977-a9ef-d7cccb71e5eb,I282014,payment_method,anomaly,Debit Card,Cash,0.0005,high,Column 'payment_method' deviates from similar normal records.,True
1c7bc5c0-3877-47ae-bced-92e7d335d485,I125637,shopping_mall,anomaly,Metropol AVM,Emaar Square Mall,0.0753,high,Column 'shopping_mall' deviates from similar normal records.,True
fe59eb8a-9e1a-4762-b498-b021840b99c6,I157163,shopping_mall,anomaly,Kanyon,Cevahir AVM,0.0418,high,Column 'shopping_mall' deviates from similar normal records.,True
fb58d830-5c3c-4ff6-adde-076aa9e3f77d,I270192,shopping_mall,anomaly,Viaport Outlet,Metrocity,0.0924,high,Column 'shopping_mall' deviates from similar normal records.,True
b3f5907f-480a-4b78-94df-3d675f9e854f,I318126,shopping_mall,anomaly,Viaport Outlet,Forum Istanbul,0.1404,high,Column 'shopping_mall' deviates from similar normal records.,True
13df926b-d6ae-4aeb-a33b-5cea482d3150,I106170,shopping_mall,anomaly,Forum Istanbul,Mall of Istanbul,0.032,high,Column 'shopping_mall' deviates from similar normal records.,True
47e909ac-c625-4b92-8da3-2ca0e0c5f347,I257975,shopping_mall,anomaly,Istinye Park,Mall of Istanbul,0.0056,high,Column 'shopping_mall' deviates from similar normal records.,True
d602f570-728f-49c3-9570-e2cb259a816a,I178748,shopping_mall,anomaly,Zorlu Center,Istinye Park,0.065,high,Column 'shopping_mall' deviates from similar normal records.,True
25a8ea9c-445f-4df2-bd27-147c011cca5d,I841393,shopping_mall,anomaly,Metropol AVM,Cevahir AVM,0.0657,high,Column 'shopping_mall' deviates from similar normal records.,True
317e08df-e0ca-423c-92f4-3162ac1f1737,I176092,shopping_mall,anomaly,Forum Istanbul,Metrocity,0.0375,high,Column 'shopping_mall' deviates from similar normal records.,True
fbd51824-326f-43cf-a079-d334003458b3,I117385,shopping_mall,anomaly,Emaar Square Mall,Zorlu Center,0.0059,high,Column 'shopping_mall' deviates from similar normal records.,True
18d62a62-597f-4049-b8de-64f5fe5b454c,I127698,shopping_mall,anomaly,Zorlu Center,Kanyon,0.0093,high,Column 'shopping_mall' deviates from similar normal records.,True
70010364-cf06-4596-9434-e020811e8aa9,I133714,category,anomaly,Books,Books,0.0522,high,Column 'category' deviates from similar normal records.,True
15be3ce6-f201-4ebc-b4bc-8eeb11c7e226,I239618,shopping_mall,anomaly,Forum Istanbul,Emaar Square Mall,0.1321,high,Column 'shopping_mall' deviates from similar normal records.,True
1459af78-48ea-4bde-907d-1180e927d492,I956151,shopping_mall,anomaly,Forum Istanbul,Kanyon,0.0386,high,Column 'shopping_mall' deviates from similar normal records.,True
69caf7cd-66f1-4f85-aba8-c7d33806193c,I249266,category,anomaly,Souvenir,Food & Beverage,0.0146,high,Column 'category' deviates from similar normal records.,True
f6de335c-88df-4d2d-93bc-69c59cd758ca,I163959,payment_method,anomaly,Cash,Cash,0.1049,high,Column 'payment_method' deviates from similar normal records.,True
dbdd91eb-1b93-41f7-8fe2-6a77094b0e92,I272230,shopping_mall,anomaly,Zorlu Center,Istinye Park,0.0355,high,Column 'shopping_mall' deviates from similar normal records.,True
8bcc4be2-66ce-40ac-bcab-de593cc77f5d,I181711,shopping_mall,anomaly,Cevahir AVM,Istinye Park,0.1162,high,Column 'shopping_mall' deviates from similar normal records.,True
432d8016-364b-416a-92ae-a60bdd2e690c,I132699,shopping_mall,anomaly,Forum Istanbul,Kanyon,0.0262,high,Column 'shopping_mall' deviates from similar normal records.,True
46c21271-ee81-48b6-ab24-f0f6a52d662e,I156822,shopping_mall,anomaly,Emaar Square Mall,Metrocity,0.0387,high,Column 'shopping_mall' deviates from similar normal records.,True
ca6567fe-0fa0-481e-ab34-78a76b5ecb06,I221052,shopping_mall,anomaly,Cevahir AVM,Mall of Istanbul,0.1084,high,Column 'shopping_mall' deviates from similar normal records.,True
be6133e2-8e9c-4ce7-ba7f-b08fe827a69d,I309996,gender,anomaly,Male,Female,0.0443,high,Column 'gender' deviates from similar normal records.,True
10b247cf-ef82-4b6a-b38a-9a270592d08a,I309996,shopping_mall,anomaly,Zorlu Center,Mall of Istanbul,0.0443,high,Column 'shopping_mall' deviates from similar normal records.,True
4932e95c-885a-4692-bd84-55ad6861fd19,I227940,shopping_mall,anomaly,Istinye Park,Metropol AVM,0.1027,high,Column 'shopping_mall' deviates from similar normal records.,True
ecb7ac23-bdf5-47f8-b665-1ba12f5b0680,I526761,shopping_mall,anomaly,Metropol AVM,Cevahir AVM,0.0568,high,Column 'shopping_mall' deviates from similar normal records.,True
debcd1fb-5166-484d-8d42-74bf21cd188e,I280590,shopping_mall,anomaly,Forum Istanbul,Kanyon,0.028,high,Column 'shopping_mall' deviates from similar normal records.,True
dec81b31-c48c-4995-a4d2-3ea8acb6d059,I280332,shopping_mall,anomaly,Forum Istanbul,Kanyon,0.0704,high,Column 'shopping_mall' deviates from similar normal records.,True
e2fa4b37-178f-4e8b-851b-e47f10c6c805,I977107,shopping_mall,anomaly,Zorlu Center,Kanyon,0.0202,high,Column 'shopping_mall' deviates from similar normal records.,True
ca619dce-9348-4a98-96aa-0c06f9026cc7,I119751,shopping_mall,anomaly,Mall of Istanbul,Cevahir AVM,0.1687,high,Column 'shopping_mall' deviates from similar normal records.,True
90dbd520-9f6a-41ae-895f-74d482a2563d,I148117,shopping_mall,anomaly,Cevahir AVM,Kanyon,0.0098,high,Column 'shopping_mall' deviates from similar normal records.,True
872d6294-258e-4465-b7ab-e0ae097c200f,I206024,payment_method,anomaly,Credit Card,Cash,0.1214,high,Column 'payment_method' deviates from similar normal records.,True
97d5902c-d264-4e26-8a74-a1c881d8935d,I288309,shopping_mall,anomaly,Emaar Square Mall,Emaar Square Mall,0.0799,high,Column 'shopping_mall' deviates from similar normal records.,True
653071a3-66a5-464f-8e1c-e93190bb2b52,I304511,shopping_mall,anomaly,Emaar Square Mall,Kanyon,0.1706,high,Column 'shopping_mall' deviates from similar normal records.,True
03bc9361-242c-4102-bdb5-67be915552c1,I213015,shopping_mall,anomaly,Viaport Outlet,Kanyon,0.001,high,Column 'shopping_mall' deviates from similar normal records.,True
645e4143-657d-4a6f-8093-84ba457d5b8f,I218101,shopping_mall,anomaly,Zorlu Center,Emaar Square Mall,0.0621,high,Column 'shopping_mall' deviates from similar normal records.,True
11a0c915-cb9c-4674-8038-3ce66c322289,I143972,shopping_mall,anomaly,Emaar Square Mall,Emaar Square Mall,0.0222,high,Column 'shopping_mall' deviates from similar normal records.,True
b5a2148f-e710-4cc5-88c6-206feaba5ec6,I279652,shopping_mall,anomaly,Zorlu Center,Forum Istanbul,0.0146,high,Column 'shopping_mall' deviates from similar normal records.,True
964d5317-5e6b-49e5-b1d3-80c9cbd07013,I319541,shopping_mall,anomaly,Emaar Square Mall,Metropol AVM,0.039,high,Column 'shopping_mall' deviates from similar normal records.,True
131b467a-c460-45a1-9b61-38aedbb99848,I135168,category,anomaly,Toys,Toys,0.1044,high,Column 'category' deviates from similar normal records.,True
5f59382b-424b-4468-a20f-47fc4c1a55f5,I101820,shopping_mall,anomaly,Emaar Square Mall,Istinye Park,0.0824,high,Column 'shopping_mall' deviates from similar normal records.,True
b047d710-517c-45e2-bdc5-9206d5c91baa,I147895,shopping_mall,anomaly,Cevahir AVM,Metropol AVM,0.0121,high,Column 'shopping_mall' deviates from similar normal records.,True
e87a213d-047a-4723-a516-df7d295a06c3,I191044,shopping_mall,anomaly,Forum Istanbul,Metrocity,0.1079,high,Column 'shopping_mall' deviates from similar normal records.,True
c3e89594-9c6a-425a-9211-6b12c2c951a5,I276919,shopping_mall,anomaly,Zorlu Center,Kanyon,0.0208,high,Column 'shopping_mall' deviates from similar normal records.,True
e91e71a6-6055-46a1-800f-4b3529216f86,I318223,shopping_mall,anomaly,Viaport Outlet,Mall of Istanbul,0.0555,high,Column 'shopping_mall' deviates from similar normal records.,True
bab50935-2775-4d8d-bc01-0bd6003d0e69,I292610,shopping_mall,anomaly,Cevahir AVM,Kanyon,0.0257,high,Column 'shopping_mall' deviates from similar normal records.,True
1e79cbb2-428c-4df3-9118-96c03c5be7d4,I659206,shopping_mall,anomaly,Viaport Outlet,Metropol AVM,0.0093,high,Column 'shopping_mall' deviates from similar normal records.,True
20211095-20cb-4e56-831a-7ee7d8135723,I194633,shopping_mall,anomaly,Forum Istanbul,Kanyon,0.0818,high,Column 'shopping_mall' deviates from similar normal records.,True
cebecff6-6e4b-4939-b450-f5e84e66084f,I280382,shopping_mall,anomaly,Emaar Square Mall,Forum Istanbul,0.0593,high,Column 'shopping_mall' deviates from similar normal records.,True
7324ba6b-d8ae-4521-8f53-33b61262731e,I249098,shopping_mall,anomaly,Metrocity,Metrocity,0.067,high,Column 'shopping_mall' deviates from similar normal records.,True
8973875a-f3ea-4a7f-be44-41a1d9f2f530,I172521,shopping_mall,anomaly,Cevahir AVM,Cevahir AVM,0.0511,high,Column 'shopping_mall' deviates from similar normal records.,True
183f7967-cca6-47e3-b30d-fe72b490cc93,I192057,shopping_mall,anomaly,Viaport Outlet,Kanyon,0.0042,high,Column 'shopping_mall' deviates from similar normal records.,True
f55d9b8e-83ac-412a-b33e-d8445ade498c,I373404,shopping_mall,anomaly,Emaar Square Mall,Kanyon,0.0623,high,Column 'shopping_mall' deviates from similar normal records.,True
0af13f41-e243-4050-88de-97fa2cd3c121,I268147,shopping_mall,anomaly,Forum Istanbul,Kanyon,0.0399,high,Column 'shopping_mall' deviates from similar normal records.,True
8dab48b5-22be-4547-9b20-79bec4d0d6fd,I104938,shopping_mall,anomaly,Viaport Outlet,Kanyon,0.0267,high,Column 'shopping_mall' deviates from similar normal records.,True
3f1053eb-bc15-4a0c-832e-93a61014dc7c,I174201,shopping_mall,anomaly,Emaar Square Mall,Emaar Square Mall,0.0558,high,Column 'shopping_mall' deviates from similar normal records.,True
f22bd236-3da6-4a02-a37e-a50dbe4d7138,I218737,shopping_mall,anomaly,Forum Istanbul,Istinye Park,0.1414,high,Column 'shopping_mall' deviates from similar normal records.,True
5a866de3-c768-45e3-b7c8-fbc206b4ea25,I114825,shopping_mall,anomaly,Emaar Square Mall,Mall of Istanbul,0.0342,high,Column 'shopping_mall' deviates from similar normal records.,True
9c64e8a8-dace-4e06-b51f-429fcd1ad728,I190654,shopping_mall,anomaly,Viaport Outlet,Forum Istanbul,0.0896,high,Column 'shopping_mall' deviates from similar normal records.,True
80ba5446-0fe2-4dc5-a2a1-36940b9502d2,I280019,shopping_mall,anomaly,Cevahir AVM,Kanyon,0.0588,high,Column 'shopping_mall' deviates from similar normal records.,True
303a4f41-c0b0-4d7e-9b38-f1049cfdceaa,I219237,shopping_mall,anomaly,Viaport Outlet,Emaar Square Mall,0.0248,high,Column 'shopping_mall' deviates from similar normal records.,True
ff5a279c-5a43-4978-af39-2143f0b1be26,I306287,shopping_mall,anomaly,Viaport Outlet,Cevahir AVM,0.0312,high,Column 'shopping_mall' deviates from similar normal records.,True
a6b59377-d3ad-4dd2-a8e5-b551473638c7,I328860,shopping_mall,anomaly,Forum Istanbul,Emaar Square Mall,0.1719,high,Column 'shopping_mall' deviates from similar normal records.,True
d981ec93-6cd1-4bc5-ba08-51027a632552,I254596,shopping_mall,anomaly,Istinye Park,Mall of Istanbul,0.0057,high,Column 'shopping_mall' deviates from similar normal records.,True
a9374779-6654-424f-b852-e181f7b5a4c1,I279912,shopping_mall,anomaly,Cevahir AVM,Emaar Square Mall,0.0332,high,Column 'shopping_mall' deviates from similar normal records.,True
510193e2-fb19-48ee-8c15-91f19d6fa31d,I141548,shopping_mall,anomaly,Kanyon,Kanyon,0.0889,high,Column 'shopping_mall' deviates from similar normal records.,True
bb1f945f-33a6-43e1-ba8e-39b404edb435,I224320,shopping_mall,anomaly,Cevahir AVM,Metrocity,0.0374,high,Column 'shopping_mall' deviates from similar normal records.,True
12c9805a-f929-49b2-8aad-c05ffad2f306,I645431,shopping_mall,anomaly,Viaport Outlet,Cevahir AVM,0.1224,high,Column 'shopping_mall' deviates from similar normal records.,True
79d3c301-720c-441e-8a3f-8659a23c4de5,I208358,shopping_mall,anomaly,Cevahir AVM,Cevahir AVM,0.0244,high,Column 'shopping_mall' deviates from similar normal records.,True
238b1a95-755e-4dd4-a428-fd379f1ac58a,I162596,payment_method,anomaly,Debit Card,Cash,0.1891,high,Column 'payment_method' deviates from similar normal records.,True
cc938d17-9a6e-4586-b511-26810d9399c7,I753791,shopping_mall,anomaly,Cevahir AVM,Kanyon,0.0513,high,Column 'shopping_mall' deviates from similar normal records.,True
5e15e357-136e-4a43-b6c4-d6ba6a8d2785,I284293,shopping_mall,anomaly,Cevahir AVM,Mall of Istanbul,0.0283,high,Column 'shopping_mall' deviates from similar normal records.,True
db13d659-9124-48e5-8020-c3985668bff5,I153987,category,anomaly,Souvenir,Souvenir,0.0424,high,Column 'category' deviates from similar normal records.,True
5d11ff07-de9a-4693-8293-6611838378f1,I144512,shopping_mall,anomaly,Forum Istanbul,Forum Istanbul,0.0138,high,Column 'shopping_mall' deviates from similar normal records.,True
7d778671-fd19-4b59-97cb-33af825e4431,I179526,shopping_mall,anomaly,Zorlu Center,Mall of Istanbul,0.0297,high,Column 'shopping_mall' deviates from similar normal records.,True
13da7b87-fe04-4f08-a0c3-8f7db9ee8d92,I203413,shopping_mall,anomaly,Cevahir AVM,Kanyon,0.1164,high,Column 'shopping_mall' deviates from similar normal records.,True
4a0fd00e-35b4-4035-826c-9ace600f83b9,I130367,payment_method,anomaly,Debit Card,Cash,0.0468,high,Column 'payment_method' deviates from similar normal records.,True
c1942dd7-1155-423c-9438-67a73e7b3fdf,I950251,gender,anomaly,Male,Female,0.0111,high,Column 'gender' deviates from similar normal records.,True
643e32aa-9f5a-428e-b486-602a89f7d077,I241151,shopping_mall,anomaly,Cevahir AVM,Metropol AVM,0.005,high,Column 'shopping_mall' deviates from similar normal records.,True
15958d3b-4943-45bf-bd03-bd4f5405a58c,I111926,shopping_mall,anomaly,Zorlu Center,Mall of Istanbul,0.0115,high,Column 'shopping_mall' deviates from similar normal records.,True
c0faf7eb-5886-406a-8a85-5c3567938779,I289530,category,anomaly,Souvenir,Food & Beverage,0.066,high,Column 'category' deviates from similar normal records.,True
d9f6650b-eed8-45ef-b287-ab7ab5bbe148,I136140,shopping_mall,anomaly,Metropol AVM,Kanyon,0.0096,high,Column 'shopping_mall' deviates from similar normal records.,True
afe1abbd-f868-4ea4-bcdd-b9e4edff0ef3,I279114,shopping_mall,anomaly,Metropol AVM,Metrocity,0.0318,high,Column 'shopping_mall' deviates from similar normal records.,True
4897e7c2-4bf8-4638-a45a-ff472f798810,I148611,shopping_mall,anomaly,Zorlu Center,Metropol AVM,0.1344,high,Column 'shopping_mall' deviates from similar normal records.,True
f296563c-ae9a-45a3-ac97-13cbc821b7cc,I298769,shopping_mall,anomaly,Zorlu Center,Mall of Istanbul,0.0007,high,Column 'shopping_mall' deviates from similar normal records.,True
83758e8f-e1af-4409-954f-71539ef9d6e2,I230678,shopping_mall,anomaly,Emaar Square Mall,Kanyon,0.1787,high,Column 'shopping_mall' deviates from similar normal records.,True
ef62a364-9bc8-44ab-9d84-39924d85bb0d,I490787,shopping_mall,anomaly,Istinye Park,Kanyon,0.0666,high,Column 'shopping_mall' deviates from similar normal records.,True
4da0f1e5-b130-49ce-87af-baf909f423d8,I180351,shopping_mall,anomaly,Forum Istanbul,Metrocity,0.0745,high,Column 'shopping_mall' deviates from similar normal records.,True
2d39d21b-9293-4276-bc2a-29d17181c73b,I107172,shopping_mall,anomaly,Cevahir AVM,Emaar Square Mall,0.0373,high,Column 'shopping_mall' deviates from similar normal records.,True
e3571ec5-04d1-4317-b12e-d25ee48e9219,I646095,shopping_mall,anomaly,Kanyon,Mall of Istanbul,0.0693,high,Column 'shopping_mall' deviates from similar normal records.,True
9e998542-4524-4d77-a267-3d0cc52e189c,I107286,payment_method,anomaly,Debit Card,Debit Card,0.0697,high,Column 'payment_method' deviates from similar normal records.,True
2b8603ed-7dc6-42a4-88f5-597bbf9f5f56,I917967,shopping_mall,anomaly,Cevahir AVM,Istinye Park,0.0098,high,Column 'shopping_mall' deviates from similar normal records.,True
7771fc5b-7b73-4cae-88c5-9f04eb8ed8b5,I846132,shopping_mall,anomaly,Viaport Outlet,Mall of Istanbul,0.2681,high,Column 'shopping_mall' deviates from similar normal records.,True
e0fe29b8-09f0-449c-b3ed-6a81213137b2,I161081,category,anomaly,Souvenir,Books,0.012,high,Column 'category' deviates from similar normal records.,True
1a1af86e-73a7-42eb-9c45-bed60612a8d3,I173392,shopping_mall,anomaly,Zorlu Center,Cevahir AVM,0.0271,high,Column 'shopping_mall' deviates from similar normal records.,True
881eb4bb-7ffd-4468-b411-8687b31ca2d5,I146008,category,anomaly,Souvenir,Food & Beverage,0.1427,high,Column 'category' deviates from similar normal records.,True
2a4e3a5f-1eda-4b28-a390-c9c0a10f93b5,I492347,shopping_mall,anomaly,Zorlu Center,Metrocity,0.0265,high,Column 'shopping_mall' deviates from similar normal records.,True
c2a1e894-ca0b-4da1-9a8c-7119b3a621bb,I275786,shopping_mall,anomaly,Viaport Outlet,Mall of Istanbul,0.0945,high,Column 'shopping_mall' deviates from similar normal records.,True
fe582960-2654-4f3c-b738-0f650eb186bc,I430635,gender,anomaly,Male,Male,0.027,high,Column 'gender' deviates from similar normal records.,True
5873ba16-440f-4dd0-afba-518722919cd5,I268278,category,anomaly,Books,Books,0.0533,high,Column 'category' deviates from similar normal records.,True
6ac9617f-6862-4a4a-99bb-f21d49cf3be6,I132849,shopping_mall,anomaly,Forum Istanbul,Metrocity,0.0202,high,Column 'shopping_mall' deviates from similar normal records.,True
621a74df-6ebb-4ed5-b8fb-3d4a6e2b5ce4,I211348,shopping_mall,anomaly,Viaport Outlet,Mall of Istanbul,0.0104,high,Column 'shopping_mall' deviates from similar normal records.,True
7b29f717-c617-4a5a-bb96-cc8b8da3ceb2,I560701,shopping_mall,anomaly,Forum Istanbul,Kanyon,0.0389,high,Column 'shopping_mall' deviates from similar normal records.,True
961fae11-526d-4f66-bda5-208172d0ac46,I106916,shopping_mall,anomaly,Cevahir AVM,Kanyon,0.041,high,Column 'shopping_mall' deviates from similar normal records.,True
ec43a9ef-501c-4e9d-8184-cb5c786869d5,I261729,shopping_mall,anomaly,Mall of Istanbul,Mall of Istanbul,0.0192,high,Column 'shopping_mall' deviates from similar normal records.,True
e92e8263-d8cc-468e-8dc8-737200f3c58d,I451056,category,anomaly,Souvenir,Souvenir,0.0038,high,Column 'category' deviates from similar normal records.,True
bbb05e05-0835-4697-a711-3037e8806763,I191299,shopping_mall,anomaly,Metropol AVM,Emaar Square Mall,0.0457,high,Column 'shopping_mall' deviates from similar normal records.,True
33fdeae8-026e-48dc-928c-7e392d9363de,I327581,shopping_mall,anomaly,Istinye Park,Cevahir AVM,0.0155,high,Column 'shopping_mall' deviates from similar normal records.,True
388a0322-a8ad-423d-9233-73f3f38bf80f,I572338,shopping_mall,anomaly,Zorlu Center,Mall of Istanbul,0.0599,high,Column 'shopping_mall' deviates from similar normal records.,True
6cdc9c6b-3562-4c7e-b3e0-4931a63dc030,I100900,shopping_mall,anomaly,Viaport Outlet,Metropol AVM,0.038,high,Column 'shopping_mall' deviates from similar normal records.,True
b31cd4bc-b189-4210-a435-f9bf7019e8db,I127018,shopping_mall,anomaly,Forum Istanbul,Zorlu Center,0.0346,high,Column 'shopping_mall' deviates from similar normal records.,True
c5b9d6d2-37a7-4090-8378-38d80f4b2171,I340065,shopping_mall,anomaly,Viaport Outlet,Cevahir AVM,0.0342,high,Column 'shopping_mall' deviates from similar normal records.,True
a22fc123-e87c-4166-a356-c78863225a80,I937974,payment_method,anomaly,Debit Card,Debit Card,0.0218,high,Column 'payment_method' deviates from similar normal records.,True
ec4237db-f849-4d37-bafc-9ba74af9eef3,I520376,shopping_mall,anomaly,Forum Istanbul,Mall of Istanbul,0.1001,high,Column 'shopping_mall' deviates from similar normal records.,True
61f10d29-0f7f-4ac3-9161-19d76026b11a,I146012,payment_method,anomaly,Debit Card,Credit Card,0.1165,high,Column 'payment_method' deviates from similar normal records.,True
90966d96-d057-4ca8-b049-9aaaa33f4662,I786287,payment_method,anomaly,Debit Card,Cash,0.1082,high,Column 'payment_method' deviates from similar normal records.,True
16bbfa76-bebb-44a8-8b94-9330b366d5d6,I146908,shopping_mall,anomaly,Istinye Park,Mall of Istanbul,0.0372,high,Column 'shopping_mall' deviates from similar normal records.,True
84cf8933-1f38-4ba4-897b-583ddd17f467,I323304,shopping_mall,anomaly,Viaport Outlet,Mall of Istanbul,0.0844,high,Column 'shopping_mall' deviates from similar normal records.,True
d09e3599-296c-4d28-9ea8-8d64d1f54f35,I105698,shopping_mall,anomaly,Zorlu Center,Mall of Istanbul,0.0245,high,Column 'shopping_mall' deviates from similar normal records.,True
4ef91630-6835-4e08-a156-399b0fdc556f,I166102,shopping_mall,anomaly,Emaar Square Mall,Emaar Square Mall,0.021,high,Column 'shopping_mall' deviates from similar normal records.,True
4f074d88-cf94-4997-afce-945bded60153,I159692,shopping_mall,anomaly,Forum Istanbul,Mall of Istanbul,0.0626,high,Column 'shopping_mall' deviates from similar normal records.,True
f177b606-194c-4031-bccc-654d3bf25916,I244475,shopping_mall,anomaly,Istinye Park,Cevahir AVM,0.1239,high,Column 'shopping_mall' deviates from similar normal records.,True
587eab75-93ec-498a-8483-68f068ec5021,I262696,gender,anomaly,Male,Female,0.0116,high,Column 'gender' deviates from similar normal records.,True
c5dba013-ea95-47e5-8114-7c330e186f1d,I224495,category,anomaly,Souvenir,Food & Beverage,0.0841,high,Column 'category' deviates from similar normal records.,True
245df2d8-9ff5-4771-91e1-e401898d3007,I224495,shopping_mall,anomaly,Viaport Outlet,Mall of Istanbul,0.0841,high,Column 'shopping_mall' deviates from similar normal records.,True
8b95d3d5-da97-42be-9adf-03224319840b,I322939,shopping_mall,anomaly,Viaport Outlet,Istinye Park,0.001,high,Column 'shopping_mall' deviates from similar normal records.,True
745a77e4-513e-4244-acf5-473dd339224b,I147996,shopping_mall,anomaly,Metrocity,Istinye Park,0.0013,high,Column 'shopping_mall' deviates from similar normal records.,True
90cfa5b7-60d0-4e7c-9b99-a3b0d21819af,I535620,shopping_mall,anomaly,Viaport Outlet,Mall of Istanbul,0.1282,high,Column 'shopping_mall' deviates from similar normal records.,True
4bcdec2a-6784-4b5b-90cc-56d51a8274f7,I259421,shopping_mall,anomaly,Viaport Outlet,Mall of Istanbul,0.0405,high,Column 'shopping_mall' deviates from similar normal records.,True
5e26a59e-5b34-451c-81d9-bb7486796204,I248911,shopping_mall,anomaly,Emaar Square Mall,Istinye Park,0.0016,high,Column 'shopping_mall' deviates from similar normal records.,True
46289113-4922-4f92-af0c-b11993d6b11f,I142063,shopping_mall,anomaly,Emaar Square Mall,Zorlu Center,0.0283,high,Column 'shopping_mall' deviates from similar normal records.,True
f7040113-1702-40f1-a530-444701c8a19d,I167222,payment_method,anomaly,Debit Card,Cash,0.0257,high,Column 'payment_method' deviates from similar normal records.,True
53cc5805-8760-4bb6-8993-30431d9e9dbc,I279926,payment_method,anomaly,Debit Card,Cash,0.1008,high,Column 'payment_method' deviates from similar normal records.,True
a45c4491-2d61-41fb-a2c3-1ef995ef0258,I164949,shopping_mall,anomaly,Viaport Outlet,Kanyon,0.0168,high,Column 'shopping_mall' deviates from similar normal records.,True
936bf5ae-760d-4c28-b8af-93254f3fcb6d,I723226,category,anomaly,Souvenir,Books,0.0309,high,Column 'category' deviates from similar normal records.,True
252d5144-8b23-473d-b65c-3b0b722d2196,I146033,shopping_mall,anomaly,Forum Istanbul,Mall of Istanbul,0.0073,high,Column 'shopping_mall' deviates from similar normal records.,True
bc988669-812f-4ec8-9fb3-b050e9d0ecf1,I119902,payment_method,anomaly,Debit Card,Cash,0.0502,high,Column 'payment_method' deviates from similar normal records.,True
82c356bd-7132-4d20-b84e-61476d03075c,I119902,shopping_mall,anomaly,Forum Istanbul,Emaar Square Mall,0.0502,high,Column 'shopping_mall' deviates from similar normal records.,True
ceea36fe-cb98-4a4c-9f97-132cac2316ac,I635964,shopping_mall,anomaly,Viaport Outlet,Mall of Istanbul,0.0488,high,Column 'shopping_mall' deviates from similar normal records.,True
a44506fa-65e4-4aac-bb88-64e8c59d9532,I574021,shopping_mall,anomaly,Viaport Outlet,Kanyon,0.0056,high,Column 'shopping_mall' deviates from similar normal records.,True
a36893a7-1bd0-4e0d-8c7b-6e700965b6a2,I321277,payment_method,anomaly,Debit Card,Cash,0.0789,high,Column 'payment_method' deviates from similar normal records.,True
5c588a65-40bb-47c0-af75-bb895eb87eef,I116049,shopping_mall,anomaly,Metropol AVM,Emaar Square Mall,0.0158,high,Column 'shopping_mall' deviates from similar normal records.,True
3d714fc9-b3b6-4477-8717-8065d56416b8,I188494,shopping_mall,anomaly,Viaport Outlet,Kanyon,0.0929,high,Column 'shopping_mall' deviates from similar normal records.,True
de05a213-e992-42b1-80f1-e923988b7e06,I168339,shopping_mall,anomaly,Viaport Outlet,Cevahir AVM,0.0265,high,Column 'shopping_mall' deviates from similar normal records.,True
00f149db-07e6-4fd4-bfc2-2d6164aa54f4,I220105,shopping_mall,anomaly,Metropol AVM,Cevahir AVM,0.0028,high,Column 'shopping_mall' deviates from similar normal records.,True
03e6e2b2-f02d-4568-8bc0-5752e6c89e62,I120508,category,anomaly,Toys,Toys,0.0659,high,Column 'category' deviates from similar normal records.,True
ca697e7e-5878-4eac-aae1-6a231d1154bf,I499976,shopping_mall,anomaly,Metropol AVM,Kanyon,0.1684,high,Column 'shopping_mall' deviates from similar normal records.,True
57a24abb-257d-43fb-bfaa-728fd1996120,I110635,payment_method,anomaly,Credit Card,Cash,0.0144,high,Column 'payment_method' deviates from similar normal records.,True
14fd7774-3b43-436f-9396-c094afcfaf7a,I106992,shopping_mall,anomaly,Metropol AVM,Metrocity,0.0255,high,Column 'shopping_mall' deviates from similar normal records.,True
328ab4f9-5629-4de3-b18a-64f135760b77,I119094,shopping_mall,anomaly,Zorlu Center,Kanyon,0.0325,high,Column 'shopping_mall' deviates from similar normal records.,True
2be40759-eb9b-44db-ab42-9495877deab1,I407285,shopping_mall,anomaly,Kanyon,Cevahir AVM,0.015,high,Column 'shopping_mall' deviates from similar normal records.,True
e4b86ad1-4ee4-44d0-9055-9adba03b6fda,I132480,shopping_mall,anomaly,Forum Istanbul,Emaar Square Mall,0.0358,high,Column 'shopping_mall' deviates from similar normal records.,True
0612e80d-7fd1-4d40-bd55-a45456560e80,I145042,shopping_mall,anomaly,Cevahir AVM,Kanyon,0.0395,high,Column 'shopping_mall' deviates from similar normal records.,True
bb6ac23a-b249-40d7-914f-335ef381c8b7,I208876,category,anomaly,Toys,Food & Beverage,0.1106,high,Column 'category' deviates from similar normal records.,True
ee540b3a-cfad-46c7-8c11-1f55bc5df69f,I125561,shopping_mall,anomaly,Emaar Square Mall,Mall of Istanbul,0.0313,high,Column 'shopping_mall' deviates from similar normal records.,True
3606e90d-b346-4bc4-90eb-6417c99a3933,I659377,shopping_mall,anomaly,Forum Istanbul,Istinye Park,0.111,high,Column 'shopping_mall' deviates from similar normal records.,True
81833b89-c794-45fd-8216-7769509ee3a0,I266816,shopping_mall,anomaly,Zorlu Center,Istinye Park,0.0105,high,Column 'shopping_mall' deviates from similar normal records.,True
d8757eb2-af8a-4484-a2fa-6dec87b0cea0,I123464,category,anomaly,Books,Books,0.05,high,Column 'category' deviates from similar normal records.,True
df0874ee-0465-4e17-8feb-03dea6c19b2b,I330870,shopping_mall,anomaly,Metrocity,Mall of Istanbul,0.0258,high,Column 'shopping_mall' deviates from similar normal records.,True
6f6ecde9-528e-410f-9958-ec6af3d82bf2,I133308,shopping_mall,anomaly,Viaport Outlet,Mall of Istanbul,0.0161,high,Column 'shopping_mall' deviates from similar normal records.,True
d9bb5984-76c3-4321-ac2c-85a43e3cf27b,I659200,category,anomaly,Cosmetics,Books,0.1584,high,Column 'category' deviates from similar normal records.,True
ec2bd9ea-ac16-4ac5-be1b-5a386b4e4599,I659200,shopping_mall,anomaly,Emaar Square Mall,Istinye Park,0.1584,high,Column 'shopping_mall' deviates from similar normal records.,True
4fe7c3ab-5f42-464c-aabb-2971af8d6d9a,I103969,shopping_mall,anomaly,Metropol AVM,Kanyon,0.0062,high,Column 'shopping_mall' deviates from similar normal records.,True
5ec222e8-6d3e-400f-8fb0-066e81f7be52,I328648,shopping_mall,anomaly,Metropol AVM,Kanyon,0.0547,high,Column 'shopping_mall' deviates from similar normal records.,True
a2bdc5d9-5ba4-44dd-a60f-37179404e3cb,I271791,shopping_mall,anomaly,Metropol AVM,Cevahir AVM,0.0001,high,Column 'shopping_mall' deviates from similar normal records.,True
8518139a-979a-4a1b-be2e-eedb6091502c,I109022,shopping_mall,anomaly,Metrocity,Mall of Istanbul,0.0131,high,Column 'shopping_mall' deviates from similar normal records.,True
15639893-c4fa-4a6c-ba7a-0cabcb2a9383,I122920,shopping_mall,anomaly,Cevahir AVM,Metrocity,0.0725,high,Column 'shopping_mall' deviates from similar normal records.,True
3db0aeec-675a-4e3d-bf33-143b39bdeb8b,I152865,payment_method,anomaly,Debit Card,Cash,0.1137,high,Column 'payment_method' deviates from similar normal records.,True
1b122570-f62a-4f52-9586-7e1fc2b68738,I108890,shopping_mall,anomaly,Viaport Outlet,Cevahir AVM,0.1206,high,Column 'shopping_mall' deviates from similar normal records.,True
a2061b91-1132-4d54-a589-fb8116260ef0,I328626,shopping_mall,anomaly,Zorlu Center,Mall of Istanbul,0.0534,high,Column 'shopping_mall' deviates from similar normal records.,True
1cbe8cef-4f04-4e28-9891-87090f032459,I241370,shopping_mall,anomaly,Metropol AVM,Metropol AVM,0.0872,high,Column 'shopping_mall' deviates from similar normal records.,True
79cc81c2-e1b2-40dd-9307-d94f6d5a2bd4,I329681,gender,anomaly,Male,Female,0.0715,high,Column 'gender' deviates from similar normal records.,True
0e9a9074-01e2-4250-ba60-360ebd6a1be2,I237564,category,anomaly,Books,Books,0.0982,high,Column 'category' deviates from similar normal records.,True
60a6fee7-ba42-4d1a-b6ea-91566fdec291,I254292,category,anomaly,Souvenir,Souvenir,0.0011,high,Column 'category' deviates from similar normal records.,True
ac3862a2-811a-4bd8-bd35-cca6d66214c7,I579852,shopping_mall,anomaly,Zorlu Center,Mall of Istanbul,0.0247,high,Column 'shopping_mall' deviates from similar normal records.,True
9e1a56a7-34cc-45ad-8ba4-af811a799d4c,I526451,payment_method,anomaly,Debit Card,Debit Card,0.0264,high,Column 'payment_method' deviates from similar normal records.,True
cdd7da27-51cc-42aa-8e51-41789a13b58c,I583512,shopping_mall,anomaly,Viaport Outlet,Metrocity,0.0244,high,Column 'shopping_mall' deviates from similar normal records.,True
d07c109c-3fda-4d7f-8cba-6d4cb75d1806,I268082,shopping_mall,anomaly,Forum Istanbul,Kanyon,0.0484,high,Column 'shopping_mall' deviates from similar normal records.,True
56e95c4b-3658-4d11-8b31-2e6e370b77a9,I331980,shopping_mall,anomaly,Zorlu Center,Forum Istanbul,0.0064,high,Column 'shopping_mall' deviates from similar normal records.,True
32e18ed0-8c2c-40e4-890e-532810d2e152,I255422,shopping_mall,anomaly,Viaport Outlet,Metrocity,0.1944,high,Column 'shopping_mall' deviates from similar normal records.,True
e692fd5b-70bc-461e-aace-7e9a17fbc96d,I149676,shopping_mall,anomaly,Zorlu Center,Mall of Istanbul,0.0357,high,Column 'shopping_mall' deviates from similar normal records.,True
c9a61c2f-9cf4-4245-8d1e-6bb15e658616,I157576,shopping_mall,anomaly,Forum Istanbul,Istinye Park,0.0155,high,Column 'shopping_mall' deviates from similar normal records.,True
48199275-96f0-470e-b1d7-e750714bb1f7,I336425,shopping_mall,anomaly,Forum Istanbul,Forum Istanbul,0.0832,high,Column 'shopping_mall' deviates from similar normal records.,True
07fc0a87-7f54-4623-ba19-fbc3dda8ecd0,I213526,category,anomaly,Souvenir,Food & Beverage,0.0485,high,Column 'category' deviates from similar normal records.,True
40c9cd0e-64bb-49cb-b2c6-7bfba0a510e2,I213526,shopping_mall,anomaly,Emaar Square Mall,Emaar Square Mall,0.0485,high,Column 'shopping_mall' deviates from similar normal records.,True
9f53534f-0be3-4e0a-ae83-7e5b0d0ddebc,I172844,category,anomaly,Cosmetics,Cosmetics,0.1363,high,Column 'category' deviates from similar normal records.,True
0674ec68-c47a-4b9f-b526-a314b8440230,I989851,payment_method,anomaly,Debit Card,Credit Card,0.0091,high,Column 'payment_method' deviates from similar normal records.,True
2332e8f6-b5dc-44d6-ba28-e7528210d9d0,I946881,shopping_mall,anomaly,Metropol AVM,Forum Istanbul,0.0528,high,Column 'shopping_mall' deviates from similar normal records.,True
e633e670-5116-4d95-806e-d103a8fe327a,I764494,category,anomaly,Souvenir,Cosmetics,0.0315,high,Column 'category' deviates from similar normal records.,True
bb1df947-19f3-4de2-92e1-190d67d33c59,I163837,shopping_mall,anomaly,Viaport Outlet,Kanyon,0.0361,high,Column 'shopping_mall' deviates from similar normal records.,True
4cf4fe0f-d2f4-4589-a341-63eb248d9bb4,I383710,payment_method,anomaly,Debit Card,Cash,0.0174,high,Column 'payment_method' deviates from similar normal records.,True
32134961-1b84-4f26-b12f-4908e6745cfa,I232214,shopping_mall,anomaly,Metrocity,Cevahir AVM,0.1542,high,Column 'shopping_mall' deviates from similar normal records.,True
b127e3bf-bff6-4474-b97b-ee5c2f82c55f,I192151,shopping_mall,anomaly,Emaar Square Mall,Emaar Square Mall,0.1892,high,Column 'shopping_mall' deviates from similar normal records.,True
46fe4f5a-66c7-4a00-8b39-a6b2270cb452,I187032,category,anomaly,Souvenir,Souvenir,0.0602,high,Column 'category' deviates from similar normal records.,True
c7632fa3-c0eb-4022-a0bc-7017ca5b40e5,I103988,shopping_mall,anomaly,Viaport Outlet,Kanyon,0.0957,high,Column 'shopping_mall' deviates from similar normal records.,True
49363589-d99b-4516-8e55-061ab3e5fe6d,I705137,payment_method,anomaly,Debit Card,Cash,0.0001,high,Column 'payment_method' deviates from similar normal records.,True
505b7132-ee9c-4be3-9a8f-bef6234144de,I116871,shopping_mall,anomaly,Zorlu Center,Metropol AVM,0.076,high,Column 'shopping_mall' deviates from similar normal records.,True
29e6a6b4-6c91-4a4d-9266-e06c18341594,I264610,shopping_mall,anomaly,Cevahir AVM,Istinye Park,0.17,high,Column 'shopping_mall' deviates from similar normal records.,True
699939a7-e690-4f13-ac6e-c223d62be92a,I262761,category,anomaly,Souvenir,Books,0.1114,high,Column 'category' deviates from similar normal records.,True
bfaaf305-b4a8-49ab-b948-f8cec91126bc,I309214,shopping_mall,anomaly,Zorlu Center,Cevahir AVM,0.1143,high,Column 'shopping_mall' deviates from similar normal records.,True
e5d49bab-d817-42bc-9f3c-076f4a19e475,I764086,shopping_mall,anomaly,Metropol AVM,Cevahir AVM,0.0588,high,Column 'shopping_mall' deviates from similar normal records.,True
912ad48e-3562-4e04-8279-758e5878b8e0,I877180,payment_method,anomaly,Debit Card,Cash,0.1461,high,Column 'payment_method' deviates from similar normal records.,True
a7f4b49c-8a9e-40c9-92cc-4e82b38618d3,I173681,shopping_mall,anomaly,Forum Istanbul,Metropol AVM,0.0561,high,Column 'shopping_mall' deviates from similar normal records.,True
6b853b58-fd8f-4ee2-9e6a-d536d2a97938,I118884,shopping_mall,anomaly,Emaar Square Mall,Kanyon,0.0535,high,Column 'shopping_mall' deviates from similar normal records.,True
262ad433-3664-4074-aafa-77fac1f79c7c,I199647,shopping_mall,anomaly,Metrocity,Kanyon,0.0253,high,Column 'shopping_mall' deviates from similar normal records.,True
29e2061a-07bd-4ee6-939f-c7d39f88217f,I959913,shopping_mall,anomaly,Cevahir AVM,Cevahir AVM,0.122,high,Column 'shopping_mall' deviates from similar normal records.,True
56a039d4-4060-4a0b-be1f-a176be1e9180,I169579,shopping_mall,anomaly,Cevahir AVM,Cevahir AVM,0.0972,high,Column 'shopping_mall' deviates from similar normal records.,True
52c15d07-3c92-4090-a863-b34b1081d992,I222339,shopping_mall,anomaly,Zorlu Center,Metrocity,0.0641,high,Column 'shopping_mall' deviates from similar normal records.,True
e695439a-7845-4cab-a95a-c09df64446a4,I140002,payment_method,anomaly,Debit Card,Credit Card,0.0896,high,Column 'payment_method' deviates from similar normal records.,True
8fc66e7d-8cd5-4a66-a869-0b3e38852921,I308711,shopping_mall,anomaly,Cevahir AVM,Mall of Istanbul,0.0511,high,Column 'shopping_mall' deviates from similar normal records.,True
35f37bfe-a4c1-4e80-bede-b0e14cdcac26,I179937,shopping_mall,anomaly,Emaar Square Mall,Forum Istanbul,0.0641,high,Column 'shopping_mall' deviates from similar normal records.,True
1a201aa8-3dca-460e-b0de-555e8b274c94,I140206,category,anomaly,Books,Food & Beverage,0.0564,high,Column 'category' deviates from similar normal records.,True
3f4d0321-a022-4fba-a925-31de6e58cafb,I309831,shopping_mall,anomaly,Viaport Outlet,Cevahir AVM,0.0524,high,Column 'shopping_mall' deviates from similar normal records.,True
8cf2c755-8cb5-42c9-ac0a-64aed06ec96b,I233765,shopping_mall,anomaly,Zorlu Center,Mall of Istanbul,0.0452,high,Column 'shopping_mall' deviates from similar normal records.,True
561629a8-00e5-4bf4-a24b-4a745e7e6e01,I168552,payment_method,anomaly,Debit Card,Credit Card,0.1609,high,Column 'payment_method' deviates from similar normal records.,True
66005fdb-a1c9-40c4-a173-3ca779eba7c9,I634446,shopping_mall,anomaly,Cevahir AVM,Viaport Outlet,0.0097,high,Column 'shopping_mall' deviates from similar normal records.,True
cc568acd-b9ff-4ef4-bd53-1976572012d7,I174635,shopping_mall,anomaly,Forum Istanbul,Kanyon,0.0497,high,Column 'shopping_mall' deviates from similar normal records.,True
e6f80d01-2727-4288-b66d-70d8d427b815,I258633,shopping_mall,anomaly,Cevahir AVM,Kanyon,0.137,high,Column 'shopping_mall' deviates from similar normal records.,True
24aec30b-0339-4935-97eb-32ac0fb9d228,I138302,shopping_mall,anomaly,Forum Istanbul,Emaar Square Mall,0.1228,high,Column 'shopping_mall' deviates from similar normal records.,True
360eb846-0a25-46c5-a33b-f1e792a0ba59,I627825,shopping_mall,anomaly,Zorlu Center,Istinye Park,0.0007,high,Column 'shopping_mall' deviates from similar normal records.,True
1df9f34f-4be5-474d-a615-48f08c91fda6,I412549,shopping_mall,anomaly,Cevahir AVM,Mall of Istanbul,0.0017,high,Column 'shopping_mall' deviates from similar normal records.,True
c153688c-f9e0-4de1-b065-89779d192e31,I333782,payment_method,anomaly,Debit Card,Credit Card,0.04,high,Column 'payment_method' deviates from similar normal records.,True
d8f8e6d0-17c2-466d-bcab-eead40f8bf13,I280689,shopping_mall,anomaly,Emaar Square Mall,Kanyon,0.0408,high,Column 'shopping_mall' deviates from similar normal records.,True
b0c3a352-a584-494c-9231-3f91b52ef677,I249536,payment_method,anomaly,Debit Card,Debit Card,0.0579,high,Column 'payment_method' deviates from similar normal records.,True
9b963661-70a3-4853-b045-bd47438cec6e,I260384,shopping_mall,anomaly,Zorlu Center,Istinye Park,0.0313,high,Column 'shopping_mall' deviates from similar normal records.,True
462f43fd-f621-489a-bab1-daea99d4ec0b,I282482,shopping_mall,anomaly,Emaar Square Mall,Viaport Outlet,0.0003,high,Column 'shopping_mall' deviates from similar normal records.,True
d089c6ac-6e43-4720-932f-a449456c8443,I161241,shopping_mall,anomaly,Zorlu Center,Cevahir AVM,0.0138,high,Column 'shopping_mall' deviates from similar normal records.,True
5f7c0247-6527-4200-8404-d00a96659eb9,I294837,shopping_mall,anomaly,Viaport Outlet,Cevahir AVM,0.0183,high,Column 'shopping_mall' deviates from similar normal records.,True
9adc1171-4b84-4ca5-b84d-1aa4a13aa66a,I244226,shopping_mall,anomaly,Zorlu Center,Cevahir AVM,0.0754,high,Column 'shopping_mall' deviates from similar normal records.,True
16e0eea8-85bb-44e7-b17e-06dbe785c3e9,I260237,shopping_mall,anomaly,Istinye Park,Kanyon,0.1255,high,Column 'shopping_mall' deviates from similar normal records.,True
76b6466b-f711-491c-821c-68002fb6a054,I988517,payment_method,anomaly,Debit Card,Cash,0.1062,high,Column 'payment_method' deviates from similar normal records.,True
5b23caf6-4b44-4621-9741-5093aba7041e,I277175,category,anomaly,Souvenir,Food & Beverage,0.1228,high,Column 'category' deviates from similar normal records.,True
d6034ec7-86a0-46b6-8003-dde2c3d88eda,I304188,shopping_mall,anomaly,Forum Istanbul,Kanyon,0.1515,high,Column 'shopping_mall' deviates from similar normal records.,True
46ac1531-8de0-465b-a8b8-ae611988731f,I225487,shopping_mall,anomaly,Metropol AVM,Forum Istanbul,0.112,high,Column 'shopping_mall' deviates from similar normal records.,True
af247eb5-5db5-4029-8605-68317dbb0639,I572094,shopping_mall,anomaly,Emaar Square Mall,Cevahir AVM,0.0834,high,Column 'shopping_mall' deviates from similar normal records.,True
dbb18075-f45f-4f9a-9bc2-31b2179e9c8c,I163708,category,anomaly,Souvenir,Food & Beverage,0.0496,high,Column 'category' deviates from similar normal records.,True
4e14901e-791e-43e6-9f62-997829aca28d,I516405,shopping_mall,anomaly,Cevahir AVM,Cevahir AVM,0.0213,high,Column 'shopping_mall' deviates from similar normal records.,True
4068de24-f22a-45df-9273-75c34ac321ea,I263901,shopping_mall,anomaly,Emaar Square Mall,Mall of Istanbul,0.1264,high,Column 'shopping_mall' deviates from similar normal records.,True
da5aff17-7b90-48f7-a37a-8f75f4ae068e,I592635,category,anomaly,Toys,Cosmetics,0.1285,high,Column 'category' deviates from similar normal records.,True
80c80d47-3798-4e65-bd7f-0e9c74b07476,I336719,shopping_mall,anomaly,Viaport Outlet,Mall of Istanbul,0.002,high,Column 'shopping_mall' deviates from similar normal records.,True
8b4de689-e34d-4784-b09e-cd6f07ffa424,I119850,shopping_mall,anomaly,Kanyon,Istinye Park,0.0472,high,Column 'shopping_mall' deviates from similar normal records.,True
8d1de3e5-7b68-4d70-9562-fc81169a5afd,I252529,category,anomaly,Books,Books,0.0222,high,Column 'category' deviates from similar normal records.,True
029e30f7-149d-47cb-86c6-943a9665bd72,I562935,shopping_mall,anomaly,Metropol AVM,Istinye Park,0.028,high,Column 'shopping_mall' deviates from similar normal records.,True
c6bf65db-0b2e-45ad-832f-ba4b052602fb,I223293,shopping_mall,anomaly,Metropol AVM,Metropol AVM,0.0094,high,Column 'shopping_mall' deviates from similar normal records.,True
ad778a76-c519-4b22-a230-432588137662,I227514,payment_method,anomaly,Debit Card,Credit Card,0.0352,high,Column 'payment_method' deviates from similar normal records.,True
3951a88d-3426-47c9-8ea9-15529dafe17f,I287157,payment_method,anomaly,Debit Card,Cash,0.0914,high,Column 'payment_method' deviates from similar normal records.,True
19b09c72-98b5-4f4e-9b1d-f0d93145f36a,I662829,shopping_mall,anomaly,Emaar Square Mall,Istinye Park,0.1065,high,Column 'shopping_mall' deviates from similar normal records.,True
f8404da5-8cf6-4f14-a5f6-8990111718fb,I331420,shopping_mall,anomaly,Viaport Outlet,Viaport Outlet,0.0164,high,Column 'shopping_mall' deviates from similar normal records.,True
ca93cfb2-cead-4a4c-be4b-bb154a2674cc,I256473,payment_method,anomaly,Debit Card,Cash,0.0515,high,Column 'payment_method' deviates from similar normal records.,True
ed1152d6-60d9-461b-a7a9-4a5cc0d609a0,I298983,payment_method,anomaly,Debit Card,Debit Card,0.0575,high,Column 'payment_method' deviates from similar normal records.,True
ffbc7aea-2a94-433d-b929-e55e2320c2c3,I298983,shopping_mall,anomaly,Zorlu Center,Metrocity,0.0575,high,Column 'shopping_mall' deviates from similar normal records.,True
90c77ac8-518d-48eb-85d6-1822884aaab8,I180246,shopping_mall,anomaly,Metropol AVM,Metropol AVM,0.0693,high,Column 'shopping_mall' deviates from similar normal records.,True
b73bb41d-1310-4a8c-a9a0-1bdff2b6e5d7,I995486,shopping_mall,anomaly,Metrocity,Mall of Istanbul,0.0109,high,Column 'shopping_mall' deviates from similar normal records.,True
447ce3da-01ad-45c7-b781-7c6aaff73232,I877403,shopping_mall,anomaly,Emaar Square Mall,Istinye Park,0.06,high,Column 'shopping_mall' deviates from similar normal records.,True
1774a6c7-0c2b-4929-93ea-06b86123d517,I863394,shopping_mall,anomaly,Metropol AVM,Metropol AVM,0.0472,high,Column 'shopping_mall' deviates from similar normal records.,True
a29501ed-9fdb-4614-b221-2a6d7665ec6c,I850745,shopping_mall,anomaly,Viaport Outlet,Mall of Istanbul,0.0494,high,Column 'shopping_mall' deviates from similar normal records.,True
529ef73e-5434-4aa0-a3a9-2d12486c09ca,I305724,shopping_mall,anomaly,Zorlu Center,Kanyon,0.0564,high,Column 'shopping_mall' deviates from similar normal records.,True
48dd1c37-37fc-4291-9b02-fcd6f188b63c,I207762,shopping_mall,anomaly,Zorlu Center,Mall of Istanbul,0.0584,high,Column 'shopping_mall' deviates from similar normal records.,True
3fe61ecd-d1aa-480c-9c37-987540c03dc3,I937398,payment_method,anomaly,Debit Card,Cash,0.0099,high,Column 'payment_method' deviates from similar normal records.,True
3219f209-5f61-49a7-a507-ee397002ec15,I213103,shopping_mall,anomaly,Cevahir AVM,Cevahir AVM,0.1365,high,Column 'shopping_mall' deviates from similar normal records.,True
1bb80a53-aab8-41e4-be11-10f026411ded,I882479,shopping_mall,anomaly,Forum Istanbul,Mall of Istanbul,0.0124,high,Column 'shopping_mall' deviates from similar normal records.,True
fe1dbe49-c4c9-48da-b543-9b9604c293f2,I212142,shopping_mall,anomaly,Emaar Square Mall,Kanyon,0.082,high,Column 'shopping_mall' deviates from similar normal records.,True
eba29448-477f-485a-8f7b-848d3f9fb598,I156850,shopping_mall,anomaly,Viaport Outlet,Emaar Square Mall,0.0253,high,Column 'shopping_mall' deviates from similar normal records.,True
8d1e65c1-24c1-4172-b613-188a9c69f926,I119669,shopping_mall,anomaly,Metropol AVM,Kanyon,0.097,high,Column 'shopping_mall' deviates from similar normal records.,True
ba59e275-4a97-4c24-b43d-17e9d9e35562,I614328,category,anomaly,Souvenir,Food & Beverage,0.1974,high,Column 'category' deviates from similar normal records.,True
8291bd78-b97e-4d30-8e3e-f23b6e6f8fb8,I338977,shopping_mall,anomaly,Viaport Outlet,Mall of Istanbul,0.0148,high,Column 'shopping_mall' deviates from similar normal records.,True
9d1793ab-2342-4dd1-8db0-568750db90f8,I214652,shopping_mall,anomaly,Cevahir AVM,Istinye Park,0.1261,high,Column 'shopping_mall' deviates from similar normal records.,True
cc37ce79-32a0-4f13-ae51-75a46952b6fd,I216701,shopping_mall,anomaly,Metrocity,Cevahir AVM,0.0011,high,Column 'shopping_mall' deviates from similar normal records.,True
ad42edfa-935e-423c-a2d1-61cf38fddf58,I448052,shopping_mall,anomaly,Metrocity,Metrocity,0.0052,high,Column 'shopping_mall' deviates from similar normal records.,True
9c83eb52-d53b-46ef-a937-e619af4c0385,I149083,shopping_mall,anomaly,Metrocity,Emaar Square Mall,0.0015,high,Column 'shopping_mall' deviates from similar normal records.,True
1c691ddc-f844-42d5-83b4-0096077d93d0,I209633,gender,anomaly,Male,Male,0.1353,high,Column 'gender' deviates from similar normal records.,True
897eccb7-a661-478a-8150-bca75e9f011b,I310838,shopping_mall,anomaly,Cevahir AVM,Metrocity,0.0289,high,Column 'shopping_mall' deviates from similar normal records.,True
ecea0e33-b8f5-4706-b0fb-c017b96d9786,I325504,shopping_mall,anomaly,Zorlu Center,Kanyon,0.0029,high,Column 'shopping_mall' deviates from similar normal records.,True
79abeba2-905d-465f-a49c-b356c70739b9,I258503,payment_method,anomaly,Debit Card,Cash,0.0114,high,Column 'payment_method' deviates from similar normal records.,True
47cdbb92-aee3-4fb6-8a25-65b66dcb51d3,I365982,shopping_mall,anomaly,Viaport Outlet,Metrocity,0.0602,high,Column 'shopping_mall' deviates from similar normal records.,True
72561dd7-8970-4c83-9bd6-24dd97d6036d,I916317,payment_method,anomaly,Debit Card,Credit Card,0.1169,high,Column 'payment_method' deviates from similar normal records.,True
cd9bd6d3-31d2-4b85-b718-55783148a173,I324316,shopping_mall,anomaly,Metropol AVM,Kanyon,0.0839,high,Column 'shopping_mall' deviates from similar normal records.,True
26d02977-77c6-40c0-9731-ed3a0c70fd93,I202315,shopping_mall,anomaly,Forum Istanbul,Emaar Square Mall,0.1116,high,Column 'shopping_mall' deviates from similar normal records.,True
0bf27b78-9d72-4641-a5e6-dd067cbaf19f,I942353,shopping_mall,anomaly,Cevahir AVM,Kanyon,0.0432,high,Column 'shopping_mall' deviates from similar normal records.,True
de1eb0ad-a844-4b74-88b0-e16329eb6a49,I332426,shopping_mall,anomaly,Viaport Outlet,Istinye Park,0.0298,high,Column 'shopping_mall' deviates from similar normal records.,True
6e62b1c4-0c4b-4a8b-944f-7abd69a5f251,I667649,shopping_mall,anomaly,Metropol AVM,Metrocity,0.0356,high,Column 'shopping_mall' deviates from similar normal records.,True
8d0c09e9-8e5d-4d71-9e97-13b6ab866921,I414598,shopping_mall,anomaly,Zorlu Center,Mall of Istanbul,0.0923,high,Column 'shopping_mall' deviates from similar normal records.,True
fc48cabb-8d38-47a8-9c57-fd078b62f310,I242349,shopping_mall,anomaly,Zorlu Center,Forum Istanbul,0.0127,high,Column 'shopping_mall' deviates from similar normal records.,True
d258c798-dc17-4fc7-bbb8-4296ceb28a47,I108172,payment_method,anomaly,Credit Card,Credit Card,0.0102,high,Column 'payment_method' deviates from similar normal records.,True
1b337961-6e84-4d92-9afe-f503ff6f8021,I880582,shopping_mall,anomaly,Viaport Outlet,Istinye Park,0.0981,high,Column 'shopping_mall' deviates from similar normal records.,True
2ad4fb98-f44f-4a3a-bb6d-b1d5367cfe90,I160434,shopping_mall,anomaly,Cevahir AVM,Cevahir AVM,0.162,high,Column 'shopping_mall' deviates from similar normal records.,True
97c277db-d6b4-492e-ab01-278274b0327a,I159120,payment_method,anomaly,Debit Card,Debit Card,0.1891,high,Column 'payment_method' deviates from similar normal records.,True
9f405d0c-2312-4a52-af30-7e42e9eebc05,I324083,payment_method,anomaly,Credit Card,Cash,0.0441,high,Column 'payment_method' deviates from similar normal records.,True
eec0843e-6ee0-4e0b-b5f3-39008729748e,I230098,shopping_mall,anomaly,Emaar Square Mall,Kanyon,0.0535,high,Column 'shopping_mall' deviates from similar normal records.,True
26c91bcc-9e97-43dd-adcf-4c1662f77e1e,I195945,shopping_mall,anomaly,Forum Istanbul,Kanyon,0.0435,high,Column 'shopping_mall' deviates from similar normal records.,True
7eaa79dd-6f81-4fe2-aefb-21744aa5d05c,I153237,shopping_mall,anomaly,Metropol AVM,Kanyon,0.1606,high,Column 'shopping_mall' deviates from similar normal records.,True
14c2cd0c-dbb0-4c47-9cc9-c48c907084c8,I270253,shopping_mall,anomaly,Istinye Park,Kanyon,0.0025,high,Column 'shopping_mall' deviates from similar normal records.,True
077257cf-a4a3-410d-ae46-6409c0617629,I390909,payment_method,anomaly,Debit Card,Cash,0.0506,high,Column 'payment_method' deviates from similar normal records.,True
2abaa79f-047a-480b-848c-52f770bffa31,I175396,shopping_mall,anomaly,Mall of Istanbul,Kanyon,0.0143,high,Column 'shopping_mall' deviates from similar normal records.,True
a37d79c4-f10b-4b2c-a461-75c0ddee540f,I737333,shopping_mall,anomaly,Zorlu Center,Metrocity,0.16,high,Column 'shopping_mall' deviates from similar normal records.,True
f56008ea-6368-45b7-b472-699566230dcb,I744421,shopping_mall,anomaly,Emaar Square Mall,Mall of Istanbul,0.0375,high,Column 'shopping_mall' deviates from similar normal records.,True
b65c5988-1ab4-4c9e-8450-713f08dfcea8,I180538,shopping_mall,anomaly,Forum Istanbul,Istinye Park,0.0356,high,Column 'shopping_mall' deviates from similar normal records.,True
c30b70d5-afbc-4086-b946-df472797f13d,I303484,shopping_mall,anomaly,Metropol AVM,Metrocity,0.0048,high,Column 'shopping_mall' deviates from similar normal records.,True
302b6d9b-80bb-4494-988a-f5f2c3b1775d,I139814,payment_method,anomaly,Debit Card,Cash,0.1247,high,Column 'payment_method' deviates from similar normal records.,True
71b2298d-eebc-479c-831d-2f19358e6a71,I286512,shopping_mall,anomaly,Emaar Square Mall,Kanyon,0.0334,high,Column 'shopping_mall' deviates from similar normal records.,True
7bced555-3cb0-481b-8a4e-4296b1efaf8c,I236309,shopping_mall,anomaly,Cevahir AVM,Emaar Square Mall,0.0374,high,Column 'shopping_mall' deviates from similar normal records.,True
6eb2d247-3be0-4bac-9181-49e4902d4369,I800173,shopping_mall,anomaly,Cevahir AVM,Cevahir AVM,0.1159,high,Column 'shopping_mall' deviates from similar normal records.,True
61e5d59f-167d-469b-ab95-d434caba4bb2,I160292,shopping_mall,anomaly,Viaport Outlet,Mall of Istanbul,0.0197,high,Column 'shopping_mall' deviates from similar normal records.,True
c19ca8f9-4acf-48fe-ac90-86e05f9a29d2,I437442,shopping_mall,anomaly,Emaar Square Mall,Kanyon,0.0141,high,Column 'shopping_mall' deviates from similar normal records.,True
a3defd96-c96f-4f6b-b78b-a28521b78a72,I310172,shopping_mall,anomaly,Viaport Outlet,Cevahir AVM,0.0366,high,Column 'shopping_mall' deviates from similar normal records.,True
8d79a28b-cfc1-482c-bafd-2a6df482a467,I310172,age_group,anomaly,26_35,26_35,0.0366,low,Column 'age_group' deviates from similar normal records.,True
583f34be-66a4-4b68-b74a-f49bd072fb18,I233819,shopping_mall,anomaly,Forum Istanbul,Mall of Istanbul,0.0359,high,Column 'shopping_mall' deviates from similar normal records.,True
18fdb862-06be-48e7-a94a-0ecb2c4ef29d,I609535,payment_method,anomaly,Debit Card,Cash,0.0035,high,Column 'payment_method' deviates from similar normal records.,True
be1564a1-3377-43d1-a389-416f3d3d38c6,I358987,payment_method,anomaly,Credit Card,Credit Card,0.0373,high,Column 'payment_method' deviates from similar normal records.,True
dc990bdf-3115-48e5-8826-20fda9b2a40f,I265029,shopping_mall,anomaly,Cevahir AVM,Istinye Park,0.0676,high,Column 'shopping_mall' deviates from similar normal records.,True
8c06da77-b843-41db-b5ec-91036b362a60,I269615,shopping_mall,anomaly,Metrocity,Forum Istanbul,0.0007,high,Column 'shopping_mall' deviates from similar normal records.,True
1512491f-ec43-483f-bc67-0f4ffd2b0673,I622846,shopping_mall,anomaly,Metropol AVM,Mall of Istanbul,0.0563,high,Column 'shopping_mall' deviates from similar normal records.,True
62c9ede8-671a-46b1-aa19-89cf7840ecc8,I286019,gender,anomaly,Male,Female,0.004,high,Column 'gender' deviates from similar normal records.,True
245a6413-f6e0-49f8-8387-96e0f0e6ea6c,I364134,payment_method,anomaly,Debit Card,Cash,0.1519,high,Column 'payment_method' deviates from similar normal records.,True
c30a1f2f-b9ae-4665-b169-62d904a160eb,I704630,category,anomaly,Souvenir,Food & Beverage,0.0218,high,Column 'category' deviates from similar normal records.,True
e250ff89-926f-45f3-8b07-ac89ed80d5e9,I319410,shopping_mall,anomaly,Zorlu Center,Kanyon,0.0498,high,Column 'shopping_mall' deviates from similar normal records.,True
56c6fb5b-f325-4905-8ee4-097e9653cf38,I304427,shopping_mall,anomaly,Emaar Square Mall,Cevahir AVM,0.0633,high,Column 'shopping_mall' deviates from similar normal records.,True
13951d8d-bd67-4d46-956f-6e18afed09d4,I200554,shopping_mall,anomaly,Viaport Outlet,Metropol AVM,0.0346,high,Column 'shopping_mall' deviates from similar normal records.,True
d0ac1a30-4c7a-457e-abe5-a81f1982dd58,I839253,payment_method,anomaly,Debit Card,Cash,0.1198,high,Column 'payment_method' deviates from similar normal records.,True
fd33a119-7130-4291-a1df-d59e07284a83,I241792,shopping_mall,anomaly,Istinye Park,Kanyon,0.0569,high,Column 'shopping_mall' deviates from similar normal records.,True
f3aa4c32-c918-4549-b61e-29b567cf6996,I185363,shopping_mall,anomaly,Viaport Outlet,Emaar Square Mall,0.2,high,Column 'shopping_mall' deviates from similar normal records.,True
29df476b-0468-48eb-8e85-266c192d2fb8,I274517,shopping_mall,anomaly,Emaar Square Mall,Istinye Park,0.0227,high,Column 'shopping_mall' deviates from similar normal records.,True
a59000fe-25e6-4fe5-a3f1-a4c5109b782e,I224175,shopping_mall,anomaly,Forum Istanbul,Emaar Square Mall,0.0279,high,Column 'shopping_mall' deviates from similar normal records.,True
b27c489e-b182-45ef-a65d-865012a12fa5,I976953,shopping_mall,anomaly,Cevahir AVM,Cevahir AVM,0.1203,high,Column 'shopping_mall' deviates from similar normal records.,True
35d6bf08-a8c2-4631-b0f6-b455eb9fde61,I837919,shopping_mall,anomaly,Cevahir AVM,Mall of Istanbul,0.0574,high,Column 'shopping_mall' deviates from similar normal records.,True
99c2f0aa-fc03-4e2e-a082-0060b84aa0d3,I179815,shopping_mall,anomaly,Forum Istanbul,Metrocity,0.0481,high,Column 'shopping_mall' deviates from similar normal records.,True
8db1d219-f050-464c-8414-36fde8b50e20,I305225,shopping_mall,anomaly,Zorlu Center,Istinye Park,0.0666,high,Column 'shopping_mall' deviates from similar normal records.,True
ea5457f0-a71b-4fab-b982-0dbd175728af,I175079,shopping_mall,anomaly,Metrocity,Cevahir AVM,0.0991,high,Column 'shopping_mall' deviates from similar normal records.,True
5bd37ec8-88a7-404d-b194-d6f988281608,I212036,payment_method,anomaly,Credit Card,Cash,0.0525,high,Column 'payment_method' deviates from similar normal records.,True
9964d72c-7fac-484a-9fca-690fd8a43331,I210196,shopping_mall,anomaly,Zorlu Center,Mall of Istanbul,0.0104,high,Column 'shopping_mall' deviates from similar normal records.,True
d337f125-f425-473b-915a-15602acccb1f,I208718,shopping_mall,anomaly,Viaport Outlet,Mall of Istanbul,0.0025,high,Column 'shopping_mall' deviates from similar normal records.,True
91590ae3-1de2-4ba2-84a6-6be601aa7444,I109517,shopping_mall,anomaly,Forum Istanbul,Metropol AVM,0.1515,high,Column 'shopping_mall' deviates from similar normal records.,True
958c9a76-fe2c-40fe-b50f-4f1f9dc75144,I172594,shopping_mall,anomaly,Zorlu Center,Kanyon,0.1774,high,Column 'shopping_mall' deviates from similar normal records.,True
9fd08902-350f-468d-8135-a6b9b35bd8d3,I164487,shopping_mall,anomaly,Emaar Square Mall,Emaar Square Mall,0.1094,high,Column 'shopping_mall' deviates from similar normal records.,True
ff8227e6-e354-4fcd-bfa3-b41c0fa8cfdd,I125863,shopping_mall,anomaly,Zorlu Center,Cevahir AVM,0.0237,high,Column 'shopping_mall' deviates from similar normal records.,True
46bfd805-0892-4e60-970f-2f0a3df1c62f,I137619,shopping_mall,anomaly,Viaport Outlet,Cevahir AVM,0.1284,high,Column 'shopping_mall' deviates from similar normal records.,True
632621f2-679b-4b0f-acb7-66e60bb1fd98,I288487,shopping_mall,anomaly,Forum Istanbul,Istinye Park,0.078,high,Column 'shopping_mall' deviates from similar normal records.,True
0182a33c-3169-4663-a510-524b094848c9,I516664,shopping_mall,anomaly,Zorlu Center,Kanyon,0.027,high,Column 'shopping_mall' deviates from similar normal records.,True
20166b6c-aba1-45e1-a049-fe6675d0303b,I290473,shopping_mall,anomaly,Emaar Square Mall,Cevahir AVM,0.0688,high,Column 'shopping_mall' deviates from similar normal records.,True
365b9d9e-c509-441a-8319-3075f3a9ff73,I435010,shopping_mall,anomaly,Zorlu Center,Emaar Square Mall,0.0238,high,Column 'shopping_mall' deviates from similar normal records.,True
3abc80c8-93ff-4a28-9a2b-90385a72dd3f,I906520,shopping_mall,anomaly,Forum Istanbul,Viaport Outlet,0.0514,high,Column 'shopping_mall' deviates from similar normal records.,True
ee217d7a-d47c-4bd2-b737-0daa9e7399a4,I317207,shopping_mall,anomaly,Viaport Outlet,Kanyon,0.0085,high,Column 'shopping_mall' deviates from similar normal records.,True
cd7b6dc4-1e12-4655-81a1-d8be98f48bdb,I929717,payment_method,anomaly,Debit Card,Credit Card,0.1179,high,Column 'payment_method' deviates from similar normal records.,True
9229fa90-67e9-4000-852f-d6f22aff6d24,I845612,shopping_mall,anomaly,Metropol AVM,Istinye Park,0.0823,high,Column 'shopping_mall' deviates from similar normal records.,True
632aa850-597c-4084-bf79-8bb446978758,I299166,shopping_mall,anomaly,Cevahir AVM,Kanyon,0.1114,high,Column 'shopping_mall' deviates from similar normal records.,True
56327f96-2c95-4d38-b782-968c9e7643f0,I209878,shopping_mall,anomaly,Viaport Outlet,Mall of Istanbul,0.0905,high,Column 'shopping_mall' deviates from similar normal records.,True
61e1088c-3ca8-48d1-9716-30bdd8d85c53,I503383,shopping_mall,anomaly,Metropol AVM,Istinye Park,0.0248,high,Column 'shopping_mall' deviates from similar normal records.,True
3d740786-13ef-408d-ad02-87c1294f785d,I283887,category,anomaly,Souvenir,Books,0.0065,high,Column 'category' deviates from similar normal records.,True
28a5388c-8baf-4773-8761-992a4f3c8548,I417064,shopping_mall,anomaly,Emaar Square Mall,Kanyon,0.1514,high,Column 'shopping_mall' deviates from similar normal records.,True
5474a325-1611-4b4e-aae9-44993301a892,I999819,shopping_mall,anomaly,Emaar Square Mall,Mall of Istanbul,0.0128,high,Column 'shopping_mall' deviates from similar normal records.,True
6a92243e-a279-40bb-a540-6dbe5a8a63d1,I449781,shopping_mall,anomaly,Viaport Outlet,Forum Istanbul,0.0886,high,Column 'shopping_mall' deviates from similar normal records.,True
e316260a-4631-40a9-b96e-bea9867f77fa,I198960,shopping_mall,anomaly,Viaport Outlet,Kanyon,0.0978,high,Column 'shopping_mall' deviates from similar normal records.,True
7b0b7eaa-d0d9-41c7-b16b-57683f9fc419,I304560,shopping_mall,anomaly,Viaport Outlet,Mall of Istanbul,0.0162,high,Column 'shopping_mall' deviates from similar normal records.,True
b1eb351c-fcd4-4eb6-93b7-6c3e5e018bcd,I194751,shopping_mall,anomaly,Cevahir AVM,Mall of Istanbul,0.0424,high,Column 'shopping_mall' deviates from similar normal records.,True
e3d92653-02f6-4b4d-9c16-8733af704049,I218807,payment_method,anomaly,Debit Card,Cash,0.0429,high,Column 'payment_method' deviates from similar normal records.,True
130cf984-22a2-4e7e-b2f6-b5082c483ce4,I384747,category,anomaly,Toys,Books,0.0805,high,Column 'category' deviates from similar normal records.,True
0709b0b7-dd1a-4c07-8a07-98f7d55fb53d,I169069,category,anomaly,Toys,Toys,0.0187,high,Column 'category' deviates from similar normal records.,True
efd80137-94b4-4914-9ac5-aa34269fc66b,I892480,shopping_mall,anomaly,Emaar Square Mall,Metrocity,0.054,high,Column 'shopping_mall' deviates from similar normal records.,True
784ee120-0125-4de1-a259-8c8faba7e3d2,I176144,shopping_mall,anomaly,Viaport Outlet,Kanyon,0.1288,high,Column 'shopping_mall' deviates from similar normal records.,True
974d7f4d-8d1e-422e-a2a3-b1ea7a88fef7,I876385,shopping_mall,anomaly,Forum Istanbul,Metrocity,0.12,high,Column 'shopping_mall' deviates from similar normal records.,True
a7222ba1-25e9-4cd2-901d-6bffeb5e0d72,I737854,shopping_mall,anomaly,Emaar Square Mall,Kanyon,0.0683,high,Column 'shopping_mall' deviates from similar normal records.,True
e5666c30-3956-43a5-a1b6-ee52a0a393ed,I182867,shopping_mall,anomaly,Viaport Outlet,Mall of Istanbul,0.0425,high,Column 'shopping_mall' deviates from similar normal records.,True
60834bd5-638e-4ecd-8c41-1ddcf2ce4c86,I280787,shopping_mall,anomaly,Metropol AVM,Kanyon,0.1421,high,Column 'shopping_mall' deviates from similar normal records.,True
f036ee9a-4ea3-4dd6-9a69-881eb444a4d4,I259107,shopping_mall,anomaly,Viaport Outlet,Kanyon,0.0497,high,Column 'shopping_mall' deviates from similar normal records.,True
4c16d399-712b-4533-8f48-c5c1322a8ff6,I655585,payment_method,anomaly,Debit Card,Credit Card,0.0418,high,Column 'payment_method' deviates from similar normal records.,True
16476cc4-dca6-4885-8306-5a32ccd83961,I193837,shopping_mall,anomaly,Viaport Outlet,Istinye Park,0.0089,high,Column 'shopping_mall' deviates from similar normal records.,True
c9dfa1a6-5a80-4a03-be09-391e49f799ac,I301999,payment_method,anomaly,Debit Card,Cash,0.0979,high,Column 'payment_method' deviates from similar normal records.,True
26c2bb2e-b50e-4ede-8abf-fd4fc899f2f3,I749747,payment_method,anomaly,Debit Card,Cash,0.0242,high,Column 'payment_method' deviates from similar normal records.,True
d49d2e94-2d60-465f-b1c1-b59e4f13462c,I589690,shopping_mall,anomaly,Viaport Outlet,Cevahir AVM,0.0263,high,Column 'shopping_mall' deviates from similar normal records.,True
60cb0b3b-9463-4b4e-ad27-289b044282fd,I309108,shopping_mall,anomaly,Cevahir AVM,Cevahir AVM,0.1506,high,Column 'shopping_mall' deviates from similar normal records.,True
2198fdb5-60f5-4073-8bb3-ccd68ccdcb9e,I330409,shopping_mall,anomaly,Metropol AVM,Kanyon,0.0391,high,Column 'shopping_mall' deviates from similar normal records.,True
84a85b26-1835-4340-8195-f9d184551812,I109619,category,anomaly,Souvenir,Food & Beverage,0.0437,high,Column 'category' deviates from similar normal records.,True
a4611f27-d946-400e-85e0-bfa5b026719f,I248006,shopping_mall,anomaly,Zorlu Center,Metropol AVM,0.0033,high,Column 'shopping_mall' deviates from similar normal records.,True
d36c341f-9834-4b45-b19a-9a18af317194,I465240,shopping_mall,anomaly,Viaport Outlet,Metrocity,0.0855,high,Column 'shopping_mall' deviates from similar normal records.,True
f008d8b2-208b-48dc-b0b8-0209594c3015,I904438,shopping_mall,anomaly,Metropol AVM,Mall of Istanbul,0.1054,high,Column 'shopping_mall' deviates from similar normal records.,True
7ada686f-609d-418e-aa44-e676634426dc,I164196,shopping_mall,anomaly,Zorlu Center,Kanyon,0.0648,high,Column 'shopping_mall' deviates from similar normal records.,True
01625ee1-16f7-41f9-8de6-ba68efff6647,I727811,shopping_mall,anomaly,Emaar Square Mall,Mall of Istanbul,0.0176,high,Column 'shopping_mall' deviates from similar normal records.,True
82fa3ddc-b2b0-498b-bb83-2e22724cf9a3,I359741,payment_method,anomaly,Debit Card,Cash,0.0087,high,Column 'payment_method' deviates from similar normal records.,True
ba3d8cee-d179-4c24-ad7e-61fdac5f13c0,I735611,shopping_mall,anomaly,Zorlu Center,Kanyon,0.0689,high,Column 'shopping_mall' deviates from similar normal records.,True
fa995816-8bd7-4a94-9a59-28ed9681f155,I145782,shopping_mall,anomaly,Viaport Outlet,Cevahir AVM,0.0337,high,Column 'shopping_mall' deviates from similar normal records.,True
0c628397-a2c3-41e2-b96e-ac0e4f83f673,I590103,shopping_mall,anomaly,Forum Istanbul,Forum Istanbul,0.0126,high,Column 'shopping_mall' deviates from similar normal records.,True
511de324-3c2f-4760-91c8-4c1eeca41043,I230777,shopping_mall,anomaly,Viaport Outlet,Emaar Square Mall,0.0024,high,Column 'shopping_mall' deviates from similar normal records.,True
ab656e08-630e-4939-89c7-6f11f1ffba59,I250703,shopping_mall,anomaly,Metropol AVM,Mall of Istanbul,0.0313,high,Column 'shopping_mall' deviates from similar normal records.,True
bf6b35ca-aef9-4016-b057-468716034340,I971755,shopping_mall,anomaly,Istinye Park,Kanyon,0.1228,high,Column 'shopping_mall' deviates from similar normal records.,True
5b4eeb78-e408-4023-baa3-c48016425ee3,I164366,shopping_mall,anomaly,Cevahir AVM,Cevahir AVM,0.0134,high,Column 'shopping_mall' deviates from similar normal records.,True
fb5a44c6-8aca-4cdc-bb55-56ca5d9f5ab2,I268103,shopping_mall,anomaly,Cevahir AVM,Mall of Istanbul,0.1129,high,Column 'shopping_mall' deviates from similar normal records.,True
b2d799e4-3b01-41d8-abff-d93dd8383491,I131241,shopping_mall,anomaly,Zorlu Center,Mall of Istanbul,0.0481,high,Column 'shopping_mall' deviates from similar normal records.,True
b7be98b4-a999-408c-8038-dfadf6e6df4f,I141385,shopping_mall,anomaly,Viaport Outlet,Kanyon,0.0641,high,Column 'shopping_mall' deviates from similar normal records.,True
46360ba7-e309-488b-bc97-449d96fed258,I298576,shopping_mall,anomaly,Metropol AVM,Metrocity,0.0145,high,Column 'shopping_mall' deviates from similar normal records.,True
eb3e2ea8-a9c4-4176-8c36-717478e4b72a,I273268,shopping_mall,anomaly,Viaport Outlet,Forum Istanbul,0.0179,high,Column 'shopping_mall' deviates from similar normal records.,True
01710cea-51a8-4d6b-aff3-54875675f585,I340031,shopping_mall,anomaly,Cevahir AVM,Mall of Istanbul,0.0135,high,Column 'shopping_mall' deviates from similar normal records.,True
15c6c923-e9da-44e0-8180-36825aecb3c2,I719442,shopping_mall,anomaly,Emaar Square Mall,Istinye Park,0.0711,high,Column 'shopping_mall' deviates from similar normal records.,True
084010a5-62b7-4dfb-9d3f-8de9a71cfd13,I252443,shopping_mall,anomaly,Cevahir AVM,Metropol AVM,0.0371,high,Column 'shopping_mall' deviates from similar normal records.,True
2f6197bf-ed9b-4e97-a52b-c3f82962a78e,I890043,shopping_mall,anomaly,Zorlu Center,Kanyon,0.0201,high,Column 'shopping_mall' deviates from similar normal records.,True
68e30fdf-6aee-453b-8882-611bb29987d8,I433647,shopping_mall,anomaly,Forum Istanbul,Mall of Istanbul,0.1413,high,Column 'shopping_mall' deviates from similar normal records.,True
d916ff7c-e6ed-498b-8d76-9d9175189a0f,I277300,category,anomaly,Food & Beverage,Food & Beverage,0.0056,high,Column 'category' deviates from similar normal records.,True
7780c83b-49e7-4f68-b37b-11d0c77d2438,I859280,shopping_mall,anomaly,Viaport Outlet,Kanyon,0.0831,high,Column 'shopping_mall' deviates from similar normal records.,True
4cac9387-964d-4670-82a9-27835edd1510,I127209,shopping_mall,anomaly,Metropol AVM,Forum Istanbul,0.0988,high,Column 'shopping_mall' deviates from similar normal records.,True
02aed7e2-730c-4359-b5cc-a423a53de5bb,I258108,shopping_mall,anomaly,Cevahir AVM,Emaar Square Mall,0.0687,high,Column 'shopping_mall' deviates from similar normal records.,True
a257cd10-baf0-4038-83c6-6e6da560469d,I984268,gender,anomaly,Male,Female,0.0427,high,Column 'gender' deviates from similar normal records.,True
953b042d-1867-4051-a760-26551ca9da41,I984268,shopping_mall,anomaly,Forum Istanbul,Kanyon,0.0427,high,Column 'shopping_mall' deviates from similar normal records.,True
1db66145-f140-4e61-921f-6450199ab19c,I100571,payment_method,anomaly,Debit Card,Cash,0.1835,high,Column 'payment_method' deviates from similar normal records.,True
5cbe28c2-dc1e-4d24-9b56-fbe2eb1e1b36,I100571,shopping_mall,anomaly,Zorlu Center,Mall of Istanbul,0.1835,high,Column 'shopping_mall' deviates from similar normal records.,True
5ae07544-6d0c-4a78-987d-8380d64defd0,I128611,shopping_mall,anomaly,Istinye Park,Metrocity,0.0119,high,Column 'shopping_mall' deviates from similar normal records.,True
e3ef9452-fa20-4b8c-8ffe-0f2ce411de6c,I206450,category,anomaly,Books,Books,0.1438,high,Column 'category' deviates from similar normal records.,True
b295d830-e859-4749-a2a6-887c32142a28,I278604,shopping_mall,anomaly,Viaport Outlet,Mall of Istanbul,0.0069,high,Column 'shopping_mall' deviates from similar normal records.,True
1ec97396-1e81-4d15-9cf4-368aab83d22b,I325958,shopping_mall,anomaly,Forum Istanbul,Kanyon,0.0163,high,Column 'shopping_mall' deviates from similar normal records.,True
ba42a3e0-a0e0-4318-80c0-b8ed869a1de5,I328245,payment_method,anomaly,Debit Card,Cash,0.0588,high,Column 'payment_method' deviates from similar normal records.,True
d9484877-7cc5-41a0-ba70-dca27ccbb695,I235045,shopping_mall,anomaly,Viaport Outlet,Kanyon,0.08,high,Column 'shopping_mall' deviates from similar normal records.,True
0acec058-2f59-4371-bd04-9d2b6b2c93a8,I195542,payment_method,anomaly,Debit Card,Cash,0.2466,high,Column 'payment_method' deviates from similar normal records.,True
c676c752-7f4b-46ae-8971-01a5d68f68d5,I195542,shopping_mall,anomaly,Zorlu Center,Cevahir AVM,0.2466,high,Column 'shopping_mall' deviates from similar normal records.,True
b7d2d10d-c74c-407d-9223-f90280553813,I117451,shopping_mall,anomaly,Zorlu Center,Istinye Park,0.0334,high,Column 'shopping_mall' deviates from similar normal records.,True
474df5eb-110e-4c9e-a6f5-704d24d44535,I596811,shopping_mall,anomaly,Forum Istanbul,Kanyon,0.0583,high,Column 'shopping_mall' deviates from similar normal records.,True
b0a13ed8-8a03-4418-b74d-9114c56265ff,I102735,shopping_mall,anomaly,Zorlu Center,Metrocity,0.0093,high,Column 'shopping_mall' deviates from similar normal records.,True
8ce33290-f5f9-4298-a88b-56e88acd624b,I260022,shopping_mall,anomaly,Viaport Outlet,Mall of Istanbul,0.1856,high,Column 'shopping_mall' deviates from similar normal records.,True
f4ae421a-f3f2-4552-95a2-46892a809a06,I303561,shopping_mall,anomaly,Zorlu Center,Kanyon,0.049,high,Column 'shopping_mall' deviates from similar normal records.,True
abb90a3d-8f4a-482d-8951-ed00f235c116,I402114,shopping_mall,anomaly,Metropol AVM,Kanyon,0.1157,high,Column 'shopping_mall' deviates from similar normal records.,True
068472d7-b015-4dc0-9535-e86fd5b3397c,I239505,payment_method,anomaly,Debit Card,Cash,0.0929,high,Column 'payment_method' deviates from similar normal records.,True
00b1dfed-37d6-42e6-8938-ee8240514493,I239505,shopping_mall,anomaly,Forum Istanbul,Kanyon,0.0929,high,Column 'shopping_mall' deviates from similar normal records.,True
083aa87f-fcf5-4150-b059-b0bdc9b80b55,I186366,category,anomaly,Souvenir,Cosmetics,0.0556,high,Column 'category' deviates from similar normal records.,True
23a4f834-7ceb-4c10-895f-7619366aac03,I214085,shopping_mall,anomaly,Zorlu Center,Kanyon,0.0157,high,Column 'shopping_mall' deviates from similar normal records.,True
b185b682-1564-46aa-993a-c311407abb2e,I207262,shopping_mall,anomaly,Forum Istanbul,Cevahir AVM,0.0862,high,Column 'shopping_mall' deviates from similar normal records.,True
4fa2ff85-b1bb-4421-956e-ae49c79eb80c,I383624,shopping_mall,anomaly,Cevahir AVM,Emaar Square Mall,0.0586,high,Column 'shopping_mall' deviates from similar normal records.,True
709a8bbd-f7a3-42ae-af37-50868bc765cf,I970205,payment_method,anomaly,Debit Card,Credit Card,0.0367,high,Column 'payment_method' deviates from similar normal records.,True
90727c72-0f94-4198-9588-ddf76b91e735,I970205,shopping_mall,anomaly,Istinye Park,Emaar Square Mall,0.0367,high,Column 'shopping_mall' deviates from similar normal records.,True
ab450c84-6511-4f5f-8aec-94f4899b81f4,I317486,shopping_mall,anomaly,Emaar Square Mall,Emaar Square Mall,0.1535,high,Column 'shopping_mall' deviates from similar normal records.,True
7525e2cb-677e-4382-a14f-7479b04d6cbc,I125358,shopping_mall,anomaly,Forum Istanbul,Zorlu Center,0.0476,high,Column 'shopping_mall' deviates from similar normal records.,True
746d0204-cb5a-4bef-ad68-eadd5da2ffba,I216263,category,anomaly,Food & Beverage,Food & Beverage,0.0023,high,Column 'category' deviates from similar normal records.,True
f074868f-38c4-4ab1-9715-f1195a00666b,I407286,shopping_mall,anomaly,Forum Istanbul,Mall of Istanbul,0.0331,high,Column 'shopping_mall' deviates from similar normal records.,True
0148bdf0-ea1a-4e55-8c49-b1e4ac821eeb,I222210,shopping_mall,anomaly,Forum Istanbul,Kanyon,0.0994,high,Column 'shopping_mall' deviates from similar normal records.,True
90afc93f-c7b0-4b19-b5d8-023be17bae28,I108552,shopping_mall,anomaly,Metropol AVM,Metrocity,0.1064,high,Column 'shopping_mall' deviates from similar normal records.,True
2d4c7f07-96bf-4c78-8724-e1b18d6fc542,I412854,age_group,anomaly,18_25,18_25,0.0132,low,Column 'age_group' deviates from similar normal records.,True
23706a23-e05f-4445-8951-4abb2cea7c2f,I179786,shopping_mall,anomaly,Cevahir AVM,Mall of Istanbul,0.0906,high,Column 'shopping_mall' deviates from similar normal records.,True
b11ae785-2326-48db-aa0b-ff88454003ef,I630019,shopping_mall,anomaly,Emaar Square Mall,Mall of Istanbul,0.0192,high,Column 'shopping_mall' deviates from similar normal records.,True
15d97bfc-0e8c-4343-955c-016a4c523f4d,I117711,gender,anomaly,Male,Female,0.171,high,Column 'gender' deviates from similar normal records.,True
b7c0527c-00e5-410e-9368-57cf70aed909,I100008,shopping_mall,anomaly,Emaar Square Mall,Forum Istanbul,0.0127,high,Column 'shopping_mall' deviates from similar normal records.,True
f0d67aff-2cc6-4f5a-af2d-d2f8303e583d,I100762,shopping_mall,anomaly,Zorlu Center,Mall of Istanbul,0.0618,high,Column 'shopping_mall' deviates from similar normal records.,True
307b6391-26d6-4c44-8a77-7f1144f93a6c,I166165,shopping_mall,anomaly,Viaport Outlet,Metrocity,0.0278,high,Column 'shopping_mall' deviates from similar normal records.,True
02bc8498-5223-4df3-a644-2bb40283be20,I901138,shopping_mall,anomaly,Istinye Park,Cevahir AVM,0.1039,high,Column 'shopping_mall' deviates from similar normal records.,True
4a5f1f4f-f485-41cc-ad02-087587a37d01,I281373,shopping_mall,anomaly,Forum Istanbul,Mall of Istanbul,0.0096,high,Column 'shopping_mall' deviates from similar normal records.,True
5a7200de-bd75-4412-a9b7-bf4d460b7541,I226004,shopping_mall,anomaly,Istinye Park,Metrocity,0.0724,high,Column 'shopping_mall' deviates from similar normal records.,True
4d6a5bd6-0f62-4338-836f-4530a424ea1b,I295535,shopping_mall,anomaly,Emaar Square Mall,Istinye Park,0.048,high,Column 'shopping_mall' deviates from similar normal records.,True
31adea20-2fad-4764-b906-49959a9444c8,I220422,shopping_mall,anomaly,Emaar Square Mall,Istinye Park,0.0024,high,Column 'shopping_mall' deviates from similar normal records.,True
e31b34c2-bc8a-403e-8961-b6641bd520a5,I317525,shopping_mall,anomaly,Zorlu Center,Mall of Istanbul,0.0114,high,Column 'shopping_mall' deviates from similar normal records.,True
8dba315a-6f58-415d-b0a9-a81e3e79b59a,I580668,shopping_mall,anomaly,Viaport Outlet,Mall of Istanbul,0.0846,high,Column 'shopping_mall' deviates from similar normal records.,True
357d0347-92d9-4bf8-8fe8-b086ae2fff48,I902539,shopping_mall,anomaly,Viaport Outlet,Zorlu Center,0.0161,high,Column 'shopping_mall' deviates from similar normal records.,True
e3352f9a-0d7e-4157-a441-c7dad087d7d7,I418405,payment_method,anomaly,Credit Card,Cash,0.0879,high,Column 'payment_method' deviates from similar normal records.,True
5fdfd5ee-a826-4374-810a-086e2d3b7b6c,I418405,shopping_mall,anomaly,Metrocity,Kanyon,0.0879,high,Column 'shopping_mall' deviates from similar normal records.,True
ed0c946d-189c-4e0c-a89a-edeaf9c52018,I169795,shopping_mall,anomaly,Viaport Outlet,Kanyon,0.0625,high,Column 'shopping_mall' deviates from similar normal records.,True
4307ec29-0924-4d6e-853b-b99d3a61c3be,I557026,shopping_mall,anomaly,Zorlu Center,Kanyon,0.0123,high,Column 'shopping_mall' deviates from similar normal records.,True
23b5287f-5241-4191-9052-9c2692a10fad,I262488,shopping_mall,anomaly,Metropol AVM,Mall of Istanbul,0.0622,high,Column 'shopping_mall' deviates from similar normal records.,True
f80d26f2-1305-497b-a8f4-f9b1b863b6f3,I227504,shopping_mall,anomaly,Zorlu Center,Kanyon,0.0211,high,Column 'shopping_mall' deviates from similar normal records.,True
e881b3c1-2492-4159-8eee-bf8f0f69811d,I652666,shopping_mall,anomaly,Cevahir AVM,Metropol AVM,0.0237,high,Column 'shopping_mall' deviates from similar normal records.,True
ecef30a1-29e2-4d54-b0c0-eeb70d9bf2fe,I328528,shopping_mall,anomaly,Viaport Outlet,Metrocity,0.0095,high,Column 'shopping_mall' deviates from similar normal records.,True
b11f3e52-c138-4e7d-8c34-db7667f8a3ec,I289616,payment_method,anomaly,Debit Card,Cash,0.123,high,Column 'payment_method' deviates from similar normal records.,True
1116a88d-ffc2-4bbc-8fe4-37c2fd9b510c,I126160,payment_method,anomaly,Debit Card,Cash,0.1151,high,Column 'payment_method' deviates from similar normal records.,True
39252e78-ce52-4225-96ce-806af11ccbce,I170504,shopping_mall,anomaly,Zorlu Center,Cevahir AVM,0.0448,high,Column 'shopping_mall' deviates from similar normal records.,True
